numeric__fixed acidity,numeric__volatile acidity,numeric__citric acid,numeric__residual sugar,numeric__chlorides,numeric__free sulfur dioxide,numeric__total sulfur dioxide,numeric__density,numeric__pH,numeric__sulphates,numeric__alcohol,categorical__type_red,categorical__type_white
-1.0565492,0.17865798,-0.18273976,-0.5568011,-0.12051495,-1.3199887,0.99118304,0.45685714,2.555742,-0.8800711,-0.91034234,0.19531853,1.0
-1.130655,4.7222033,-2.1915398,-0.45294142,0.53651416,-1.5211834,-1.8718446,-0.33732048,2.6568146,-0.13345228,1.3181261,1.0,0.0
0.79175824,-0.94462,1.17554,-0.87016475,-0.58738804,-0.46193045,0.4855197,0.0740506,0.4211755,0.45811442,-0.5789502,0.04779858,0.63569397
0.22033699,-0.09635997,0.2505881,0.2802085,-0.5761143,-0.29723173,-0.063239805,0.6280735,1.1161176,0.67688143,-0.12083132,0.18821071,0.69873774
-0.41998497,0.25100428,-1.0048447,-0.97236925,-0.93371063,1.8000538,0.5323876,-1.1348073,2.0334451,-0.100659445,0.57587177,0.17469417,1.0
-0.11335684,-0.7037835,1.8712854,-0.83842504,-0.71686566,-1.1942761,0.20541242,-1.1522764,0.7481676,0.4369171,1.8309081,0.20451526,1.0
0.1050569,-0.13301262,0.78707486,-0.1961967,-0.34121883,-1.247875,-0.36891013,-1.3370935,-0.6360152,-0.6122323,1.6965277,0.0,1.0
1.0916634,-0.002042136,0.48898593,1.8389491,-0.4399264,-0.22081786,0.2454768,0.98723173,-0.88622534,-0.40698367,-0.19388762,0.07414409,0.51870096
0.37992415,1.1435937,0.4398104,1.26977,-0.8226521,-0.46974152,0.9988446,0.8930505,-0.79519725,-0.2869776,-0.050910555,0.0,0.8761783
0.4182463,2.3720238,-0.030479874,-0.97236925,0.7773725,-1.5293858,0.25390118,0.58972657,0.89161044,0.5190119,-0.57846403,0.297433,0.39884675
-0.26527014,0.15564635,-0.21338111,2.1267874,0.2954202,0.34821394,1.0438086,1.4825032,0.06605587,-0.37596983,-1.1236573,0.18834071,0.9560552
-1.6286969,1.447452,-1.1167648,0.054177187,-0.03350832,-1.0272999,-1.8137865,0.29251757,2.1787477,0.29060864,0.31051925,0.54030055,0.0
-0.9045078,1.1106223,-1.7031198,-0.97236925,-0.6346949,-1.2811642,-1.0811083,-1.3342608,-1.0611409,-1.3435559,-0.054574143,0.08707805,1.0
-0.12267062,-0.49846444,-0.00014232844,-0.4191384,-0.6477901,-1.5386337,-0.4242159,-0.9321114,-0.7024221,-0.4804109,0.2917671,0.00038932636,1.0
-1.0988495,-0.16492537,-1.5657991,1.8880286,0.42033213,-0.700331,1.9558444,1.2321001,-1.113916,-0.49468127,-1.7593788,0.0,1.0
-0.3263848,0.20616104,-2.1915398,-0.14054586,0.5174374,0.6736933,0.45299155,-0.2998841,-0.0028944733,-0.47720602,-0.8983527,0.0,0.9248458
1.2972775,4.252708,-0.9181336,-0.97236925,2.6906962,-1.1821414,-0.59641147,0.98971355,1.0298448,1.1591666,-0.021531753,1.0,0.0
0.82351065,2.648397,-2.1915398,-0.29728487,-0.29683104,0.5033221,0.2840473,0.7420442,1.6245342,-0.3445967,-0.8042606,0.21573311,1.0
0.41142,2.9751487,-2.1345975,-0.6767544,-0.4944287,0.6940389,0.94050163,-0.13217147,1.1713609,-0.30189407,-0.032503847,0.02394596,0.9960144
-0.120003685,-0.6971669,1.0344983,0.27456796,-0.5887954,2.292848,1.5013387,1.1950339,1.3332235,0.59436554,-1.6078994,0.23477197,1.0
1.3482751,-0.33765057,0.54716146,-0.42340732,1.0024183,-1.4494481,-0.6880237,-0.33187827,-1.3628619,-1.2138312,0.2545311,0.024496181,1.0
-0.099792615,-0.5578604,-0.18215215,-0.318648,-0.041427717,-1.1783551,-0.9302106,-1.1904789,-1.135149,-1.234253,0.8846595,0.0,1.0
-0.66768193,-0.64887196,-1.374126,0.65593916,-0.14142537,0.17006806,1.3617511,0.88806605,0.9178704,-0.8610711,-1.7593788,0.0,1.0
-0.3563916,0.034291163,-0.6926761,-0.78359574,-0.5862128,-0.1849202,1.7444195,0.10126433,0.92969257,-0.05406836,-1.0236611,0.0,1.0
0.7660905,-0.52223396,-1.0227175,-0.97236925,0.11488395,-0.41194442,-1.4494992,-0.012905362,-0.8484737,-0.08668695,-0.93662995,0.46489033,0.3722983
-0.55290836,1.0021864,1.9998982,2.1267874,-0.659943,1.1498855,2.1055112,1.548616,-1.1021035,0.207365,-1.174064,0.0,1.0
0.6884397,-0.21363783,0.6555114,-0.055664603,-0.90949404,-0.8378111,-0.9079455,-0.7213314,-1.2492719,-1.0199968,1.1307292,0.0,0.87127674
0.34775373,0.99114066,1.4467204,2.1267874,-0.12941664,2.9637432,1.7639992,1.3504852,-1.536802,-0.6105175,-0.52349,0.0,1.0
0.42346978,-0.54147404,0.2040964,-0.97236925,-0.16337651,-0.8963347,-0.38538277,-1.3428026,0.34397513,-1.6747506,0.608102,0.0,1.0
-1.0402125,0.17733778,-1.023,-0.73869896,-0.106035165,-0.37460825,0.57042843,-0.07852942,2.1782947,0.30706632,-0.3008712,0.1142231,0.82071584
-0.24701144,0.5572112,-0.6103473,-0.848136,-0.64175403,-0.9340088,0.0013430081,-0.64585507,0.16503848,-0.06598975,0.26254404,0.2605057,1.0
-1.367513,-0.13231492,-1.0129044,-0.97236925,-0.3388025,-1.1229459,-1.046167,-1.5922731,0.31620362,-1.6747506,0.9090881,0.0,1.0
-0.5163194,-0.08490254,-0.2676657,-0.8050306,0.4139464,-0.89187384,0.42185366,-0.67695355,2.1034906,-0.30865097,0.4952882,0.1862955,0.9418388
0.44619304,3.1275828,-1.6176122,-0.6164418,0.8840055,-0.96324825,-1.8718446,0.71732557,0.79547226,-0.3844352,-1.1661485,1.0,0.0
0.2939349,0.6522301,-0.7562834,0.97342396,-0.53685486,-0.4510704,0.48447198,0.42028943,-0.863803,-0.46032134,-0.5160977,0.0,0.98874676
0.5508785,0.32429773,-0.71666354,2.0495493,0.3956802,-0.3804191,0.70714104,1.6763058,-0.722381,-0.4559772,-0.94911224,0.0,0.65499264
-0.30421036,-0.2829531,-0.84301895,-0.34956884,-0.14416066,-0.8162705,-0.7992343,-0.19405825,-0.6169268,0.07018055,0.1341699,0.0,0.45039847
-0.27464145,0.2463112,0.28271696,0.0240153,-0.19523415,-1.5386337,-0.6157989,-0.94945556,-1.4027584,-1.0388802,0.77854586,0.0,0.73092246
2.1632376,2.5865948,0.07436194,-0.97236925,2.2404964,-0.64851326,-1.8718446,1.7319827,1.2128994,1.4099001,-1.4588723,1.0,0.0
0.225043,2.1130846,-0.31187803,-0.4240164,-0.93371063,-0.49876776,0.12357165,-0.4034169,-0.51387256,0.041005775,0.57856804,0.18368076,0.8978746
0.09011111,0.13804127,-0.20506945,-0.45282274,-0.1964885,-1.023106,-0.9229436,-0.7356329,-0.46623757,-0.28522858,0.16451743,0.18762422,0.7094393
1.2037954,0.06711632,-0.31373265,-0.44612202,0.18331414,-0.64841735,-0.6759732,-0.31088704,-1.3375213,-0.27618834,0.49514723,0.0,0.8540144
0.2281097,0.60390043,-1.5497346,-0.052009366,-0.14259693,-0.94242036,-0.1865485,-0.14054611,-1.2532086,-1.2338891,-0.6159467,0.0,0.91530013
-0.48152706,2.4261172,-1.4482952,-0.5215471,-0.7825324,-1.0654347,-1.5202551,-0.6491694,0.5100982,-0.7932717,0.68501014,0.3371688,0.77690035
0.473018,-0.14991952,-0.06879088,0.26601526,0.030983156,-1.4088999,1.6807543,0.8220852,0.88834155,-0.1198942,-1.321668,0.0,1.0
-0.91826826,1.4094539,-2.1915398,-0.6661927,0.6282281,-0.80680424,-1.6772635,-0.020373182,0.41839093,-0.676542,-0.9802649,0.4033054,0.6623423
2.5659614,-0.7697247,1.0055073,-0.54883736,0.623306,-1.29691,-1.2830541,0.96098125,-0.5755696,0.33364823,-1.4850018,0.68867683,0.16102493
-0.05609936,-0.29161713,0.01577023,0.0058531957,0.9663145,-0.45422027,-1.0655124,0.05997433,-0.40605688,1.8348786,-0.58737844,0.45507228,0.40126905
0.530357,-1.0442101,0.6441062,-0.6350244,-0.5903211,-1.5386337,-1.1000803,-1.5922731,-1.8861381,-1.6747506,1.8658206,0.0,1.0
-1.0611787,-0.8091926,0.7520312,-0.97236925,-0.93371063,2.7381878,1.5502938,-0.7059734,2.7518206,0.4815342,0.5437681,0.31025195,0.5674165
-1.1142837,2.8616042,-1.4479336,-0.50345916,-0.47721845,3.3454688,2.317571,0.091102146,2.6985805,1.6676666,0.21002403,0.0,1.0
-0.6409638,-0.2531924,-1.1714197,0.482422,0.21641472,0.020064421,0.55152875,0.6756641,0.31248665,-0.0037812646,-1.1193967,0.13841036,0.8516341
-1.8776025,1.8631935,-2.1915398,-0.97236925,0.8374885,-1.2055082,-1.5860379,-0.705465,2.7518206,-0.39211318,1.1103063,0.47280145,0.40509725
0.3779161,0.18499105,2.100025,2.1267874,-0.4875773,1.074532,1.4894572,1.3657867,-1.4996024,0.08810708,-0.07996566,0.0,1.0
1.542984,0.14055623,-0.26266184,-0.97236925,0.03858712,-0.7087292,-1.2283928,0.15599996,-1.0244099,-1.1456478,-1.6565342,0.23346904,0.9886662
0.94672847,-0.17106304,0.4353772,1.7938155,-0.11187162,2.8681397,2.174012,1.5140787,0.8726351,1.2317456,0.56982756,0.0,1.0
0.7512967,1.331905,0.40945613,-0.85100013,1.9031794,-1.0791824,-1.8718446,1.0194885,1.2792478,0.6521326,-0.49261972,1.0,0.0
0.063565046,-0.022372127,-0.8537646,-0.507877,-0.42271698,-0.8075805,-0.99720263,-0.7923728,-1.0632977,-1.5056345,0.29035547,0.0,0.9895685
0.30525953,0.8039361,0.7386307,0.8907348,-0.79203415,0.34734413,0.006956255,0.091104366,-1.3898854,-1.2621173,-0.05543159,0.0,0.9600852
0.5493218,0.4471413,-1.9856205,-0.9574194,-0.12575948,-0.65966463,-0.57719314,-0.771967,-0.98056483,-1.4362406,-0.032847352,0.0,1.0
0.56998575,-0.16042943,1.2352439,1.6744772,-0.6267845,-0.84138453,0.21847346,0.8528042,-1.478763,-0.14733213,-0.0027510952,0.0,0.9997329
0.4062803,-0.36130694,-0.25523862,-0.3568199,-0.5612327,-1.5386337,-0.6272744,-0.86072284,-1.7581841,-1.1778941,0.25699094,0.0,1.0
-0.5532121,1.0664452,-0.057704158,-0.16905966,-0.93371063,-1.4007894,-0.12334467,-0.80579823,1.0806595,-0.7667837,1.7062299,0.0,1.0
-0.07782444,-0.7276094,-1.7055414,2.1267874,-0.49479645,2.0140164,2.317571,1.7367737,-0.5344553,-0.0903493,-1.7593788,0.0,1.0
0.72925746,0.92168164,-0.25677133,-0.56286734,0.72458065,-0.96354693,-1.1464225,0.2842765,-0.016677711,-0.035999887,-0.78866005,0.6704304,0.0027692653
-0.35774994,4.7222033,-2.1915398,-0.5402909,1.0755333,-1.5386337,-1.8718446,0.5383179,1.84099,-0.76877177,0.0013256613,1.0,0.0
-0.01772733,-0.20005488,-0.49722117,-0.59132016,-0.027168652,-0.94025874,-0.6780931,-0.37880808,-0.81271785,-0.58384156,-0.05757845,0.0,0.80200994
0.64957166,-0.39230603,-0.5064562,-0.43838826,0.4457546,-1.1368356,-0.108280264,-0.1624601,-1.1752223,-1.0073093,-0.7912164,0.0,1.0
0.3541025,1.0265179,-2.1915398,0.084753856,0.28242716,-0.07292739,-0.24159126,-0.21444313,0.0010598679,-0.92132956,-0.32728672,0.15651919,0.8296362
1.0217139,0.046976663,1.0321945,-0.3890363,0.20504239,-0.6731649,0.51142406,-0.07821448,-0.77330893,0.74186695,-0.6315869,0.0,1.0
-0.9696437,4.0172076,-2.1915398,-0.7037355,0.88811755,-1.1197169,-1.8718446,0.53491735,1.8968279,0.02731494,-1.1621633,1.0,0.0
1.3530902,4.7222033,-1.0228965,-0.97236925,4.680527,-1.5386337,-1.6957974,1.7367737,1.4827703,0.8770603,-0.7247346,1.0,0.0
1.317265,2.8501132,-1.0950046,-0.77600336,1.2822204,-0.90479463,-1.8411329,0.93152255,0.7832414,-0.43920562,-0.8830398,1.0,0.0
0.50705415,-0.58123916,0.70733154,-0.57617867,-0.5723849,-1.5386337,-0.74178934,-1.5121373,-1.1032379,-1.3945104,1.0593556,0.0987595,1.0
1.5443451,-0.7437151,0.88468385,-0.2768859,-0.72344744,-0.3066221,-0.51956993,-0.626792,-0.375881,-1.5774035,0.7069163,0.0024900492,0.96156406
-0.4540431,0.62999076,-0.9191474,-0.8549312,-0.08753278,0.70914006,0.18467347,-0.3543769,-0.34967554,-0.5885737,-0.72129864,0.0,0.7127588
-1.17561,0.86127394,-0.3484845,0.80641603,0.9957184,1.2174107,1.8429677,0.27179477,-0.9107783,0.24702904,-0.87768084,0.0,1.0
0.6888069,0.4759727,-0.22064573,-0.4715559,-0.49589932,1.0044993,0.4678067,-0.38813013,-0.8950039,0.04365909,-0.60282344,0.0,1.0
1.1087389,0.78648335,0.8153683,-0.97236925,3.645248,-0.6828797,-0.644772,1.0293295,0.46697053,1.694731,-1.2456154,1.0,0.0
-0.3271681,0.47262925,-0.17233625,-0.62618124,-0.5467971,0.12242993,0.95857817,-0.71850795,0.39002752,-0.021381143,0.22273335,0.0,0.6081826
-0.12399936,-0.8913819,-0.31271684,-0.80816394,-0.34605542,-1.5280735,-0.7375729,-1.5922731,-1.4463269,-1.6747506,1.2091677,0.0,1.0
-0.18137462,0.16389698,1.2015074,0.9929015,-0.6144824,-0.34276927,-0.23989637,-0.39551103,-1.6749731,-0.7267985,0.5318244,0.0,0.8886435
0.9594298,-0.7964094,-0.6165619,-0.37354204,1.601476,-0.065582104,-1.4563571,0.824933,0.10397228,0.81499994,-0.7315625,0.8368408,0.0
0.16703679,-0.5004925,-0.13832828,-0.9497913,-0.56113166,-1.0801134,0.16172157,-0.9421019,1.402448,-1.6747506,0.46686232,0.0,1.0
-1.2915853,-0.44018516,2.167105,2.1267874,-0.4898414,5.277437,2.317571,1.7367737,0.110926144,0.7648844,-1.7593788,0.0,1.0
0.88451713,-0.8769647,-0.37987816,1.0011744,0.034385704,-0.8673701,-0.8372152,0.37486303,-2.1102293,-1.3327619,-0.24129717,0.0,1.0
-0.64446443,-0.5853502,-0.13566616,-0.42035952,-0.66997653,-0.004407406,0.8112603,0.21963345,1.223525,-0.15557633,-1.1139714,0.16329317,0.95816386
0.29296103,-0.5156642,-0.017889231,-0.22086298,-0.25143477,-0.85227776,-0.2949648,-0.6294937,-0.4648534,-1.1781296,0.19177073,0.0,0.81913626
-0.79287714,-0.24015522,-0.8928368,0.112927414,0.1297394,0.0071266145,0.4750389,0.03931706,0.3303854,-0.95507735,-1.7593788,0.0,1.0
-0.09072031,-0.7645813,-0.4661864,0.11853742,-0.15808627,-0.715905,-0.12721273,-0.18697682,-0.6044721,-0.39698938,-0.325423,0.0,0.7719741
0.6364654,1.0734214,-0.7464549,1.829686,-0.93371063,0.4922997,0.8223797,1.0932628,-1.2159972,-0.28038457,-0.124035254,0.21843691,0.88183016
1.8867545,1.0944824,0.20338175,-0.38111967,1.9148421,-0.80538577,-1.8718446,1.5287803,0.49485233,0.13181077,-1.7073529,1.0,0.0
0.09188098,-0.15160938,-1.5627278,2.0053391,0.40284765,-0.9342113,1.3401709,1.5588917,-0.8497246,-0.55760515,-1.7593788,0.03221824,1.0
-0.51046246,2.6001914,-1.8926836,-0.51733696,0.57085055,-1.1365582,-0.9179383,-0.25566432,1.2161651,0.03295145,0.45202067,0.2913419,0.26943198
-1.2517607,0.9434387,-1.068723,-0.911472,-0.93371063,-0.8031751,-0.9643537,-1.5922731,-0.24168444,-0.4221742,0.78297216,0.101279095,1.0
0.22549994,0.20406015,-0.9188988,-0.4291775,0.5876294,-0.9739454,-0.5178071,-0.4963163,-0.5956399,-1.0556439,0.43600187,0.30366173,0.6563515
0.5374388,-0.7975707,0.8707363,-0.7950336,-0.040932786,-0.6419846,0.69761664,-0.112686545,0.2692429,-0.32238254,-0.050448563,0.0,0.88145196
-1.0866612,-0.7189924,-0.43361604,1.4496785,-0.93371063,1.4485792,2.269304,1.1678779,1.3001308,0.38686666,-1.4005034,0.15370756,1.0
-0.8839101,-0.35432374,-0.7850129,-0.3922735,-0.45402303,-1.3900498,0.9854294,0.41135484,2.3677158,0.14039743,-0.6979939,0.0,1.0
-1.1337818,1.3945737,-1.4391134,-0.30138454,-0.840311,-1.0078753,-1.2885115,-1.383862,-0.5981122,-0.25380582,1.1700763,0.0,0.9595337
1.0889244,-0.6674145,-0.22996429,0.29488093,-0.43847987,-1.0028771,-0.25369173,0.4167099,-1.1273206,-0.13665381,-0.6936569,0.16267659,0.722125
-0.510307,-0.070584156,-0.22383961,-0.56455004,-0.43649378,-1.5386337,-0.78538525,-1.0764813,-0.93883634,-0.4664018,0.8170075,0.06979582,0.7919408
-1.6910776,0.1982958,-1.0613058,-0.97236925,-0.93371063,-0.3819225,0.057492837,-1.2700632,2.7518206,-0.6914901,1.8658206,0.17140058,1.0
0.29562747,-0.18763755,1.150457,0.94124186,-0.89387804,0.31304765,0.8118083,0.38608986,-0.28415218,0.3337493,0.15031132,0.0,0.9965191
1.0781195,-0.29059,0.6560323,-0.8473759,-0.79563934,-0.99249154,-0.77559793,-0.082532585,-1.3274902,-0.0064541716,-0.042524524,0.02358616,0.95554066
-1.3261334,1.0695931,-1.1737819,-0.33806995,-0.12699234,-0.85515606,-1.4538835,-0.84138876,0.35452214,-1.3214365,-0.09060875,0.13826077,0.5389737
0.24611033,-0.4618878,0.056461595,-0.5333709,-0.747867,-1.0295161,-0.94603324,-0.9080233,-0.9265976,-0.50790167,0.4268854,0.03061433,0.8097914
-0.10405707,1.9846556,-1.5690626,-0.8647871,-0.35927624,-1.0765564,-1.2493349,-0.11518045,1.1292399,-1.4712447,-0.33214644,0.53942734,0.56262404
-1.1367341,0.41779408,0.040476188,1.3909596,0.4000675,-0.8269739,1.6083666,0.6147297,-0.740216,0.26070717,-0.948041,0.0,1.0
-0.32675743,-0.6646043,0.10298579,-0.97236925,-0.22631791,-0.9556733,0.57529795,-0.18472658,1.260915,-0.46028063,-0.19107674,0.040994883,1.0
-0.42266113,2.6603048,-2.1915398,-0.072956845,2.1158962,-1.1050645,-0.80201286,0.7336184,1.250274,0.47005495,-0.8313616,0.7232653,0.43878928
0.28118956,0.20475505,-0.039166108,-0.6248265,-0.79751,-0.9848988,-0.44684708,-0.8963284,-1.123168,-0.681396,0.32010946,0.0,0.91619176
2.0672064,-0.22758026,0.95257723,-0.39673793,0.43682736,-0.9594329,-1.1120735,0.09796827,-1.0989016,0.46744785,0.050283924,0.0,0.8082131
0.28643784,2.8477275,-1.1007147,-0.6290361,0.18511671,-1.3510001,-0.77178556,0.7744216,1.0266013,-0.32873717,-0.6068329,0.81955063,0.30359933
1.1045288,4.7222033,-2.031201,-0.97236925,1.2306104,-1.3365412,-1.8718446,1.7367737,2.0362446,-0.3274064,-1.4943618,1.0,0.0
-0.10900292,-0.5574638,-0.34576005,-0.7471408,-0.16913995,-1.298036,0.16317704,-0.6142868,-0.054066386,-0.60180295,-0.20532544,0.0,1.0
0.105137974,0.7293036,-0.24828643,0.86890316,-0.5602787,0.11810549,0.15209675,0.7313655,-0.019535266,-0.58884096,-0.76415217,0.0,0.9257704
1.3304693,0.0752275,-0.39378923,0.94450873,-0.93371063,-0.47753555,-0.36110324,0.49043438,-1.5395685,-1.2911172,-0.19647788,0.03375513,1.0
0.49300236,-0.68252575,-0.678105,-0.59806204,-0.18259025,-1.1163969,-0.65131134,-0.62460357,-0.7568355,-1.4502459,-0.1761945,0.0,1.0
0.5991143,-0.3266512,0.3643898,-0.5277633,-0.16299143,-0.12229025,-1.463759,0.33369306,-0.6029272,0.56251895,-0.65737695,0.3065709,0.37864205
0.25098592,-0.091981895,-0.1982719,-0.18815154,-0.29343686,-0.9577175,-0.64642465,-0.13592544,-0.16985458,-0.064037256,-0.0027979556,0.0,0.6645159
0.3959577,-0.3546249,-0.19514436,-0.60931325,-0.3363014,-0.84284973,-0.71818215,-0.54098034,-1.6748759,-1.0526016,-0.0392405,0.0,0.8099521
0.26243415,-0.5133222,0.10817488,-0.79682606,-0.87545717,-1.5386337,-1.2225667,-1.5922731,-2.183889,-1.5495893,1.6806195,0.0,1.0
0.61647403,0.99915963,0.064381965,-0.20883489,1.3191919,-0.3372476,0.33211356,0.41771987,-0.27238,0.13923413,-0.4404316,0.0833749,0.45389685
-0.56239617,1.0875351,-0.80604243,-0.56820554,0.4640422,-0.64170915,-0.695126,0.49056724,1.5342796,-0.043633018,-0.9149237,0.42689356,0.33171076
-0.117021844,-0.257585,-0.38690415,-0.7645759,-0.50942165,-0.8413095,-0.3293352,-0.4679932,-0.6912904,-0.13206437,-0.57075155,0.0,0.74463564
-0.7101425,0.042856455,0.2973003,-0.44104028,0.67343116,-0.9198196,-0.60475206,-0.21311036,0.7612362,0.7124128,0.31033483,0.40794024,0.23393303
-0.40725923,2.617222,-2.1915398,-0.13612473,0.21563584,0.6400755,0.70094764,-0.172508,0.5488532,0.00063880906,-0.17420447,0.0,1.0
0.6489521,-0.8714876,-0.13359812,-0.3646921,-0.90159434,1.4354253,0.7662295,0.23208381,0.9070115,-0.84190804,-0.11058741,0.07108696,0.9972881
0.25343165,4.432999,-1.2869779,-0.97236925,1.2796348,-0.683649,-0.08373861,0.13149676,1.3082355,1.2266371,0.19518968,0.7475667,0.30498567
0.7420767,0.12423467,1.838529,0.74250567,-0.6939614,-0.17644465,1.4267899,0.64819366,-0.24208692,0.23820955,0.091994554,0.0,1.0
-0.782413,-0.08506694,-0.8050861,1.888381,0.3331769,0.9951496,1.4397997,0.965217,-1.1646978,-0.69351965,-1.5396799,0.281282,1.0
0.37112266,-0.26440486,-0.35014623,-0.42614672,-0.4255055,-1.222584,0.32532585,-0.16616227,-0.48947558,-0.65247476,-0.7215823,0.0017341692,0.95746005
0.3130801,0.059590757,-0.12193838,-0.7678784,-0.29907998,-0.74790394,-1.3380876,-0.13551055,-0.1413642,-1.0467097,-0.7025114,0.5123041,0.7041443
0.42446056,2.0127869,-1.4371582,-0.85136795,0.029106388,-0.94914174,-0.79903156,0.27288252,0.51723325,-0.90638053,-1.1292439,0.19898717,0.76397115
-1.0910778,-0.17806125,-0.64957815,-0.43295953,0.3637914,-1.2442665,0.7699213,-0.32110667,0.58054423,0.28217515,-0.016942186,0.0,1.0
-0.7726264,-1.0442101,0.8941867,-0.27212265,-0.046592817,-1.5386337,-0.75206465,-1.5922731,-0.90833026,-0.76810616,1.8658206,0.0,1.0
0.61758363,-0.6707595,0.0992736,-0.73199046,-0.41466698,-1.3491797,-1.1757457,-1.5922731,-1.5509671,-1.6747506,1.3234605,0.018018713,0.9727712
0.46180913,0.034677833,0.5402657,-0.7737932,-0.5424298,-1.3476533,0.48973173,-0.30626202,0.31639135,-0.6904488,-0.3476091,0.0,1.0
1.1523111,0.3454982,1.1605198,-0.40155897,-0.05176054,-0.9241639,-0.8951326,-0.5802353,-0.4664353,-0.7866449,0.81990904,0.15732867,0.6796257
0.14622025,1.5821224,-0.027808135,-0.6869903,0.34719205,-0.75611746,-0.9107641,0.76783544,1.0492069,0.4099039,-0.57094395,0.89102995,0.17080814
0.7880011,0.19203734,0.8925222,-0.8654474,0.99171394,-0.5342245,-1.328865,0.54015356,0.34056902,1.3771987,-0.34548008,1.0,0.03126842
1.8065313,0.674719,-0.003701618,-0.97236925,2.2676897,-0.83177596,-1.8718446,1.309764,0.3284469,0.6741025,-1.4587638,1.0,0.0
0.7505097,-0.3058169,0.89481366,-0.47237423,-0.62863153,-1.4524004,-1.1639132,-1.5601655,-1.4149846,-1.6747506,1.7359027,0.0051882863,1.0
1.7325562,0.14498974,1.7513628,-0.32671303,-0.5282323,-1.2622027,0.10670822,0.47042218,-1.4134154,0.47927538,-0.63319093,0.0630729,1.0
2.3547382,0.30554193,1.3694359,1.796557,-0.3018666,2.0457919,1.299964,1.6123691,-1.0284477,-0.3756047,0.10224417,0.0,1.0
-0.4856678,2.2607298,-1.2456344,-0.41219285,-0.88338655,0.03343773,0.3320821,-0.5170103,-0.035933558,-0.4760567,0.07373659,0.0160319,0.73636466
2.9365802,0.573417,1.3094162,-0.97236925,-0.277968,-0.691336,-1.5846663,0.8961466,-0.37947232,0.26553506,-1.5386392,0.74968797,0.2018804
1.0294539,-0.08445488,1.9041005,0.27663466,-0.61927134,-1.5386337,-1.6516577,-1.5922731,-2.183889,-1.0442762,1.8658206,0.09925731,1.0
0.44276792,1.7964967,0.7993334,-0.6457862,0.9156135,-1.0160913,-0.8273123,0.13056067,1.4764379,0.75769347,0.91592044,0.87385017,0.19380084
0.6362013,1.6763927,0.04800637,-0.6073079,0.65171623,-0.75273466,-1.821817,0.7514965,1.1341745,0.84984535,-0.52889913,1.0,0.0
0.9371053,3.214767,0.71541303,-0.26614714,2.4002008,-1.2571306,0.12468468,1.1171952,-0.06796048,0.44521663,-1.1049558,0.3237909,0.87531364
-0.25960097,-0.4939956,-0.04936688,-0.97236925,-0.33399284,-0.57677686,0.10029678,-0.46887532,-0.6865993,0.33190504,-0.6395769,0.16751014,0.81993514
-1.2915359,1.2169,-0.8074282,-0.7259635,0.2016195,0.87963396,1.4073013,-0.62800825,0.44973275,-0.25921106,-1.2034311,0.0,1.0
0.11879337,-0.033153985,1.7685364,0.0011308901,-0.17907014,-1.4367505,0.92232615,0.013312412,-0.25662223,0.74005085,-0.07853056,0.07053795,1.0
-0.26466912,0.50309986,-1.7054054,0.15750128,-0.12239595,-0.2985261,0.56477094,-0.010802255,-0.32000634,-1.5220662,-0.93947,0.0,0.56851107
-0.06273423,-0.18321404,-0.08568187,-0.17160174,-0.6907249,-1.5386337,-1.1089131,-1.3387301,-0.9437265,-0.65027565,1.4282349,0.0,0.8767975
-1.0065691,-0.3870018,1.1542464,2.0966465,0.5991213,-0.4256126,2.0468314,1.2243472,-1.0916271,1.5731554,-1.0279382,0.0,1.0
0.37843165,0.4377346,1.6815501,0.10484387,-0.7280943,-0.9029682,0.26761544,0.1698897,-0.45806506,0.35716173,0.09302318,0.096453466,1.0
0.608861,-0.15854856,0.32225284,0.042027216,-0.21316835,-1.3356185,-0.30741656,-0.3426866,-0.9313608,-0.6334373,0.42698067,0.0,0.7294936
-1.4963208,-1.0021362,-0.23587313,-0.97236925,-0.14640522,-0.056515466,1.5826851,-0.39394143,2.7518206,-0.7729144,-0.014836127,0.058868714,1.0
0.6945818,0.049733423,-0.39875343,0.19616917,-0.34669474,-1.3314363,0.0033273138,0.23640785,-0.86784965,-0.9855549,-0.8991052,0.0,0.92067856
-0.86068213,2.5058203,-1.9338813,-0.43761376,0.7991927,-0.93810004,-1.8718446,0.11275824,1.7180799,-0.66639876,-0.21415547,1.0,0.0
-0.3360418,3.012748,-1.8677856,-0.97236925,-0.39926985,-1.1941942,-1.8718446,-0.026175503,1.2900987,-0.21771252,-0.5345582,0.8481659,0.0
-0.53186196,0.6315227,-0.8697681,-0.6415132,1.093446,-1.1428919,0.20733525,-0.038258635,0.808392,0.09228133,-0.5169911,0.0,0.7479158
1.1610291,-0.19591622,0.011906784,-0.5927735,-0.29615247,-0.6946407,-0.15703951,-0.20199695,-1.1854011,-0.5697502,-0.6165137,0.0,0.88245595
0.109265134,2.0030315,-1.9669554,-0.9511383,-0.08083448,-0.8584097,-0.8994138,0.111555524,1.4511334,-0.31682035,0.056028053,0.4827542,0.26341513
-0.7978481,0.40769878,-0.7308902,-0.4273617,-0.00174062,-0.9504318,-1.432733,0.1547028,1.2997348,0.41225144,0.35742614,0.42046756,0.1726546
-0.16778009,-0.46384043,-0.7972305,-0.97236925,-0.1884428,1.0078428,0.46321517,-0.43208474,2.465248,-1.2693609,-0.16425237,0.0,0.8727182
2.6699295,0.5159619,1.599466,-0.7114369,-0.060485683,-0.70538336,-0.79073274,1.2552532,-0.39055404,0.96815485,-0.58359563,0.57010657,0.5048717
-0.69951767,0.3248489,-0.2051878,0.33160016,0.1782225,-0.8916225,0.65797335,0.31887206,-0.623209,-0.49743637,-0.7422419,0.0079316795,0.9228125
0.92123276,-0.56099504,0.31900185,-0.22954251,-0.93371063,-1.2859045,-1.7557817,-1.4913749,-2.183889,-1.6747506,1.268247,0.0,0.92516243
0.29235098,0.47443086,0.06212034,0.083302565,0.3058161,-0.35292983,0.77596086,0.63724756,-0.09834237,-0.80556345,-1.1975391,0.0,1.0
-1.2575676,0.057811886,2.0853832,2.1267874,-0.7069485,3.3533523,2.317571,1.7367737,-1.5654491,0.16524981,-1.7593788,0.5687376,1.0
-1.2263187,0.34307578,1.720599,0.32703152,-0.93371063,1.5065441,1.1138073,0.120559685,0.5591256,0.6068541,-0.0008889027,0.2559336,0.5579411
-1.1152096,-0.097781874,-0.8697058,-0.8847717,-0.667747,-1.4802997,-0.32427305,-1.329744,2.078077,-1.147696,1.498453,0.0,1.0
0.36779222,0.22141552,0.54757696,-0.2152195,-0.53220403,-0.3659916,0.563447,-0.5122994,-0.3813518,-0.725665,0.050335318,0.0,1.0
-1.6585017,4.7222033,-2.1915398,-0.97236925,2.4974575,-1.5386337,-1.8718446,1.1272867,2.7518206,0.65114105,1.5394778,1.0,0.0
0.5530215,-0.4171063,-0.7178469,-0.35204643,0.14233047,-0.5835521,-0.49161762,0.28871474,-0.59673965,-0.24074987,-1.3526366,0.07569215,0.9190979
-0.32689586,1.8679715,-1.3417115,-0.92632866,-0.0028933273,-0.81816816,-0.42155915,-0.21554367,-0.3002716,-0.6164156,-0.91392154,0.071420714,0.6710139
-1.202616,3.2726169,-2.1915398,-0.21335012,-0.2645222,-1.1773127,-1.8718446,-0.79945123,0.7857689,-0.31925157,0.4171318,0.4417673,0.37587515
-0.88577914,-0.4630927,-0.2660212,0.47784147,-0.6634245,0.36044556,0.3702302,-0.7120039,-0.84629387,-1.1711056,-0.51654464,0.28004932,1.0
-0.69439864,-0.81303984,-0.28880474,-0.5979613,0.017899994,-0.2398693,0.2860496,-0.33671558,-0.32151708,-0.68162304,-0.8749199,0.0,0.7815563
-1.192045,0.31906572,-1.6659795,2.0332198,-0.28231603,0.20557863,1.2638507,1.0750276,-0.114423454,-0.4779901,-1.7320197,0.13926646,1.0
0.4499127,0.09800417,0.21890071,-0.8616638,-0.31507844,-0.46417123,1.0770171,0.021938222,0.43127182,0.15392448,-1.3876497,0.0,1.0
-0.43793014,-0.17091092,-1.0107784,-0.97236925,-0.4211272,-0.5233762,0.0182292,-0.6044846,1.1595416,-1.5849783,-1.4575435,0.19718356,0.93273634
-0.14384273,2.3603394,-0.833731,-0.62900263,-0.93371063,1.0383366,0.8696896,-0.25458997,-0.4871759,-0.30705145,-0.29375532,0.2833512,0.9326878
3.3844666,-0.2485204,2.8018205,-0.97236925,-0.66346645,-1.2419045,-0.8930603,1.1231915,-0.9504779,1.3690646,-0.89880264,0.6142242,1.0
-0.037904937,1.3446227,-1.1276785,-0.897002,0.31653544,-0.90021235,-1.3117979,0.15939529,0.19183083,0.12347551,-0.46461153,0.82265854,0.25323188
0.01051626,-0.7868301,0.22690007,-0.9222107,-0.40537465,-0.44848123,0.53281105,-0.08860403,1.4040926,-0.45341742,0.043681234,0.16403794,0.86806643
0.75577044,0.24186751,1.9317381,1.3290873,-0.61325926,0.07915861,0.9859392,0.7637075,-0.8290889,0.17242913,-0.36881745,0.0,1.0
0.07934873,0.6063612,0.23107249,-0.1316546,-0.93371063,-0.028876599,0.8458242,-0.20328683,1.4454511,-0.9410032,0.6377302,0.0,1.0
0.25472742,-0.14463732,-0.5127489,-0.49761742,-0.92110395,-1.5386337,-0.24261223,-1.2959473,-1.9028058,-0.78415674,0.55655515,0.0,1.0
0.18931153,-0.64410627,0.44273895,-0.60378915,-0.3115122,-0.703809,0.20349982,-0.5572446,0.92649245,-1.2364721,0.32307795,0.0,0.942636
-1.0328817,0.69700044,-1.500532,-0.062229916,0.26495916,-1.0226637,-1.8718446,-0.7329894,1.0043048,-0.24403268,1.0144271,0.22737348,0.0
0.75571936,-0.007655399,1.5444933,2.0034049,-0.5406618,2.90567,1.8516864,0.36492845,-1.4694778,0.9357912,0.32567722,0.0,1.0
0.24317938,-0.11751311,-0.8582819,-0.046305105,-0.10437047,-1.1999286,0.5361255,0.16910839,-0.59137255,-0.43042308,-0.95605826,0.0,1.0
-0.75765145,-0.5932445,-0.4267085,-0.5697647,0.07887131,-0.08211617,0.75076383,-0.30984455,2.7047343,-0.5385604,-0.3066547,0.0,0.9263149
0.9507143,-0.38177952,-0.38246548,0.72732395,-0.20238602,-1.0256776,-0.51198816,0.13256691,-0.89141744,-1.6747506,0.149815,0.05526045,0.7838167
0.25287434,0.111650296,0.45304158,-0.083224416,-0.4241797,-0.8407409,-0.114525385,-0.17662182,-1.5607841,-0.051004365,-0.08030342,0.0,0.69404763
-0.9933327,3.837177,-1.556365,-0.89767236,0.72603315,-1.5386337,-1.2933049,-0.5125482,1.1691737,-0.41397345,0.5049793,0.8350355,0.0
0.37363154,0.20971103,-0.60805726,-0.97236925,-0.62354404,-1.4256246,-0.46720624,-1.2458044,-1.2775979,-1.2443734,0.33387962,0.16670354,1.0
0.5283135,-0.24720004,-0.668719,-0.46099663,-0.338515,-1.248575,-0.7290164,-0.57074255,-0.76724553,-0.74837697,0.16466072,0.0,0.96995455
0.19729799,-0.22268781,-0.14860845,2.1267874,-0.15338978,1.3502448,2.317571,1.7367737,-0.24720253,-0.015923698,-1.7593788,0.0,1.0
-0.77103263,2.8176262,-2.1915398,-0.9227242,0.12579158,-1.5386337,-1.2130771,-0.09692928,1.9704527,-1.168501,0.10735105,0.31196544,0.3831331
2.039068,2.6597123,-1.0697545,-0.821289,0.30697328,-1.0675597,-0.5318865,0.87348634,0.25937682,-0.49811196,-0.40117592,0.6940985,0.60677266
-0.061632793,0.45871484,-0.58403563,-0.05524373,-0.22477517,-1.1338891,-0.87550867,-0.7519442,-0.31561,-0.06775444,0.6609529,0.21763784,0.6474787
-0.12602311,-0.0050664963,-2.158213,0.1443866,0.9481218,-0.9042171,0.25429845,0.8734821,0.15805896,-0.46606332,-1.6280199,0.27526107,0.9388656
0.036594044,-0.4210622,-1.3344967,-0.37534574,0.9436844,-0.6333138,0.475425,0.7196953,1.0069333,0.5163725,-0.71385187,0.37023664,0.59558046
-0.26504225,-0.42584014,-1.2236865,-0.88922757,-0.37270138,-0.7904851,-0.3776855,-0.16360429,0.016938496,-0.49044755,-1.0678827,0.08519243,0.725055
-1.0082225,-0.45056975,-0.7749713,-0.97236925,-0.6170526,0.3051377,0.34861493,-0.4578227,2.3434877,-0.20225413,0.21180055,0.12101697,0.95139164
1.5892788,0.8924781,1.0477206,0.96768034,0.09145784,-0.48522612,0.017610203,0.7481852,-1.7816623,-1.1899562,-0.089999266,0.0,1.0
0.24280249,2.9057248,-0.9120242,0.35269645,2.2724986,-0.7964345,-1.4354227,0.67816865,0.48444307,0.4837065,-0.13563077,1.0,0.006501112
-0.012792926,-0.4035948,-0.5851402,0.43517578,0.1353595,-0.010735661,0.14119083,0.23884524,-0.3049914,0.47778568,-0.2906672,0.0,0.40638027
0.37143385,3.7765896,-2.044943,-0.73586005,1.6418995,-1.1868001,-1.8718446,0.71950614,1.6974914,0.6037999,0.37893,1.0,0.0
-0.30179062,1.5635103,-1.2150991,-0.4911636,0.85379624,-0.94733727,-1.8718446,0.043356225,0.8422235,-0.367582,-0.46423915,0.89390653,0.0
-0.5834075,0.72680146,-1.0268131,-0.921285,-0.93371063,-1.2819602,-1.1656711,-1.5922731,0.16573668,-1.3762264,1.7187732,0.19113672,1.0
-1.2532021,1.5956752,-1.7880352,-0.6200074,-0.4294706,-1.5386337,0.15712601,0.06614065,2.7518206,-0.13017052,0.10008842,0.42133966,0.93994933
0.051373795,2.3954585,-1.4770061,-0.52368116,0.8512253,-0.80645126,-1.8718446,0.428914,1.3148171,0.31034732,-0.1338729,1.0,0.0
-0.3981994,2.9386137,-1.9162166,-0.6879529,0.80438334,-1.5386337,-1.5806477,0.3124149,1.3791181,-0.31162256,-0.3769214,0.6251607,0.3972409
0.56656265,0.8267692,1.2425581,-0.21801259,0.10314824,-0.97836435,-0.83081836,0.65898025,-0.05713265,0.63980716,-0.12370056,0.35251674,0.37922063
-1.2223383,-0.31907803,-0.7774201,0.02760203,1.1025097,-0.7891052,0.89064974,-0.37076524,-1.3704146,0.23627797,-1.3026803,0.0,0.9625496
0.08209795,4.7222033,-2.1915398,-0.671649,0.97872406,-1.5386337,-1.8718446,0.8502392,2.237442,-0.34379715,0.1551031,1.0,0.0
1.0390401,-0.01277029,-0.517809,-0.6552942,0.32346094,-0.6225357,-0.9996185,0.026638336,-0.23655911,-0.8096056,-0.7717053,0.36987296,0.27457258
-0.17103848,2.24709,-0.44153374,-0.08322576,4.3059793,-1.0000632,1.333426,0.6564624,0.3399848,1.7909597,-0.36145478,0.53672945,0.39420572
-0.8934471,-0.17919871,-1.2160089,-0.33072695,0.53442425,-0.9539929,1.153029,0.040749118,0.2808313,0.62912315,-0.41556725,0.0,0.8935754
-0.020844083,2.4356897,-1.9409528,-0.15099722,-0.122348934,-1.3280609,-1.1829026,0.17141324,1.3115901,-0.054659933,0.59994954,0.68343717,0.13461806
2.532306,1.3049669,1.5215303,-0.97236925,1.0383852,-0.7576093,-0.6909683,0.6948092,-0.48835525,0.79219574,-0.91879815,0.5045684,0.5104547
-0.25834352,-0.1703951,-0.840474,-0.97236925,-0.35175067,-1.2101768,-0.8077618,-1.4241495,-1.1751076,-1.6747506,0.4176829,0.0,1.0
-0.13917647,-0.066255204,-0.16754815,1.7838601,-0.7697594,-0.68603754,0.7545546,1.3560517,0.84457535,-0.37951887,-0.75349027,0.0,1.0
2.0617726,-0.02178102,0.65343773,-0.97236925,-0.038208812,-0.87636787,-1.3416848,0.63567394,-0.72934777,0.30441254,-1.4530462,0.91783017,0.53057146
0.29416692,0.4566504,-0.053818144,-0.5059255,-0.24883205,1.069058,0.71091425,0.0023120109,0.72270304,0.118607715,-0.39405918,0.0,0.8326412
-0.8595238,-0.12065684,-1.2345103,-0.64441,-0.3147858,-1.4847277,0.37860936,-0.041079402,1.0795274,-0.5691007,-0.43716636,0.097716354,1.0
0.032465857,0.42272645,-1.4787631,0.66461194,1.1935748,-0.7274631,0.70064926,0.82756925,-0.7629701,-0.22298929,-1.28335,0.0,1.0
-0.18772852,2.816264,-1.5896184,-0.5497069,1.0317161,-1.3046674,-1.8298328,0.15687282,0.37316588,-0.3708358,-0.3274906,1.0,0.0
-1.5585262,-0.01656017,-1.3951474,-0.0092028985,0.2738087,-0.65767306,0.5367649,-0.20751494,-1.0225612,-0.91820484,-1.7593788,0.010605561,1.0
-0.3901096,4.7222033,-2.1915398,-0.97236925,2.7069056,-1.5386337,-1.8718446,0.74758077,2.7518206,1.1571945,0.9195747,1.0,0.0
0.14195697,0.32509902,-1.6092175,1.5135608,0.02117403,-0.39222336,0.87549025,0.7715076,-0.61133856,-1.2563417,-1.3035922,0.0,1.0
-0.8230872,-0.63335645,0.104234375,-0.36100444,-0.10497924,-1.1100196,-0.3487978,-1.3480595,-0.44083983,-0.96034455,1.2310047,0.0,0.9605559
2.8925974,1.197022,1.0574911,-0.97236925,0.01329316,-1.0359175,-1.1869706,0.6878781,-1.0912844,1.6798043,-0.10283943,1.0,0.110385865
0.31544226,1.9803213,-1.8222892,0.089204304,-0.062514335,-1.4951612,-0.4506768,0.5567425,0.43983352,-1.5158962,-0.50224745,0.12472241,1.0
2.3087459,4.7222033,-0.59942067,-0.97236925,1.2348715,-1.4418952,-1.2126535,0.91825134,1.5773162,0.116876006,-0.37496495,0.9042029,0.13481931
-0.3996212,1.9086374,-2.1915398,-0.20425494,1.592473,-0.23256594,-0.5444431,0.19380552,1.6688647,-0.10528643,0.048726648,0.71163446,0.19486082
0.34383422,0.35610336,-0.76606935,-0.039511107,-0.058623683,-1.2569683,-0.5148465,0.42559788,-0.05699049,-1.2114059,-1.0854075,0.316835,0.9144014
0.7621703,0.15719557,2.1842084,1.7606951,-0.28354156,0.098944254,0.43963742,0.6829113,-1.3877217,-0.13865998,0.5332781,0.0,0.94057584
-0.8627759,1.0451299,-0.62318146,-0.97236925,0.20110539,-0.5332058,1.461435,-0.42908922,-0.4698526,-0.48019707,-1.5249978,0.0,1.0
0.77037406,0.10977099,0.92625684,-0.22309083,0.46232674,-0.753279,-0.7751528,0.9332394,0.1802967,0.70962846,-0.7682158,0.58948636,0.11265697
-1.1317604,1.1978741,-2.1915398,0.93496853,1.3212041,-0.27571446,0.7833371,0.4034192,-0.020694714,0.08636498,-1.1685141,0.0,1.0
-0.8505033,1.5489677,-1.2771648,-0.79190624,-0.09438428,-1.4803973,-1.2167438,-0.38167408,1.3793268,-0.731637,0.35836938,0.20791371,0.5054018
0.12533852,4.7222033,-2.1915398,-0.97236925,2.3547108,-1.5386337,-1.8718446,1.0379704,1.8164202,0.2167755,-1.3666155,1.0,0.0
0.8792723,1.1807857,-1.4240663,-0.97236925,0.20569164,-1.0514544,-1.4122981,0.46457765,-0.09460639,-0.19262661,-1.3642191,0.6832093,0.3550153
0.028168282,0.29143283,-0.4216305,-0.52834845,-0.68978965,-1.3622235,-0.7579078,-0.7717914,-0.99354297,-0.6670978,0.5725102,0.0,0.8232392
-0.040121127,1.1512898,0.61493915,-0.09862804,0.9141801,-1.182179,-1.8718446,0.38390306,0.66040456,0.47089145,-0.09977252,1.0,0.0
-0.37293974,2.9264927,-1.2559856,1.0893023,2.3217578,-0.9842913,0.43259037,0.833007,0.588165,0.29000953,0.28175396,0.35997805,0.47223353
-0.09248513,-0.7864246,-1.0171447,-0.39506724,-0.10572425,-0.9357754,0.30292106,0.1402051,0.72687274,-0.57083815,-0.80626607,0.027156102,1.0
0.2145849,0.53160053,-0.29771385,0.5410726,-0.12542447,-0.489734,0.11486675,0.29191455,-0.71603954,-1.0386288,-0.6439937,0.0,0.98468304
-1.0415825,2.2527583,-1.6754862,-0.9370233,-0.71269995,-0.80183923,-1.328666,-0.47216365,2.4879882,-0.40944973,0.7748506,0.3048116,0.33833122
1.0058224,0.7310774,-0.040939365,-0.97236925,2.024661,-1.0282742,-0.6549315,0.43478635,0.40494668,0.6328641,-0.7868743,0.92601424,0.01723064
0.49598667,1.8268745,0.65177155,-0.15071385,0.548493,-1.4493014,0.29222256,0.400476,-1.0378206,-0.6814658,-0.81897193,0.0,0.9155972
-0.345397,-0.2965892,1.2615767,1.974733,-0.8142681,2.0976565,2.317571,1.2519621,-0.19071881,0.88823164,-1.2194725,0.0559201,1.0
-1.075873,2.4536593,-2.1915398,-0.84493095,0.27670518,-1.1524992,-1.8718446,0.09182932,2.2182467,-0.64023256,0.27476043,1.0,0.0
0.15749727,0.509495,0.13692746,-0.6118749,-0.22832143,-0.0627484,0.69750285,-0.35857326,0.8801863,-1.2326072,0.36438453,0.0,1.0
1.3644965,-0.5229162,0.91952974,-0.3602665,-0.4910854,-1.5386337,-0.78287864,-1.5922731,-2.183889,-0.9601186,1.1121024,0.0,1.0
0.042263407,-0.8922584,-0.04177598,0.47976014,-0.10194421,-0.029466026,0.1911746,0.28127182,0.15586446,-0.9818655,-0.12297712,0.1255457,0.6373902
0.95040834,-0.5953291,-0.29565823,-0.771358,-0.66664016,-1.295112,-0.89634776,-0.7097665,-1.8545048,-1.4618304,0.042130508,0.0,1.0
-0.19131073,4.7222033,-2.1674864,-0.9517558,0.786952,-1.5386337,-1.8718446,0.46895838,1.1294446,-1.3472419,-1.1116439,1.0,0.0
1.4053842,2.1008534,0.40882388,-0.97236925,2.0452423,-1.5022471,-1.8718446,1.5617704,1.8177981,1.2004919,-1.0360135,1.0,0.0
0.3484098,0.19453521,0.796912,-0.10299526,1.7855407,-0.37099928,-1.8718446,0.7659528,1.5827814,1.2191406,0.14095126,1.0,0.0
-0.24010257,1.0182072,-1.0495214,-0.78253996,0.22928354,-0.52693045,-1.8138287,0.42463118,0.88611925,-0.5862796,-1.1806852,0.7472198,0.14954492
-1.8776025,2.536616,-2.0799706,-0.4504713,-0.34890738,-1.4235783,-1.8718446,-1.4516431,1.1402265,-0.9819972,1.5703703,0.4023397,0.6468575
2.124037,0.64670897,2.4314442,0.06731805,-0.93371063,-1.151999,-0.47376007,-0.5740693,-2.183889,-0.83814996,1.6524987,0.0,1.0
1.0093843,-0.4093402,0.47620073,-0.6831793,0.0301613,-0.42617503,-0.93961227,0.7689812,-0.19094384,0.28605968,-1.0712315,0.60560846,0.49259147
1.2437016,-0.06412401,1.8014926,2.1267874,-0.93371063,0.85293365,1.6972309,1.1217535,-0.52507085,0.835871,0.7583688,0.0,1.0
0.3399587,0.91795385,-0.5143829,0.24900436,-0.21303576,-0.024479993,0.42403018,0.6056594,1.1920904,0.1440337,0.27376282,0.31515723,0.8410336
-1.2468691,-0.14187942,-0.19185755,-0.7589091,-0.46720088,-1.5386337,0.3350482,-1.057217,1.620593,-0.42310882,1.2510146,0.0,1.0
0.3923009,-0.8932847,-1.4550177,0.5733886,-0.19194794,-0.37521344,0.7699111,0.87683576,0.36757156,-1.4971848,-1.7593788,0.0,1.0
1.0241421,1.5141393,-0.15280281,-0.44187132,2.675491,-0.44549367,-0.5884636,1.0243096,0.5667918,1.5073835,0.022064304,0.9151455,0.0
1.8555815,0.33127725,-0.49898854,0.4886516,0.031198839,-1.0142854,0.25124347,1.016091,-0.9573579,0.0056486893,-1.1544054,0.09226451,0.81224304
-0.33570036,0.534449,-0.81525046,-0.81414425,0.3198441,-1.0011587,-0.50739217,-0.25910267,-0.85257894,-0.18780951,-0.9174114,0.13020103,0.6856377
0.25216353,0.3065419,-0.41576937,-0.8235125,-0.8902387,-0.6444892,-0.016837731,-0.60518587,0.12771505,-0.9139159,0.20643951,0.071803816,1.0
0.19526896,0.5756587,-1.1112157,-0.37274787,0.6565988,-0.5213849,-1.1686087,0.33103776,0.6623027,0.6851115,-0.93070406,0.65874815,0.06452723
-0.7051892,-0.2295739,1.0474821,-0.52832836,-0.42815557,-1.5386337,-0.58888036,-1.3382511,-0.2193433,-1.0300714,1.5060527,0.21424322,1.0
-0.24180771,-0.7183197,1.0204362,-0.5285842,-0.93371063,0.96809065,1.0190296,-0.86365646,2.5035882,-0.47752488,1.2125201,0.0,1.0
1.6813581,0.6032634,1.2062795,0.10415287,0.13936949,-0.6089557,-0.94593966,0.99117506,-0.29351568,0.76849914,0.25811264,0.46522397,0.23490241
1.1957823,-0.47419134,0.83655167,-0.97236925,-0.32350215,-1.2264453,-0.53162146,-0.028525673,-0.46006346,0.19863673,-0.8619155,0.22952569,0.9628447
-0.9638075,0.08631342,-1.303708,-0.013106925,0.1489192,2.0533304,1.3376005,-0.06781411,-1.2835823,0.00022717379,-1.3678858,0.09444356,1.0
0.5712119,3.7171273,-1.6138321,-0.19037344,0.5491688,-1.4620258,-1.5441202,0.61919004,0.87341285,-0.7018022,0.3269274,0.8819411,0.24996132
-0.5532823,1.1713091,0.49869487,0.27248135,0.05381128,-0.91954273,-0.33566093,0.3222319,0.64945453,0.4055782,0.18611242,0.0,0.56640124
-0.15337516,4.284109,-2.1915398,-0.97236925,3.3977287,-1.5386337,-1.8718446,0.9071951,1.9040093,0.1536605,-0.691235,1.0,0.0
-0.87094826,0.32245395,-0.64450926,-0.7936359,-0.7501874,-1.1899748,-1.0246638,-0.88496786,0.25107223,-1.4608474,0.42275834,0.15210667,0.6535045
-0.24553846,0.63109064,-0.7246593,-0.59894466,-0.93371063,-0.49784547,0.13447626,-0.92735374,0.88877094,-0.51554984,0.736611,0.0,1.0
0.4015604,0.8086511,-0.4271052,-0.63393915,-0.3311066,-1.0040351,-1.2395409,0.261743,-0.10608127,0.12941894,-0.37177095,0.3389073,0.47166425
-0.8108965,0.65546775,-1.1688288,1.9366317,0.3417548,-0.35131165,1.2262499,1.1671114,-0.71817183,-0.21503775,-1.4478818,0.007741848,1.0
1.173608,1.0985343,0.7472789,-0.6294936,-0.2877706,-0.5469071,-0.22011663,-0.28313974,0.5440565,0.099667564,1.1088569,0.6645454,0.07912504
0.112594694,-0.5090952,-0.7973719,-0.15784036,-0.48918855,-0.97980565,-0.1461693,-0.061769504,-0.5242761,-0.572636,-0.4473348,0.0,0.94384575
0.62608236,2.3079093,-0.94460166,0.309395,-0.031146128,-1.0033085,-0.36945307,0.5475643,0.4110516,-0.14285296,0.34288332,0.42253456,0.49969798
-0.60625285,1.4867626,-1.7698646,-0.97236925,-0.93371063,0.5745987,0.29312646,-0.6086765,1.4724841,-0.8906228,0.02820702,0.0,0.93941176
-0.57355434,3.404975,-2.1915398,-0.97236925,0.49404484,-1.3178161,-1.5654395,0.16305399,1.5721673,-0.2962067,-0.75670344,0.9096918,0.03622323
-0.4518044,-0.47065565,-1.0488002,-0.443612,0.16864115,-0.3576184,-1.6815213,-0.09074774,0.662451,-0.17046873,0.07556869,0.2950841,0.056615114
1.8011583,-0.33389503,1.2329637,0.7530532,-0.34640804,-0.18607305,-0.9195065,1.0723667,-1.2505989,-0.05488357,-0.119038634,0.2515006,0.3796139
-0.28431153,1.3117622,2.8018205,1.1459903,-0.83916235,2.4825203,1.720978,0.9172784,0.17506044,0.7583829,0.031510353,0.03821463,0.9536812
0.9595543,0.31425998,0.6010842,-0.2157727,-0.4272192,-1.152965,-0.27846462,-0.55065966,-0.9681163,-1.3208681,0.8661599,0.0,0.7418125
0.9510993,0.06868914,1.0749447,-0.85450643,-0.93371063,-1.0722104,0.2769528,-0.6273834,-0.17832291,-0.42436656,0.6645984,0.24724191,1.0
1.2237226,-0.4124803,-0.10619849,-0.13077186,-0.70780927,-0.60849166,-0.33622658,-0.10041565,-0.73705995,-0.71471447,-0.19426198,0.0,0.88400143
0.4093024,4.7222033,-2.1915398,-0.63132006,2.7128408,-1.5386337,-0.9769974,0.9781499,0.95750445,-0.7458962,-1.5889466,1.0,0.6647979
0.5061729,-0.6302583,0.24386531,0.41281912,-0.22253543,-1.3370831,0.51281023,0.2994678,-1.0363256,0.039568134,-0.35024926,0.007059198,1.0
-1.8776025,0.42632726,0.0117435865,-0.8167931,-0.69903225,-1.5386337,0.032131113,-1.1380953,2.7518206,0.041534357,1.7143472,0.035872765,1.0
-0.31841588,-0.19918683,-0.99941707,-0.97236925,-0.5248499,0.08032801,0.27512038,-0.22649549,2.7518206,-0.97235566,-0.38912523,0.0017884895,0.748289
0.13510482,-1.0442101,0.22928369,-0.82983077,-0.7695895,2.0529964,0.5317539,-0.30101603,0.5596951,-0.6432696,-0.7866739,0.063317016,0.84996045
1.2445009,-0.41257137,0.8798541,0.423787,-0.80536383,1.0040907,-0.04745558,-0.3386411,-1.0727582,-0.8773817,0.42867264,0.0,0.6919861
0.33750162,0.42813063,0.76585317,-0.4625142,0.06309726,-1.4893337,-0.39667857,0.36483476,1.3177155,0.2793806,0.39855674,0.35807616,0.41515654
0.792171,-0.5807769,0.8563819,-0.3971825,-0.5846143,0.27501312,0.37048393,-0.39008307,0.83556724,-1.1084981,0.4297556,0.16351081,0.7769546
-0.50888324,0.8480345,-1.0553168,-0.97236925,-0.53533936,-0.49980578,0.17576987,-0.5906177,0.7770867,-0.13638757,-0.18274921,0.003844712,0.8937244
-0.5510667,0.40683988,0.5247842,-0.42835164,-0.4252032,-0.9997809,0.12132746,-0.39651924,1.1198915,0.5159033,0.86306775,0.010453584,0.77322465
-1.8776025,-1.0442101,-0.79908365,-0.97236925,-0.19686103,1.1951665,2.012846,-0.010380549,2.7518206,0.6841015,-1.490493,0.045263186,1.0
0.7747524,-1.0442101,-0.37713888,-0.31672245,2.1621106,-0.18383883,-1.1313742,0.70501775,0.028091442,0.84848255,-1.4775949,0.6410748,0.3476099
1.3490794,2.8991792,1.0821284,0.47986943,3.3437145,0.44617876,1.999865,1.5708722,1.7243521,2.2838242,0.67089146,0.44441035,0.9627941
0.5621359,3.2981677,-1.7744337,-0.4449051,0.75355697,-1.4001794,-1.5032727,0.66113526,1.2253557,-0.5290564,-0.5021155,0.9303956,0.0
-1.6661164,-0.51273245,0.52416396,0.04869855,-0.18290666,0.29228163,1.4582762,-0.21402943,1.927256,-0.22933356,-0.75178486,0.0,0.8466743
-0.19980702,4.7222033,-2.1915398,-0.97236925,0.7486242,-1.268421,-1.8718446,-0.35873204,1.8341138,-0.19838305,0.8587103,1.0,0.33638474
-0.3986343,0.7252607,-2.1915398,-0.747163,1.9748256,-1.3005831,-1.1812943,0.33409068,0.96507,0.5653663,-0.5990218,0.9062115,0.36416936
-0.36356473,0.38778567,0.26542598,0.18648577,0.40728894,-0.9052248,-1.5358791,-0.36658654,0.4564086,1.044593,1.0723475,0.42581603,0.057029568
2.6985278,0.51569474,0.9620724,-0.01014421,3.0336204,-0.30740124,-0.9433047,1.7145457,0.17667349,0.90781415,-0.9367346,1.0,0.0
-0.14647001,4.7222033,-1.8742995,-0.11998739,1.9482574,-1.5386337,-0.24123588,0.579568,1.028331,-0.90948784,0.251281,0.24751115,0.80765253
0.35842776,1.3227082,-1.9480175,-0.97236925,-0.4875708,-1.3748806,-1.2062067,-0.39334294,-0.45367727,-1.6521171,-1.176927,0.48442456,0.5475769
3.3844666,-0.7697277,1.9811358,0.038465068,0.33354118,-0.60514903,-1.8718446,1.3395842,-1.223714,1.6928313,0.23136196,0.6349821,0.40861392
0.3315835,0.18713592,2.8018205,1.7538968,-0.93371063,3.736715,2.317571,1.4891163,0.5365346,1.3385835,-0.029658923,0.0,1.0
2.4158568,0.9905719,2.6586826,2.0067325,-0.93371063,0.15321451,0.26793647,1.1412375,-1.7445251,-1.4148093,0.39792418,0.0,1.0
-0.84765893,-0.86395663,-0.12569691,-0.8647722,-0.8848706,0.015839286,0.80716544,-0.22697593,2.7518206,0.17540397,-0.30565768,0.0,1.0
0.19583008,-0.20422317,-0.17304757,-0.08171012,0.06632047,-0.46825564,-1.2387128,-0.3252112,0.12344079,-0.32723424,1.1077359,0.22267766,0.5385033
-0.038994607,2.008504,0.38505617,-0.2351073,-0.01931371,-0.42333832,-0.16018592,-0.019920787,0.6415729,0.67728376,0.3917743,0.27366194,0.2132738
0.74489295,2.0454397,1.0125554,-0.34006122,0.74714786,-1.1975312,-1.8718446,1.0450841,1.599382,0.59381557,0.6076038,1.0,0.0
0.37491268,-0.35472283,0.695296,-0.63907504,-0.3828941,-1.2255148,0.24277522,-0.65568364,0.48809403,-1.1338348,0.6583691,0.16206712,1.0
0.008621413,-0.3963851,0.6936011,-0.5020004,-0.76009136,-1.5386337,-1.1637684,-1.5922731,-0.7171901,-1.6747506,1.8658206,0.0,1.0
-0.47032687,0.20162559,-0.88051325,1.8188605,0.20679694,-1.0512153,1.5304023,1.1371156,-0.7107683,-0.1228859,-1.1633407,0.0,1.0
2.4662566,1.9076874,1.044343,-0.97236925,0.7427031,-0.98907554,-0.47973812,1.1279675,0.02421835,0.20358722,-1.1263324,0.7223499,0.47490355
2.0889049,0.7046025,1.7597661,0.12322956,-0.05591089,-0.98060393,-0.96211904,0.18335015,-1.6856654,-1.3589952,0.17855144,0.0,1.0
1.5859514,-0.34954444,-0.67403716,1.8246931,-0.5797523,-0.48079744,-0.73588496,0.9854945,-1.611925,-1.6747506,-0.36669937,0.24429888,1.0
-1.8776025,-0.097405896,-2.1915398,1.9516652,1.4420248,-0.187578,1.6048532,0.8671674,-1.3274689,-0.22822334,-1.7593788,0.0,1.0
1.123998,1.3805162,0.30893368,-0.80851346,0.47102818,-0.8700742,-0.11971142,0.62251437,-0.60048974,0.07027188,-0.72228336,0.40177476,0.32708433
-0.8705756,0.4360899,-1.1304938,0.3584284,0.5010746,-0.60170275,0.4816355,0.4893385,0.6310069,-0.23167512,-1.4103246,0.11948118,1.0
1.1635555,-0.50335264,0.22212186,2.1267874,-0.22339278,-0.6043749,-0.023479665,0.4818286,-2.183889,-1.6747506,0.34930435,0.0,0.8555976
0.384129,-0.35714692,0.47174266,-0.2863724,-0.88993657,-0.29400843,0.28260148,0.20232052,0.1590681,0.64731205,-0.3040885,0.0,0.6791161
-1.334835,1.5083685,-1.7555727,0.89384407,1.459541,-0.6261474,1.7069516,0.77283615,1.3882447,0.62563306,-0.6007326,0.23788008,1.0
2.7569945,0.09994544,1.8227161,0.9262863,0.667487,-0.92496026,-0.7812272,1.2844285,-0.85003203,0.12312232,-0.14507705,0.37090158,0.6095157
0.21569167,-0.30474678,0.84608865,-0.41067272,-0.93371063,-1.3076537,-0.43885326,-0.9790615,-0.9271177,-0.20256865,1.4239779,0.0,1.0
-0.5538829,1.4629676,-2.1915398,-0.3966459,-0.31077397,0.6952612,0.7430476,0.10453867,1.606182,0.24414179,-0.4948656,0.2590184,0.7156505
0.87784344,1.2017938,-0.10269754,-0.8967557,-0.5133039,-0.3300627,0.29587728,-0.13777855,-0.1938011,-0.98973984,-0.18723814,0.22939047,1.0
-0.01934947,-0.17412171,1.330919,0.31330755,-0.59012717,0.11049905,1.3848419,0.15611938,2.5222354,-0.2381215,0.6054417,0.029833412,1.0
0.5809809,0.41729414,-0.24130297,2.0545938,-0.30618453,-0.06673977,0.5157707,0.92145264,-0.93021905,-0.8820496,-0.17526698,0.0,0.5504701
-0.6415323,-0.11236027,0.78300047,0.6780072,0.029481951,0.9499202,0.85612243,-0.2979753,-1.9105753,0.06610539,-0.33816707,0.058243133,0.7098516
-0.75713223,0.0064054215,-1.4886497,0.72455543,0.21737295,-1.3335124,-0.015405847,0.5352774,0.20569466,-0.2981188,-1.7467169,0.37475678,0.59442157
-0.3199656,1.7063369,-1.5434976,-0.5253602,1.3066145,-1.5375508,-0.6327287,-0.1851492,0.23707397,-0.44732854,0.25261778,0.31504562,0.12894672
0.9612882,-0.20748374,0.88638675,1.3350514,-0.5730064,-0.59749466,0.22343941,0.5697405,-1.1813747,-0.33474496,0.12631293,0.0,0.98551065
0.528295,-0.29754177,0.7156201,-0.04455394,-0.09453771,-0.91642386,0.2883109,0.28693455,-0.7507975,0.41853267,-0.29331616,0.0,0.8342788
-1.2931597,0.8975899,0.47990415,-0.32590035,-0.03803587,-1.3842111,-0.49037194,-0.12516536,1.414871,0.649476,0.83022535,0.29905894,0.83562917
0.021402527,0.05279405,0.26647606,-0.636343,0.09117991,-0.6904073,0.059594855,0.2776598,0.5977844,0.082345374,-0.7475719,0.14827195,0.8079272
0.7732705,1.8013817,0.92758214,-0.26211327,0.72900605,-0.5848617,-1.2602357,0.42911166,0.65684223,0.13914281,-0.21755624,1.0,0.0
-1.005927,0.97950876,-1.6321114,0.64573604,1.0126512,-0.9954729,1.2425615,0.82752746,-0.098568626,-0.34744802,-1.7593788,0.24265444,1.0
0.7642089,0.39852926,0.14109012,-0.2552167,0.14239156,-0.59704924,-0.35899973,0.23120727,-0.17636901,-0.28589123,-0.21504003,0.2501978,0.44178954
-0.6851828,-0.15406276,-0.16660997,-0.6555251,-0.13552383,-1.5386337,-0.24128073,-0.8901118,1.3015046,-1.4305221,0.61776394,0.11758114,1.0
-1.2209948,1.004828,-2.1915398,-0.9678132,-0.091541514,-0.7146658,-0.90527797,-0.27558765,1.8208877,-0.4682007,-0.42602,0.12082759,0.62650037
-0.10109469,0.5470368,-0.8728564,-0.97236925,-0.93371063,-1.0204916,-0.48277664,-1.0591993,-0.42276207,-1.6747506,-0.068571165,0.0691565,1.0
-0.16098031,0.628863,0.011432182,-0.51858133,-0.4629843,-1.278364,-0.6850696,-1.1007338,-0.0906279,-0.4465972,1.2564144,0.0,0.88924533
0.18747322,-0.48598927,0.6270714,-0.97236925,-0.93371063,-1.5386337,-0.15847993,-1.17631,-0.06623848,-0.63760906,0.6752352,0.4849135,1.0
-1.070892,1.0722641,0.41576943,1.478008,0.60678196,-0.01440483,1.4815009,0.8509025,-1.6403744,0.58612585,-1.3189034,0.16258946,1.0
-0.6902607,-0.47786388,-1.3159832,1.5154514,-0.3680374,0.4946144,1.7415239,1.242165,-0.009682497,0.1397535,-1.7499301,0.027798435,1.0
2.0611522,-0.68932617,0.43002373,-0.5420237,1.2903035,0.07354229,-1.6977497,1.2007124,-0.32518128,0.9329386,-1.1589983,0.7429206,0.0
-0.11703321,0.7309082,-0.87334156,-0.12024699,-0.22649801,-0.9399932,0.024899192,-0.29204303,-0.64844584,-0.93787915,0.07460625,0.0,0.95301867
-0.15892167,1.0610348,-1.1703826,-0.5340504,0.81790507,-0.5782993,-1.3893164,0.030157352,0.36122844,-0.033314418,-0.7913784,0.6942936,0.53948534
-0.26627985,0.09856113,0.043958098,-0.6284465,-0.7651093,-0.5250632,-0.12322154,-0.9288693,-0.99387664,0.07526577,0.34502319,0.10241043,0.92191756
-0.5574425,0.4358269,-0.5684778,-0.9161537,-0.5296921,-1.5386337,-0.24350545,-0.68044674,0.62784165,-1.5429807,-0.38637352,0.26243985,1.0
3.0199587,-0.5476909,1.3394498,-0.6009315,-0.93371063,0.37149444,0.18579443,-0.36850643,-1.0994431,-0.26025668,0.438968,0.0,1.0
1.3782109,-0.78951645,-0.27491072,-0.7844169,-0.64851135,1.4039613,-0.29474485,-0.25523612,0.14758393,-1.6747506,-0.705312,0.0,1.0
0.39768437,2.485882,-2.1915398,-0.7918179,2.3052778,-1.5091742,-1.8718446,0.71449643,1.3941225,-0.26509258,-0.7876356,1.0,0.0
0.43065017,-0.037030857,-0.26761648,-0.6182178,-0.37715733,-1.2513025,-0.6878302,-1.2090775,-1.1025732,-1.6747506,1.0608004,0.0,1.0
2.519064,1.2650876,1.6311969,-0.97236925,0.70644796,-0.7891436,-0.085488856,0.6152434,-0.53871846,1.0931491,-0.4591503,0.68555605,0.37621677
0.043432496,-0.69234675,-0.6789935,0.30487216,0.4372993,-0.68927795,0.31069994,0.42119318,-0.7846189,0.051711537,-1.5600718,0.0,1.0
-0.4310223,0.95528954,-1.5059131,-0.97236925,-0.93371063,0.20876572,-0.2650308,-1.3228102,2.2289314,-0.83599997,0.990079,0.24563533,0.99811774
1.6137903,-0.11366819,0.98301375,-0.9471623,-0.25287506,-0.88766074,-1.3428143,-0.00025033695,-1.1300826,0.6428217,-0.7430863,0.2591056,0.78095984
0.4815161,1.1105968,-0.7554325,-0.97236925,-0.5460785,-0.7942976,-0.89093035,0.25527772,0.51308876,-0.8903969,-0.7894685,0.63440794,0.8462913
3.218629,-0.09881567,2.265117,-0.79669625,-0.38621986,-1.3957524,-0.8821259,0.15819845,-1.815402,0.92745274,-0.5144581,0.19572386,1.0
0.09289932,-0.84518147,-1.2336593,1.3521795,0.114907764,-0.2521286,0.5553631,1.0948248,0.18242788,-0.6165449,-0.95084274,0.0,1.0
-1.1089997,2.7797325,-2.1915398,-0.30778468,1.7001929,-1.0949494,-1.8718446,0.029882265,1.3433677,-0.4569527,-0.13345814,0.9088276,0.0
0.042902067,-0.67989,-0.6417367,0.056384005,0.3631024,-0.83615315,0.22808518,0.48999944,-0.6991355,-0.15783568,-0.934662,0.013492713,0.944283
-0.29498732,0.2476668,-0.97461087,0.141069,0.16198012,-0.6130804,-0.3750534,0.18574663,0.45499825,-0.70059973,-0.39329004,0.0,0.49601334
0.5340921,2.7457323,-2.1915398,-0.57223636,1.1891912,-1.3287526,-1.8718446,0.5633238,2.1072633,0.53246677,0.41878945,1.0,0.0
-1.2837768,-0.6440815,-1.4658129,-0.8219492,0.4037658,-0.5320076,0.8370667,-0.09380766,0.9738068,-0.2923999,-1.175265,0.07475634,0.9074959
1.0634842,-0.6645215,0.97078955,-0.5312203,-0.6035188,-0.9723834,-0.6691777,-0.40577126,-1.2947345,0.1807678,0.2028309,0.0,1.0
0.81292695,1.8224176,-1.3586179,-0.20708306,0.33088192,-1.103412,-0.8640445,0.8200346,0.65980196,-0.36569327,-0.96419406,0.20932844,0.66892505
-0.12230758,0.8691116,-0.26361844,0.9734016,-0.37553284,0.018956162,0.96853334,0.55370086,-0.41325638,-0.8572341,-0.6787843,0.0,1.0
2.8000872,0.74809915,2.6816955,-0.97236925,2.0325499,-0.49026558,-1.5065775,1.3031467,0.104695424,0.82216156,-0.99421144,1.0,0.0
-0.765109,-0.1656139,0.37816665,-0.74044293,-0.12957633,-1.1713506,0.45060724,-0.86707956,2.165104,-1.101163,0.66650146,0.0,1.0
-0.51777196,-1.0017414,2.8018205,2.1267874,-0.69996035,2.9278812,2.317571,1.4897093,-1.3428698,1.5217767,-0.9104529,0.5670502,1.0
1.7481081,0.06898729,0.895767,-0.9550367,-0.30399305,-1.0878869,-0.9569952,1.0397525,-0.22832933,1.2156544,-0.940085,0.6315438,0.6455594
1.0582032,-0.45264545,0.8370884,0.5561557,-0.4033602,-1.28056,-1.1042612,-0.6699002,-1.9237946,-1.6747506,0.98141605,0.050636776,1.0
-1.0783299,-0.665399,0.36467275,-0.97236925,-0.5620769,2.2176244,1.9509563,-0.5251139,1.1648121,0.71378547,-1.5290498,0.21549945,1.0
-0.8435854,-0.8584269,0.9944043,-0.97236925,-0.16561365,-1.3845962,0.6536305,-1.4243758,2.6095183,-0.6296734,1.0607077,0.43986124,1.0
0.34088337,-1.0442101,0.9197347,-0.36881807,0.014891931,-0.8952364,0.4730127,-0.30986658,0.34997436,0.012934485,-0.25032884,0.0,1.0
-0.27601364,0.766464,-0.8835746,-0.8001496,-0.6142849,-0.7322291,-0.57018954,-0.23204528,0.02571236,-0.26101783,-0.30272323,0.004822986,0.76653165
0.090403214,0.5000338,-1.2039909,-0.97236925,-0.4553773,-0.84576136,-0.3794005,-0.7678775,-1.5579538,-0.97465086,-0.2661284,0.0,1.0
0.49727547,1.7848659,-0.9282163,-0.97236925,0.18777743,-0.89929193,-1.6225978,0.20802002,0.36263373,-0.49418145,-0.7546266,0.6123921,0.0
-0.81968635,-0.35043103,1.1691296,1.1377705,-0.13395292,1.9183974,1.6200907,0.4378888,-0.93783915,0.28916132,-0.95706445,0.35982716,0.8356648
2.9452362,1.1422273,2.045411,-0.97236925,3.3047497,-1.402513,-1.022136,1.4858252,0.14275509,1.610451,-1.1988153,1.0,0.0
1.7172083,0.64287144,0.14591515,-0.6790812,-0.58104956,-1.4177759,-0.24229366,-0.01601223,-0.71590835,-1.6747506,-0.5318383,0.015860057,1.0
0.3183843,0.339128,1.8135904,2.1267874,-0.9037484,0.8218529,2.0280964,1.7367737,-1.6601201,-0.046988837,-0.33444044,0.0,1.0
-0.7868555,0.8357234,1.1851993,2.1267874,0.15148547,2.6321044,2.317571,1.7367737,-0.9146608,0.13531387,-1.3156807,0.027199568,1.0
0.78067833,2.1303666,-0.052147016,-0.42477596,0.6064751,-0.57646996,-0.0754272,0.04036017,0.23614605,0.020125402,0.07513663,0.0,0.60579246
-0.23329167,-0.23898177,0.49759975,-0.97236925,-0.93371063,-0.19445285,-0.22127303,-1.5922731,-1.1979043,-1.5349748,0.16253373,0.15416773,1.0
-0.07882084,-0.73190194,-0.46029532,-0.9543944,-0.3728603,-0.07757771,0.2964056,-0.5292156,0.6564549,-1.3382698,-0.1191071,0.0,0.9162599
0.3411424,0.99619526,2.8018205,2.1267874,-0.93371063,3.6951866,2.317571,1.7367737,0.2577252,0.9906066,-0.14813621,0.19406933,1.0
0.32727754,0.17713706,-0.20999447,1.4102076,-0.3087906,-1.1341348,-0.5079576,0.20591156,-1.6781763,-1.6747506,-0.061238967,0.0,1.0
-0.65649056,1.3420221,-2.1258347,-0.97236925,3.9913006,-0.8013934,0.3096617,0.8930139,1.9103202,1.2548997,-0.98407805,1.0,0.2283543
2.9978802,-0.45926967,1.7264714,-0.5360855,1.2099068,-0.6695223,-1.4290621,0.7389337,-1.553316,1.5147566,-0.66922617,0.51452625,0.0
-0.41006294,2.5825715,-0.20573962,1.9397976,0.5695645,1.9126785,2.317571,1.0037417,-0.24408092,0.37364367,-0.055191822,0.0,1.0
-1.6507444,1.3717064,-1.7677597,-0.97236925,0.16040587,-0.5840475,-0.3177181,-0.5206357,2.6620283,0.29090804,-0.4161771,0.16181149,1.0
0.5012925,4.7222033,-0.17107007,-0.97236925,1.6697197,-1.5386337,-1.8718446,0.914551,2.7518206,0.31208804,0.6667037,1.0,0.0
0.025016755,1.6522566,-1.3485293,-0.3061011,-0.25041977,-0.98126423,-0.63845754,0.20958011,-0.03746215,-0.83404225,-1.1529257,0.0,1.0
0.8813797,1.0097733,-1.007395,-0.6134085,1.2063298,-0.569254,-0.8553319,0.29651377,0.008929768,-0.7454571,-0.2822441,0.45669946,0.44454044
1.0258406,2.1703172,-0.9487975,-0.2213408,0.8427582,-0.4698177,-0.95449835,1.0811113,0.4439151,-0.31930217,-0.9586444,0.486851,0.24402076
-0.02186158,4.51333,-1.800693,-0.97236925,1.376689,-1.5386337,-1.8718446,0.7132228,2.7518206,0.6016492,-0.39655238,1.0,0.0
-0.22753958,-0.24374242,-0.29179037,0.01199663,-0.47463784,-1.1691071,-0.29964858,0.011559398,-0.35442337,-0.52533346,-0.606778,0.0,0.82520384
0.03953708,0.20476484,-0.6696755,-0.6084403,0.30658576,-0.97447586,0.15030581,0.06496871,0.12739259,-0.46348628,-1.1749896,0.058048397,0.7826407
-1.3287791,3.4662588,-2.0329435,-0.97236925,1.8235941,-1.4523743,-1.7781112,0.13648768,2.3206174,0.34932506,0.25947386,1.0,0.0
-0.5303837,-0.701144,-0.07747324,-0.8394968,-0.5038501,1.4321585,1.1636355,-0.7027603,1.4585376,-0.8378029,-0.8907536,0.16547437,0.9436292
-0.64982885,4.03522,-2.1915398,-0.97236925,0.10260812,-1.5386337,-1.8718446,0.7143734,2.2678108,0.067314096,-0.6740666,1.0,0.0
-1.0718442,4.7222033,-2.1915398,-0.63962424,-0.22616065,-1.2818402,-1.8718446,-0.05367852,2.4738111,-1.1046412,0.4354416,1.0,0.015573256
-1.3935249,2.4474187,-2.1915398,-0.42724842,1.0629644,-1.4718316,-1.8718446,0.18876506,2.0307224,0.37429217,0.62305796,1.0,0.0
0.9148412,-0.25293332,0.63805676,-0.7287106,0.9239373,-0.6821784,-1.0482916,0.46498546,-0.36892766,0.76797175,-0.9092586,0.39975512,0.08518031
0.8991304,-0.94586545,0.019424431,1.4290534,0.65119183,-0.32974243,0.5176602,1.2380835,-0.8241605,1.4321525,-0.6370714,0.10895593,0.42293057
0.55146766,-0.19329374,-0.70598495,1.6183723,-0.4927484,0.15781823,1.8085388,1.5949745,0.42288736,-0.995864,-1.7593788,0.0,1.0
0.22867411,-0.524295,0.11190473,-0.54550093,-0.38792983,-1.4122458,-1.1141365,-1.2393736,-0.6018698,-1.6747506,0.77022,0.0,1.0
1.31009,-0.5439899,0.043374136,1.585133,0.020612532,-0.9590897,-0.6023039,0.44352332,-2.1138203,-1.6747506,0.07962267,0.0,1.0
-0.45123115,-0.9678706,0.27054423,0.47622463,-0.7159035,2.2056875,2.0482974,1.2055327,1.1305926,-0.0949973,-1.7593788,0.0,1.0
-0.3171226,-0.28143355,-0.10761817,2.1267874,0.6590052,0.17803556,1.1277266,1.4914907,-1.6217061,-0.18362187,-1.495495,0.09235444,0.7103662
1.1921823,1.6255015,0.2349467,-0.87597036,0.19898155,-0.8314145,-1.7200636,1.0633295,0.14749387,-0.101111785,-1.1046051,1.0,0.0
2.1704664,1.6947786,0.32423258,-0.018383287,1.8980227,-0.7587399,0.27247578,1.219239,-0.2576879,0.16562766,-0.14181028,0.8068366,0.26611614
-0.7515487,0.28579992,-1.6387476,-0.97236925,-0.17907536,-0.51889795,-0.47084373,-0.6541926,-0.34367245,-0.9736852,-0.7059453,0.16251257,0.93272007
-0.2555979,1.1763145,-0.97940177,1.2245582,-0.0036997376,-0.9721122,0.41688222,0.7437228,-0.7446365,-0.8635788,-1.0367714,0.0,0.7549638
0.015880387,0.58031446,-0.8661225,-0.97236925,0.0038237788,-0.61992455,-0.3746819,-0.41872135,-0.3857996,-1.0069261,-0.4801628,0.16221352,0.97604316
-1.3671352,0.2593439,-1.0579547,-0.97236925,-0.60557055,-1.4262952,-0.7387782,-1.5813906,0.4181223,-1.6747506,0.08481372,0.0,1.0
0.21175721,0.26615712,0.1090757,-0.73671746,-0.5790677,0.27365345,0.7425757,-0.7174176,1.0522794,-0.15825231,0.27184168,0.13795532,0.7702174
0.019899987,2.1775255,-0.954419,0.32708776,-0.47118473,-0.40855065,-0.11298127,-0.016836101,1.1852537,-0.58479303,1.1414263,0.0,1.0
0.34523472,0.56785476,-0.90123546,-0.9088195,0.23258397,-0.8426542,-0.5791629,-0.4644091,-0.52314144,-1.4354022,-0.22113575,0.0,1.0
-0.10688843,0.3196596,-1.0578171,-0.8680261,-0.55627686,-0.8169457,-0.9708926,-0.5864239,-0.5895609,-1.2329259,-0.18112475,0.13709797,0.67973614
-0.83725804,-0.85997313,0.18655199,-0.97236925,-0.27450728,-0.8542108,0.725037,-0.45163113,2.7518206,-0.42797178,0.40590456,0.05496587,1.0
-1.2454779,-0.27571923,-1.3651395,1.4026475,0.16856492,0.033806026,2.0778234,1.1247042,-0.36311468,-0.99461037,-1.7593788,0.0,1.0
-1.6430246,-0.13081463,0.5519417,-0.5566608,-0.45725617,-1.3216286,0.058422506,-0.68532884,2.7518206,-0.31921986,1.8658206,0.0,0.8819705
-0.8786604,-0.5855257,-0.096600406,-0.9598676,-0.8036539,-0.80152094,-0.5381996,-0.87277323,-0.603652,-0.05211276,-0.110231616,0.07807656,0.9037376
-0.6856862,-0.09785384,-2.0857954,-0.53950346,0.39633292,-0.31861535,0.23877776,-0.4129576,-0.25409415,-1.3596041,-1.3504761,0.0,0.917844
-1.1791667,-0.41567054,-1.151191,-0.5729809,-0.38536203,-1.3651218,1.354544,0.5008597,2.7394757,-0.29306477,-1.2633486,0.086632274,1.0
-1.226624,-0.8294797,1.0673912,-0.23719114,0.20121449,-0.1138824,1.5138012,0.030496893,1.9075661,-0.27787712,-0.3333424,0.0,1.0
1.8351529,0.7172417,2.6605844,0.4925528,1.7376076,-0.23351443,-0.31594062,1.2559592,0.31447697,1.9211612,0.12654598,0.6915147,0.06738895
0.4449755,0.339327,0.77136964,-0.2180304,-0.4721597,-0.90937483,-0.31057966,-0.78872794,-0.5981283,-1.1053631,0.87741345,0.0,0.9672334
0.8438161,-0.46648273,-0.7580129,0.28727195,-0.41723648,-0.874646,-0.59372437,-0.0898719,-0.88595194,-1.6106158,0.092548914,0.0,0.931664
-0.35500103,-0.6744214,0.75011796,-0.43594593,-0.6220631,-1.4758905,-1.0414075,-1.5922731,-0.964266,-1.0114089,1.8658206,0.13175325,1.0
0.02573141,-0.70774895,0.75025094,-0.97236925,-0.31272292,-1.1182693,0.05133359,-1.4852065,1.2849638,-1.6747506,0.9286892,0.1049734,1.0
-1.0696803,2.254654,-1.7039765,-0.33708438,2.2352576,-1.3664553,-0.86168575,-0.14928666,0.2828269,0.077622354,-1.0266069,0.62238604,0.364423
-0.25197777,-0.20684442,-0.054783497,-0.66124004,0.25572154,-1.3478187,-0.43422943,-1.2938904,-1.1094135,-1.094337,0.91250104,0.067722686,0.86504465
0.13655674,4.7222033,-2.1915398,-0.7766229,0.30014807,-1.262903,-1.8718446,0.54041064,1.83533,-0.9352666,-0.022521622,1.0,0.1772668
0.22463287,4.7222033,0.32996053,-0.09649505,2.2572439,-1.5386337,0.6426266,0.9118353,0.27992648,0.44080642,-0.017765371,0.40702915,0.3179138
2.4319353,0.9089657,2.3988287,-0.24934864,-0.18086988,-0.78407764,-0.2199729,0.2854075,-1.2501183,0.29951805,0.50089806,0.111476116,0.69882745
0.58169305,1.8038175,-1.1650528,0.1622919,-0.90722585,-0.29879674,1.9667346,0.53202313,0.2514181,-0.9334336,-0.79717344,0.0,1.0
0.040699113,3.1728578,-2.0335567,-0.97236925,-0.43956614,-0.8019913,-1.8718446,0.365492,1.0279976,-1.0031867,-1.3249611,0.8014393,0.55509573
0.07406968,1.3567916,1.2718073,0.4341214,-0.9285021,-1.4001449,-0.14340869,-0.58012396,-1.7971001,0.12578236,1.3524317,0.0,1.0
0.70152485,0.07491847,0.48274073,-0.14955892,-0.57703364,-0.67509186,-0.6066126,-0.6489946,-0.0041511906,-1.6747506,0.57889324,0.0,0.93588984
0.756572,2.7239506,-0.58726835,-0.97236925,-0.3325215,-0.9386491,-0.7851688,0.18617775,-0.17098564,-1.0437837,-1.4727814,0.14283538,0.98898405
-1.0658501,0.5429432,-1.1299399,-0.44492593,-0.4184398,-1.1660324,-0.85594904,-0.44522402,1.3770632,-0.34568408,1.0535403,0.18788078,0.59479725
1.7834556,0.113750584,0.86310506,-0.38559005,-0.24654305,-1.5386337,-0.5658132,0.22865726,-1.7098709,-0.28817105,-0.8192946,0.0,0.7696988
0.1919075,3.248663,-0.180621,-0.93191284,-0.43307647,-0.59408003,-1.0252069,0.15882178,0.33273703,-0.604073,-0.20470795,0.7315391,0.27949625
0.19346488,-0.18922617,-0.03174194,0.31381744,-0.86127174,-1.0272318,0.117357746,0.15068205,0.22772071,-0.29246897,0.32607824,0.0,0.83449346
1.7190487,0.011353,1.4937268,0.10334084,-0.842373,-1.300674,-0.86832803,-0.5368576,-1.9159544,-0.9353929,0.91970944,0.0,1.0
-0.87634295,-0.24624862,-1.7691121,1.5136535,0.48677093,-0.52347463,1.7307831,1.0546492,-0.46350998,0.3367735,-1.7593788,0.0,1.0
-0.2570872,0.7235413,-1.7953067,-0.97236925,-0.5752744,-0.77303666,-1.0718979,-1.274781,-0.121405706,-1.3755348,0.14074416,0.06920486,1.0
0.049455587,0.5525293,-1.1371461,0.47032025,-0.36787584,-1.5386337,-0.2007438,0.36023933,-0.50410503,-1.5117617,-0.51883036,0.12312087,0.96221805
-0.8321606,0.08473456,-0.6397182,-0.97236925,-0.032485504,-1.2721163,-0.019847378,-1.3244352,0.9299716,-0.85756284,0.81627226,0.0,1.0
0.3550017,-0.121643305,0.6175807,0.2190944,-0.4998061,-0.37708366,0.54167557,-0.011159181,-0.8866248,0.53841084,0.14628391,0.0,1.0
2.0985594,-0.49929702,1.2719408,0.5838711,-0.3410322,-0.87045807,-0.022162767,1.5269291,-0.5879276,0.7376641,-0.9392779,0.058297433,0.94070125
0.22316167,-0.9320793,0.20457286,-0.7099141,-0.2268542,-0.67443323,0.3418646,-0.897959,0.31015632,-0.68533665,0.35410267,0.0,1.0
-0.20925659,4.7222033,-2.1915398,-0.97236925,0.04630584,0.5725599,-0.6074543,-0.7565302,1.7919145,0.8227193,1.0710465,1.0,0.19252348
0.6443833,3.797746,-0.93499994,-0.4420301,1.451591,-0.89438087,-1.8718446,1.1862264,2.0153031,0.72158605,-0.48537773,1.0,0.0
-0.8231086,-0.40326834,0.6908637,-0.6056701,-0.3363287,-1.5386337,0.012225244,-0.4284168,1.205866,-0.21156466,1.0311481,0.0,0.9882644
1.2939396,-0.683739,0.293883,-0.54468846,-0.4940169,-0.82188284,-1.48771,-0.15279672,-1.4524658,-0.032087624,0.051845886,0.047467075,0.68015695
0.85909975,-0.010859459,0.5625749,-0.5787031,-0.9033688,-1.0633953,0.54597735,-0.061469723,-0.32104695,-0.28513682,-0.5860896,0.1550211,1.0
1.2054293,1.4150372,2.7670884,0.110218495,0.54366577,-0.1492112,1.9831507,0.60283405,-0.65560603,0.6162474,-0.318347,0.008319953,1.0
0.88688153,4.7222033,-1.3179674,-0.97236925,-0.33059135,-0.4888528,-0.40891695,-0.5799796,0.4671724,-0.46832442,0.5827458,0.2985004,0.6028751
1.2313712,-0.50870293,0.5668902,-0.009412168,0.8057225,-1.0454305,-0.5999224,0.6506174,-0.6286735,0.7268926,-0.99621606,0.20275173,0.5788914
0.27395436,0.85269994,0.044573613,-0.48764884,-0.537102,-1.3234589,-0.4324389,-0.4906995,-0.5608036,-1.4514586,0.3977813,0.0,1.0
0.6859563,0.007737958,-0.7192542,-0.97236925,0.86713773,-0.9237668,-1.314106,-0.034636457,-0.5789682,0.78178686,-0.54667574,0.77782637,0.5131225
0.22835095,0.11864432,0.32116023,-0.8532033,-0.23505995,-0.32397485,-0.38130343,0.07156756,0.14567727,-0.38234046,-0.6383005,0.22704123,0.6983567
0.22048716,0.15152292,-0.47827196,-0.8715207,-0.057430036,-1.2595774,0.31174314,0.5288982,0.6338725,0.18183835,-1.2784079,0.44071537,1.0
0.32930166,-0.91244453,-0.36425275,1.084384,0.2603595,-0.1847876,0.0312269,0.6602987,-1.3424325,-1.2576764,-1.3494377,0.0,1.0
0.10430129,-0.08271335,0.16312432,0.3220161,0.28052437,-0.5649092,1.4370337,0.68139374,0.99169344,-0.41350868,-0.8866063,0.0,1.0
0.04096484,0.81319404,-0.9355344,-0.2442117,1.4122115,-0.92588514,0.012991589,0.6900899,1.2145303,0.41936344,-0.53389895,0.48859116,0.47088912
0.3584474,-0.93108433,-0.07372628,-0.7320702,-0.51080155,-1.5386337,-1.4509423,-1.5922731,-1.9325083,-1.6747506,1.490869,0.011963276,0.93000925
2.1371408,-0.26635662,1.0670831,-0.7317294,-0.20113492,-1.1899841,-0.40389937,0.2821449,-1.4500334,0.46092173,-0.91445696,0.10032009,0.8739621
-0.42526338,0.80952233,-0.39311093,-0.5505909,-0.0021322244,-0.83918023,1.125913,-0.17398743,-0.26784623,-0.44590184,-1.3653839,0.0,1.0
0.35859597,-0.15861604,-0.42999688,-0.5422781,-0.7313778,-1.0289378,-0.7919374,-0.4977145,-1.0066874,-0.6163549,-0.09261749,0.0,0.7640631
-0.74149483,2.0451224,-1.9566076,-0.5627532,-0.27503327,-1.5386337,-1.3779994,-0.06083974,1.7379425,-0.86273855,0.10104367,0.7756096,0.5798821
0.26060906,1.1596206,-0.71012497,1.3341843,-0.63149893,-0.5582713,-0.03940528,1.1252301,-0.86131006,-0.61695045,-0.42950553,0.02051832,0.49773768
0.4864323,0.353666,-0.636888,-0.2930204,-0.44931167,0.23342562,0.95351547,-0.10989873,-0.05418063,-0.32326397,-0.114262305,0.007318372,1.0
0.65102816,-1.0442101,0.18009397,0.24354428,-0.35740742,1.0898297,1.9803615,1.0465403,1.5830088,-0.3954655,-1.1148067,0.0,1.0
0.8549623,-0.16744615,0.10443137,-0.056651935,1.9635376,-0.21906987,0.62918466,0.8881311,-0.33961847,0.7617809,-0.82281387,0.34766197,0.31419364
0.16567326,-0.044439744,0.30686873,-0.26046118,-0.6488821,-1.0917709,-0.965799,-0.82129085,-0.47880003,0.15318154,1.144399,0.0,0.82052624
-0.12430076,0.1186949,-0.2869914,0.06674637,-0.65855944,-1.4945436,0.8600644,0.31019375,1.1160027,-0.3377787,-0.29915306,0.10638703,0.8474471
1.393465,-0.22209308,1.2956831,2.1267874,-0.93371063,1.4615995,0.9475602,1.6629049,-0.750979,-0.064691514,-0.32520372,0.12418001,0.9075876
2.7367272,-0.5007809,1.183342,-0.63830525,0.1889334,-1.1797631,-1.104922,0.1440807,-1.9228003,-0.34386054,-0.54472977,0.114845954,0.9260166
-1.362856,3.7988966,-2.1915398,-0.76202214,-0.76714545,-0.24213368,-1.0403928,-0.5942552,2.7518206,0.27115425,1.2929324,0.7070353,0.3910874
-0.68336093,2.820202,-2.1915398,-0.97236925,3.2956,-1.5386337,-1.8718446,0.97178644,2.6044703,0.92465556,-0.16807523,1.0,0.0
0.7668187,2.1046872,-0.94795656,-0.97236925,2.1072958,-0.81572735,-1.8718446,0.6622081,1.6725014,0.8329363,-0.4440277,1.0,0.0
-0.7387683,-0.7172412,0.20450863,-0.57766575,0.1745334,-1.1372521,1.0517455,-0.12018365,2.0427651,-0.18214937,0.08798211,0.25351217,1.0
-0.5599197,1.7867624,-1.0246373,-0.32267782,-0.26772314,-0.7077272,-0.94854295,-0.4902391,0.630301,-0.86017126,-0.1593536,0.16791706,0.1400317
0.2237949,-0.25458214,-0.40302107,-0.6662341,-0.3106141,-1.2183197,-0.464157,-0.04168166,-0.70137846,0.3325447,-0.5902656,0.1945015,0.63991797
-0.35841596,0.14151363,-0.68752176,-0.45600212,0.044388413,-0.6689678,-1.8718446,0.303416,1.0007751,-0.01403553,-0.29709446,0.5789452,0.0
-0.33220375,-0.007770514,-0.64115524,2.1267874,-0.20981213,-0.5169216,1.3318115,1.7367737,-1.0709788,-0.82649064,-1.4742196,0.0,1.0
-0.38323945,1.146957,-1.244361,-0.6343828,-0.93371063,-0.18877691,0.01769673,-0.93006283,1.6268849,0.20331849,1.5523587,0.13336836,1.0
-0.47098988,3.1847403,-2.1915398,-0.710912,1.0820127,-1.352909,-1.8718446,0.236339,1.387276,-0.5389564,-0.781475,1.0,0.0
0.08630121,-0.9953491,2.1773264,-0.22655514,-0.039467476,-1.5386337,-0.10929192,-0.787304,0.03487525,0.12667705,1.5053896,0.17746851,1.0
-0.06674658,-0.08343673,-1.0514535,-0.57295567,-0.03145486,-0.34498128,-0.13132492,-0.618583,-0.7015474,-1.2682635,-0.0019664988,0.0,0.8367907
0.40033606,-0.36045972,-0.9161818,-0.11178782,-0.21325293,-0.9910837,-0.6647475,-0.2229616,-1.3274876,-1.4448141,-0.54249305,0.0,1.0
-0.109715804,-0.20189758,-0.42048016,-0.7811606,-0.4613291,-1.5386337,-1.085391,-1.5922731,-0.7560306,-1.6747506,1.333317,0.0,1.0
2.0923462,0.2620017,0.6087084,-0.97236925,-0.33636507,-1.1413741,-1.8718446,0.72621995,-1.5097052,-0.42470482,-1.3788815,0.35529852,0.8047833
-0.7728154,-0.73465985,-0.3855453,-0.53911847,-0.29444247,0.1207298,0.97745764,0.38921946,0.8247686,0.23645821,-1.6296375,0.19316205,1.0
-0.40314284,0.8755132,-1.0951812,0.24686961,0.67894983,-1.0380704,-1.2918272,-0.17611316,0.9061517,0.7011289,0.92648196,0.64826334,0.030965706
0.75162387,1.1877209,0.8881613,0.24190329,-0.93371063,3.1315722,1.8146007,0.29414126,-0.03137437,0.34002975,0.090041704,0.0,0.9778616
0.6400353,-0.48166913,-0.32251453,-0.81249803,-0.31792018,-1.5203258,-1.3277458,-1.5869114,-2.1676245,-1.6747506,0.83446765,0.0,1.0
1.1489348,1.9596393,0.102632485,-0.97236925,1.8429257,-1.3331152,-1.8718446,1.4399068,1.8804725,0.6872773,-1.6007681,1.0,0.0
0.91974896,1.7433112,-0.3756286,1.2403462,0.32813823,-0.6816656,-1.2726419,1.1413015,0.908385,0.75130486,0.22594976,0.90584725,0.29836342
0.17736357,0.016123276,-1.3822827,-0.22901796,-0.1146122,0.91823524,0.29625452,-0.13846722,-0.57319844,-1.4991236,-0.6425652,0.0,1.0
0.41921076,0.8577311,-0.06575675,-0.37761644,-0.8667468,-0.6743813,0.6422074,0.002917899,0.47127914,-0.37245503,-0.3415732,0.0,0.9604589
-0.0760518,0.9297084,-0.19348267,-0.43506518,0.32927936,0.9766667,1.2144488,-0.27501777,-0.34718472,-0.15413834,-0.56838304,0.0,0.8207364
1.0388575,0.65469104,0.2268256,-0.46385205,-0.35109642,-0.72676104,-1.3746643,0.544781,0.11309327,0.40256968,-0.3708572,0.54497457,0.49837923
0.29444727,-0.28125373,-0.8314301,-0.3914926,-0.28245792,-0.12433875,0.42298633,0.15091933,0.38025647,-0.8255394,-0.46670973,0.0,0.9324781
0.74547666,1.3740637,-0.8130652,-0.9154797,0.9602946,-0.206162,-1.8718446,0.40280202,0.9749507,0.6319898,0.0467387,1.0,0.0
-0.08603306,0.7404782,-1.4247252,-0.74236554,-0.5183175,-0.99858433,-0.55685264,-0.71063626,-1.2760575,-1.6747506,-0.7987586,0.043349326,1.0
2.9424226,-0.23460998,2.1058075,-0.97236925,0.33284461,-1.1928927,-1.8718446,1.7367737,0.023524826,2.1003702,-1.563554,1.0,0.4398533
-0.6802686,1.6859419,-1.8493636,-0.97236925,-0.6666599,-1.1804744,-0.17944603,-0.5891189,0.66292447,-0.8282054,-0.10477149,0.0,0.98033786
-0.07972036,-0.12863806,0.30696192,0.66818875,-0.78923416,-1.4038277,1.2495177,1.032867,1.0635748,-0.43840873,-1.1160234,0.08205237,1.0
2.2825906,0.38788483,2.1896498,-0.6164804,-0.53004557,-0.085027605,1.4477571,0.007852287,0.8165885,0.44612896,0.04662264,0.0,1.0
-1.2902268,-0.2336911,-1.1194059,-0.97236925,-0.93371063,-0.5140104,-0.4835742,-1.0449761,2.5078545,-1.1723062,1.0027456,0.2163767,1.0
0.09058845,0.23644252,-0.431051,-0.8132848,-0.39331657,-0.9928465,-0.09675439,-0.46996412,-0.19796915,-1.2415447,-0.4676009,0.1315184,0.76844907
-0.44049856,0.05042036,-0.7284871,-0.15128307,0.397671,-0.53862965,-1.8718446,0.18422988,1.3686482,0.43212017,0.61490226,0.9143893,0.0
-0.088538215,0.7372072,-0.43147358,-0.4334483,0.4652077,-0.75588214,0.3524344,0.038992513,0.18592507,-0.103799336,-0.93267745,0.13938653,0.45161283
-0.055841047,-0.27201077,0.15354508,-0.7019497,-0.82641673,-1.5191581,-0.34602278,-0.84795403,-0.43277138,-0.9212521,0.39851794,0.2804852,1.0
0.38411298,-0.014082426,0.17357266,-0.60209674,-0.43042108,-1.5384228,-0.98335296,-0.965761,-1.308368,-1.5226979,1.058757,0.0,0.93632996
-0.9188347,0.63982016,-0.50015485,-0.8562715,-0.4368674,-0.72685087,0.037790455,-0.58550525,0.7930473,-0.25186265,-0.024593186,0.050201178,0.89046365
0.086160004,0.10995881,-0.8843035,-0.6795077,-0.31500477,-0.5853064,-0.23908642,-0.01443121,-0.011505395,-1.1678177,-0.8857771,0.0,0.96152306
-1.0391376,0.94793385,-0.41098842,-0.4558613,-0.076228596,0.06252239,-0.53381556,-0.60801786,0.8630465,1.5209104,1.1991748,0.40707913,0.63653547
-1.0435452,-0.27717367,-1.3476533,-0.91872865,-0.18860346,-0.8369571,0.21148051,-0.74221516,-0.4571825,-0.9592148,-1.1310638,0.18293612,0.9355929
1.5486642,-0.22186574,1.0130714,-0.82999676,-0.93371063,-1.0882996,-0.33616072,-0.04001079,-1.2821892,0.9540142,-0.3334386,0.0,0.95269734
-0.5291734,-0.71630365,0.3110171,0.048249688,-0.4736672,-0.93078095,-0.38081884,-0.6724942,0.015635747,0.006961992,0.51708245,0.0,0.80660087
-0.16991942,2.0440228,-0.68735856,0.3468719,0.19027951,-0.9369296,-0.0073139314,0.5961259,-0.16512518,0.7396175,-0.5005462,0.67229563,0.7757286
0.8652113,1.1096727,0.8212041,0.19278625,0.7754406,-0.82062805,-0.3782583,0.83488846,-0.70262045,-0.36970448,-0.92847323,0.09507169,0.35655832
0.8770208,0.052613832,0.8235037,-0.14261244,-0.60134816,-1.1752845,-0.79671234,-0.3782492,-0.81328493,1.9588228,0.11696495,0.374041,0.9787117
0.42093608,-1.0442101,1.5161858,-0.97236925,-0.21463674,-0.49076188,1.1563771,-1.195079,2.4829388,-1.5088934,1.247355,0.08988301,1.0
0.3763916,-0.35102847,-0.19779852,-0.85160464,-0.8584625,-0.28013274,1.5224228,0.36425337,1.1535206,0.81713605,-0.83023155,0.088176765,1.0
0.18092225,-0.60351896,-0.06662977,-0.45843834,-0.82430196,-1.0929455,-0.72522765,-1.1620816,-0.77569395,-0.35840234,0.8505577,0.0,1.0
-1.0067698,0.552305,-0.30180034,-0.5179297,-0.93371063,-1.4419291,-0.70032746,-0.85173035,2.4354968,-1.1618961,1.3619334,0.08365145,1.0
-0.446662,0.17367622,0.5250306,0.0053364066,-0.23409417,-0.70249283,-0.4004975,-0.33443403,0.4111315,0.96704453,0.6068025,0.05329872,0.539924
-0.49235514,0.66312325,-1.962664,0.73301524,0.058884434,-1.1914047,0.6806023,0.62229353,-0.21326499,-0.86427075,-1.435966,0.0,1.0
1.9025812,-0.28153235,0.60876906,0.35404584,-0.29478595,-0.6487906,-0.7269502,0.23017776,-1.8872943,-1.2048643,-0.43314937,0.0,1.0
-0.8572771,3.76444,-2.0620332,-0.9185925,0.7635621,-0.102653995,-1.1334367,-0.08834018,0.84935063,-0.3896948,-0.34491235,0.59529567,0.2990881
-0.1020515,-0.7089648,-0.54964626,-0.2951431,0.21676943,-0.4959722,0.3823437,0.23497093,0.15174416,0.59642196,-0.5475467,0.16560727,0.50841886
-0.18799071,1.6123344,-2.1915398,-0.8965325,0.020871997,-0.7488172,-0.97327197,-0.29831836,0.26480162,-1.1819358,-1.1685698,0.17752035,1.0
1.4403379,0.14151981,0.530368,-0.6908108,-0.08626991,-1.0810406,-0.82824516,-0.03950155,-1.3242182,-0.16547924,-0.14818327,0.034667112,0.7408071
-0.019338276,-0.36009872,-0.27269375,1.2993897,-0.39370203,-0.48849183,0.18735392,0.20141767,-0.98447716,0.15215905,-0.15272708,0.14363204,0.57369584
0.97627395,-0.69529146,-0.25745526,-0.3577301,-0.39805472,-0.7554042,-0.5862837,-0.13749482,-1.2840388,-0.39568764,-0.5851781,0.0,0.92324054
-0.43629476,-0.2631986,-0.834509,-0.97236925,-0.8538268,-1.0076439,-0.12935248,-1.5635827,-1.0320548,-0.36672527,0.80269706,0.0,1.0
0.031563826,2.9535553,-1.681314,-0.89952326,0.23775077,-0.7251799,-0.9002208,0.34226197,1.8918152,-0.17488107,-0.2570767,0.5439786,0.12928015
1.1954281,3.9604523,-0.33798617,-0.97236925,0.7728889,-1.313547,-0.9305875,0.5105607,0.04789037,0.08728833,-1.0453207,0.5705056,0.6324444
0.9995789,-1.0442101,0.5951468,-0.97236925,-0.93371063,1.8056827,-0.24411224,-1.368749,-0.14047047,-1.6747506,0.84476537,0.104992636,0.97634774
0.2602764,1.0220242,-0.9767913,0.10014724,0.9877491,-0.5369154,0.42058057,0.37449038,-0.29150608,0.6837827,-0.54328775,0.0,0.63428044
0.7836072,-0.47463977,-0.36825258,0.9630111,-0.44136274,-1.1445788,-0.779491,-0.2527043,-2.183889,-1.6747506,0.16406731,0.0,1.0
-0.04707582,1.4278135,-1.8171504,-0.75560284,-0.47135198,-1.272103,-0.27736944,-0.43373376,0.60394293,-1.1243321,-0.0482626,0.117809735,1.0
1.1463126,2.8229349,0.83670026,1.124064,-0.93371063,1.00189,1.4228995,0.65950614,-0.30081183,0.58249885,0.28514394,0.0,1.0
-0.40336818,0.5044274,1.3883073,1.9557034,2.6846151,-0.32447585,2.3047628,1.5418503,-0.590118,0.8669438,-1.5047966,0.0,1.0
-0.1625171,1.1444893,-1.8435355,-0.7240844,0.30236894,-0.8999709,-0.9312475,0.13063721,0.5609594,-0.5276284,-0.53165233,0.33661252,0.41262186
0.83471394,0.62923294,-0.97280574,-0.97236925,-0.6449116,-0.75032616,-0.9463916,0.092467226,-0.5138313,-0.35400593,-0.75172293,0.3406501,0.7454501
-0.22214168,0.38869205,-0.08530395,0.3588195,-0.28104517,-1.5386337,1.159763,0.1169152,-0.17344566,-0.0015810505,-0.2171424,0.0,1.0
0.78762484,0.18273167,0.20548394,0.3595218,-0.93371063,1.8902373,0.8044586,0.16612032,0.36664468,0.2927824,0.92696637,0.0,0.6710271
1.1732783,-0.15746175,2.1784692,0.47061232,-0.13433585,-0.7613275,0.8160467,0.8110572,-0.77434576,0.3538391,-0.34730747,0.0,1.0
-0.72379047,1.6923375,-1.8717598,-0.9078593,-0.281567,-0.78729004,-1.0342435,-0.5091296,-0.34954712,-1.507613,-1.1202732,0.0599422,0.6379673
1.6368454,-0.0037542563,0.6514421,-0.8954023,-0.93371063,-0.94002765,-0.38679886,0.15976737,-1.430059,0.49564406,-0.66367024,0.18907245,0.98938847
-0.6988028,1.1343949,1.5163194,1.2248918,0.1601089,0.18864173,2.317571,1.3189454,1.5733712,0.5387919,-0.039673813,0.0,1.0
-1.735347,0.15870506,-1.7868679,-0.85335904,-0.09586891,-1.3513055,-0.3817553,-0.377994,2.0663462,0.13110846,-0.16008715,0.41789567,0.5307496
-1.0595989,1.4698843,0.50795907,-0.6439014,-0.16372451,-0.8292543,0.08749086,-0.018125193,0.14673315,0.38427442,-0.7395289,0.042157747,0.6483678
-0.13081594,4.0481367,-0.65044427,-0.2991376,2.0400555,-1.4133694,-0.935911,0.46146408,0.5253002,-0.18339732,0.029552272,0.53915304,0.014711965
-0.8736897,3.4009635,-2.1915398,-0.48684335,1.0489599,-1.5386337,-1.3206387,0.03542742,2.0421684,-0.4716975,-0.4243769,0.846778,0.0
1.5012639,0.91267455,0.67683405,-0.8888039,-0.3354366,-0.39960214,0.13447374,0.7128244,0.37344602,0.8662736,-1.5860949,0.21319419,0.7841242
0.7302227,0.33450365,0.05475016,-0.40956473,0.8531844,-1.0076908,0.22493394,0.29233164,-0.6916904,0.6302379,-1.2300608,0.03777746,0.71472645
0.34440294,0.5684285,-0.07081506,-0.6120798,-0.6814387,-0.42134368,0.8849023,-0.7408647,-0.92676413,-0.56251377,-0.297296,0.0,1.0
-0.2954275,-0.12663503,-0.45090666,2.0142193,1.5243394,-0.98152214,0.8371427,1.3428017,-1.6386317,-0.5578772,-1.0726163,0.3863486,1.0
-0.6249241,1.9673923,-1.0478331,-0.48021057,-0.9034618,-1.5386337,-1.2773477,-1.5639516,-0.22536996,-1.1722978,1.8011638,0.48797843,1.0
0.26097968,-0.20544614,0.57964367,-0.32339102,-0.49703357,-1.0576046,-0.7610484,-1.0986438,-0.8382292,-0.71986634,0.9487448,0.24212652,0.76674026
0.14141515,0.68865454,0.882055,2.1267874,-0.7218662,1.5965949,1.8928654,1.5388702,-1.1058705,-0.38871914,-0.66444707,0.14743662,1.0
0.3564143,-0.26633516,-0.25911185,-0.001413335,-0.17991972,-0.86228913,0.16783224,-0.011827407,-1.1446031,0.21989773,-0.73958105,0.0,1.0
0.03213634,1.8027916,-1.7482553,-0.4958035,2.2205904,-0.8325412,-0.82137644,0.8225188,1.5790519,0.608934,-0.5321299,1.0,0.111219004
0.034396887,0.1360067,-0.753249,-0.6403324,-0.36975604,-1.3062301,-0.22279283,-0.7332824,-0.675072,-1.247755,0.20242201,0.0,1.0
0.45876744,0.47268975,-0.29679874,1.7920992,0.16882715,-0.9807912,0.7838404,0.8184776,-1.7160445,-0.89297855,-0.8533373,0.0,1.0
-1.1541178,-0.50639325,0.20129299,-0.97236925,-0.48264402,0.29825497,-0.8527161,-1.5922731,0.5438705,-0.7754732,0.7886824,0.050464697,0.8671721
-0.27887014,-1.0442101,0.6494641,-0.45921412,-0.3928839,-1.3392903,0.39066833,-0.52569234,-0.17043616,0.050445788,0.2644059,0.18483141,1.0
0.15067184,-1.0110515,0.7893527,-0.58133084,-0.3358577,-0.4596863,1.5476766,0.28070202,1.4752659,0.09334626,-0.6168667,0.0,1.0
0.23296636,0.44560072,-1.1180403,-0.83291465,-0.4350466,-1.287607,-0.7120692,-0.6912593,-1.576747,-1.6747506,-0.13234292,0.0,1.0
-1.1014366,0.75657415,-1.2419934,-0.8065694,-0.09641674,-0.47429138,-0.36984015,-0.124527596,2.7269719,-0.35003683,0.3167301,0.31995288,0.4224242
-0.16959584,1.4906999,-0.55419683,-0.7190309,-0.93371063,0.26641414,0.4798364,-0.35387444,0.7959033,-0.37152874,-0.15581195,0.19121565,0.68911165
-0.59855026,3.1035316,-1.5664032,-0.3995751,-0.36205283,-1.1074443,-0.52301127,-0.48781735,0.44172478,-0.50400525,0.047438674,0.0,0.5366862
0.093133226,4.7222033,-2.1915398,-0.8897224,4.0822773,-1.5386337,-1.778237,1.2088809,2.378962,0.8326677,-0.4031299,1.0,0.0
0.76423347,1.930218,0.4987518,-0.97236925,-0.6289065,-0.23910332,-0.014606423,0.15425883,1.1715788,0.14612305,0.2031269,0.5478031,0.7395491
0.097988695,0.11918977,-0.08566362,-0.033134602,-0.6097167,-1.2376543,-0.48752034,-0.8399361,-0.7755659,-1.1052499,0.6689461,0.0,0.60828465
-1.8776025,3.7135303,-2.1915398,-0.5133018,2.0957034,-1.5386337,-1.8718446,0.2825644,2.7518206,0.96989995,0.26109943,1.0,0.0
0.27485478,-0.21638216,-0.24720371,-0.64594656,-0.7986314,-1.1894687,-1.0810912,-0.9194957,-1.8452069,-1.3391594,-0.038878623,0.019060398,1.0
-0.8373657,4.7222033,-2.1915398,-0.829175,0.5155638,-1.5386337,-1.8718446,0.51078093,2.7518206,-0.3648237,0.2434125,1.0,0.0
-0.36649576,0.1360848,-2.1915398,0.1398728,0.6106626,-0.6500892,0.12675671,-0.081964545,-0.9706915,-1.411824,-1.2744774,0.0,1.0
-0.022973727,0.75908273,2.8018205,2.1267874,-0.93371063,3.8937705,2.317571,1.7367737,-1.9148735,0.8867125,-0.39635873,0.04709272,1.0
0.35841513,-0.37380055,1.0049787,-0.5768377,-0.21433038,-1.3810374,0.2760085,0.36098942,-0.029170265,0.14097446,-0.7252174,0.0,0.7041871
1.3928913,1.2686142,0.55257565,1.318901,-0.16993412,-0.723857,-0.8703379,0.9789111,-0.82539815,-0.69514376,0.037980914,0.5700076,0.51765853
1.1828413,0.04224159,0.91573185,-0.492866,-0.51076895,-0.5932893,-1.3120139,0.744978,-0.20581363,0.87987214,-0.2799012,0.58320224,0.44039655
0.65474176,-0.42656702,0.33267653,-0.55587316,-0.5216514,-1.5198445,-0.83646,-1.0966526,-2.0151498,-1.4397367,0.79582286,0.0,1.0
0.88115144,-0.57115275,-0.29023564,2.1267874,-0.93371063,-0.55008954,1.1917925,1.5736248,-1.7412363,-0.34833106,-0.5088081,0.0,1.0
0.45918965,0.42833465,0.6773498,0.24457085,-0.41089037,-0.86302435,0.03036597,0.048678525,-0.3185563,-0.26030862,0.12092939,0.0,0.7746169
-1.4417117,-0.7616486,-0.49940306,0.2855606,0.3416489,-1.0174649,1.2276015,0.3729146,0.026127279,0.22068343,-1.7593788,0.0,1.0
0.07151416,1.4701668,-0.2532392,-0.97236925,-0.93371063,-1.5386337,-0.7162137,-1.5922731,-0.7550707,-1.4056168,1.6515331,0.21647052,1.0
0.9863812,-0.550876,0.56300646,0.31734756,-0.5799175,-0.4448,-0.16399024,0.22907718,-0.8126777,0.33932564,0.21701491,0.0,0.64326894
0.389577,1.1074356,-0.9541378,-0.056576643,-0.13514164,-0.4786177,-0.38674164,0.034768887,-0.9190291,-1.3523642,-0.34186593,0.039706513,0.8977045
0.041295547,-0.8532626,0.8635331,-0.97236925,-0.93371063,0.47519854,0.8975913,-0.20884667,0.9553393,0.98588735,0.48979658,0.28405434,1.0
-0.7260703,-0.24109556,0.53506374,0.6084887,-0.31296238,-0.035492748,1.0420665,0.25970381,0.5469021,-0.4382434,-1.1988466,0.035955705,1.0
1.0872087,-1.0442101,2.3965752,0.18782978,-0.14346057,-1.1577406,-1.3150709,-0.38554537,-0.5530623,0.7397805,1.5194551,0.5340923,1.0
-0.14727905,0.018226337,0.63658065,2.1267874,-0.3074226,0.21560302,1.2771008,1.4485052,-1.3612527,-0.36734718,-1.1368761,0.0,1.0
1.0041672,-0.34911808,0.21767896,-0.5684743,0.8285842,-0.54009914,-0.6854077,0.34460595,-0.44753608,0.10387786,-0.8135391,0.32658812,0.40010715
-0.7581096,-0.002769175,-2.174081,-0.97236925,-0.52262735,1.6126375,1.0757456,-0.04379927,1.6860565,-0.23507027,-1.128414,0.0,1.0
1.5408818,-0.44198978,1.1700188,-0.743309,-0.93371063,-0.122238815,-0.32382792,-0.6318783,-1.2501882,-0.30999732,0.38921747,0.0,1.0
-0.27325648,0.26116785,-0.05589045,-0.28652158,-0.43043792,-0.92380315,-1.1327219,-0.3512676,0.6845618,-0.13680904,0.60405135,0.29413152,0.7121268
-0.28523442,0.24363166,-0.454651,-0.2669007,-0.46743456,-1.3847044,-1.1825099,-0.2746741,1.0099751,-0.08601452,0.5606898,0.38775897,0.50008863
0.44979614,-0.021177806,-0.3123712,-0.444127,-0.31583002,-0.9139081,-0.48075837,0.08933869,-0.7852544,0.044866912,-0.4410822,0.06523892,0.5779508
0.7091845,1.0010563,-1.0814627,-0.75270545,1.1303093,-0.8578512,-1.031503,0.37148413,0.54930645,0.045457542,-0.51210123,0.63466156,0.0
0.7624325,-0.6202351,-2.1915398,1.1627389,-0.1954732,1.4315604,1.1319044,1.4214766,0.22559679,-1.3426124,-1.6958123,0.0,1.0
0.33198106,-0.7524429,0.09009201,-0.97236925,-0.93371063,-0.51344013,-0.77286,-1.5922731,-1.0320246,-0.9512675,1.6697196,0.21948741,1.0
-0.56579244,-1.042498,0.61859566,-0.96865976,-0.22274503,-1.0151556,-0.77539283,-1.5922731,-0.17630261,-1.3356937,1.8658206,0.17017166,1.0
0.85648525,0.8865495,-0.22675848,-0.35986093,0.3720971,-0.7557012,-0.8257413,-0.13688698,-0.18198866,-0.47951022,0.3628965,0.18247633,0.5957274
-0.099202245,0.46104762,-0.7410569,-0.67906356,0.18493459,-0.7598759,-0.5808948,-0.27786562,-0.32494578,-0.17784216,0.26385617,0.0,0.40865234
0.6269169,0.047918607,0.956016,-0.1688543,-0.77315664,-1.1050246,-0.38745272,-0.517902,-0.9678308,-0.04180254,0.79493815,0.0,0.9378789
0.40989822,0.18496089,-0.7894833,0.4544149,2.631455,-0.5151719,-0.4597023,1.3389202,0.16602038,0.363813,-1.1392508,1.0,0.14925188
-0.9496631,-0.15677235,-0.4148859,0.10196629,0.08796419,0.38565555,0.8106929,0.55834585,1.2822157,0.57260114,-1.0300697,0.42008013,0.8780478
-0.59699273,-0.12528998,0.06615975,0.40996546,-0.117900446,-0.9551738,0.69114435,0.07106835,-0.23973872,-0.25145704,-0.42292377,0.0,1.0
-1.2344329,1.5309755,-1.3468318,-0.5808354,1.6381534,-1.4459558,-1.413658,0.15884928,2.398723,0.917566,0.7810678,1.0,0.0
1.3712271,0.04736061,1.6226369,0.2380649,-0.6291444,-1.09401,-0.16890611,0.33083776,-1.4200737,-0.5268819,0.077768885,0.0,1.0
0.2239808,0.4143146,-1.3299624,-0.97236925,0.07388306,-0.61783856,-1.2322252,0.8538071,1.2755952,0.6975158,-0.3218252,1.0,0.0
2.9209206,0.25198048,2.5015728,-0.09375255,0.33107874,-0.633927,-0.99512947,0.9782443,-0.98226243,0.6945601,0.043017797,0.2343666,0.25580123
1.6304319,-0.17838416,1.4731224,-0.8670836,0.733564,-0.8251841,-1.4484807,0.73571974,-0.3491478,0.71057755,-0.87371856,0.73749137,0.029354531
-0.17530213,0.72998244,-1.0324181,-0.6929631,1.0110043,-0.9570495,0.057841383,0.0316358,0.02145092,-0.059926346,-0.84831274,0.0,0.63981456
-0.84697616,-0.2515273,-1.3548605,-0.97236925,-0.40652815,-0.07701952,0.41026163,0.07558471,2.574518,-0.70023626,-0.97053117,0.11168636,0.74792975
-0.54164255,0.28768384,-1.201606,-0.97236925,-0.18164855,0.29394704,-0.19133563,-0.84656525,-0.9225575,-0.7567866,-0.38165092,0.035943717,0.6680333
-0.3260545,4.7222033,-2.1915398,-0.25179887,1.8218606,-1.5386337,-1.8718446,0.7588454,2.699123,0.12552008,0.7039832,1.0,0.0
-0.28165954,2.4121203,-2.1915398,-0.37394887,0.5062068,-1.4612731,-1.7881855,0.083143815,1.1241537,0.081609905,-0.012366191,1.0,0.05216135
-0.5836656,0.20621848,-1.6741309,0.46761322,0.63009745,-0.23059773,0.44738418,-0.01713944,-1.3231019,-1.1749623,-1.2396837,0.0,0.961917
0.6545627,0.53737706,-0.48443416,-0.5218984,-0.5370823,-0.76140434,-0.82575226,0.24270049,-0.34215704,-1.1444243,-0.8515349,0.0,0.62949795
0.10654074,0.6305745,2.0767698,0.028039128,-0.93371063,0.6808618,1.1607078,0.23209053,-0.4716974,-0.077034965,-0.40798512,0.0,1.0
1.8955067,-0.9742284,0.88625205,-0.6093487,-0.5528644,-1.5386337,-1.121788,-1.3536748,-2.183889,-1.6747506,0.9543004,0.0,1.0
-0.6033273,-0.61481416,-1.6466718,0.25113955,-0.11796144,0.0979441,0.37210834,0.37286934,-0.6298019,-1.1592884,-1.7593788,0.14139003,0.95059943
1.3588426,3.7216184,0.48993072,0.45505366,2.075001,-0.8719923,0.9960017,1.0115793,0.39646465,0.5659826,0.57785565,0.8825216,0.33520445
0.99698853,1.632391,-0.14356916,-0.8764038,0.6380236,-1.125513,-1.8718446,0.8530111,0.7930687,-0.14870043,-1.6410816,1.0,0.0
-0.8129693,0.7083027,-1.8162649,0.20909631,0.6024635,-0.3868953,-0.07651693,-0.066884734,-0.9467018,-1.3700156,-1.6466973,0.050203934,0.77452946
0.018600963,0.5128125,-0.9570551,-0.5912054,0.24705201,-1.0969225,-0.4889086,-0.097519845,0.4164589,-0.6242761,-0.35821337,0.28571153,0.752516
0.45893097,1.3391838,-1.4165043,0.10389057,2.6941195,-0.6638637,-1.8045646,1.1260967,0.34407204,0.7044628,-1.0114368,1.0,0.0
1.7512636,0.9350743,1.7364017,-0.54610825,0.103641495,-0.50680107,-0.61539173,0.843809,0.10328826,0.3049342,0.0067644436,0.14044249,0.6105667
-0.6422627,0.30841246,-1.951986,-0.28219336,0.3950202,-0.7216437,0.13175103,-0.07872307,-0.23296769,-1.0592916,-1.4547601,0.0,0.94550055
-1.0502962,1.2221996,-1.2765548,-0.72722507,0.985767,-0.07493096,1.1299834,-0.44391295,-0.59045756,-0.46636215,-1.1391495,0.0,1.0
0.72956485,-0.8879204,0.63508695,-0.2386773,-0.8079534,-0.94288254,-0.86068195,-0.5925366,-1.1896713,-0.54573137,0.8979611,0.13838613,0.9452958
-0.40598744,-0.49027747,-1.2930589,2.1267874,-0.3938533,-0.28913638,1.2317796,1.5710056,-1.5914435,-0.7116008,-1.7593788,0.0,1.0
-1.1315944,0.11896967,-1.2765357,-0.7901568,-0.061417386,-1.2643744,-0.9950426,-0.7409342,1.363467,-0.8716107,-0.020599527,0.2640671,0.939851
-0.8124704,-0.0068910616,0.10168896,2.0096612,-0.45421407,0.4697607,1.8958381,1.2954801,-0.2310255,-0.48074174,-1.7593788,0.07269119,1.0
1.7329085,0.006707522,1.0404822,-0.24996766,-0.79340804,-0.8683623,-0.10013124,0.060918327,-1.270925,-0.542675,0.04793357,0.0,1.0
-0.5925096,0.10905132,-1.1486689,0.43010545,0.1008374,0.17767617,0.21786167,0.62762815,1.0591722,-0.41348273,-0.6913224,0.31300673,0.50175995
-0.1266984,1.4210824,-2.1915398,-0.74449867,1.1725519,-1.4797478,-1.7110595,0.3697375,0.74034715,-0.64156395,-0.8940055,0.78699994,0.8925901
-0.18959929,-0.26635647,-0.54984087,-0.79294336,-0.5064922,-1.2859356,-0.38700116,-1.3141823,-0.7094284,-1.2013644,0.12569878,0.0,1.0
1.0709438,3.9811409,-1.4599086,-0.97236925,1.2250156,-1.3129077,-1.1492069,1.0211278,0.53472567,-0.8739862,-1.0746437,0.93001527,0.6329241
-0.22670223,-0.8928874,1.0425833,-0.4579139,-0.6807479,-0.3056262,1.486187,0.32209206,2.3416255,0.32587835,-0.10885732,0.0,1.0
-1.118253,3.7316215,-1.6868778,-0.97236925,-0.5639762,-0.10073739,-0.11986924,-1.0117943,0.45228735,-0.6250821,0.9815387,0.7289346,0.50469214
3.2358708,-0.21381941,1.7418898,-0.74351156,-0.47617313,-1.2414048,-1.2113802,0.24351639,-2.1486175,0.36644804,-0.49508846,0.08695056,1.0
-0.43111816,3.3622282,-2.1915398,-0.97236925,2.1509194,-1.4454424,-1.8718446,0.6474081,1.8463912,0.085502155,-0.7182945,1.0,0.0
-0.028174244,-0.50716406,0.5596659,0.3864961,-0.93371063,2.2036436,1.837855,0.9256043,1.7069068,-0.44445145,-1.2240163,0.0,1.0
-0.7073701,0.47674176,-1.1770252,-0.97236925,0.35401726,-0.98580325,0.46569753,0.47690952,2.394916,0.20255898,-0.77837867,0.27981296,0.79910237
1.1721001,-0.49418345,0.8205156,-0.8437371,-0.4935633,-0.99582815,-0.6912544,0.22618645,-1.3127062,0.6955888,-0.5529483,0.37731546,0.7930017
-0.18198937,-0.34805158,-0.1542414,-0.97236925,-0.93371063,1.8211256,0.82504696,-0.9641335,0.25655988,0.18735877,0.11401367,0.1780548,1.0
0.45408183,-0.045918923,-0.88632035,1.3383194,1.8453052,-0.11034758,0.55085194,1.3569863,-0.19354136,1.1563354,-1.0409763,0.26501232,0.6124441
-0.44806454,0.20533821,-0.40288672,-0.5698037,-0.011096883,-1.1040652,0.7162381,0.3155831,2.3094435,-0.12758923,-0.66683286,0.036478475,0.90364647
0.09404369,-0.089069195,-1.2634846,-0.26789415,-0.46163118,-1.1075011,0.26663715,0.09972749,-0.3236244,-1.0832977,-0.9888815,0.0,1.0
1.7164143,0.00070327823,-0.04713112,-0.700286,0.69580466,-0.1552617,-1.818391,0.45377684,0.18526088,-0.5157437,-0.608845,0.8266017,0.0
0.37580663,4.5019064,-2.1915398,-0.9609094,1.9714006,-1.5386337,-1.8718446,1.6043594,2.3524585,0.58304,-0.8907262,1.0,0.0
0.1666255,-0.1107051,0.8696705,-0.605779,-0.26535732,-0.4819053,1.1877578,0.10751045,1.554639,-0.09355173,-0.5175016,0.0,0.8601959
0.5282604,-0.15224794,-0.18992585,0.24662131,-0.93371063,1.539619,1.3483108,-0.19365144,0.0736804,0.93018085,0.8116707,0.0,0.937761
0.8020071,0.12594542,-0.01000097,-0.8066024,0.1346013,-0.88442725,-1.0692656,-0.19520338,-0.6752992,0.23378974,-0.7800165,0.17217606,0.6529208
1.9296325,3.9682965,-1.0252123,-0.97236925,3.8668668,-1.5386337,-1.8718446,1.7367737,2.125704,1.7330701,-1.6667161,1.0,0.0
-1.4805725,0.8965634,-1.8913044,-0.97236925,0.17015302,-0.8522256,-0.018563941,0.013049669,2.7093718,0.01156207,-0.41280484,0.09375618,0.84042
2.1025002,-0.24504617,0.91839135,-0.055319924,-0.079578266,-1.1264685,-0.9524043,-0.34200767,-1.6452686,-1.476927,0.9047298,0.12177313,0.9361956
1.2109576,0.2120811,1.0712332,1.3969498,0.10218804,0.18646625,0.64069843,1.1217101,-0.81467474,-0.8436056,-0.6191489,0.0,0.7413783
1.6857375,-0.36542255,0.08203448,-0.19593321,0.7974077,-0.54474336,-0.7444471,0.6480816,-0.40498555,-0.086153194,-0.8687459,0.70283157,0.048642967
0.34156352,0.0702872,-1.0304842,1.3211097,0.60393494,-0.028193954,0.020441959,0.8046518,-0.4412552,0.032089606,-0.3302908,0.22902495,0.79781276
-1.5772603,3.6932025,-2.1310084,-0.20182908,0.6148705,-1.5386337,-1.8718446,-0.6470526,1.7589267,-0.89994216,0.52103907,1.0,0.0
0.3023551,1.9075873,-1.4151266,-0.7061069,1.4960294,-0.5364013,-1.8718446,0.9372622,0.8821342,-0.6241212,-1.1661476,1.0,0.0
0.3732273,0.90269727,1.0617543,1.517184,-0.6934636,-1.2216532,-0.04933723,0.23475164,-1.1553726,-0.8337267,0.6363827,0.0,0.6475249
0.8449019,1.3099035,0.32831714,-0.8728196,-0.21379605,-1.180186,-0.95570296,0.636379,0.33580568,-0.1524623,-0.6265022,0.543576,0.43729994
0.39661324,-0.099527776,0.14751792,1.9983118,-0.34005862,0.48724005,1.5226052,1.3292727,0.2627946,0.056325972,-0.6302566,0.0,1.0
1.1090983,0.960012,-0.9387234,-0.03612667,1.9552658,-1.0609767,-0.61162883,0.5465628,-0.19554923,0.7974023,-0.74451375,0.58532697,0.5321075
0.4605379,0.1446343,-1.283507,-0.76185924,-0.420159,0.6480219,0.4353215,-0.13295202,0.35404184,-1.4204272,-0.8707502,0.032320604,1.0
-0.28295177,1.5415254,-2.057009,-0.5505575,0.6388514,-0.7557803,-1.1029516,0.056226254,1.3224593,-0.41041332,0.16539016,0.76545465,0.2776082
1.4841101,1.4096471,0.8612796,-0.59553045,1.8981597,-0.88015544,-1.8718446,1.3002515,0.4226809,1.3230118,-1.2658942,1.0,0.0
3.0073123,-0.1694327,1.4063572,-0.39707783,0.46395022,-0.5713628,-1.6986225,1.3150415,-0.060904954,-0.014098959,-1.1266822,0.4951286,0.22961196
3.3844666,1.6687975,2.298828,-0.027836708,1.2250886,-0.42990386,0.72619706,1.6807035,-0.81121784,0.42705998,-0.13418949,0.20193258,0.768157
0.44680953,-0.21758318,-0.42645994,1.3376851,-0.7698609,0.34609452,1.6608483,1.1602545,-0.19415049,-0.112092875,-0.3378924,0.0,1.0
0.9943231,-0.82443535,0.28965276,2.1267874,-0.93371063,0.9490621,1.4328989,1.7367737,-0.277924,-0.0748542,-1.4321793,0.002455758,1.0
-0.52510697,0.105744965,0.9172392,-0.9721532,-0.93371063,1.1452634,1.4097145,-0.26899302,2.210227,1.6948295,0.56244224,0.0,0.6060738
0.58868825,4.7222033,-2.1915398,-0.97236925,2.4397497,-1.5386337,-1.8718446,1.5858197,2.164273,0.6278677,-1.5294057,1.0,0.0
0.18782315,1.2196145,-1.2031717,-0.6586048,0.44102326,-0.45410973,-1.4038975,0.31025818,1.0195304,-0.45853433,-0.3481843,0.88239735,0.3107498
1.1263841,0.3304169,1.5079012,-0.2696702,-0.93371063,-1.3877825,-0.7053369,-0.57489765,-2.156388,-1.0507605,0.64239997,0.0,1.0
0.087687075,-0.55793893,-0.90402097,-0.80480963,-0.43231627,-1.2690172,-1.3317722,-1.4621665,-1.4135493,-1.6747506,0.5767269,0.0,1.0
0.5240874,-0.1426005,1.0347978,0.031467885,-0.93371063,-1.4846586,-0.06866567,-0.48687395,-1.0309147,-0.7422425,1.080482,0.0,1.0
1.5312301,0.12844288,1.3267844,-0.40113604,-0.47094864,-1.0855824,0.33780152,0.08431194,-0.80661505,-0.21663018,-0.15560551,0.17369038,0.683836
-0.35554376,1.0506703,-1.4350964,0.0033053132,0.439354,-0.9467059,-0.73137176,-0.3629154,-0.090606116,-0.40632984,-0.2884729,0.29528278,0.55285615
0.99006987,-0.063366935,1.2762511,2.1267874,-0.41801694,2.070617,2.1069436,1.7367737,-0.77638024,-0.97511506,-1.676785,0.16911423,1.0
0.046777885,-0.28736642,-0.0052291825,-0.97236925,-0.5992413,-1.136988,-0.363878,-0.8054838,-0.55275077,-0.8766262,0.1120854,0.08983826,1.0
1.9747788,1.6471779,0.8576302,-0.97236925,2.748127,-0.94571716,-1.8718446,1.0220896,0.9414572,0.9687103,-0.9547758,1.0,0.0
2.5134974,-1.0442101,0.8275652,0.09167584,1.596124,-0.6472003,-0.5886001,0.91992736,-1.0144755,0.9872175,-0.92163324,0.285462,0.51862454
-0.31162092,0.7087732,1.1183534,-0.50138414,0.18301436,0.6789795,1.7980685,0.07263873,2.7518206,1.723585,1.3051975,0.0,0.8645657
-0.03593416,-0.41867352,0.8841373,-0.6468767,-0.542099,2.038755,2.317571,0.11109703,1.4722339,0.39266348,-0.5439351,0.0,1.0
0.046045445,-0.55561405,-1.3451725,-0.022801606,-0.93371063,1.0644816,1.344623,0.7911161,2.2750795,0.020610662,-0.42423046,0.005233016,1.0
0.0639931,0.7770635,-0.48185304,0.7474309,0.33227915,-0.56716746,1.5057219,0.67061657,-0.8756162,-0.14795412,-0.8369215,0.0,1.0
-1.6836836,1.8138944,-1.6971283,-0.13019525,0.69570726,-1.0222088,-1.8718446,-0.14060146,2.0691185,0.32448262,0.8812277,1.0,0.0
-1.2880574,-0.67147493,-1.4157058,-0.97236925,-0.23728359,1.3263727,1.67328,0.1691898,2.3333728,0.20292342,-1.3983606,0.0,0.97621214
0.20053071,1.0220727,-1.0873535,-0.89989203,-0.76932603,-1.2857044,-1.1465043,-1.3084853,-1.0158408,-1.6747506,0.4971794,0.12767157,1.0
0.9328035,0.9967283,-1.6953186,0.31917897,0.062456798,0.54195464,0.85080105,0.72886693,0.7051916,0.20854187,-0.28162497,0.12359268,0.8517054
-0.22302549,0.2809993,-0.5826151,-0.97236925,-0.6435122,-0.3500363,-1.235042,-1.5922731,-0.7568996,-1.4438071,0.9908044,0.0,1.0
-0.4769177,1.5361782,-2.1022632,0.21292071,0.59723175,-1.0512981,-1.0864253,0.7286539,0.69783825,-0.15349339,-0.32643485,0.61678094,0.21741414
0.16622037,-0.7846755,0.06492289,0.21647711,-0.34050152,-1.1175747,-1.0031054,-0.9843603,-1.2799133,-0.7662434,0.46274534,0.0222644,0.53781706
-0.13598925,-0.39109904,0.30870965,-0.97236925,-0.93371063,0.78227997,0.37717462,-1.0107614,2.2967865,-0.526363,1.1978533,0.15251942,0.9682847
-0.25053442,-0.77730954,1.0313709,-0.83010465,-0.3619703,0.17170796,0.86710477,-0.95124966,1.5318463,-0.84893507,1.0130408,0.0,1.0
0.68875945,-0.5623665,-0.74665695,0.3666412,-0.16616404,-0.5771814,-0.18135668,0.35507557,0.6219533,-1.3429308,-0.079829514,0.29886687,1.0
-0.98716563,1.0921826,-0.84228,-0.97236925,-0.93371063,-1.3606818,-1.232335,-1.5922731,0.8843839,-0.97050714,1.8658206,0.29370615,1.0
-0.38347083,1.3243833,-0.81618494,-0.97236925,1.5451745,-0.07799471,0.9378827,0.17285915,0.45044565,0.24282005,-0.7389708,0.0,1.0
1.8239441,2.058004,1.2247535,-0.96321934,-0.6705092,-0.74112725,-0.8906537,0.7157458,0.0044293995,-0.068465225,-0.398871,0.7650067,0.21107939
1.7577678,4.048165,-0.82360464,-0.97236925,3.3920274,-1.5386337,-1.8718446,1.7367737,1.6669049,1.2326072,-1.4509127,1.0,0.0
0.05307673,-0.38962793,-0.94880104,0.34324664,-0.48218042,-0.43506467,0.6408861,0.34545183,0.07223547,-1.2677165,-1.2788548,0.0,1.0
-0.6541305,0.22165747,-1.2908274,-0.97236925,0.12444453,-0.30559427,-0.15679643,-0.6526306,-0.4547469,-0.50226426,-0.7116626,0.19820322,0.6607143
0.21767393,0.2649699,0.27713537,0.15681711,0.36950555,-0.72957015,1.5054615,-0.12789133,-0.7423913,0.80271685,-0.76735955,0.0,1.0
0.016453084,0.36836517,-0.22205043,0.8597096,-0.7824601,3.4167514,2.317571,0.9186663,1.1301664,0.614146,-0.5639638,0.0,1.0
1.1825874,-0.19186051,0.38854727,-0.43438163,0.25843447,-1.176326,-0.5063714,-0.5015438,-0.98176503,-1.0258529,-0.011780394,0.0,1.0
-1.0759996,-0.18201189,0.48214564,-0.512187,-0.05608831,-0.68741834,0.811289,-0.47839808,1.7502623,-0.55732095,0.17951265,0.0,1.0
-0.23613964,1.6279048,-1.0608288,-0.6322294,0.3507815,-0.7794246,-1.4168817,0.16566001,1.0169065,0.079270326,-0.26752517,1.0,0.0
1.7342266,0.8764528,0.3536506,-0.44562265,-0.93371063,-0.7776268,-0.119920515,0.18287195,-1.1447845,-0.10261146,0.011695864,0.0,0.75243247
-0.016077612,2.030588,-2.1915398,-0.7780517,1.2751713,-1.3883713,-0.37987143,0.20681378,0.68923247,-0.7690319,-1.2481413,0.34901994,0.7137677
-1.2629167,0.4640343,-1.6238865,-0.7542546,-0.16698456,-1.0380313,-0.30510676,-0.50196844,0.5770087,-0.7977873,-1.0787704,0.05691351,0.89489126
0.89859587,0.16143699,2.226128,0.68514484,-0.93371063,-1.5386337,-0.39672673,-0.39868984,-1.9215733,-0.7751046,1.8658206,0.0121883545,1.0
0.53833175,2.445999,-0.8352623,-0.9172331,1.7264,-1.1627581,-1.8718446,0.49297094,0.3526112,0.0020332038,-0.8698698,1.0,0.0
1.9673381,-0.5031115,0.4220747,0.17091942,-0.6885025,-1.3847712,-1.0443796,0.012064456,-2.183889,-0.7806706,0.37549388,0.0,1.0
-1.068113,-0.6054655,0.16274977,-0.20109132,-0.33830297,1.0507307,2.0074425,0.5784776,2.7518206,0.5163485,-0.6811776,0.0,1.0
1.4113754,0.8803402,0.93282384,-0.10805111,2.405554,-0.39580294,0.30095518,0.92186874,-0.08110527,1.1060572,-0.10928255,1.0,0.0
-0.47227654,-0.24535693,0.60745716,0.51597553,-0.24672157,-0.9566259,1.4753516,0.6647023,0.6964545,1.0571917,-0.56084096,0.0,1.0
-0.024899498,3.2453003,-1.4428577,-0.3728004,2.2986016,-0.9830888,-1.8718446,0.9455668,1.6036959,-0.29513276,0.041370504,1.0,0.0
0.67730373,0.8222103,0.8151835,0.3134794,-0.43251744,1.5063335,1.6278055,0.6394075,0.040267628,-0.025821643,-0.19773218,0.0,1.0
-0.8122385,1.4229,-0.7051974,-0.57933587,-0.8468263,-0.22495374,-0.6919572,-1.131695,0.21232262,-0.5203686,0.40911412,0.2347689,0.65022314
0.545879,1.3574259,0.35226786,-0.97236925,-0.29198286,0.6449296,0.6772052,-0.27100453,0.96053964,0.5431324,0.7761238,0.0,0.7029979
-0.42498198,-0.322174,-0.13674626,-0.48974776,-0.93371063,-0.83330446,0.37881386,-0.917758,-0.32071128,0.5430937,0.761342,0.0,1.0
0.9145154,3.0181112,-0.19051304,-0.46547592,-0.59069926,-0.66636664,0.54525626,-0.3563694,-0.6935639,-1.0290738,0.47851133,0.0,1.0
0.13548239,0.66441256,-0.4959646,-0.48641974,0.20574194,-0.67363054,-0.49325585,-0.40297925,0.35639843,0.09365618,-0.009674849,0.38010037,0.5224189
0.4430788,0.21772061,1.4635365,-0.8852344,-0.045877907,-1.0883445,0.2871272,0.5937726,0.37854177,0.7015167,-0.7176502,0.0,0.6158311
1.001134,0.49206665,0.35911003,-0.41871512,0.9649357,-0.19887814,-0.9719398,0.67753416,0.28001052,0.08376457,-0.80302614,0.5378224,0.0
-0.48224983,-0.32084587,-0.6536992,-0.22127339,0.34797084,-0.6200147,-0.14566286,0.08120956,0.08940301,0.093639165,-1.0329117,0.25717488,0.5377496
-0.40036488,1.02868,-1.923923,-0.97236925,-0.52732265,-0.32715762,-0.7882222,-1.3185455,-1.4284916,-1.4964361,-0.46253112,0.00559322,1.0
1.4447136,0.21673225,1.5401467,1.7447051,-0.93371063,-0.91346216,0.4913599,0.4631774,-1.2724664,-0.11396137,1.1546317,0.0,1.0
-0.34376317,1.699701,-0.0049259327,0.7710715,1.2121018,-1.4161295,-1.8718446,0.055262204,1.8697033,2.2838242,1.5458161,1.0,0.0
-0.727944,-0.09691795,0.4723797,-0.8012896,-0.5766403,-1.5386337,-0.40187383,-1.5922731,0.74969554,-1.6747506,1.8658206,0.0,1.0
-0.039944287,-0.44448918,0.2588073,-0.97236925,-0.93371063,1.5919577,1.5611614,0.010200811,2.2524061,1.3460038,0.2389321,0.076062694,1.0
-1.3106873,1.1034005,-1.9577199,-0.7134027,-0.5232427,-1.072069,-0.9675674,-0.69949824,0.47310996,-1.5710965,-0.5175234,0.0,0.9709845
-0.29027018,0.42734078,-0.45100483,-0.4701472,0.21447241,-1.0198553,-1.2353244,0.7281872,1.5253786,0.25838938,-0.05207076,0.731576,0.26816505
-1.1518195,0.464585,1.0842746,2.1267874,2.076642,0.9583144,2.317571,1.7085655,-2.0187676,0.6935352,-1.7015177,0.0,1.0
-0.4280914,-0.4810206,0.47391507,-0.97236925,-0.53018254,-1.2411801,-1.0112854,-1.5922731,0.37134066,-1.6747506,1.8658206,0.19346523,1.0
0.83366627,-0.15764259,0.7804492,-0.26402438,-0.515871,-0.7185379,-0.8539884,-0.42966932,-1.1459869,-0.29653722,0.4541576,0.23426804,0.7376013
0.9050817,1.1015031,0.031810723,1.0505425,0.908426,0.78021,1.3160753,0.9003863,-0.74652845,-0.5209897,-0.5855641,0.0,1.0
-0.12075935,3.2614958,-2.1915398,-0.8715948,-0.056269262,-1.1654168,-1.8718446,-0.54927015,0.90382224,-1.5152142,-0.34252536,0.54023993,0.7523274
1.7824302,2.1878948,-0.4869831,-0.20976941,1.605371,-0.74105513,-1.2585645,1.1875513,0.55836004,0.27533144,0.036220215,1.0,0.0
-0.21356958,-0.52374846,-0.69975257,-0.7127617,0.025011966,-0.54483235,-0.9899435,-0.5678716,1.2301064,-0.01944829,0.81536347,0.271382,0.2965188
-0.13123193,4.7222033,-2.1915398,-0.3755212,-0.4337545,-1.2814591,-1.8718446,0.17830363,2.7518206,0.7354171,1.3642592,1.0,0.0
-0.5245501,-0.5516699,0.1423575,-0.47935194,-0.593836,-1.233868,-0.948396,-1.5922731,-0.6146285,-1.1151052,1.8658206,0.10631155,1.0
0.2131639,-0.0136759505,1.1578585,-0.29697177,-0.25869527,-1.0435762,-0.7074819,0.19976358,0.46832746,0.6544256,0.36021373,0.55594563,0.43093857
0.34809646,0.25693485,-0.56095666,-0.7752924,-0.61760885,-0.81953746,-0.5761997,-0.29442266,-0.34400105,-0.2863816,-0.45468253,0.0,0.9185262
-0.25728998,-0.6683286,-0.9596101,1.6811613,-0.1392996,-0.9940044,0.38570052,1.0776587,-0.45844963,0.09599864,-1.2493534,0.0,1.0
-1.1937176,4.7222033,-2.1915398,-0.7628656,2.1243074,-1.3066177,-1.8718446,0.8029463,2.7518206,0.5834759,0.5571949,1.0,0.0
0.43497747,0.67630774,-1.8488882,-0.33688948,0.35519853,-1.1561607,-1.1948081,-0.21258517,-0.4046885,-0.13016468,-0.005094517,0.13089584,0.25265336
3.3844666,-0.057931118,2.8018205,-0.97236925,0.07251589,-0.69503915,-1.4438782,0.838612,-0.8857241,2.2838242,-0.7740505,0.6722797,0.52644366
0.33657962,2.2778432,-1.294723,-0.9552785,-0.93371063,-0.075795256,0.9252009,-0.47661987,0.9926814,-0.6852499,-0.1671903,0.046082735,1.0
0.42109722,-0.77567375,0.38828513,-0.14943247,-0.61779445,-1.1326029,-0.5336443,-1.0239701,-1.5081306,-0.13927588,1.0011805,0.02970512,1.0
0.81953627,-0.51433694,0.10813918,-0.9181111,-0.2741464,-0.6677393,-0.979413,-0.48337904,-1.0732852,0.0034177396,-0.72267395,0.062699944,1.0
0.88799006,-0.32123944,0.38319662,-0.30667642,0.23366052,-0.91457176,0.4154812,0.50409704,-0.18145777,0.015486354,-0.82084894,0.0,0.86757815
2.4335463,-0.6810233,0.9988748,-0.97236925,-0.5949816,-1.5386337,-1.3232751,-0.37247083,-1.7771441,0.023406634,-0.25798252,0.08300388,1.0
0.2816673,0.6477568,-2.1285207,-0.91628087,-0.018175062,-0.74774224,-1.3157824,-0.2273768,-0.19615857,-1.3946708,-0.59208304,0.2549885,1.0
-0.46093172,3.7957516,-2.1915398,-0.08917794,2.4347718,-1.5386337,-1.8718446,0.20724405,1.8589941,-0.30711672,0.630823,1.0,0.0
0.9254965,-0.9265042,0.024928596,-0.7972233,-0.372519,-1.0131388,-0.98200685,-1.3301251,-1.46113,-1.6747506,1.0421652,0.0,1.0
0.8492447,0.4268743,-0.6662089,-0.33200556,-0.41392374,-0.787849,-0.4740346,0.38160425,-0.3572658,-0.048728004,-1.1262167,0.3067398,0.32033315
1.127603,3.2769613,-2.0331056,-0.7972212,1.6504102,-1.4741629,-1.7412496,1.2648307,1.3643037,-0.2756119,-0.9986284,1.0,0.0
-0.20608725,-0.049466476,-0.16186795,-0.32013822,-0.6697225,-1.0560094,-0.4242823,-0.40367544,0.11463324,-0.19066654,0.4181566,0.020541443,0.5085531
-0.49200675,0.5145343,-1.8920993,-0.85371864,0.11646473,-0.46327016,0.2626626,-0.65392256,0.42590547,-1.063444,-0.65773666,0.0,1.0
0.96874887,-0.25612247,1.1434271,-0.3592634,-0.93371063,0.1365892,0.8561035,-0.254978,-0.039876807,0.6428336,0.7223911,0.0,1.0
2.0958252,1.9732293,2.4668214,0.23532645,4.4531507,-1.3321817,-0.5163014,1.7367737,0.1412764,1.5586507,-0.7627748,1.0,0.17792234
0.10187681,-1.0442101,-0.8902448,0.8486744,0.24116686,-0.722833,0.26376098,0.25365856,-1.0682281,-0.75017667,-0.94694227,0.0,0.8503537
-0.022298835,2.80796,-1.0895739,-0.5039655,-0.4346371,-0.5227142,0.008689225,0.10280574,0.3724086,-0.26335603,-0.37917483,0.081667684,0.7934917
0.75794053,-0.70650965,0.9236045,-0.3606009,-0.84018415,-1.5386337,-0.62958604,-1.1723942,-0.94257295,-1.0693403,1.3099778,0.3870471,1.0
0.63213646,-0.59808296,0.4114239,-0.17003445,-0.6941839,-1.4031894,-0.8133859,-0.9782598,-1.3237451,-1.207567,1.1700357,0.0,1.0
0.42342263,-0.29818684,-0.73079747,2.1267874,-0.116074994,-0.33425844,1.7294531,1.7367737,-1.2339215,-0.8139054,-1.3374822,0.0,1.0
1.4061327,0.05042373,1.8377945,-0.32520795,1.1186588,-0.80098015,-1.108061,0.2055203,-0.7472304,1.3200793,-0.0782315,0.6959977,0.19618055
-0.22348721,0.03490768,-1.1513562,0.015647529,0.58586067,-0.8324728,-0.8536244,0.6633334,0.9813761,0.08792289,-0.31903118,0.52145606,0.10111818
1.3249781,0.4992919,0.86380047,-0.005931625,0.022378642,-0.88817585,-1.4005425,-0.009855942,-1.0184834,0.42107096,0.25032264,0.49836966,0.48500887
-1.8776025,4.6436467,-2.1915398,0.04985791,1.0150219,-1.5386337,-1.8718446,-0.18888192,2.5172768,-0.22813356,1.4319801,1.0,0.0
0.8603677,2.0975506,0.98907673,-0.31980452,2.35667,-1.2143774,-0.34032136,0.9089729,0.5269385,0.924963,-0.4060906,0.5262158,0.16522819
-0.6487538,0.22385341,-0.54231197,-0.48955908,-0.49505943,-1.1078764,-0.12149435,-0.566834,-0.098115936,-0.44938034,-0.17246276,0.1262335,1.0
0.033188086,0.7827875,-1.5543275,-0.8394964,-0.82052284,-1.1169232,-0.95099455,-0.5192695,-0.91296685,-1.3751894,-0.57098585,0.10450185,1.0
0.5782935,-0.09832081,0.07165559,-0.13091329,-0.7857758,-0.78620553,0.038360424,-0.37102678,-0.5352225,-1.0215238,-0.23590241,0.0,1.0
0.6435509,-0.37356144,0.6858448,-0.5412373,-0.45215553,-0.7353115,-0.36419606,0.07537797,-0.17536521,-0.29475945,-0.013140922,0.17163947,0.8846145
-0.9986158,2.3993027,0.63632613,-0.46046293,0.014582115,-0.6320531,0.38453454,-0.19991925,1.1972188,0.5169485,0.85719943,0.21098782,0.6425547
0.111148894,1.0578997,0.7339124,1.6282972,-0.3822171,-0.053132422,0.2540027,0.6146422,-1.3812176,-1.2470105,-0.42385012,0.0,0.95708954
0.6927212,1.144764,-1.2985479,-0.66830254,0.842754,-0.47366944,-0.25687903,0.34462038,0.01571494,-0.5870765,-1.1319457,0.4622956,0.6814575
-0.541176,4.7222033,-0.7342862,0.5537369,5.1007195,-0.33257613,1.8720168,0.91672415,-0.49238396,0.19559117,-0.12673482,0.45028535,1.0
-0.35379094,1.3398439,-0.73921263,-0.55534625,0.1715729,-0.99016076,-1.8718446,0.28592837,0.6710503,1.0323223,0.06809277,0.619391,0.0
-0.72267765,0.30906868,-0.7527031,-0.3133415,-0.5441688,-0.70795256,-1.4434592,-0.16564879,0.38776225,0.06787476,0.25926572,0.42113107,0.42131144
-1.3135127,-0.58682364,-1.0307761,-0.97236925,-0.63244087,1.6351556,1.4986532,0.0747524,1.735393,0.47099367,-1.3548278,0.0036150161,0.77190113
0.5927916,-0.82446736,0.22514412,-0.2638435,-0.21105295,-1.2833396,-0.8598089,-0.9383123,-1.6835586,-1.1821382,0.68768287,0.0,1.0
0.12639858,-0.11631104,-0.53694344,-0.58838093,-0.93371063,-1.178112,-1.166496,-0.6778017,-1.7168539,-0.46124348,0.22852811,0.0,0.9956404
-0.026217073,1.8151747,-1.5402292,-0.97236925,0.52027065,-1.1460809,-1.8718446,0.15634368,1.0742124,-0.56983817,-0.5749977,0.62068677,0.14002869
0.27722612,-0.025991388,-0.23337206,-0.76168966,-0.43945196,-1.5386337,-0.060564946,-0.63390034,0.4593176,-1.3921707,0.38412523,0.06334899,1.0
1.02581,1.8863055,0.27973375,-0.97236925,0.46903625,-1.0672497,-1.5337892,0.69616896,0.69651186,0.13981012,-1.0693783,1.0,0.0
-0.395231,2.1140072,-1.2008777,-0.73612654,-0.52460283,-0.2534552,0.066761784,-0.3361543,-0.13306013,-0.7571956,-0.23692727,0.12664905,1.0
3.213232,-0.29140005,2.3044326,-0.7382049,-0.6173055,-1.5237976,-1.6833518,0.74501085,-1.5123613,1.5380667,-0.64257485,0.39977378,1.0
-0.20005421,1.9460807,-1.1029904,-0.47676817,-0.5730633,-1.1520184,-1.4038495,0.19105043,0.59249556,-0.5426675,-0.38622195,0.385096,0.47050145
-0.9652547,-0.05291741,-1.4357375,-0.6021302,0.02710049,-0.766444,-0.22471349,-0.338524,0.10842338,-0.26256263,-1.0313545,0.17255536,0.8857399
0.11829081,1.1485826,-1.2678516,-0.97236925,-0.21590602,-0.7679631,-0.4347577,-0.0510114,1.3867358,-0.4934436,-0.58724385,0.3986154,0.7012483
0.73386353,-0.54766476,1.284078,2.1267874,0.07749018,-0.17258418,1.1757659,1.7157942,-1.9002258,0.37239522,-0.47425818,0.0,0.90938747
-0.5574457,0.6374162,0.62928975,-0.3599577,-0.51136607,-1.1777947,-0.828931,-0.5990471,0.5416819,-0.08945694,1.3906411,0.46274966,0.87776685
1.5053495,-0.11093259,1.2077272,-0.19879039,0.29624054,-1.019917,-1.0850556,0.5483301,-0.28112087,0.8119906,0.18072012,0.585508,0.40665042
-0.78602135,2.229674,-2.1915398,-0.32277238,0.9873583,-1.509633,-1.8718446,0.35154203,1.4576949,-0.6573989,-0.3462382,0.97650385,0.0
-0.552103,0.6989938,0.09331686,-0.97236925,-0.93371063,-1.5386337,-0.41287285,-1.3662875,0.75128603,-1.0463653,1.249808,0.11520202,1.0
0.6552522,2.182416,-1.0997468,-0.96359044,0.07729922,-0.8928241,-1.8718446,0.4605237,0.19659364,-0.068676576,-0.69608283,0.7005219,0.0
-0.31908748,-0.7477686,1.0770547,-0.03138282,-0.1521357,-1.3810772,-0.8352234,-1.5922731,-0.69944906,-0.8713544,1.6627232,0.25466475,1.0
0.26819396,0.3404959,1.4846866,0.5498994,-0.06834631,1.5513185,1.2300004,0.48687348,-0.3605784,0.05358606,-0.41159183,0.0,0.81493145
0.27432737,-0.79766566,0.2824041,-0.39206785,-0.30522627,-1.1807941,-0.21337545,-0.91055876,-0.7157437,-1.213119,0.90358406,0.07287473,1.0
0.64096224,4.7222033,-2.1915398,-0.97217536,1.6970865,-1.5386337,-1.8718446,1.1571933,2.2657592,-0.39218754,-0.9650417,1.0,0.0
0.36753303,-0.11097078,0.48300657,-0.69472283,0.21599606,-0.4863114,-0.76443446,-0.10175637,-0.48322186,-0.033813708,-1.0549276,0.22070289,0.49761298
0.4429032,0.2971684,2.8018205,2.1267874,-0.86502343,0.15219098,1.7185563,1.4466367,-1.0363624,1.3594663,-0.32156852,0.0,1.0
0.5679246,0.6101425,2.5644035,2.1267874,0.39007488,0.35399473,1.5002271,1.6686897,-1.378281,0.474175,-0.12082501,0.0,0.7823539
-0.09825216,0.24724108,-0.3516151,-0.53705144,-0.419072,-0.8860152,-0.9279809,0.03459075,0.8360725,-0.24416788,-0.19398677,0.202155,0.44425577
0.24202508,0.11002887,0.74183273,-0.46563873,-0.51805675,-0.69075006,0.6676469,0.19130044,-0.49118248,0.2133439,-1.1579306,0.26016253,0.89480484
0.30337772,0.74748915,-0.41716897,-0.36850718,-0.8790529,-1.2360373,-0.92692184,-1.0745537,-0.7921912,-0.79722464,1.319893,0.12127396,0.6885759
2.1191387,0.5949746,2.7647543,-0.18899468,-0.017972631,-0.77373666,0.43547016,0.49612826,-0.06677618,0.35833073,0.5767064,0.2400387,0.88044536
-0.6816406,0.08350444,-0.67335486,-0.43421352,-0.7222899,-1.3488928,0.5546047,-0.25022393,0.66113704,-0.30839026,-0.11229654,0.0,1.0
-0.070270866,0.007503803,-1.3214328,-0.003600121,-0.037430964,-0.49280477,0.53705764,0.19588405,-0.10120292,-1.3322622,-1.2825811,0.0,1.0
0.94591385,0.68424785,-0.27890927,0.34915003,-0.048635546,-0.62671506,-1.2490833,1.2162243,0.93744737,0.60300314,-0.0022194367,0.7825704,0.0
2.264505,1.2916363,1.4255137,-0.97236925,1.6322707,-0.7046018,-1.571362,1.556364,0.79355097,1.5340722,-1.543117,1.0,0.0
1.0754586,2.9514318,-0.7068737,-0.58740526,2.7012196,-1.1706816,-1.8718446,1.0537361,1.4090302,0.7722559,-0.1552267,1.0,0.0
0.21023999,-0.09725401,0.18267322,-0.2114393,0.73431176,-0.5940091,-0.14509119,-0.36703417,-0.63349074,0.5034096,0.15445262,0.24636099,0.3936408
0.87991613,1.4826301,-1.339332,-0.97236925,1.0311009,-1.1226721,-1.3579642,0.8996114,1.1490977,1.2475872,-1.0846786,1.0,0.077901684
1.76514,-0.21970513,1.663525,0.3578361,-0.3283157,-1.0686089,-0.84639776,0.65560037,-0.72013426,-0.12419209,-0.18815741,0.073544584,0.9353019
-1.4782379,0.60213417,-0.51182956,-0.43807447,0.15092051,-0.3069604,1.8387916,0.16530897,1.7253017,0.8553916,-0.5936378,0.0,1.0
-1.0824131,4.7222033,-2.1915398,-0.34460968,0.57358384,-1.5386337,-1.8718446,0.32023567,2.4435616,-0.27500147,0.3657022,1.0,0.0
-0.464415,0.7405702,-0.49125472,-0.31558332,-0.1353009,-0.8493279,-1.6930418,0.035334434,0.49277264,0.004974382,-0.32273576,0.3748738,0.053541206
0.1704121,2.6622639,-2.113557,0.5875974,0.8531343,-1.3109702,-1.3426704,1.1364449,1.5508578,-0.6948786,-0.6725269,0.9718158,0.3909046
0.17514586,-0.29096082,0.17671919,-0.1434045,-0.8466888,-1.4149994,-0.6210602,-0.86717314,-0.1582683,-0.38324463,0.9366695,0.0,0.8962207
-1.0369214,4.7222033,-2.1915398,-0.97236925,1.9195302,-1.5386337,-1.8718446,0.6674349,2.7518206,-0.17944965,-0.26680598,1.0,0.0
-0.8047318,-0.5834324,-0.06137121,-0.91885805,-0.8343994,0.11184364,0.44203144,-1.4691416,1.4185957,0.47955844,1.6493349,0.0,1.0
1.6066408,-0.82979643,-0.16563901,-0.22528201,-0.10841887,-0.56058395,-0.74854296,1.0554043,-0.7482331,0.35813466,-1.4388453,0.097660884,0.6374975
0.12684959,0.2385828,-0.23276919,0.8109642,-0.15124175,-0.5035668,0.30073988,0.4156596,-0.6334858,-0.94591576,-0.31908524,0.100072086,0.605252
0.9620341,3.935019,-2.0351038,-0.97236925,2.3420577,-1.3898988,-1.7030824,1.2701312,1.6318972,0.6532604,-1.0272349,1.0,0.0
1.6464177,-0.7534023,1.1225166,-0.27741933,-0.7568556,-0.69444215,-0.7690828,0.1959544,-0.869463,0.30996713,0.07084001,0.3057759,0.96099657
-0.02252926,1.1608195,-1.3633903,-0.97236925,-0.93371063,0.19726354,0.48983037,-0.7991754,2.1527789,-0.6278002,0.7500725,0.13034075,1.0
0.1326476,4.7222033,-2.1915398,-0.43396962,4.1568127,-1.5386337,-0.8623004,0.7182369,1.3181567,0.046493016,-0.7218252,1.0,0.0
-0.7691649,4.7222033,-2.1915398,-0.97236925,1.3668247,-1.5386337,-1.8718446,0.88930225,2.7518206,-0.032161485,-0.2876885,1.0,0.0
-1.8776025,-0.897542,-0.8301161,-0.97236925,0.45193958,-1.0597751,1.0756664,-0.22455193,2.7518206,-0.34982494,-0.4263372,0.18691666,1.0
0.42488733,0.5299124,-0.36020994,-0.5584071,0.013260595,-0.8785955,-1.0321417,0.67421085,0.32489097,-0.12019578,-0.75297415,0.50441504,0.5291881
-0.34012017,-0.4345974,0.8277421,-0.47812468,-0.5823907,-1.5386337,-1.0087078,-1.5922731,-0.97885793,-0.92562145,1.4506758,0.0,1.0
0.8114749,-0.4532696,0.7830893,-0.97236925,-0.7075358,-0.32554975,-0.50216585,-1.4413439,-0.30090857,-1.6747506,0.871717,0.056952015,1.0
1.5160979,2.1583297,0.1662977,0.053563137,0.56762385,-0.8999145,-1.8718446,1.1920824,0.36855438,0.96169823,0.03443124,1.0,0.0
-0.8771307,-0.785747,-0.14861003,0.27929834,-0.54783565,1.3944019,1.7051395,0.8032343,0.7470694,0.9810373,-1.7593788,0.5077504,1.0
1.3423481,-0.7305804,0.44544578,-0.97236925,-0.93371063,0.17869216,-0.70332766,-1.4120641,-1.4694587,-1.6526045,0.64772576,0.020649256,1.0
2.5899844,0.92429215,1.5519522,-0.40146458,-0.93371063,-1.531917,-0.58807766,-0.3181421,-2.183889,-1.4101987,0.8685343,0.24203804,1.0
-0.5081428,-0.48221982,-1.0083501,-0.97236925,-0.38612482,-1.3619374,-0.90422696,-1.2563391,-0.6861045,-1.6747506,0.11675736,0.0,1.0
-0.17937237,-0.060951944,0.64261806,-0.38760182,-0.032576554,-1.1312345,1.1748875,0.045583945,2.250323,-0.29915625,0.46540847,0.0,1.0
-1.1637486,0.84510654,-1.3200896,-0.49475807,-0.50129664,-1.3729913,-1.1944015,-1.2829854,0.7452803,-0.8019812,1.3644542,0.18729609,0.5271689
0.4085593,2.5254347,-1.6082563,-0.97236925,0.120250694,-0.5291909,-1.8718446,0.27675587,0.6055206,-0.6706868,-1.0857164,0.7095609,0.66733223
0.3940249,0.49192765,-0.5530919,-0.71609265,-0.41857415,-1.1653605,-0.64850414,-0.6848521,-0.80266756,-1.6747506,0.1141351,0.20014295,0.92906344
-0.67966396,0.0032133712,-1.2356585,-0.84307146,-0.51922244,-0.9282575,-0.4964614,-0.25124383,0.39772826,-0.7903241,-0.61509097,0.0,0.81992745
-1.2734965,1.1249505,0.5084498,2.1267874,-0.29108867,-0.62064517,1.4708948,1.2191132,-1.155894,-0.27769953,-0.16924986,0.0,1.0
-0.6211494,0.4940986,-0.4093342,-0.97236925,0.968872,-0.14516646,0.98941416,-0.12321584,1.8327042,0.4437201,-0.017066933,0.032168843,0.6398668
1.2009089,0.43952832,0.6441748,1.0156174,-0.7000861,-0.452005,-0.2007893,0.8365462,-0.566456,0.52006143,-0.1355936,0.072643384,0.5828545
0.43500578,1.7382253,-2.1915398,2.1267874,1.3110185,0.0048063993,0.38416493,1.5322752,0.09549044,-0.7203503,-0.8855798,0.09258366,0.9932165
-0.5353203,-0.45163232,-0.7855974,-0.97236925,-0.3993841,-0.9254342,-0.85439473,-1.42685,0.21377064,-1.6747506,0.075109065,0.0653453,0.92955834
0.8047454,0.4043672,0.5589339,-0.32638776,-0.2362611,-1.1490612,-0.17440672,-0.6982866,-1.1226562,-0.84126645,0.6182391,0.33445784,1.0
-0.82994723,2.5309644,-1.239715,0.07027815,1.3140393,-1.0214411,-0.21175203,0.05438181,0.6402551,0.06403737,-0.24214454,0.4393905,0.37549803
3.3844666,1.4826261,2.2883964,-0.97236925,2.4723861,-0.9625274,-0.5975943,1.2466918,-0.26774833,1.5210522,-1.1387106,1.0,0.0
-0.2269005,0.7860955,-1.2661755,-0.97236925,-0.36610496,-0.60030997,-0.30357683,-0.028063107,-0.17920524,-0.01767786,-1.0983244,0.105625115,0.71156275
1.5941197,0.9002678,0.2675722,-0.53333074,1.5591706,-0.12007663,-1.6480563,1.1282326,0.43916714,0.4348745,-1.1730961,1.0,0.0
-1.3028688,2.2000272,-2.1915398,-0.7012549,0.7377066,-0.7806189,-0.42970532,-0.51212156,0.5655134,-1.0937551,-1.2556342,0.0,1.0
-0.50667965,1.0705128,-1.309045,-0.7813525,-0.77238184,-1.0945125,0.0945035,-0.3624043,0.04692892,-0.97192895,-1.2549337,0.032504298,1.0
-1.648201,-0.4136378,1.523894,2.1267874,-0.6071703,1.4677742,2.317571,1.5596578,-0.93530965,0.63248587,-1.7593788,0.15207492,1.0
1.2048576,-0.81905633,-0.020564973,-0.40405956,-0.81308997,-1.0238608,-1.2383765,-0.65839213,-1.613905,-1.2135096,0.28668052,0.0,0.93736696
0.38450852,2.5396338,-2.1915398,-0.97236925,1.6003762,-1.212154,-1.8718446,0.6461248,1.7165948,0.38571566,-0.3262794,1.0,0.0
0.24172176,-0.12611221,0.60467607,0.14212288,-0.8106419,-0.4603125,0.8398176,-0.063644804,-0.50293905,-0.07318269,0.23534113,0.0,1.0
-0.2850709,-0.18934898,0.5910569,-0.53306323,-0.066745155,-0.99783796,0.35085416,-0.54802614,0.20924528,-0.30829227,0.3525926,0.0,0.9069296
1.0605708,1.3595214,1.102657,-0.62525433,-0.72330356,-0.9770699,-0.5712392,0.09019191,0.33761686,-0.18124346,0.7696033,0.26968026,0.44795194
-0.6195302,2.2876422,-1.7519895,-0.02942557,2.025823,-1.0061936,-1.5434409,0.2664363,0.32474652,0.42793018,-0.6212093,0.9627589,0.26352304
0.91135097,1.2933204,0.20105079,-0.97236925,-0.93371063,-0.40357268,0.35940152,-0.52930874,-0.5134237,0.1728574,0.4646311,0.105258845,1.0
-1.0850953,-0.82769316,-0.34643295,-0.68717253,0.02363443,-1.5176836,0.36833906,-0.4744964,1.8846434,-0.9496073,0.08958557,0.07894803,0.9405649
-0.7396566,0.8989256,-1.6545798,-0.91630787,-0.29295817,-0.57429385,0.038236924,0.13672961,0.24956857,-0.8046754,-1.7593788,0.12513818,1.0
0.08729552,1.2570955,-1.1943754,0.18831168,-0.10330427,0.167106,0.18454105,0.22793414,-0.65942544,-1.4262173,-0.78493583,0.0,1.0
0.10696021,1.9805616,-1.8566152,-0.97236925,-0.04962776,-1.4774182,-1.4599603,-0.28266397,0.4368474,-0.41654375,0.12018402,0.4790537,0.8405106
0.6949141,0.4501147,-0.38100445,-0.8077044,-0.5417637,-0.9418357,-0.75987434,-0.21722576,-0.4940513,-1.0985831,-0.9805864,0.39210123,0.85492945
0.1376953,0.27449945,-0.7803527,-0.3782544,-0.6223047,-1.2210232,-0.93517774,-0.4442253,-0.75671625,-0.22189698,0.17627454,0.0,0.88038176
1.0307969,-0.17911032,0.123191856,-0.46712783,0.089034356,-0.36200655,-1.8579818,-0.055049255,-0.4575067,0.31479293,-0.09239839,0.48234203,0.2758365
-1.0947791,0.650334,-1.3762746,0.454288,1.5940427,-1.1758382,1.8776768,0.54376453,0.14668174,0.21859348,-1.5887004,0.0,1.0
0.66678077,-0.39698324,1.4149836,1.0529552,-0.40032715,0.85816336,1.2162864,0.9769684,-0.22120094,-0.6689515,-0.62132615,0.0061778165,1.0
-0.82938343,0.1674405,0.06250054,-0.6496292,-0.81790036,-1.059589,-1.0819272,-1.0501324,0.31008685,-0.55650914,1.1433266,0.0,1.0
1.653293,-0.9465602,0.40949365,-0.3730393,-0.079172105,-0.3811224,-1.1651024,0.47445944,-0.7117031,0.5904947,-0.6494362,0.16561319,0.6093257
0.95131296,-0.23839128,-0.0011730008,-0.97236925,-0.28603774,-0.99254304,-1.12095,-0.8455413,-1.8269905,-1.6000674,-0.1662517,0.0,1.0
-0.15267037,1.0071604,0.5956881,0.7956569,0.9936004,0.704409,1.9835309,0.6984154,1.1772299,1.2249882,0.15364255,0.067230664,0.9603797
-0.7860887,0.56501764,2.566884,1.5291758,-0.24600452,0.604755,2.1680932,0.807926,0.28546676,0.76552707,0.26758057,0.0,1.0
-0.37000304,-0.19589688,-0.5723702,-0.97236925,-0.5832829,-1.3163649,-1.05419,-1.5922731,-0.30395415,-1.5463874,1.0824404,0.0,1.0
-0.8584999,-0.72593015,-0.37230283,-0.90165627,-0.7033597,-1.5386337,-0.4548025,-0.8099223,-0.6026285,-0.8456316,-0.2790261,0.0,1.0
0.7869809,0.40090996,0.44855016,-0.4194653,-0.27363598,-1.0900775,-0.4643994,0.09069184,-0.83968717,0.6873783,-0.5419628,0.2685853,0.6360978
-0.45407012,-0.16552812,-0.42925388,-0.5740048,0.24867207,-0.03273728,0.1901941,-0.72549963,0.28893742,-1.3966695,-0.124587424,0.0,0.47335985
0.02084883,-0.7098863,-0.35648534,-0.005481701,-0.21750396,-1.5386337,0.62653446,0.030060148,-0.011727415,-0.2731316,-0.5019443,0.0,1.0
0.2555682,-0.9693829,-0.3697408,-0.76689875,-0.93371063,5.277437,2.1908193,0.49094895,1.7317144,0.26894346,-0.08907882,0.0,1.0
-0.7855816,0.69359624,-0.150229,2.1267874,-0.039207153,1.3371974,2.1508224,1.0496897,-0.57990426,-0.18822849,-1.2039983,0.0,1.0
1.2046324,0.059830673,2.4579527,1.3638041,-0.2946192,1.7655333,1.1927514,1.4404049,0.65564656,-0.25986597,0.68037164,0.5893493,0.50803214
1.9658265,0.8102569,1.2449503,-0.97236925,0.14008778,-1.0276654,-0.61666244,0.4488176,-0.97502977,1.6921858,-0.16654223,0.6084577,0.62434673
-0.46586788,0.809856,-1.6806954,0.5420022,1.4014375,-0.71643525,-0.19653246,0.45459515,-0.15235268,0.24643981,-1.1421442,0.68727225,0.7412788
1.0490054,-0.7584044,0.32918757,-0.4619545,-0.4331042,-0.8197437,-0.9543272,-0.23486686,-1.3373886,0.56626284,0.09197377,0.0,0.8608264
0.19823162,-0.31770474,-0.5949345,-0.97236925,-0.34409764,-1.0771196,-0.90464175,-0.9426495,-0.45280543,-1.6747506,0.22644669,0.016171282,1.0
0.31787664,1.3734164,-0.52046156,-0.2951221,0.5190285,-1.0325854,-1.0520946,-0.040442333,-0.11243241,-0.6710261,-0.6023271,0.5052825,0.42580467
0.3329144,2.512437,-1.1073858,-0.43061802,1.3786161,-0.7099479,-0.13490787,0.30863494,-0.17327034,0.14245334,-0.7026937,0.39044037,0.4485143
-0.4748027,1.6490412,-1.2075628,-0.6356122,0.48155957,-0.9668581,-1.8718446,0.4020673,0.9516311,-0.15141752,-1.1496495,1.0,0.0
0.89572436,2.600572,1.4893005,1.3640548,0.43740052,1.9443574,2.317571,0.91331637,-0.7950636,-0.03569656,-0.0010319352,0.0,1.0
-0.8791558,0.18327342,-0.5255101,-0.7241365,-0.18934023,-1.2422322,-0.71044266,-0.65134984,2.2125163,-1.3804293,0.47558445,0.12931426,1.0
1.5587125,4.7222033,-1.5492568,-0.8100282,5.1997437,-1.5386337,-0.6884606,1.6340921,2.2484198,1.7562658,0.44897905,1.0,0.0
0.03457523,-0.545118,0.15496948,-0.7974347,-0.93371063,0.071406014,1.1754386,-0.8579342,1.9485795,1.084283,1.5817294,0.0,1.0
0.18531357,0.90651184,-1.4194827,-0.97236925,0.10512519,-0.8145326,-0.20574804,-0.27356043,-0.666981,0.012630975,-0.94957966,0.11639901,1.0
-0.65876013,-0.7466046,-0.699235,-0.7924397,-0.06211453,-1.2960589,0.54176193,-0.3822086,1.0553135,-0.76416093,-0.69542366,0.15744367,0.8639982
2.416775,-0.37874913,1.4801003,-0.28353974,-0.20395508,-0.9867809,-0.92910415,0.5459601,-1.3371257,0.7121965,-0.40590954,0.0,0.98621935
2.3565717,1.1423942,2.191619,-0.62022674,1.4570059,-1.1812786,-0.34336698,1.2970992,-0.101857305,0.7893186,-1.0737934,0.63164926,0.31099886
1.2131292,-0.33057255,0.6439131,-0.8329036,0.29387107,-0.28471276,-1.8718446,0.58659774,0.5972509,0.57856476,-0.90624416,0.75265896,0.0
0.67005646,-0.08582169,-0.15852404,2.1267874,-0.604414,0.107483365,0.7531138,1.6918688,-0.5769915,-0.5127082,-0.4360429,0.0,0.79435587
0.34296086,4.7222033,-2.1915398,-0.938247,2.554346,-1.5386337,-1.5101912,0.62217087,1.2718139,-0.81440365,-0.4350961,1.0,0.427698
-0.7010212,0.48906872,-0.019907065,-0.5960228,-0.71522754,-0.6916696,0.12216288,-0.7413329,1.0272497,0.4376094,0.8278571,0.06411434,1.0
1.1268753,-0.39009014,1.7135779,0.35020912,-0.93371063,0.05748284,0.7224836,0.6830419,-0.38174635,1.2229537,-0.1603358,0.0,1.0
0.5707162,-0.21508566,-0.28517655,1.3840011,-0.53495586,-1.5386337,-0.45601726,0.18096612,-1.6033306,-1.6660032,0.1687712,0.0,1.0
-0.20185898,1.551462,-0.7776209,-0.052185934,-0.24319485,-0.8207278,-0.13117522,-0.12255909,2.7518206,0.60075927,1.4562701,0.4562947,0.6791061
2.7835014,1.1569983,2.0012448,-0.8674183,4.5265656,-1.2076,-1.0637816,1.7367737,0.78290194,1.7917541,-1.4086806,1.0,0.0
-1.2355969,0.32723954,0.4357168,-0.3449898,-0.30959684,-1.140568,-0.44729233,-1.3267337,1.1279202,-0.095825255,1.6802118,0.20733196,1.0
1.2339313,-0.42281115,0.92767465,0.076739125,-0.93221366,-0.726118,0.7200815,0.5148657,-0.37645674,0.37242752,-0.8073449,0.23517162,1.0
0.26297367,0.40696695,-1.278677,-0.3603899,0.6497123,-0.7434715,-1.2300045,0.69659096,0.4902918,-0.1204004,-1.00367,0.6302452,0.09663638
0.7905828,2.4994662,-0.27691036,-0.45344245,1.9225745,0.5971525,1.2765408,0.014304584,0.06859823,2.1414034,0.6130907,0.35621774,0.4001323
0.46092123,4.7222033,-2.1915398,-0.97236925,2.5000238,-1.5386337,-1.8718446,1.4389743,2.6000862,-0.07574203,-0.3513119,1.0,0.0
0.5753213,1.8558422,-0.39537647,-0.16677728,-0.3899768,-1.3977638,0.12517466,-0.22331777,0.052982442,-1.1867521,0.9011152,0.24438772,0.9262918
0.8113631,0.3369996,-0.5004037,-0.4176932,0.16692358,-0.7660401,-0.06317975,0.15000127,-0.61746746,0.015816404,-0.4110629,0.08276524,0.6022306
-0.16552486,-0.32750422,-1.0601867,-0.7797616,0.6909007,-0.22758773,-0.95608824,-0.7100074,0.20173928,-0.9038234,0.14842914,0.20467778,0.43675324
-1.5020467,1.2985287,-1.3528184,-0.15861289,0.83148706,-0.7415081,0.84885895,-0.08396707,-0.13742769,0.21202531,-1.2253345,0.104047105,1.0
0.74196565,-0.34254426,-0.7475912,0.5416776,-0.5545274,-0.7754968,-0.18483512,0.37860182,-0.47486094,-0.8877057,-0.39354798,0.0,0.8427411
0.5635552,3.6507072,-1.5808754,-0.97236925,1.7662094,-1.5386337,-1.8718446,1.0880274,1.9307729,0.210147,-0.9291915,1.0,0.0
0.11426735,0.8648082,-0.967002,1.2390298,0.50395197,-0.5363239,1.0097935,0.71342283,-0.84537834,-0.6678507,-0.9486736,0.0,0.69796026
0.25818935,-0.69180745,0.036185376,-0.58967423,-0.09361742,-1.2808754,0.02734467,-0.6500278,-0.8666242,-0.77265704,0.20133184,0.0,0.9639088
0.04314047,-0.7398099,-0.5243397,2.1267874,-0.7042874,0.39633006,1.8658341,1.6091398,-0.32061785,0.020517377,-0.95669055,0.0,1.0
-0.44020554,3.2976108,-1.6440514,-0.97236925,0.85617757,-1.2484936,-1.2225008,0.35807866,1.8951497,0.35205904,-0.54467213,0.91941464,0.31952783
3.3844666,-0.31861666,2.1470907,-0.97236925,1.8855544,-0.22309732,-1.8718446,1.7367737,0.3951389,1.8627858,-1.5358734,1.0,0.0
-0.33798882,0.40040648,-1.983619,0.20623098,-0.05430337,-0.19701302,0.6035426,0.2470686,-0.18257171,-1.58682,-1.0472965,0.0,0.9011438
-0.54850554,-0.696187,-0.57762957,-0.44533947,0.1471343,-0.7233311,0.727297,0.077068605,0.49416816,-0.75195473,-1.1580276,0.0,0.76923203
-0.2416067,1.5875403,-0.39224133,-0.08212743,0.04865758,0.03999143,-0.18507352,0.63522285,1.6655546,1.6676959,0.3381661,0.65820396,0.2652459
-1.2670091,-0.16016601,-0.43934545,-0.38678268,0.32898912,-1.5386337,-0.93373483,-0.78971183,1.9827014,-0.95899475,0.98791033,0.5384289,0.8569588
-0.83732074,0.9815166,-0.8477154,2.1267874,-0.037105203,-0.06312431,1.014456,0.9761364,-1.1953443,-0.99157804,-1.4743023,0.23140076,1.0
-0.4587625,-0.18595178,0.55651623,2.1267874,-0.33752295,0.3334262,0.6067553,1.0840616,-1.2911421,0.37895378,-1.3606061,0.07884767,0.8479426
-1.3827479,0.6530659,-1.5398946,-0.97236925,-0.7251007,-1.2150675,-1.8718446,-1.3476558,0.49069646,-1.599966,0.42458776,0.07693872,0.80435723
-0.5970798,-0.31504604,-1.2475259,-0.8306191,-0.15162858,-0.02471944,0.7037468,-0.5080562,-0.16719683,-0.63971615,-1.3052245,0.018081503,0.9719058
-0.49027297,1.5010386,-2.060157,-0.53143483,-0.13887075,-0.90149575,-0.5485563,-0.31532708,1.2017461,-0.03858469,0.42271748,0.46586448,0.4079532
-0.85991967,0.7400545,2.6777205,2.1267874,0.2449575,3.3402314,2.317571,1.7367737,-1.5009309,1.3436283,-0.24967253,0.0,1.0
0.4160345,0.9275479,1.8931706,0.7390329,-0.11826833,-0.31479964,0.5270582,0.29785225,-0.32674932,-0.20344523,0.81844497,0.0,0.89009273
0.1724215,-0.71268064,0.38556856,-0.45804018,-0.70701754,-1.5386337,-0.60498637,-1.1596438,-0.1372926,-0.82755,1.0554713,0.0,1.0
-0.5756053,-0.7332796,-0.96633697,-0.26262137,0.19404268,-0.7910669,-0.30978453,-0.30590168,-1.0731838,-1.2098421,-1.0424175,0.0,0.893206
0.37933192,-0.37078658,0.69142437,0.5250169,-0.6268528,-0.6853737,0.86703587,0.61881536,0.09291675,-0.36047426,-0.21687025,0.020429583,1.0
-1.3493445,4.7222033,-2.1915398,-0.64434355,0.13464767,-1.2920816,-1.8718446,-0.29826006,2.4413621,0.44144458,1.1007177,1.0,0.0
-0.8680076,-0.46437404,-0.32822242,-0.97236925,-0.731823,-1.0381923,0.33252823,-0.87605524,0.70463634,0.09097233,0.0887722,0.0,1.0
-0.73756176,0.7290874,-1.2727526,-0.97236925,-0.34927347,-0.5486419,-0.24926889,-0.94987154,-0.7895068,-0.6588989,0.12250368,0.09344401,1.0
0.82645386,0.19716762,1.0822018,2.1267874,-0.7264539,-0.053404562,1.464029,1.7367737,-1.1285871,-0.40121937,-0.8613284,0.0,1.0
-0.47801903,-0.11117298,-0.24926916,-0.8140762,-0.4399202,-0.08798537,0.07201336,-0.54362255,0.56862205,-0.62160295,-0.32512507,0.14935082,0.5687524
2.0402377,0.09854931,0.14723197,-0.2340454,1.97587,-0.7744332,-0.67651004,1.1289866,-0.6387214,0.47863576,-1.1729603,0.30988166,0.5298195
0.30858514,1.8085661,-0.49394846,-0.97236925,-0.93371063,1.4874591,2.0542324,-0.31934717,0.5069993,-0.39650515,-0.90284336,0.0,1.0
-0.64796567,0.15742038,1.2890131,-0.7328594,-0.5852187,-1.4381846,0.24670725,-0.82303584,1.025597,-0.0005298164,1.4491348,0.2775046,1.0
-0.03421731,0.2645487,-1.1052246,0.4391065,-0.51495945,-0.34360984,0.81170934,0.6744481,0.533968,-1.1365851,-1.1584381,0.0,1.0
-1.1056119,1.0196686,-1.4807798,-0.10350118,0.4149665,-0.5875337,0.8021578,-0.3309714,-0.43610963,-0.63197386,-1.3722264,0.0,1.0
0.9149025,1.5225568,-0.09220838,-0.34179914,-0.3720034,-1.1184853,-0.02113429,0.19140732,-0.60105276,-1.6008811,-0.471985,0.0,1.0
-0.68817455,0.81814295,-1.8077828,-0.44196647,0.7520686,-0.5480051,-1.7078928,0.19214979,0.9903571,0.5734605,-0.35100144,0.7687566,0.0
1.4923959,-0.15709943,1.455147,-0.6535491,-0.70059085,-1.245017,-1.0119632,0.13604571,-0.8720324,0.28461972,-0.012838244,0.39755508,1.0
0.55305266,0.65619147,1.4371006,-0.6529372,-0.71675694,0.25644043,1.3908495,0.050848577,1.9276433,0.5355877,0.36226967,0.0,0.98912156
-0.39271048,-0.38423517,0.7148559,0.08073575,-0.10688994,-0.9724538,-0.70891345,-0.7366417,0.22654207,-0.1890379,1.2123061,0.15531826,0.4732827
-0.62909836,1.2774864,-2.1915398,-0.97236925,-0.31869826,-0.87561387,-0.94959056,-0.09519332,1.3495699,-0.6041572,-0.49406934,0.3975084,0.5112111
3.157919,0.4136062,1.8111986,-0.8799982,1.1205969,-0.77768344,-1.2764573,1.0850332,-0.32981175,1.3746732,-1.2033192,0.885049,0.14996457
0.6335854,-0.8887313,0.74781364,-0.4588219,-0.6269773,-1.1067175,-0.93563133,-0.6124417,-0.9482231,-0.21622424,0.3614963,0.24680063,1.0
-0.9258714,0.5166353,-1.3276604,-0.37378263,-0.42083505,-0.91441166,-0.7624842,-1.0053431,0.66839266,-1.030111,0.36787784,0.0,0.6716514
1.7333047,-0.0007412522,2.4687328,-0.2855331,0.9850128,-1.1022116,-0.46824473,1.0490826,-0.5995457,1.3667128,-0.16855553,0.7979299,0.37131953
0.76218176,1.2516764,-1.0083716,-0.5641253,2.211484,-0.4189457,-1.1334252,0.72390217,0.3906011,0.24375832,-1.1234746,1.0,0.19142091
0.25515947,-0.32872587,-0.65776277,-0.2923841,-0.09399632,-0.8215861,-0.68063974,-0.09214551,-0.65630203,-0.4913402,-0.57987636,0.017611647,0.7422783
0.21485665,0.14995873,-0.501893,-0.97236925,-0.93371063,-0.89416057,0.18287131,-0.78040946,-0.15356304,-0.7618234,-0.53801525,0.21366212,1.0
1.1435704,-0.14748049,1.234507,-0.11831873,0.42521152,-0.4847483,-0.16743359,0.39336047,-0.5183787,0.2910677,-0.99565816,0.2646413,0.6876346
0.4673854,-0.82932097,0.50036323,-0.313333,-0.046829443,-1.0323701,-1.0853779,-0.97093326,-1.6513773,-0.794098,0.24127716,0.028744264,0.79839236
0.008052047,0.19305164,1.0676818,0.9645331,-0.829843,0.4620649,1.2683028,0.35473633,-0.9650103,0.4589621,0.18649705,0.0,1.0
-0.07110776,1.5615921,0.78787285,1.3708909,-0.30883637,1.5448471,1.4920874,0.5579381,-1.1074442,-0.3843882,-0.3066611,0.0,1.0
-0.29040945,0.18419465,-1.294158,0.15015075,-0.104049556,-0.7628915,0.62822425,0.2285713,-1.3426384,-1.109991,-1.2500451,0.0,1.0
-0.56168056,1.8112248,-0.5155588,0.5443199,-0.14589277,0.02900698,-0.023143472,0.3742043,1.1945713,0.8596105,0.8041819,0.6915507,0.3810104
1.0493921,-0.4868496,-0.23473087,-0.36831933,-0.45746732,-1.0171611,-1.3911606,-0.9137584,-1.69581,-1.6220509,0.7523617,0.0,1.0
-1.3015105,1.3023075,-1.6726491,-0.9212937,0.08862603,-1.1515968,-0.19945726,-0.23292919,0.5275322,-1.0668964,-1.7593788,0.14712445,1.0
0.6787992,-0.18149202,-0.034541897,0.298035,-0.44317466,-0.9111301,-0.016990853,0.25505444,-0.17403658,-0.9963099,-0.42173785,0.0,0.7111785
0.7294294,0.8577967,1.6910789,1.6369936,0.326065,-0.7190839,0.2524904,1.3046049,-0.5754528,-0.06432643,-0.3715376,0.0,0.7307397
-1.0385352,1.7230486,-2.0824382,-0.95633924,0.1855019,-1.5083717,-1.0763422,-0.08387637,2.0093296,-0.80789495,-0.49678433,0.6416134,0.6321266
-0.53229046,0.45750433,-0.5371059,-0.5260182,-0.8157333,-0.9678414,-0.59640574,-1.4155213,-0.9479389,-0.63067937,0.61746883,0.0,1.0
-0.053455893,-0.638308,0.22436672,-0.23227184,-0.32210788,-0.065218076,0.7543824,0.22089761,-0.31819576,0.24953523,-1.2643086,0.39746144,0.925758
-0.5095082,-0.48646274,0.1487014,-0.6801479,-0.93371063,-1.3469243,-0.989783,-1.5922731,-1.264685,-0.5522664,1.7995535,0.0,1.0
-0.17368728,2.9191508,-1.8874607,-0.6205488,-0.18115923,-0.43028888,-0.90662175,0.055811062,1.3431627,1.2480252,0.81127745,0.80921745,0.071306646
0.53878963,4.7222033,-2.1915398,-0.97236925,1.1129043,-1.5386337,-1.8718446,1.5881089,2.7518206,0.07734424,-0.53514403,1.0,0.0
1.8353783,0.15226682,1.1450835,0.5833941,0.39079264,-0.7290908,-0.7129974,0.69376063,-1.3868133,-0.18230613,0.13482612,0.048116878,0.6546854
0.43395537,-0.1586475,-1.133115,0.16024706,-0.78210825,-1.1730624,0.61180085,0.38572088,-0.29834452,-0.7126155,-1.219585,0.0,1.0
-1.1617062,2.858809,0.9631378,1.4730295,-0.44341007,-0.029002938,0.926204,0.5975819,-0.088502176,0.3135864,-0.29089066,0.026993731,1.0
0.40485466,0.54364324,-0.6975196,-0.64301455,-0.07912771,-0.89812094,-0.18044586,-0.43376264,-1.3512495,-0.9635223,-0.5005686,0.0,1.0
0.09072986,0.250014,0.35531637,-0.24191095,-0.5190989,-0.8918921,-0.1058502,-0.1689702,-0.711149,-0.27180958,0.0745145,0.0,0.84383124
-0.6081207,-0.7544232,0.52109295,-0.6335842,-0.11395914,-1.1555492,-0.09931015,-1.5922731,0.0747718,-0.814924,1.2829696,0.0,1.0
-0.85332906,0.5340829,-1.7264566,0.84434605,0.42316747,-0.8418262,1.3405439,0.66497445,0.51748663,-0.7048793,-1.5039573,0.0,1.0
-0.5371006,-0.5213387,-0.8891993,-0.48547462,-0.06714303,-1.1763628,0.9241499,0.4528353,1.1884316,-0.61492723,-1.1665372,0.02966494,1.0
1.261662,-0.54122597,0.92402047,0.011327264,-0.310678,-0.9791912,-1.3567641,0.31471643,-0.9471168,0.5347002,0.1180799,0.4246059,0.46438432
-1.5600096,-0.23320617,-0.41731307,0.3040805,0.09572931,-0.4072907,1.735313,0.32507107,0.15546614,0.16359374,-1.6473917,0.0,1.0
0.19089639,-0.3256152,-1.3881977,0.547822,0.10846223,-0.145553,-0.11872669,0.60972136,-0.34788427,-0.5540767,-1.5909888,0.0,0.856538
0.006186763,-0.014660306,-1.0625108,0.20752779,0.16168386,-0.9534141,-0.27206743,-0.08051676,-0.77414113,-0.69271195,-0.668941,0.20811418,0.69741315
-1.2983316,2.1179464,-2.1915398,-0.918223,-0.93371063,-0.48289827,-0.23975988,-1.0419928,2.7518206,-0.7828689,1.7477516,0.1951449,1.0
0.5450729,4.7222033,-1.6904383,-0.66415864,2.964385,-1.5386337,-1.8718446,1.1847627,2.140585,0.47633174,-0.9182234,1.0,0.0
-1.2341806,0.14561446,-1.4236138,-0.97236925,-0.046311088,-1.0423286,-0.087062895,-0.5350944,0.64792836,-0.54976636,-1.0444578,0.0,0.91450256
-0.14181407,0.8977294,-0.92967206,-0.9391293,0.27461794,-0.9146847,-1.8718446,0.09642235,0.2503374,0.40018764,-0.8161564,0.89032656,0.10434039
-0.6810452,3.1288767,-2.1915398,-0.97236925,-0.4750485,-0.9127577,-0.34202367,-0.4652902,1.0290431,-1.3430744,-0.4490547,0.14036715,1.0
-0.0005872585,0.09919764,0.046923198,-0.7670323,-0.34296137,-1.4082608,0.2532645,-0.07527326,0.10838904,-0.24382547,-1.0899595,0.0,1.0
-0.77728146,-1.0442101,0.15972301,0.5298846,-0.24703452,3.1598976,2.317571,0.8812268,-0.25747806,0.4223501,-1.7593788,0.2752705,1.0
-0.5581021,3.1458921,-2.1915398,-0.7569444,1.3289099,-1.3474762,-1.8718446,0.41263404,1.5050966,-0.27962005,-0.98436517,1.0,0.0
0.39164457,1.3814739,-0.7276247,0.5317893,-0.3425589,-0.51462775,0.54562294,0.1717533,-0.3578723,-0.7638286,-0.35171548,0.0,0.96074164
0.036407515,4.1980023,-2.1915398,0.12440452,1.897224,-0.87600064,-0.8199472,0.48556173,0.3553504,-1.2304244,-1.277403,0.59280974,0.63137364
-1.0370134,1.7450589,-1.0361227,-0.71976656,0.44556966,-1.5386337,-1.5211138,0.2596149,2.3413422,0.07354961,0.18184526,1.0,0.0
-1.7700307,0.7947274,-0.768107,-0.25591594,-0.93371063,-0.09612699,-0.235311,-0.12639031,2.7518206,0.9425826,1.6882578,0.0642918,0.86397576
-0.21142413,0.073110916,-0.015205175,-0.46468714,0.12420266,-0.56506956,0.25347245,-0.0016292733,-0.5841479,-0.08967907,-0.92103755,0.0,0.5590386
-1.2233924,0.35318834,-1.4864687,-0.97236925,-0.54445124,-1.2155218,0.16847423,-0.3335065,2.7518206,-0.13842656,-0.059142813,0.19513196,1.0
-0.6659167,0.67064977,2.0909169,2.1267874,-0.64873695,3.3313296,2.317571,1.2885268,-1.4564093,0.053439163,-0.57735115,0.11180519,1.0
0.08363716,-0.7545076,-1.4660147,1.6830428,0.27654138,-0.284934,0.6761865,1.0648772,-0.877558,-1.5012796,-1.7593788,0.0,1.0
-0.50053483,0.98390454,-0.7929674,-0.3911673,0.1357665,-0.8033052,-0.6956874,-0.46341106,0.20284088,-0.7668372,0.30128637,0.0,0.5803666
0.3580994,-0.31198338,1.0545509,0.4452586,-0.93371063,1.2744272,1.2974459,0.5178323,1.5256528,0.89656764,0.23439151,0.0,0.89647204
0.19599195,1.0501242,-0.5807046,-0.4279979,-0.4837992,-1.0098625,-0.03289441,-0.49184516,0.013986325,-0.44331914,0.34338555,0.0,0.6034755
0.2733602,-0.74623907,0.82010853,-0.5054192,-0.55228424,-1.5386337,0.12712558,-1.0336365,-0.4163268,-0.68771476,0.91069025,0.28668064,1.0
-0.29386806,2.7645812,-2.1915398,-0.40369827,1.2321348,-0.6545702,-0.3831669,0.2866752,0.86821747,-0.35453033,-0.9147944,0.22337319,0.8998573
-0.13465732,-0.579384,-0.5513477,1.5036973,1.280932,-0.27017617,0.9513328,1.0658697,-0.7745507,0.53910434,-0.45692846,0.37005067,0.11420359
-0.27359658,0.016585834,-0.6074157,-0.49335542,-0.44910446,-1.3955693,0.14245683,-0.40575373,1.1180792,-0.7871511,0.326447,0.0065318234,1.0
-0.4897875,-0.66441876,-0.5025764,0.10919787,-0.23962653,-1.3529558,1.0848328,0.536821,0.59345835,0.15835361,-1.2501212,0.0715846,1.0
-0.44225946,-0.8307746,-0.3650384,-0.6461245,-0.5183378,-0.5531542,0.8080745,-0.18133962,1.1490985,-0.43320823,-0.8015682,0.018227315,0.9150663
-0.45021656,-0.11425124,-0.115161136,-0.47456655,-0.35187435,-1.281155,-0.19854917,-0.9110556,0.5008354,-0.54627544,0.9430544,0.0,1.0
-0.8715214,-0.0034532652,-0.80561423,-0.97236925,-0.24251267,-1.5123969,-0.28181964,-0.78817517,0.9272424,-1.1553416,-0.44294134,0.069171496,0.923717
0.5047049,0.74807334,2.7128742,-0.38622206,-0.19584054,-1.5386337,-0.15995002,-0.2712218,-0.7145438,0.35142744,0.95216364,0.26534414,0.9395487
0.12371747,1.035747,0.8405187,2.1267874,0.6347829,0.81941533,1.6905993,1.4740849,-0.89252657,-0.69019544,-1.0726537,0.08248338,1.0
-1.0539225,2.0836303,-1.0156065,-0.50008947,-0.93371063,-1.2223487,-0.30278808,-1.5135905,0.9214239,-0.17576447,1.8658206,0.15356062,1.0
0.99040395,-0.29886478,0.31428593,1.2747456,-0.56318444,-1.4648033,-0.93340904,0.51761955,-1.4508468,-0.44447345,-0.49487057,0.074948065,0.99038035
0.5193282,1.1853789,-0.81250095,-0.74922705,-0.13254446,-0.11076827,-1.8718446,0.40510723,-0.22825238,-0.3170278,-1.0668734,0.8356563,0.2813567
-0.937,-0.49237782,0.22380543,-0.21630405,-0.5959426,-1.3804221,-0.9063462,-0.98062736,-0.86206484,-0.28407747,0.7751094,0.18867044,1.0
-0.39729607,4.466169,-0.6981178,-0.7908849,2.2123826,-1.4311116,-1.2365471,0.10577037,2.1656835,0.7812411,0.93546003,0.7432428,0.0
-0.351437,-0.75487345,0.11207808,-0.83022654,-0.080947004,-1.4202095,-0.6025408,-1.090604,-0.20203993,-0.6759895,0.9335207,0.0,1.0
0.63766515,-1.0442101,1.0777361,-0.24592584,-0.47777736,-1.2645054,-0.848238,-1.5418053,-0.64512575,-0.75688344,1.8658206,0.19473481,1.0
-0.3214373,-0.00026524556,0.13031739,-0.609627,0.05203206,-0.7776875,0.35752153,-0.12404206,-0.22746111,-0.2601786,-0.8867804,0.0,0.6072153
0.0041367803,2.0186167,-1.3921405,-0.35511816,0.4275659,-0.7695077,-1.8718446,0.1200055,0.53984493,-0.5404818,-0.73557234,0.6263396,0.0
-0.2585368,-0.57873493,-0.43880326,-0.9523288,-0.12113632,-1.299068,0.50441647,-0.31917033,0.37519103,0.032356426,-0.84751105,0.10477746,1.0
0.8149147,-0.87843066,-0.79160976,0.5754161,0.53679675,-0.53024757,0.05692432,0.40701514,-1.2412089,-0.2035069,-1.1385179,0.0,0.8675208
0.6670303,0.11055177,1.8253233,-0.39633673,0.4705542,-1.2801937,-0.32147038,-0.25054726,-0.06364,-0.7293534,0.7559076,0.2736011,0.6170227
0.6655824,0.28573495,1.9048871,1.0984967,-0.93371063,-1.2110219,-0.5246179,0.04676519,-1.943109,-0.15169385,1.1334666,0.0,1.0
0.20821059,-0.5101071,-0.5513867,-0.6011452,-0.6844525,1.6258826,0.7857874,-0.27873188,1.8286581,-1.0637025,0.33750707,0.0,0.9099578
1.4370955,-0.03195613,0.3000202,-0.97236925,-0.120612174,-0.8720403,-1.1977907,0.39603928,-0.50136715,-0.23600207,-1.0192269,0.48202428,0.5536725
0.17538291,-0.118086495,0.7045819,2.1267874,0.68561137,0.19262663,0.7819569,1.4455801,-1.3278112,-0.5613554,-0.76686543,0.0,1.0
0.15422289,0.7972016,-0.6372183,-0.97236925,-0.7973176,-1.0389515,-0.53729707,-0.43784103,-0.09748232,-1.206005,-0.7791217,0.16083914,0.9390993
0.51669025,-0.11500946,-0.6977102,0.57617795,-0.49600124,0.5605816,0.63786495,0.5995976,-0.022019392,-1.1751288,-0.7734934,0.0,0.97261804
0.5846798,1.2671313,-0.71643096,0.22384565,1.9381415,-0.6593826,0.011961052,1.3927455,0.12672025,0.15931343,-1.0258762,0.90638685,0.19925097
-0.14143756,1.4225057,0.26942524,1.130329,0.662091,1.9314519,2.1141512,0.9968642,1.2683749,1.8307337,0.1437667,0.14872663,0.8113916
3.0411959,0.00895125,2.566473,0.45104727,0.4467164,-0.70342886,-1.3061718,1.4277291,-0.85586894,0.074937515,-0.33728352,0.2877834,0.6501631
-0.47238365,-0.8022172,-0.7566764,-0.97236925,0.12256451,-0.14866142,0.60948986,-0.4142634,0.11309112,-1.129922,-1.6197524,0.0,0.985204
2.280148,0.50265807,2.0380259,-0.9293701,-0.22847748,-0.98015815,-0.4265356,0.9207861,-0.31802577,1.2817658,-0.64730483,0.66744,0.84023774
-0.088354796,-0.31580648,-0.081222996,-0.64340496,-0.49720982,-0.89805543,0.8743481,-0.11219313,1.8475622,-0.89210296,-0.5291638,0.0,1.0
0.2973272,0.507501,-2.1915398,-0.021869473,-0.16544107,-0.84675145,-0.7299518,0.16111249,0.29125065,-0.99529606,-0.30691943,0.07921526,0.8600237
0.46883053,0.691293,-0.4665855,-0.71020454,0.48799857,-0.7467338,-1.5710723,0.33900544,-0.25885767,-0.20540933,-0.731579,0.6432489,0.0
0.15467167,-0.651736,-0.5115206,-0.8873485,-0.52020746,-0.81426245,0.2530012,-0.47469035,1.4046583,-1.3996208,-0.10238702,0.14353894,0.99865836
0.10137923,0.33872297,-2.1915398,-0.8671595,-0.5178443,1.488026,0.976668,-0.16463706,1.4558359,-0.12720466,-0.71359044,0.0,1.0
-0.7093091,1.3006516,-2.1915398,-0.8563207,-0.1417028,0.2060585,-0.31453335,-0.30144495,2.4130707,-0.7188184,-0.039247215,0.24548525,0.5828068
-0.60297024,2.8490894,-1.7238216,-0.6335686,-0.09520968,-0.978613,-0.7657044,-1.1092063,0.618236,0.42167535,1.4320245,0.36141038,0.46254683
-0.41751897,0.33000883,-1.6778709,-0.97236925,-0.7743157,-0.9119026,-1.3118817,-0.52443147,-1.2771977,-1.6747506,-1.0438204,0.033012882,1.0
0.84118396,0.99435806,0.5851285,-0.61055493,2.3150234,-0.3002304,-0.37451786,0.7110207,0.49848077,1.0824878,-0.2562639,0.8526053,0.09777257
-1.0274147,-0.6496688,-0.21537983,-0.38321623,-0.17694536,-0.54402447,0.69608855,-0.25671518,0.22576413,0.014711393,-0.89768517,0.08184429,0.62686694
-0.076521784,1.2500354,0.4732912,0.32592455,-0.93371063,3.5513546,2.317571,-0.47756758,0.6003099,1.563328,1.0358975,0.0,1.0
0.06416464,2.1641624,-1.4420592,-0.35650507,0.44266602,-1.2025553,-1.8718446,0.017861469,-0.08695471,-0.6943212,-0.6829443,0.7103433,0.11797473
1.268129,0.60022175,1.9010324,2.1267874,1.1094404,-0.3967905,2.0368285,1.7367737,-1.2441119,1.2605109,-0.11954852,0.0,0.9218264
-0.8346401,1.468992,-2.1580665,-0.90110683,-0.18120408,-0.45616174,-0.42454535,-0.79984474,0.14504063,-0.1302014,-0.26385105,0.31300896,0.6551186
-0.7045033,0.48542267,-1.0202667,-0.9517067,-0.396093,-1.4803779,-0.25317007,-0.54371804,0.62471384,-1.0717081,-0.2834382,0.068642,0.5844916
2.353148,-0.23852976,2.8018205,-0.18912503,-0.3424815,-0.87304235,0.31798774,0.4444158,-0.6922423,0.014370931,0.5264727,0.04779347,0.97682613
0.8563205,-0.08722139,1.3678944,-0.06745462,0.6504041,-0.2807798,-1.8718446,0.7296011,0.85547376,0.68167156,0.8134376,1.0,0.0
1.7822074,0.658153,2.06556,-0.6813558,-0.15695885,-1.5012206,-0.76611054,0.6997394,-0.59833765,0.86157894,-0.66369295,0.614956,0.58660334
-0.44881058,-0.67703223,0.7029001,-0.97236925,-0.037213065,-1.5386337,-0.5299014,-1.5922731,0.37917224,-1.6747506,1.8658206,0.05178357,1.0
0.91519433,0.87135816,-0.015607458,-0.49366963,0.64006734,-0.75272375,-0.3981511,1.0474298,-0.08131804,-0.22799003,-1.6517943,0.42386717,0.6846917
1.1770052,0.71460974,1.7939512,-0.022162529,-0.20823532,-0.3504868,0.2708195,-0.28187513,-1.2902869,-0.5886524,0.895125,0.0,0.77335966
0.7882205,-0.23855944,0.5087906,0.33257443,0.35081604,-0.48768657,0.57577336,1.0278457,-0.48824793,0.88175625,-0.9488785,0.20943545,0.61628246
-1.0141432,0.31133878,-2.0739374,-0.47391722,0.020911321,-0.8695277,-0.03597375,-0.6822135,-0.7229026,-1.1908028,-0.9823466,0.04582753,1.0
0.41141945,-0.04628753,2.1023192,1.4770619,-0.93371063,-0.27362284,1.0772501,0.5594138,-1.5471793,0.73437107,0.50953156,0.0,1.0
-0.6112127,-0.015953548,-0.07867332,-0.7596648,-0.37643722,-1.1520063,0.18427475,-0.12568524,0.9279713,-0.08994874,-0.3244361,0.1604386,0.756992
0.5531182,0.27605346,0.18785763,-0.10072021,-0.93371063,-0.7918043,-0.16581489,-0.22414678,-0.76443034,-0.84416425,-0.20685361,0.0,0.8863531
-0.2272812,1.0495538,-0.5331717,-0.32418722,0.6262319,-0.78752637,-1.7838669,-0.33624464,0.58205074,-0.16454422,0.96996254,0.6803848,0.17677909
1.1587874,0.108406864,0.40987915,0.19931385,-0.472725,-1.5386337,-0.96028006,-0.10365518,-1.2670904,-0.68851596,0.17673077,0.0,0.99480176
0.37104717,1.1410037,-0.7100767,-0.9302282,-0.71402204,-0.7258033,-0.8075305,-0.61554843,-0.9280674,-0.6922366,-0.6581402,0.2779653,0.69725627
0.99893516,0.45156226,-0.17232162,0.23957759,1.1542165,-0.8315614,0.21324268,0.7225109,0.17034748,-0.27615833,-0.42962965,0.18219249,0.22529122
0.49469176,0.7240093,-0.71526605,-0.31121927,-0.5953218,-1.0329969,-0.39381355,0.15698315,-0.6960145,-0.8081618,-0.54901713,0.020661378,0.86928385
-0.07390991,-0.97343946,-1.1133728,-0.20620422,0.21785042,-0.60497886,-0.24872139,-0.13159683,-0.8016863,-0.75843257,-0.85056365,0.0,0.85288745
0.8134443,-0.53066176,0.1916565,1.4587423,-0.82483035,0.684558,0.7246164,0.82035905,-1.2486155,-0.1893317,-0.46471184,0.0,0.85541046
-0.9132849,0.1517463,-0.51250917,-0.4541281,0.21837595,-1.2817062,-0.26192713,-0.82428706,1.7034246,-0.51034415,1.0500534,0.2727525,0.6632054
-0.57642215,1.2262851,-0.2336525,-0.39761013,0.22590199,-1.2421799,-1.5470015,0.09000803,1.9129676,-0.03299449,1.0889162,0.6631193,0.17930493
1.1710247,-0.14161438,0.5772132,0.13112293,-0.93371063,-1.483223,0.00696023,-0.2555617,-1.6484895,1.899898e-06,0.1634774,0.0,1.0
-0.75003546,2.0561976,-0.94355804,-0.19316064,-0.8894826,-0.96461684,-0.48628902,-0.5887804,0.15245005,-0.76136315,0.3875945,0.0,0.78404456
0.1123416,1.3260067,-1.3081946,-0.64763594,-0.93371063,-1.3957562,-0.5918941,-0.68475634,-0.58674663,-1.1056978,0.604461,0.10588261,1.0
2.3096159,-0.09523702,1.4147598,0.078342296,-0.32380798,-0.27411917,-1.0551956,0.3938047,-1.2599456,-1.6747506,-0.23237254,0.0,1.0
-1.0080991,0.8476152,1.2653996,0.036796965,-0.7588136,-0.81557316,0.50962466,-0.07028058,1.2655162,0.4900767,0.71025366,0.022394521,0.80452955
-0.27550456,0.20276292,-1.0255711,-0.97236925,-0.6329493,0.6007914,0.46048552,-1.1238456,0.8937161,-1.0742967,-0.1177285,0.0,0.999291
3.3823538,0.06720331,1.8759886,1.0718551,1.4651257,-0.49294716,-1.2213063,1.7367737,-0.5929847,0.46608064,-0.33413303,1.0,0.0
0.6826141,4.090602,-2.1915398,-0.97236925,2.6236901,-1.3534853,-1.8718446,1.3537242,2.2743208,0.06601571,-0.9452495,1.0,0.0
2.021809,-0.71746355,0.6755513,-0.5962121,-0.020336032,-0.9993683,-1.2905093,-0.13475804,-2.183889,-1.0180041,-0.2679423,0.0,1.0
-0.8432954,-1.0102545,0.12248241,0.37282553,-0.93371063,1.8944561,1.056712,-0.033683468,0.35014328,-0.25497666,-0.88085055,0.35851285,0.9058849
-0.5926219,0.38406974,-1.1679825,0.4229534,0.6271977,2.2079844,2.317571,0.4517938,0.16221179,0.5275568,-0.82209307,0.0,1.0
0.73755115,-0.24427946,1.0282624,-0.28514913,-0.9098535,-0.53064036,-0.37827343,-1.3542937,-0.94330484,-0.8107401,1.5183272,0.10589471,1.0
-0.1591472,-0.054508775,1.42943,1.8441336,-0.7074545,2.049819,1.2362846,1.0387387,-0.6916523,0.08748391,-0.5056735,0.0,0.9934428
-0.14151278,-0.5238935,0.9332847,2.1267874,-0.3512546,2.069474,2.2778645,1.7367737,-1.0569686,-0.4334414,-1.4275959,0.07558211,1.0
0.8567764,4.7222033,-1.7842301,-0.97236925,3.4902387,-1.5386337,-1.8718446,1.5537691,2.0203083,0.60993147,-1.7593788,1.0,0.0
-0.65892005,0.6943611,-1.5493146,0.47428158,-0.36375263,-0.8871407,1.160118,0.5037201,0.53854966,-0.64813685,-0.92340297,0.02111694,1.0
-0.7335414,-0.9798953,0.81612337,1.4128145,-0.5344173,2.0436163,2.317571,1.2107935,0.48661733,0.5448139,-1.421016,0.0043564737,1.0
-0.41157,0.18652254,-1.4131372,-0.97236925,-0.50048816,-1.1881381,-0.9030831,-0.90049684,0.8399827,-1.5972731,0.09013084,0.0,1.0
1.9910493,-0.12251254,1.1075513,-0.63400126,-0.3896614,-1.4560965,-0.67209345,0.0039078705,-1.4779572,-0.59714735,-0.19945763,0.38564044,0.57362765
1.1028731,-0.9934578,-1.0118023,-0.97236925,0.017815117,-1.248071,-1.8718446,-0.54564613,-1.3682859,-1.5945855,-0.11520926,0.5839386,0.7646084
0.31085214,3.4399054,-2.1915398,-0.54038316,-0.93371063,-0.7859671,-0.22159258,-0.28882632,-0.031516116,-1.4997044,0.6579767,0.0,0.9762324
-1.0240002,1.182735,-1.210853,-0.7476875,-0.56724864,-1.0655924,-0.6189904,-0.35004246,1.4150219,-0.9715372,-0.22942312,0.006545795,1.0
0.25960025,2.1140873,-0.4753024,-0.88791543,0.1595715,-0.4205077,0.77439135,-0.23222648,0.38601884,0.12693232,0.5172813,0.10596611,0.4873341
1.3309659,0.06358609,1.4555143,0.054320585,-0.20232573,0.23460391,-0.32084864,1.0963241,1.4030493,1.6830677,0.54928875,0.49281356,0.2526125
0.14383559,-0.049150243,-0.16012865,-0.5686473,-0.469694,-1.1637865,-0.5426322,-0.7206451,-0.5691905,-1.1435993,0.19232708,0.0,0.9826346
0.5832815,0.085986905,-0.35117376,-0.6542108,-0.4492707,-1.1713262,-0.43517274,-0.633895,-1.4369909,-0.8837759,-0.40222922,0.0058102794,1.0
-1.0215824,4.7222033,-2.1915398,-0.53976333,-0.12390313,-1.5386337,-1.8718446,0.11543781,2.3937185,-0.6352483,0.45662737,1.0,0.0
-0.58301383,0.52997357,-1.28585,-0.46250322,0.76908857,-0.94307536,-0.64337885,-0.1991784,-0.053195156,-0.3797508,-0.5616503,0.34288692,0.5688761
0.18322209,-0.43854114,0.3238586,-0.559518,-0.93371063,2.7777448,1.9315432,-0.25294337,1.388837,1.3829824,0.41335163,0.24588367,0.808833
-0.12256773,2.2620904,-1.3672887,-0.8487835,-0.45012665,-0.784838,-0.5271597,0.024376253,0.54002035,-0.9799591,-0.80815095,0.089819014,1.0
1.0319345,1.2616967,0.08056311,-0.30039912,-0.06636592,-0.86533797,0.8031402,0.549181,0.20662841,0.6594956,-0.021674834,0.085674584,0.7111941
0.2230683,0.8025484,-0.111751355,-0.11383177,0.3994898,-0.90995836,0.4069959,0.5624861,0.7193105,0.7019601,-0.114651285,0.26628438,0.59810877
1.9323124,-0.45650214,0.86298066,-0.5719661,-0.7810084,-0.52056956,-1.5964981,0.4800989,-1.4578321,0.5274057,-0.47015914,0.021671737,0.7499111
0.35180303,1.4473852,-0.87092364,-0.3823285,0.5750281,-0.8964157,0.6320926,0.5054134,0.03950193,-0.76668406,-1.0673769,0.0,1.0
0.19958067,1.9332547,0.32984966,-0.55721354,-0.93371063,-0.42052612,0.46470612,-0.929111,0.030069817,-0.19216351,0.6033219,0.36194724,0.9228716
0.018408893,0.33951622,0.5680298,0.51868284,-0.48244098,0.4634799,2.0260823,0.981488,0.2791817,-0.13430683,-1.4069138,0.012130769,1.0
0.8027189,-0.6159307,-0.2230601,-0.12711826,0.29018846,-0.6662737,-0.3460546,0.28870207,-0.8409325,-0.19978416,-0.7623509,0.0,0.6899615
-0.9768092,-0.26034155,-0.059940502,-0.0020698798,-0.7406361,1.8090427,1.6472315,0.20861852,0.20236824,0.7517242,-1.0762186,0.07372596,0.99400204
-1.7196184,0.056133777,0.8201595,-0.6041956,-0.93371063,2.4616208,1.7360138,-0.3361038,0.9917077,1.2107431,-0.27007067,0.18757455,1.0
2.3275044,0.4839479,0.9084128,-0.37201995,0.80347604,-1.4760213,-1.5439758,0.7804586,-0.84204805,-0.3435105,-0.796055,0.53735757,0.26982594
0.61506027,-0.25843057,0.43045866,-0.029301578,-0.24431372,-1.4525667,-1.2523248,-0.90039575,-1.8371567,-1.6399126,1.0394187,0.0,0.8936358
0.11870608,2.4638216,-2.1915398,-0.69386095,1.4696999,-1.0361804,-1.2615063,0.30256635,0.75252926,0.14436276,-0.8455874,0.96567166,0.1722104
1.0035135,1.8912148,0.5685639,0.29430917,2.9434333,-1.1233987,-0.78599477,1.7132919,0.38640907,1.174827,-0.7274648,1.0,0.0
-0.5983719,-0.61061054,-0.13083339,0.35035783,-0.5123932,4.2715282,2.317571,1.0714179,0.99689555,0.64001024,-1.7593788,0.0,1.0
-1.8776025,0.40360427,-2.0154743,-0.97236925,-0.52685124,-1.3241853,-0.9404095,-0.8753729,2.7518206,-0.8902921,0.7018074,0.6503555,0.844871
-0.87755793,-0.048322987,0.20035705,-0.49175858,0.3067361,-1.4432547,0.58679605,-0.036657505,0.6635044,0.48906782,-0.55245054,0.07537916,0.8182836
0.25676084,0.18787253,2.8018205,2.1267874,-0.93371063,2.9209683,1.9798019,1.7367737,-2.0358472,0.47691712,-0.27501473,0.1292788,1.0
2.0389817,0.26451218,1.1835674,-0.7540975,-0.7109267,-1.2801646,-0.7859938,-0.44937676,-1.9397825,-1.0501302,0.39426067,0.0,0.9834592
0.55156785,-0.06293212,-0.4003187,-0.27124882,-0.32274085,-0.9586163,-0.75529814,-0.3897361,-1.1481329,-1.2372836,-0.0013543069,0.0,0.9399781
-0.118054345,0.62297535,-1.2130512,-0.97236925,0.06901103,-1.0039035,0.1297663,-0.075215355,-0.22243649,-0.75256217,-1.1386609,0.0,0.702057
-0.39291155,4.3705587,-2.1915398,-0.81502265,1.0959712,-1.5386337,-1.8718446,0.7451557,1.2493705,-0.77060205,-1.2001555,1.0,0.117615305
1.5900453,-0.51846623,0.78742087,0.12590498,-0.93371063,-1.0352229,-1.0283003,-0.18299007,-1.9426847,-0.73084664,0.3558943,0.0,1.0
-0.744369,1.8494463,-1.5629905,-0.15391035,-0.31312612,-0.6545517,0.03197486,-0.39146245,0.38669235,-0.51899683,-0.18324694,0.0,0.79869926
-1.0119144,4.7222033,-2.1915398,-0.50835323,-0.23577815,-1.5386337,-1.8718446,0.06810408,2.7518206,-0.39231452,1.7447107,1.0,0.0
0.29144078,3.2852237,-2.1306736,-0.26948944,2.0601745,-1.1634187,0.10643911,0.1968021,0.30990285,-0.42907238,-0.41369906,0.59292513,0.4627897
0.15003717,-0.36657676,-0.76209855,0.25636718,-0.4663527,-1.0714153,0.28247583,0.0713646,-1.133154,-0.5730432,-0.8828814,0.0,0.92000693
-1.2442508,0.76512694,-0.9736571,-0.64486146,0.5673207,-0.39855227,-1.8718446,-0.35397992,1.2735671,0.67567897,0.7193573,0.6170815,0.0
1.25406,4.7222033,-2.1915398,-0.97236925,3.2325935,-1.5386337,-1.8718446,1.6540332,2.7247028,0.6812866,-0.6699581,1.0,0.0
1.1362668,0.03568756,1.3458942,-0.18182166,-0.89939696,-0.788858,0.023949325,-0.11666294,-0.90280163,0.09839666,0.5000756,0.030586367,0.9006395
0.060953833,1.9046768,-1.1795021,-0.97236925,0.47054696,-0.32356352,0.04491113,-0.3034282,0.565969,0.15221216,0.38258323,0.4369249,0.57030576
-1.4639888,-0.06884973,0.5341553,-0.82448417,-0.29643297,-0.6427386,0.20373848,-0.4712326,2.7518206,0.4101108,1.0925585,0.18307458,1.0
1.9042753,0.46494776,2.5067306,0.43752724,-0.93371063,-1.0131347,-0.46140856,0.5648041,-1.0705175,-0.094374724,0.9030123,0.020721504,1.0
0.60228187,4.7222033,-1.6946189,-0.97236925,0.42579576,-0.811885,-0.81298673,-0.07585495,2.4400606,0.2078123,-0.020828785,1.0,0.35378972
-0.13144448,0.9350345,-1.0602978,-0.7211434,-0.035233285,-0.89565176,-1.2534717,-0.18083459,-0.2864624,0.088285595,-0.2411077,0.32678902,0.5747165
2.7208393,4.709312,0.07076449,-0.76439977,2.2295163,-1.425079,-0.83609396,1.7367737,0.86301106,0.7186141,-1.0341531,1.0,0.32900602
0.61136615,-0.34877104,0.4748139,0.0762471,-0.5975743,-1.1930128,-1.030929,-0.8355769,-0.9883456,-1.6747506,0.7435086,0.0,0.91876966
0.565025,-0.3026439,0.81873953,-0.10175106,-0.426327,0.019025072,-0.0972591,-0.24235198,-1.1604135,-0.91651833,0.27826816,0.0,0.71856236
-0.11944385,-0.18849014,-0.5030842,-0.073996216,0.5517233,-0.4493568,-0.55928856,-0.17716351,-0.116850175,0.26585186,0.0075657796,0.06952378,0.39123437
-0.6977185,-0.13914329,-1.0115122,-0.97236925,-0.77947354,-0.35902822,-0.5661495,-1.5922731,0.15592366,-1.4196146,1.1438446,0.0,1.0
-0.67606914,-0.39894682,-0.8837742,0.040269963,-0.36178902,-1.1921419,-0.27202225,-0.52066636,1.0921385,-0.7805282,0.5365567,0.07330927,0.9518518
0.87182593,0.9468536,-0.26945224,-0.18092383,1.786274,-1.0108892,0.46043712,0.9485925,0.5272761,0.49038437,-0.7002213,0.46547717,0.48382646
0.49830619,-0.12141994,-0.15144138,-0.18019855,-0.19436046,-0.6653605,-0.50531167,-0.3665346,-0.7798915,-1.6747506,0.29166526,0.23351148,0.6045578
0.15900198,-0.9394234,0.6092608,-0.32300043,-0.51509875,-1.278035,-1.0133386,-1.3836969,-0.660094,-1.4409134,1.5866153,0.0,0.9258618
-0.22366245,0.9293558,-0.936708,-0.44930896,-0.7957329,-0.9651476,-0.73978126,-0.74072003,-1.3893583,-0.7609282,0.1831969,0.0,0.78993714
0.49932832,-0.38160568,1.0422198,1.4930061,-0.7564812,-1.5213575,-0.72722936,-0.6945701,-2.183889,-0.95523137,1.2077718,0.0,1.0
-0.18398306,1.8266951,-0.6350441,0.24879156,-0.6329495,-1.5386337,-0.96390915,-0.5370783,0.33523852,-1.6747506,1.3899854,0.2655624,1.0
1.698696,-0.86756766,-0.12828028,1.3367296,0.76100934,0.060125984,0.29493284,1.6787792,-0.4695322,-0.030420471,-1.0051085,0.05038046,0.70726293
1.9712583,1.9974515,0.7881674,-0.8443697,1.0107473,-0.7722844,-1.6959682,0.5735621,0.28191882,1.1043909,0.07820088,1.0,0.0
-0.48131904,0.8419284,-0.5412644,-0.48823157,-0.2603855,-0.4006359,-0.0017716782,-0.48396406,0.98316777,-1.0310179,-0.06966303,0.0,0.9160397
-1.7224305,0.18005016,0.055711113,1.248299,0.3684457,0.8025503,2.317571,0.75141984,-0.26397598,0.40883896,-1.7593788,0.081006005,1.0
0.72883135,0.13487634,-0.45562348,2.1267874,1.11017,0.05527588,2.1801338,1.7367737,-0.21462308,-0.6316379,-0.7974052,0.0,1.0
1.6949652,4.6787124,0.5847413,-0.8017358,2.3887832,-1.0613526,-0.07372286,0.8070786,0.8866265,0.44723025,0.6249637,0.75928706,0.26509932
-0.14447297,3.260617,-1.4389215,-0.2725834,3.1745865,-1.511368,-0.119242735,0.42988232,0.59313565,-0.19168836,-0.90545434,0.5862069,0.52063215
1.1101866,0.1957921,0.79531103,0.6922148,-0.93371063,-1.1945347,-0.19661202,-0.50944287,-2.183889,-0.46258646,1.2970225,0.0,1.0
0.8843474,2.6560445,-0.6007407,-0.97236925,1.3719711,-1.4041704,-0.847441,0.4948158,0.10176868,-0.3705468,-1.6895688,0.4386104,0.59932196
-0.79997617,-0.35676518,-1.9672827,-0.41040072,0.6011072,-0.70760095,-1.6428269,-0.2634704,1.587391,0.346214,0.5040479,0.6961297,0.0
0.49210393,0.2765466,-0.4722265,-0.8162521,-0.32909474,-0.39909768,-0.6084666,-0.62357366,-0.6975767,-1.6747506,-0.7926606,0.0,1.0
-0.24010836,1.5063027,-1.6057922,-0.7438939,-0.29037252,-0.75674033,0.12687555,-0.4051346,0.14870402,-1.4109745,-0.47779408,0.036119178,1.0
0.22401664,-0.71599823,0.3260757,-0.94787985,-0.93371063,1.414577,0.31380135,-0.9210925,0.42901674,-0.63848877,0.67313063,0.10804848,1.0
-0.94419366,1.712649,0.34782088,2.1267874,0.92648715,2.8078985,2.317571,1.5691459,-0.6373881,1.2290308,-0.50410044,0.15975022,1.0
-0.23882677,-0.33871752,0.0047278367,-0.8551783,-0.6882475,-1.0483052,-0.6090751,-1.4537245,-1.1564891,-1.0691983,0.60851127,0.0,1.0
-0.004178744,-0.08802698,-0.51958996,-0.90265125,-0.56181735,-1.0149614,-0.3217777,-1.0174155,-1.493108,-0.7052211,0.17747614,0.0,1.0
-0.055480737,4.7222033,-2.1915398,-0.97236925,1.1961585,-1.5386337,-1.8718446,1.2618,2.7518206,-1.1785119,-1.018755,1.0,0.0
-1.0665715,0.12785451,-1.7615889,-0.97236925,-0.25310844,-0.47133678,0.075077556,-1.0739195,0.030049564,-0.70274067,-0.6219513,0.0,1.0
0.086471975,0.53274375,1.0561404,1.2568868,-0.21977866,0.4943982,1.6575809,0.62865055,-0.4174767,0.082687065,-0.020022396,0.0,1.0
-0.26732418,1.2201304,1.398277,1.2345201,-0.93371063,3.14268,1.5013956,0.5254471,-0.011068393,1.4206032,0.36331236,0.46689543,0.9768564
-0.48042664,-0.48155028,-1.1727015,-0.4841535,1.1527956,-0.78697765,0.28125596,0.093231566,0.78271145,-0.50298876,-0.47584158,0.109986015,1.0
-0.32026473,0.55507606,-0.70045245,-0.3805582,-0.120855846,-0.7573017,-1.2352387,-0.13148454,0.5162414,0.1443199,-0.07044347,0.27034867,0.083842635
0.2307271,-0.37469357,-0.8876629,-0.97236925,-0.5826246,-1.0200521,-1.3129171,-1.5922731,-1.2735125,-1.6747506,0.70751613,0.0,1.0
-0.9441799,-0.55501,0.4466402,-0.92027974,-0.79411995,-1.5386337,-0.46249706,-1.289152,1.2019429,-0.9447418,1.5825838,0.24159339,1.0
0.673276,-0.528211,0.9063811,-0.16517952,-0.336584,-1.1299286,-0.5864865,-0.84117734,-1.2943239,-1.1395191,1.3417522,0.0,1.0
0.42703888,0.05016757,1.7262995,2.1267874,-0.93371063,2.4546375,1.8806968,1.7367737,-0.21316865,1.0001582,-0.70513666,0.312304,0.82477766
1.2033852,0.18092272,0.89626086,1.2416053,-0.91066396,-1.2388704,-0.5498076,-0.13396156,-1.7600288,-1.4921205,1.2325842,0.0,1.0
-0.5670995,2.7804751,-0.298697,0.07697679,0.8635309,-1.5386337,0.5269904,0.6816048,1.5725181,0.3218582,0.61394817,0.219497,0.6335844
-0.25900638,1.0815966,-0.50426984,-0.97236925,0.19724938,-0.6808357,-0.88711345,0.07229216,0.90228915,0.4081779,-0.22648548,0.5482434,0.3664577
1.5585814,-0.16690591,0.28984097,0.44387066,0.084315866,-0.76583076,-0.27465826,0.27259973,-1.3259215,0.06849708,-0.5818192,0.0,0.9914536
-1.1331761,-0.88181317,0.14628005,-0.97236925,0.0626117,-1.5386337,1.1082151,-0.56505084,2.453737,-0.27932975,0.13584678,0.2627209,1.0
0.002053408,-0.09928042,-0.7599506,-0.19631776,0.11185525,-0.66272414,-0.5976068,0.058339942,-0.41325834,0.061890446,-0.2519678,0.3492703,0.5845398
1.2606579,1.888781,-1.2228482,-0.90017724,1.5665095,-0.81883323,-1.8718446,1.2422793,1.0422236,0.5076582,-1.1910355,1.0,0.0
-0.10536212,0.46966302,-0.07767625,-0.7866586,-0.4852762,-0.86704993,-0.61383456,-0.52370346,0.17022014,-0.4460056,0.2753023,0.0,0.7737514
0.8741769,-0.40366465,0.17179066,-0.31036022,-0.5046065,-1.212067,-1.5220239,-0.9195825,-1.8690255,-1.5043355,1.0470084,0.0,0.87768054
0.1919001,3.5813515,-1.9964417,-0.97236925,1.3282835,-1.4150645,-1.3972244,-0.13163778,1.121207,-0.14949065,-0.25262114,0.99681675,0.24934915
0.2794289,0.16830802,1.2262855,-0.19397616,-0.31339616,-1.0007204,0.31991172,-0.4681402,0.017434632,0.69020444,1.4228843,0.0,1.0
1.721647,-0.020062968,1.3840947,0.32399687,-0.17477831,-0.90919095,0.11462711,1.0425267,-0.077617414,0.570045,-0.51912236,0.2562282,0.63256
-0.2228965,4.7222033,-2.1915398,-0.78403616,1.7931557,-1.4749316,-1.8718446,0.5405084,2.3973298,-0.21793236,0.22488198,1.0,0.0
0.041699044,0.93010354,-0.57325053,0.2873839,-0.6562314,-1.5386337,-1.4279392,-0.9797601,-0.53421706,-0.34607783,1.7566316,0.0,0.797491
0.9960364,-0.28499782,1.8925308,0.25189108,-0.7059494,0.39887327,0.50785595,0.38835287,-0.19015773,-0.36187315,0.60754025,0.0,0.76446855
-0.5822312,-0.6933512,0.5384481,-0.97236925,-0.036269277,-1.2556328,0.104363464,-1.5922731,2.0084386,-1.6747506,1.2517984,0.09950576,1.0
1.0621941,-0.7172416,1.0345981,1.0249351,0.21303445,0.6606938,0.8881035,0.53663385,-0.87062675,-0.3669003,-0.02054923,0.0,0.88327277
-0.6337386,-0.18716207,0.5887915,-0.362519,-0.8539562,-1.2532713,-0.46485472,-0.92892224,0.5572992,-0.94070303,0.9411625,0.15357365,1.0
-0.7789526,-0.55761826,-0.4308253,-0.9349587,0.35719126,1.5837506,0.8075824,-0.10185427,-0.12944005,0.0051976163,-1.7566216,0.14299458,1.0
1.0927284,-0.72407943,0.39173797,-0.254065,-0.43512422,-0.8117697,-0.96295416,-0.31925213,-1.5445637,-0.67406404,0.5397431,0.021502854,0.85325646
0.4581634,0.86440223,-1.5527043,-0.25083137,1.455043,-0.9273193,-1.0785096,0.124661855,1.0052317,0.7842653,-0.11706999,1.0,0.0
0.9105539,-0.56118476,0.3520423,-0.43831292,-0.53859097,-1.1964601,-0.72051954,-0.6403161,-1.047409,-0.6593133,0.39227226,0.0,1.0
0.43825504,-0.6564656,0.030097544,-0.5185352,-0.42293733,-0.6587875,-0.5423889,-0.6735775,-0.7808281,-1.0998214,0.23044527,0.01126899,0.6246897
0.35265997,2.5034523,-1.833063,-0.9256256,1.723142,-1.3622046,-0.4445809,0.3360304,0.100862324,0.021914633,-1.0072266,0.43344492,0.4591185
-0.22434099,0.4187602,0.72922164,2.1267874,-0.42068174,3.591072,2.317571,1.3877088,-1.2661204,-0.038777255,-1.383588,0.07675444,1.0
-0.35272342,0.072494745,-2.1748822,0.27889544,0.28665224,0.17453969,-0.08797347,0.5621885,0.29912707,-1.1158482,-1.7014091,0.17237559,0.71723425
2.1603158,1.9548501,0.8310003,-0.97236925,0.75445485,-1.5386337,-1.8718446,1.3452468,-0.046592917,1.6220534,-1.4372377,1.0,0.0
0.73010504,-0.5114935,-0.420589,-0.7460699,-0.52921164,-0.73273855,-1.1595683,-0.40295765,-1.1647658,-0.56333065,-0.18341736,0.13160288,0.6320186
0.024789633,4.7222033,-2.1915398,-0.97236925,4.131592,-1.5386337,-1.8718446,1.3092649,2.7518206,1.4287225,0.17681848,1.0,0.0
0.011230418,-0.8352042,0.8275063,-0.8892188,0.17588118,-1.5386337,0.14201757,-1.0740622,0.29368854,-0.9183809,0.63717735,0.0,1.0
1.4124323,2.9632795,1.2401677,-0.6407255,0.67492235,0.16266322,1.1288784,0.3779791,0.9999062,2.0499015,0.91098154,0.1537903,0.6804591
-1.1687832,-0.6331722,0.22094113,-0.27640918,-0.11679558,-1.1079729,0.66185534,-0.8398312,1.6488966,-0.6326848,1.0300225,0.0,1.0
-1.7601763,2.8104627,-1.5962428,-0.13642511,-0.038532525,-1.3176079,-1.8718446,0.093097314,2.7518206,0.43082803,1.7728415,1.0,0.0
-0.7060284,1.536481,-2.1915398,-0.8288957,-0.3245156,-1.2215406,-1.6111524,-0.34114242,0.7893939,-0.5295648,-0.45502332,0.49243107,0.41496515
-0.68384475,-0.48198238,-0.90135914,-0.9219963,-0.21666488,-1.3959297,0.37707883,-0.4005407,0.5026303,-1.0080972,-0.87322223,0.14839561,0.849016
-0.58028764,-0.52917475,0.22996914,0.25995433,-0.39795467,0.1510216,0.8927059,-0.15834656,-0.59474754,-0.3394201,-0.53756267,0.056131043,0.99016416
0.673811,0.74405646,2.7907221,2.1267874,-0.93371063,5.277437,2.317571,1.7367737,0.25053862,1.540165,-0.68973505,0.0,1.0
-1.098567,2.3239596,-1.9006331,-0.1864392,-0.5775353,-0.94759226,-1.8718446,-1.0000423,2.7518206,-0.10974312,1.8658206,0.81222975,0.0992035
0.007584976,2.0036087,-0.045613952,-0.22497271,-0.6790317,-1.217331,-0.26449412,-0.32446915,-0.04468553,-1.1071497,0.2695158,0.17205419,0.97036445
-0.3154611,-0.035170343,-1.1899439,0.29759985,0.25622192,-0.34447712,0.7566096,-0.05546827,-0.37218696,-1.1283158,-0.56716615,0.0,0.8666608
-1.2627245,0.6065312,-1.4265182,-0.84801745,0.43812832,-1.1455085,-1.0142375,0.06342082,2.3708785,0.49423358,0.14423826,0.49075708,0.12226196
-0.83405524,-0.29462907,0.047741115,-0.2436265,0.80546725,-0.62424815,1.7668085,0.024669059,-0.3654393,0.38438585,-1.0348024,0.0,1.0
-0.017499655,0.50841194,-0.23760676,-0.89347404,-0.45078725,-0.91033816,0.047755092,-0.49481744,0.19593927,-0.9596483,-0.8040546,0.27008426,0.9850126
1.7364122,-0.23886406,0.8988892,0.10143867,-0.93371063,-0.8888482,-0.5854799,-0.014871211,-1.4641433,-0.9511494,0.77766687,0.06925262,1.0
2.2174673,-0.06376894,1.6101276,-0.24198578,-0.6018326,-1.406571,-1.1271973,-0.55672765,-2.183889,-1.6747506,0.56774086,0.0,1.0
-0.4512881,-0.24939378,-1.6323138,-0.68084675,0.21727583,0.8133414,0.68569386,0.04204855,0.32289732,-1.0081613,-1.7593788,0.0,0.9618916
-1.1925076,0.6906842,-0.2706698,-0.47565123,-0.36411202,-1.5386337,0.10236717,-0.6289871,1.5629116,-0.61941916,0.6477698,0.0,0.9951882
1.1797763,0.86639136,-1.1090083,-0.05665271,1.0074915,-1.1237253,-0.49889082,1.2800846,0.2620477,-0.46076947,-1.446564,0.78203565,0.86465263
-0.5635042,0.0778847,-0.47911042,-0.6643279,-0.29576933,-0.90851617,-0.69872373,-0.32851604,-0.20683773,-0.46819568,-0.41311035,0.019976461,0.60291845
1.6965882,-0.30716804,1.1826361,0.7137301,-0.38291335,-0.8151493,-0.44569266,0.53517073,-1.0773301,-0.62541974,0.4753728,0.20311189,0.8136147
-0.45986074,-0.2776284,-0.7290312,-0.048823997,0.037176684,-0.7564887,0.29635322,0.07540969,-0.11251735,-0.7143421,-0.9927581,0.0,0.72343206
-1.8776025,-0.6032217,-0.41996688,-0.21230108,-0.15574571,-1.172444,-1.2752438,-1.3290654,0.324965,-0.19024754,1.443029,0.048736297,0.7243446
-0.052296143,3.0813875,-2.1915398,-0.97236925,-0.3426132,-1.1692437,-1.1175286,-0.20203985,0.6062572,-1.6185998,-0.60917616,0.29334393,1.0
1.6451203,-0.2267844,0.8097085,1.6161251,0.14199945,-0.14722285,0.34634846,1.4800113,-1.3177989,0.16723293,-0.62758315,0.036910653,1.0
1.0254934,0.32441008,0.40254447,-0.5925718,-0.7359265,-0.4224107,-0.0262942,0.20617819,0.02481695,-0.35678676,-0.8058229,0.11782553,0.7480125
-1.0471064,-0.12328089,-0.96460223,-0.97236925,-0.9104002,-1.5386337,-1.0105937,-1.5664414,1.1247436,-1.6747506,0.8583555,0.0,1.0
-0.48505595,-1.0021099,-0.6479915,-0.8581688,0.036119457,0.3844311,1.3117732,0.6258211,1.9272054,-0.16287836,-1.5696955,0.0,1.0
-0.6010287,-0.5460027,-0.4476184,-0.66492975,-0.26451382,-0.5072092,0.3034721,0.043061037,0.76210153,0.08279525,-1.1379521,0.11298058,0.9850201
-0.9285358,0.19484162,-1.3373898,-0.74033684,-0.052750275,-0.69989955,-0.80001074,-0.8342417,0.63073474,-1.2271638,-0.00652609,0.013723994,0.95105624
0.47711676,0.18833476,-0.55789924,-0.12037729,-0.30718485,-0.91687745,-0.7357902,0.33175713,-0.001495884,-0.139726,-0.44295704,0.20163499,0.7196737
-0.7792567,0.29520923,-2.1412601,0.42586678,0.07574095,-1.0163505,0.06023065,0.21465732,-0.31326708,-0.008449154,-1.3438684,0.18727243,1.0
-0.20282951,1.5236546,-1.7467803,-0.91410327,-0.93371063,1.487357,0.83874846,-0.609166,0.5234705,-0.53809273,0.27983242,0.0,0.86302835
-0.29686332,1.0108991,-1.2549039,-0.48994392,-0.1908412,-0.6091814,-1.1710986,-0.32972595,-0.12329853,-0.26597157,-0.7553606,0.31986248,0.5229133
0.4202491,0.8901033,-1.5295856,-0.1360952,0.17243615,-0.32129833,0.22085293,0.12206346,0.04418929,-0.59652853,-0.35218823,0.0,0.86514556
2.1062186,0.4132,0.9630459,2.1267874,-0.7021869,0.29387957,0.42686427,1.7367737,-1.5981345,-1.6747506,-0.13287684,0.0,1.0
1.000286,0.3582664,0.9458148,0.5853802,-0.4913988,-1.0942588,-0.20916732,0.31014553,-1.646731,-0.3027102,-0.12744807,0.0,1.0
-0.4406289,-0.5753542,0.14547372,-0.80591357,-0.67841256,-1.5386337,-0.46304893,-1.304913,0.5452089,-0.79840124,1.3962628,0.0,1.0
-0.030797701,-0.43778804,0.55275416,0.5333566,-0.7582204,0.8080666,0.13018744,0.15279704,-0.5319585,-0.6343497,-0.4438377,0.23656759,0.72425985
-0.1841046,1.925827,-1.8705372,-0.97236925,0.057910416,-1.1023631,-0.3323751,-0.3705489,0.17243575,-0.99753445,-1.2068893,0.19648597,0.5527323
0.28711116,-0.54525936,-0.18849492,0.11426608,-0.18898082,-0.38600895,-0.31598544,0.21931487,-0.8754609,0.1257442,-0.478894,0.1506499,0.43053272
-1.4352758,0.54541427,-1.8963448,-0.97236925,-0.23241484,1.5236537,0.63486296,-1.1406313,0.7356277,-1.0168185,-1.2378674,0.0,1.0
-0.80267566,0.18709871,-2.1915398,-0.2022636,-0.13299018,1.7286475,2.1157644,0.47037137,1.412813,0.5314483,-0.78967357,0.28714693,0.84835315
1.6823562,1.362616,1.0196582,-0.97236925,-0.099350214,-0.85743296,0.014966331,0.5040792,-0.3294844,0.44087914,-0.7895245,0.43447295,0.6682837
-1.048272,0.5759911,-0.4178485,1.4123045,-0.06573461,1.4339623,2.2673001,0.75192016,0.42548248,-0.117318675,-1.4174616,0.105193146,1.0
0.8456884,1.2999836,0.3198846,-0.09988496,0.8744546,-0.93701905,0.6589642,0.6392383,-0.5109202,0.099066466,-0.9395747,0.0,0.38084537
-0.45408115,0.76628715,0.09134116,0.679646,-0.6580003,3.338577,1.8106374,0.20972916,-1.230705,-0.6230076,-1.0314065,0.22833148,1.0
0.8628981,2.908662,-0.94348764,-0.7772101,1.722309,-1.5386337,-1.713342,0.94900167,0.36954322,-0.104520045,-1.3112675,1.0,0.0
0.5187311,4.525652,-2.1915398,-0.97236925,1.6992674,-1.5386337,-1.8718446,0.84402406,1.8957436,-0.25980338,-1.0513699,1.0,0.0
-1.373797,0.51275367,-1.5215799,-0.4218865,1.0481311,-1.4318972,-1.2449073,-0.22627965,1.5357691,-0.0426436,-0.110193565,0.52223676,0.32679963
-0.13335834,-0.6721507,-0.012450397,-0.77670056,0.33265528,-1.0718234,0.2852208,0.14965454,1.10423,0.5817972,-0.7030139,0.113853835,0.9088217
-0.51627684,-0.6267216,0.70256037,-0.32079926,-0.2665294,-1.1887466,-0.7212274,-0.85315174,0.2477671,-0.79500246,0.7694563,0.079234995,0.9451553
-0.64461094,0.23317698,-0.8622574,-0.45454472,-0.5119943,-0.8722296,-0.016855363,-1.4613326,-1.0772802,-1.1578242,0.80736566,0.020990359,1.0
-0.9385205,1.6749147,-1.5602942,-0.75458837,-0.91093904,-0.7690454,-1.1486665,-1.5922731,0.32662627,-1.2403747,1.6685172,0.25273356,1.0
0.47965965,-0.47250327,0.0067479387,-0.70991457,-0.34275654,-0.66145957,-1.2834454,-0.04974379,-0.7235228,-0.34565115,-0.3993805,0.47759774,0.44030452
-0.044821966,-0.03633537,-0.33336765,-0.6148421,-0.37364596,-0.7562925,-0.6060038,0.06951766,0.01785701,-0.26709184,-0.1942012,0.5394202,0.17777506
3.3137758,-0.26826206,1.3221468,-0.40670556,-0.93371063,-1.2432103,-1.8040752,-0.053482424,-2.183889,-0.8137106,0.5391705,0.0,1.0
-0.0068017244,1.5482183,1.9430503,0.009509801,-0.11617476,-0.6109283,1.0315925,-0.031206753,0.735149,0.042011872,1.3541086,0.0,1.0
1.4084798,4.7222033,-1.9613398,-0.97236925,4.1275506,-1.5386337,-1.8718446,1.7367737,2.292931,0.9499194,-0.51312625,1.0,0.0
-0.05547441,1.3670462,-1.415282,-0.8632367,-0.10984552,-0.29163775,-1.8718446,0.17010936,0.9779649,-0.39734071,-0.6454087,0.7690791,0.02206221
1.87408,0.7780512,2.0230958,-0.97236925,0.051517356,-0.88355845,-0.33095855,0.36572313,-0.32600614,0.83979654,-0.6015506,0.33536157,0.6340377
-0.37312058,-0.568989,-0.18960857,-0.3935088,0.084387824,-0.42921963,0.3948027,0.20677298,-0.27011433,0.47981557,-1.088594,0.19367434,0.65390277
-0.4755828,4.296078,-2.1915398,-0.6955906,1.2553703,-1.5386337,-0.59883344,0.11569847,0.8665802,-1.1540726,-1.6394016,0.5224413,1.0
-0.67020553,0.29898086,-0.8925402,-0.65682596,-0.61311275,-0.058690544,1.1592567,-0.13338478,0.43301892,-0.03428923,-0.8560209,0.26078495,0.8491328
2.46636,0.006644765,1.0766326,0.03395605,-0.93371063,-1.0826832,-1.0702168,0.11272868,-1.7919762,-0.4648558,0.3399823,0.09060813,0.9764291
0.46699566,0.28832477,-0.4859392,-0.97236925,-0.095982835,-0.3426362,0.014498981,0.109635375,0.758557,0.33749855,-0.09217817,0.1962263,0.7779281
0.50402707,-0.3060803,-0.24007815,1.2143852,0.23938003,-0.784998,0.4701903,0.14134383,-1.3608173,0.58846194,0.1135824,0.0,0.9854035
-0.6649851,0.41708723,-1.181877,-0.97236925,-0.8850265,0.008071743,-0.68913007,-1.5922731,-0.14293657,0.9436912,1.2830608,0.0,1.0
-0.91397274,4.7222033,-2.1915398,-0.9143334,1.6702325,-1.5386337,-1.8718446,0.7984113,2.7518206,0.25474533,0.15425465,1.0,0.0
-0.8007554,2.4981353,-1.5250493,-0.6420496,-0.9324491,-0.76632494,-1.0793984,-0.34440786,2.698662,-0.612723,1.0334696,0.31647477,0.6249167
0.36909565,-0.26618543,0.10434229,-0.63707954,-0.6552366,-1.3344905,-0.3615595,-1.2625235,-1.37422,-1.3451232,0.4602038,0.12453698,1.0
-0.10233475,-0.3951021,-1.20533,0.84415555,0.036285687,1.4456712,1.2292968,0.53674763,-0.34319624,-0.94042236,-0.9997732,0.0,1.0
-0.606544,0.028208889,-2.1915398,1.7232515,-0.34797943,-0.21846485,1.2628098,1.1164896,0.15539683,-0.87202036,-1.7593788,0.0,1.0
0.22028989,-1.0442101,0.47286168,-0.97236925,-0.2632169,-0.03932491,0.20593406,-1.5922731,1.9302328,-1.6747506,1.4156526,0.14544173,1.0
-0.37688124,2.5871294,-1.2136476,-0.35453233,0.6068092,-1.168136,-1.8718446,-0.1673104,0.65025926,-0.03990878,0.22577366,1.0,0.0
0.79431295,-0.8133003,0.7714145,-0.8366709,-0.93371063,-1.5386337,-1.3615772,-1.5922731,-2.183889,-1.6747506,1.7578822,0.038134106,1.0
0.15071377,-0.11326051,-1.6528541,-0.5869552,0.14895928,0.16435927,1.1506552,0.19347855,0.40717837,-0.61876655,-0.7392888,0.0,1.0
1.0187817,-0.03128286,-0.33087578,-0.5026698,-0.24806574,-0.42531037,-0.3401593,0.03813578,0.16349337,0.063854426,-0.413224,0.0,0.8624154
-1.3215296,0.6826081,1.8576546,1.1997623,0.14862126,3.2710094,2.317571,0.43597105,-1.3174537,0.633753,-1.1334234,0.0,1.0
0.588279,-0.44448543,0.3225666,-0.8278802,-0.21590921,-0.4605362,-0.6230153,-0.04186202,-0.7001537,0.44068256,-1.0773513,0.12050582,0.6350548
1.193198,0.0684105,1.4408479,-0.35409606,0.9413532,-1.0298378,-1.2120734,0.24120636,-0.8954992,1.3218503,-0.05233018,0.6359618,0.1418292
-0.49711528,-0.38287917,1.437865,1.9759026,-0.19713816,0.95279694,1.2294626,0.89192057,-0.5838832,-0.47865346,-0.85158193,0.080044106,1.0
0.20630895,-0.54055375,0.36204404,-0.8135003,0.38397595,-0.6241238,-0.96414715,0.5631163,1.7237285,1.3272257,0.026670838,0.8071573,0.17641431
0.34166238,0.2767768,-0.24561092,1.1273341,-0.7147985,1.7908646,1.4544185,0.73528016,-0.9060269,-0.36281866,-1.000191,0.010448409,0.9351836
0.44257635,-0.054529786,-0.08940861,-0.5681922,-0.93371063,-1.5386337,-0.23038934,-1.3108554,-1.0453897,-1.1637642,0.93982464,0.20394717,1.0
-0.04963507,0.5258962,0.43406752,0.49801567,-0.22778952,-0.23499072,1.2046934,0.3331978,0.7002836,-0.9120458,-0.2814092,0.0,1.0
-0.5628663,-0.2311859,0.5361231,-0.8488513,-0.5755034,1.6413988,2.1321375,-0.34871796,0.8879696,0.7586515,0.117665455,0.0,0.8914501
-1.7571741,2.8411303,-1.5278864,-0.97236925,-0.93371063,-1.4978205,-1.8718446,-1.5922731,1.1325667,-0.91278,1.8658206,0.39789534,0.8282769
-0.2562463,2.82914,-2.0019808,-0.97236925,-0.93371063,0.94486856,0.31848568,-0.8208203,1.4386705,-1.3875606,0.35017177,0.25630614,1.0
0.42254296,2.6302135,0.85448885,0.106138684,-0.46556866,0.46475312,0.3186599,0.047358286,0.055733006,0.0911431,0.2350519,0.0,0.9709546
-0.7083132,-0.66196465,-0.35080072,-0.14401232,-0.18412781,-0.9104136,0.5337185,-0.25269532,0.5036425,-0.05224438,-0.5121943,0.10654006,0.92364573
-0.9845428,-0.5696059,-0.22125673,-0.97236925,-0.2575853,-1.5386337,1.0963762,-0.52879065,2.7518206,-0.3834864,0.22180331,0.0,1.0
-0.08766414,-0.672327,0.40075806,-0.2148771,0.011797541,-1.1285423,-0.9366747,-1.265684,-1.1959217,-1.4553174,1.0781965,0.0,0.9729305
0.95459527,-0.44682777,1.2332431,-0.21313338,-0.34996846,-0.6758276,0.4204613,-0.16418085,0.11734892,-0.3243588,0.47426993,0.0,1.0
-0.48252586,0.3322222,0.42148024,-0.7099897,-0.69784975,-1.1189965,0.8227061,-0.66625863,1.7671586,-0.086890616,1.1153047,0.0,1.0
0.0148651935,0.6599437,-0.49969327,0.85049844,-0.74748415,-0.50094104,0.4802397,0.21680285,-1.0709713,-0.43487507,-0.18854436,0.0,0.93167824
-0.6982996,-0.20014906,-0.19570893,0.18065155,0.24629319,-0.083318524,0.68452823,-0.2538803,-1.5198705,0.4084735,-1.4847277,0.058560953,0.7802697
0.13662887,-0.12705989,-0.17957073,-0.68880045,-0.78463453,-1.084684,-1.2484899,-0.62015265,-1.3514302,-1.2964994,0.025094261,0.034142554,0.80263805
-0.9861097,0.32010195,-1.7420284,0.077094354,1.4966986,-0.8235529,0.8899077,0.12552223,0.07432678,0.16909765,-1.1857777,0.0,1.0
-0.46172875,-0.8679744,0.4984171,-0.3729526,0.2249071,-1.5386337,-0.021815738,-0.11908255,1.1973679,0.16847275,0.0120708775,0.31218854,1.0
1.2500957,-0.85278827,0.7030815,-0.7098668,-0.16934147,-0.81625617,-1.1087711,-0.37939867,-1.647662,0.22342399,-0.12117426,0.1794259,0.81688905
-0.84570223,4.7222033,-2.1915398,-0.97236925,0.47399682,-1.3435888,-1.8718446,0.67520297,2.7518206,0.29708847,0.75088835,1.0,0.0
-0.57404816,3.6421437,-2.1915398,-0.585427,2.6173632,-1.3630953,-0.8864136,0.2371294,2.539142,0.43266243,0.68644774,1.0,0.091619216
-0.23783405,-0.7186703,-0.69829345,-0.97236925,-0.49641523,-0.54008627,-0.27682543,-0.9667315,0.108995534,-1.5302875,-0.30767143,0.0,0.902004
-0.6246827,-0.20766227,-0.38754487,-0.97236925,-0.39663276,-1.2126768,-0.2613408,-0.8915637,1.1689664,-0.821428,0.4076633,0.0,1.0
0.7280262,0.010997012,-0.090136856,-0.15619008,0.15845335,-0.7700152,-0.24949956,0.68583435,0.07610878,0.17993729,-0.3894818,0.3333638,0.08060238
-0.5404625,-0.3074277,-0.13571754,-0.35858414,-0.30279008,-1.0917153,-0.75660264,-0.6699315,-0.38866067,-0.3541249,0.2660812,0.21771735,0.6244884
-0.43377006,0.4288993,-1.4490211,-0.97236925,-0.45803028,-0.31437096,-0.49633145,-0.6419203,-0.28492376,-1.3482401,-0.8497836,0.0,0.9642981
1.641822,-0.5330393,0.15596634,-0.3939559,0.81700957,-0.9077939,-0.46986562,0.15009935,-1.278494,-0.29220986,-0.33248684,0.31722713,0.56963915
0.25595847,1.5247295,-1.1343658,-0.3153912,1.2653774,-1.0641316,-1.8718446,0.12755251,0.47200635,-0.048475128,-0.4642603,0.9719486,0.0
0.418814,2.992563,-1.4481298,-0.8976214,1.292992,-1.2156783,-1.7100961,0.2881149,1.0454258,-0.2797471,-1.0135144,0.8934657,0.07012934
-0.5451367,0.6744861,-0.32426807,-0.095474884,0.46209896,-0.77201825,-1.8718446,0.23841985,0.98440987,0.8089453,0.2467455,0.5560133,0.0
0.02910537,-0.04413478,-0.37916762,-0.36534905,-0.0019921516,-1.057347,-0.82889956,0.08355425,0.4563426,-0.25031987,-0.023347585,0.31416312,0.44679284
-0.2538125,-0.092174314,-1.4685868,0.1341614,0.32354996,-0.21679094,0.04349843,0.042462658,0.61502665,-0.4100608,-0.8063208,0.12718484,0.9291685
0.35929012,2.8224196,2.02984,-0.22859381,-0.46499556,0.017376222,0.5168962,-0.3523496,-0.0681315,1.3690423,1.5159267,0.0,0.7957175
-0.1499036,0.8778148,-2.0015073,-0.97236925,-0.3684226,-1.1537715,-1.013828,-0.77860487,-0.40459636,-1.4459169,-1.0528693,0.0,1.0
1.6968228,4.7222033,-1.6158664,-0.97236925,1.4332473,-1.4839555,-1.4106054,0.6992024,0.9521481,-0.12122523,-0.04175004,0.9990114,0.26360598
-1.0683241,-0.24558134,-0.45221692,0.9751409,-0.1849168,-0.57278717,0.78630626,0.46358132,-0.7598177,0.006057745,-0.9886566,0.0,1.0
-0.15292868,-0.7103337,0.7600533,-0.47870013,-0.26009402,-0.75025576,-0.6174227,-0.7090411,0.26922086,-0.48377696,0.5185027,0.0,0.4561015
0.16594742,-0.32412407,-0.18254688,-0.73847604,-0.36103806,-1.1268167,-0.74183244,-0.97885674,-0.57337403,-1.6747506,0.52629465,0.21338147,0.9017778
-0.8068534,1.4943793,-1.2433125,-0.083264865,-0.7215827,-0.91418004,-1.0768014,-0.57442236,0.10369731,0.15579359,0.5953978,0.0,0.734721
1.9301496,-0.02191345,1.6272451,-0.73861897,-0.81465214,-1.2846243,-0.74091417,-0.08552718,-1.8672836,-0.35679847,0.020373655,0.2976429,1.0
-0.08810137,-0.38374627,-0.19132128,-0.97236925,0.44649807,-1.5237484,1.0466732,0.23362815,1.769473,-0.2579666,-1.7593788,0.28155404,0.9864164
0.18132314,0.45837584,0.4702001,0.102762215,-0.19580808,-0.8394488,0.69009507,-0.18911636,0.24049759,0.28524566,0.7557591,0.0,0.8948094
1.2394832,0.28401652,-0.25900292,-0.8100845,0.33862993,-0.6334255,-1.8718446,0.39153886,-0.73596483,0.55359584,-0.6559206,0.66316366,0.06586985
0.013446295,-0.1795084,0.39293545,-0.34186098,-0.4394256,-0.2640881,0.62110317,-0.33849162,-0.80423325,-1.0737698,-0.5248425,0.13764031,0.9794764
0.026503118,0.47832084,-0.52347016,-0.15948088,0.2009722,-0.59983426,0.07319948,-0.004271179,-0.9120316,-0.7629423,-0.6899095,0.0,0.8909819
-0.57857937,2.684778,-2.1915398,-0.97236925,-0.93371063,1.3444525,1.1500138,-1.1737846,2.173701,-0.3199092,0.2216669,0.13492821,0.8360038
0.055803105,0.044891525,0.10635207,-0.49331912,-0.43573853,-0.8766776,-0.4114719,-0.41720182,-1.0868355,0.051085696,-0.6145912,0.0,0.810699
-0.27447912,-0.94709176,0.13352549,-0.38850847,-0.40760583,0.31502742,0.46845937,-0.22401415,1.3199077,-0.82389075,-0.2475297,0.14087331,0.58901536
0.4303944,0.1675085,0.15591228,-0.51960826,1.543094,-1.2705914,-1.8718446,0.486934,1.3339919,0.40249258,-0.418895,1.0,0.0
0.7296966,-0.24244273,1.1413556,-0.090008266,-0.7340574,-1.0505251,-1.2519004,-0.6790262,-1.2483932,-1.0561625,1.4122382,0.030376757,0.7452479
-0.4585763,4.6698017,-2.1915398,-0.97236925,0.0471716,0.62415665,0.35806328,-0.33721152,1.4240439,0.44126293,0.2779812,0.581067,0.29117277
1.3942394,1.258893,-0.0008879937,-0.9643422,0.49288943,-0.9391216,-1.8718446,1.0581849,0.62004507,0.42011374,-1.1167339,0.94180775,0.012996169
0.18139903,-0.45706832,-0.0005869791,0.2772227,0.24483222,-0.9959116,0.16612767,-0.011612008,-0.6847058,-0.23359653,0.30762473,0.0,0.6665189
-1.1836023,-0.2953446,-0.31498143,-0.6232256,-0.2796951,-1.5386337,0.0024437467,-1.4036506,1.0837853,-0.932584,1.1744729,0.0,1.0
0.9134519,-0.48410097,-0.23194826,-0.7106767,-0.35893187,-1.4193963,-1.322525,-1.5922731,-1.8972683,-1.6747506,0.92601234,0.0,1.0
1.7673159,-0.5010998,0.2526298,-0.6354159,-0.53613997,-1.1925467,-1.3662181,-1.0399418,-1.5284646,-1.6747506,0.7895894,0.0,1.0
0.981904,0.024186406,0.39216495,-0.87296313,0.43189275,-0.8428644,-1.7351735,0.57944083,-0.034970928,0.5872668,-1.0776682,0.7210535,0.19643873
-0.16372803,1.1567613,-0.49093324,-0.58228225,0.018886011,-0.557246,-0.36249608,0.22603276,1.1239902,0.25347793,-0.0070829,0.40982914,0.5474382
-0.0021474045,2.3542392,-1.7000595,-0.77239674,-0.82384837,-0.8987569,-1.5050809,-0.32183737,0.15707362,-1.6747506,-0.6051239,0.6140177,0.93507755
-1.4164821,2.8283443,-2.0324807,-0.97236925,-0.93371063,-0.95789367,-1.4417429,-1.5784019,1.838624,-0.43389705,1.8658206,0.47430307,0.48167437
-0.36914492,0.28990948,-1.687489,-0.40559068,-0.23510367,-1.3127384,-0.19484529,-0.5904738,-0.45560548,-1.6347868,-0.35618252,0.0,1.0
-0.00044149533,2.0581005,-1.2448237,0.96559864,4.207889,-0.5361861,1.4922949,0.88127315,-0.25718412,0.9419124,-0.27309576,0.070437066,0.38793382
0.4217045,-0.5478462,-0.23088187,-0.8067122,-0.4825955,-1.2855827,-0.13417219,-0.612395,-0.5779414,-0.50145715,-0.17035569,0.0,1.0
-1.4410858,2.0718312,-2.1915398,-0.97236925,-0.40001306,-0.18952358,-0.29716766,-0.639124,1.6841263,-0.32156318,-0.61486727,0.5089363,0.6752915
0.2901671,-0.53132164,-0.8840185,0.018724933,-0.12323112,-0.7867709,-0.58211523,0.029130762,-0.73494893,-0.6360984,-0.51472265,0.0,0.79413956
-1.148348,-0.71428907,0.10286038,-0.97236925,-0.082135886,-1.3158671,0.73578906,-0.6571071,1.8621988,-0.31028607,0.16492999,0.076017864,1.0
-0.40062404,-0.4477351,1.7610489,1.6345005,-0.93371063,2.3486805,1.7658032,0.9083417,0.42748055,0.5368468,-0.024463579,0.43883973,1.0
0.84306014,-0.54020166,-0.14085674,-0.4059216,-0.550517,-1.1510837,-0.903967,-0.6438973,-1.2041037,-0.99103564,0.12216227,0.0,0.8786132
-0.15442568,1.1334027,-1.2559994,-0.97236925,-0.5452532,-1.0182873,0.07974828,0.04117516,0.6371367,-1.2931942,-1.1515831,0.0,1.0
-1.1260575,0.770494,-1.7902325,-0.720667,0.89702255,-0.837609,0.9048653,0.15160355,0.8520575,-0.54287785,-1.5052985,0.15755197,1.0
0.51749945,2.390188,0.19613999,-0.31888723,3.3207946,-0.29547417,-0.6144127,0.72927886,0.6903982,1.800502,-0.027514916,0.86883515,0.0
-1.1589687,2.2737236,-2.1915398,-0.89498895,0.26694947,-0.95668787,-1.8718446,-0.39849368,0.78598124,-1.2061137,-1.0190248,0.6283233,0.7018991
-0.9383854,0.005485909,-0.15922087,-0.35820752,-0.599462,0.68606853,1.9503381,0.29588416,2.163715,1.509132,-0.094549276,0.0,1.0
0.8463862,-0.8397291,1.0010518,-0.7951115,0.0853326,-0.7462697,-1.3751425,0.84630316,0.64433205,0.99009746,-0.35920334,0.69361657,0.46345353
0.11016227,0.101925515,0.96976984,-0.74953026,-0.90975887,-1.5386337,-0.8984153,-0.869598,-0.88072985,-0.5754645,1.355217,0.008760931,1.0
-0.38727754,-0.61202234,0.3463568,-0.91487086,-0.59849995,-0.12760216,0.77224416,-0.3544846,1.7828174,-0.33914322,-0.20825131,0.0,1.0
0.38474295,-0.3971003,-0.062190842,-0.43136376,-0.561857,-0.67554843,-0.83928484,-0.09835802,-0.47068658,-0.1588229,-0.03922644,0.14687794,0.6328715
0.7562815,-0.619557,-0.8916916,0.059748452,1.3998882,-0.8679629,-0.39660263,0.59245086,-0.41487655,-0.55360496,-0.8649891,0.3407468,0.60133946
-1.3623672,4.082036,-2.1915398,-0.18936741,0.5614782,-1.5386337,-1.8718446,0.49922976,2.7518206,-0.21177602,0.5473697,1.0,0.0
1.0065316,0.8819287,-0.02979326,0.5157089,1.0937002,-0.93098444,-0.23136458,0.9512881,-0.6276066,-0.72614425,-0.8145322,0.18843344,0.757624
-0.9994746,1.8450242,-1.5297244,-0.67607784,-0.93371063,-0.15322247,-0.71512985,-1.0157144,2.3757107,-0.23325537,1.0764853,0.14674331,0.7272539
0.6619867,1.3125594,-1.8360941,-0.63864934,0.57821673,-0.8241455,-1.8179586,0.6985477,0.56512123,-0.54629683,-1.4085135,0.67273974,0.40072224
0.25635767,1.9531507,-0.64578533,0.052506752,0.5977094,-0.90737414,-0.6896377,0.056024738,0.15189198,0.37538376,0.58422804,0.45698336,0.17968759
-0.15115374,3.635875,-2.1915398,-0.6022,2.2637308,-1.5386337,-0.6050372,0.5593008,2.1450243,0.009356791,0.39765543,1.0,0.12527734
-0.5679689,2.0130076,-1.0136442,-0.08562369,0.46400407,-0.9634181,-1.8718446,0.31229597,2.210384,0.83368814,0.98819524,1.0,0.0
0.14355107,-0.46952656,0.052183226,-0.038571093,-0.83815074,-0.88776165,0.25331968,0.010920193,-0.82698184,0.07242518,-0.10578482,0.075673245,0.864236
1.7541326,-0.029395413,1.4819937,0.00045856106,-0.39655086,-0.7499711,-0.85412365,0.16129541,-1.0182306,-0.45750245,0.5803417,0.0031651538,0.7690301
-1.2370245,-0.6342554,-0.66641843,-0.59094256,0.5986026,-1.4953725,1.012557,0.2158878,0.66779923,0.17823665,-1.7593788,0.3202283,0.9836232
0.082963616,0.11591032,1.6351428,0.118333854,-0.3818551,-0.848934,0.3670445,0.11862997,-0.20600122,-0.2168646,0.042990662,0.0,0.83985996
-0.37543508,0.2803848,-0.53305924,1.08963,-0.13432565,-0.64870316,0.2073377,1.1334085,-0.17058623,0.045375057,-1.0701247,0.1543303,0.8852214
-0.06767978,-0.85736686,1.4797528,2.1267874,-0.6005989,0.19801927,1.4595348,1.4112232,-0.7363027,1.1059761,-0.48282528,0.26849502,0.9868383
-1.1584305,0.866686,-1.4507827,-0.21871448,0.063296914,-0.34086543,0.64279914,0.021801658,0.079721354,-0.12712005,-1.5276613,0.0,0.71871436
1.7616973,-0.32075068,1.6225966,-0.49304882,-0.16739705,-1.0570604,0.08068122,0.3024423,0.31663346,-0.40656504,0.18417999,0.109170966,1.0
-0.22626676,0.26155266,0.58629084,0.0088371625,-0.033697367,-0.95486635,0.6570337,-0.2245183,0.4803952,-0.28152895,-0.11771312,0.0,1.0
-0.5097968,-0.19121441,0.5431149,-0.3867795,-0.5666713,-0.20545575,0.8139509,-0.39373705,0.5126703,-0.3530153,0.0397254,0.026218811,1.0
2.5429115,1.3111861,1.0652387,-0.86423326,0.51119953,-0.6494517,-1.6124957,1.3440329,0.53976655,0.2808237,-1.2626761,1.0,0.0
-0.78431165,3.4683313,-2.1915398,-0.36513436,0.30665398,-0.8224838,-1.8718446,-0.40106952,0.9138342,-0.67663413,-0.16094291,0.9901742,0.0
-0.7507841,-0.58911127,0.0108258985,0.2005195,-0.20052618,-0.99034977,0.14632659,-0.2961303,-0.41445813,-0.63906425,0.002513947,0.0,0.7526584
0.30730078,-0.101047456,0.37079248,-0.51816446,-0.6065853,-1.4411453,-0.6996152,-1.0013059,-0.91685015,-0.9730401,0.64286774,0.04213929,0.9031469
1.215054,0.7982837,-0.107539855,-0.48483405,-0.5708588,-0.77068585,-0.20266491,-0.6033223,-1.3703078,-0.7735027,0.28788683,0.0,1.0
0.42421034,1.6548951,-0.14875254,-0.19775717,-0.025968557,-1.1643198,-1.0820098,-0.12308211,-0.09837351,-0.77519906,0.21005972,0.25663206,0.27795994
0.7966926,4.7222033,-2.0445275,-0.97236925,1.8734875,-1.5386337,-1.8718446,1.5312711,2.25739,-0.19994853,-1.315238,1.0,0.0
0.17535073,4.209198,-2.1915398,-0.61716664,1.8653736,-1.5386337,-1.7547414,0.75688356,2.0671725,-0.4706786,-0.4370298,1.0,0.11854539
0.7746157,2.0754578,1.4146448,0.57609713,-0.93371063,0.34811935,1.0756223,0.5080792,-0.22895667,0.5228616,0.86204934,0.0,0.94372684
1.1124455,0.18023692,1.20871,2.1267874,1.0518535,-1.4794714,1.2549169,1.4959393,-1.291548,-0.13805015,-0.31951633,0.0,1.0
0.21683657,-0.4642685,1.1253356,0.091094546,0.28268814,-1.3825582,0.57323134,-0.08772766,-0.56268936,0.11865476,-0.058616456,0.0,1.0
0.9315194,0.74432987,0.11264261,-0.19065256,-0.62864786,-1.0848621,0.51241803,-0.1573394,-0.07524432,-0.8972266,-0.21022299,0.0,0.9969241
0.70841736,0.68364865,-0.84462327,-0.97236925,-0.87987524,0.38048655,0.7250676,-0.15073311,0.6775609,-0.76772195,-1.2198397,0.13201661,1.0
0.10041751,-0.3136373,0.39062363,-0.2864015,-0.6364122,-1.5386337,-0.59693116,-1.5922731,-1.8137629,-1.4227768,1.5426333,0.111557074,1.0
0.17643021,-0.5931288,1.1204338,-0.92959523,-0.6667358,-1.5386337,-0.20815596,-1.5922731,-0.13193166,-1.0226424,1.7585988,0.088278584,1.0
0.30606037,4.7222033,-2.1915398,-0.97236925,5.7835517,-1.5386337,-1.8718446,1.5917726,2.7518206,1.4002308,-1.0152158,1.0,0.0
0.29961902,1.306769,-2.1476448,-0.9258525,-0.523822,-0.9109265,-1.5085449,-0.1990835,-0.2950656,-1.6747506,-0.8979132,0.17760517,1.0
0.08816041,2.1396582,-2.1915398,-0.97236925,-0.93371063,2.724769,1.644736,-0.75520355,0.829383,0.6791727,0.7349648,0.0,1.0
0.49620864,-0.79005086,-0.02146418,-0.7999613,-0.37361738,-0.958605,0.26480097,-0.2575076,0.72702986,-1.3310437,-0.2970269,0.07184578,0.9623473
-1.5163997,0.3714032,-1.0681638,-0.41907394,0.1171444,-1.0666898,-0.7956148,-0.20078185,2.2898228,-0.062290907,0.2302289,0.30573216,0.61447513
-0.18715695,0.63704526,-1.4136314,-0.20217548,0.7059584,-0.70007145,-0.48063385,0.13240711,0.71356654,-0.55420786,-0.7618286,0.29264826,0.6110661
0.27740967,1.5810691,-1.1259785,0.44791168,-0.11774003,-1.2586918,-0.12816861,0.3714236,1.4453857,-0.5498925,0.19190052,0.16440713,0.7873731
-0.21017465,4.7222033,-2.1915398,-0.97236925,0.36767203,-1.3182627,-1.8718446,0.7435915,2.7518206,-0.06332423,0.05957073,1.0,0.0
-0.05239239,4.7222033,-2.1915398,-0.8992116,1.7395594,-1.4619526,-1.8195413,0.3606954,1.7377669,0.29345033,0.2200715,1.0,0.0
-0.07152341,1.1905699,-1.1013218,-0.6431229,0.3981178,-1.0104938,-0.79024786,0.26502198,0.06760497,0.09608294,-0.5752378,0.22076195,0.44926995
-0.32878515,0.0327718,0.2520253,1.1014245,-0.33578256,-0.6458697,1.2778186,0.48193964,-0.540811,-0.60176957,-0.56656903,0.0,1.0
-0.7936349,0.66471416,-0.6188928,-0.93981314,-0.93371063,0.12964106,-0.44525844,-1.5922731,2.7518206,-0.16352904,1.8658206,0.0,1.0
0.9731079,0.007722403,0.12712786,-0.32563245,0.2909436,-0.65064377,-1.3982238,0.30064517,-0.64105916,-0.8728433,-1.0391454,0.48765865,0.9031688
-0.014478736,0.0022594742,-0.1791096,1.3813215,0.6363128,1.1097771,1.8250898,0.6121329,-0.66866213,1.1268387,-0.28669292,0.0,1.0
-1.2994467,-0.35187304,-1.27844,1.43745,0.9067606,-0.3062236,1.2101964,0.6684445,-0.9474455,0.0035446696,-1.7593788,0.0,1.0
1.7013401,1.7574989,0.45378056,-0.97236925,0.46194714,-0.77180964,-1.0346661,1.7367737,1.1629899,0.087302424,-1.2853147,0.98712397,0.0
0.5236072,-0.14797848,-0.31588084,0.81850797,0.41497332,-0.7323681,-0.50398326,0.65146756,-0.78399116,0.6793731,-0.22217228,0.5195892,0.301086
0.7209169,-0.14654766,0.47382817,-0.3839142,-0.31580096,-1.1399018,-1.0383406,-0.062485535,-0.61232644,-0.3891825,-0.14560142,0.19927394,0.63412935
-0.02357981,0.64519817,-0.6416804,-0.53196365,0.26570743,-0.7960667,-1.0486151,-1.4328614,-0.44610202,0.009176189,1.31025,0.25911286,0.7488625
0.66346484,0.8942987,-0.14226101,-0.8078382,-0.2930828,-0.804448,-0.54097635,0.8381544,0.40620318,0.055332698,-0.85004133,0.29132235,0.41914803
0.35294405,1.9615121,-0.68383026,-0.97236925,-0.5820873,0.4806101,0.8585206,-0.20290545,0.7221279,-0.6549403,-1.5618058,0.0,1.0
-0.41886607,-0.77328813,-0.30817053,1.8051398,-0.27604678,-0.12674274,1.6335618,1.4268764,0.32413355,0.30351788,-1.2147099,0.0,1.0
1.8743192,-0.16129653,1.5199503,-0.45873275,-0.85377604,-1.2273508,-0.7386907,0.20624484,-1.6141357,-0.14055353,-0.14921747,0.05895169,1.0
1.2132754,-0.20881118,-0.2857661,0.10020367,-0.93371063,-1.2495518,-0.16941011,-0.21243727,-1.2694064,-0.24477503,0.06466045,0.0,0.8221204
0.5946686,0.10815156,-0.09555602,0.15655707,-0.83128077,-0.7328019,-0.6624161,-0.24363646,-1.5252669,-1.2663479,0.14917448,0.0,0.8032217
2.4208946,-0.4913236,2.0448236,-0.41572103,1.2204579,-0.7267327,-1.1653819,1.0484685,-0.023447234,1.4529876,-0.39244348,0.621672,0.12897116
-1.3224621,2.4964042,-1.2565291,-0.5655318,-0.6914128,-1.1447394,-0.67312896,-0.59688,0.6591798,-0.34579742,-0.10524567,0.2486035,0.65160286
0.8659783,2.3934557,-0.8510527,-0.004251937,-0.64321893,0.45575377,0.3074237,-0.11051502,-1.2780005,-1.2149636,-0.36300692,0.16782887,1.0
1.185483,1.747307,0.3424829,-0.8353916,-0.61680466,-1.0674616,-1.2062871,-0.13123158,-0.3891925,0.12296282,0.5064019,0.78360176,0.8509641
-1.8224477,-0.03369524,-1.2378474,-0.64017826,0.40383485,-1.0543516,-1.0258074,-1.2144445,2.126521,-0.37101412,1.8658206,0.3925738,0.6932754
-0.04529697,-0.67941225,-0.05288296,-0.60779417,-0.1543102,-0.89912957,-0.72038984,-0.4774864,-0.31010747,-0.2743185,0.45884883,0.21915394,0.9146673
-0.8946053,1.7598063,-1.1295563,-0.5283834,-0.36224985,-1.2691327,-1.0553179,-0.22308116,0.49821666,0.141328,0.32692385,0.4477328,0.70946884
1.0040295,2.8458538,-1.8412971,-0.6270277,2.3769267,-1.1887507,-1.8718446,1.2709256,1.8517562,1.6119324,-0.05145464,1.0,0.0
-0.35132465,0.3784069,-0.14157325,0.095668815,-0.38105538,0.053077936,0.60474515,0.44829094,1.2543391,-0.9070471,-0.6229792,0.0,0.81470203
-0.01958549,1.060205,-0.7548122,0.21304034,1.1283011,-0.62411314,-0.0954824,0.4054805,0.3095739,1.0212061,0.043742865,0.51758933,0.0
-0.7076675,-0.022377845,0.63114387,-0.69275755,-0.93371063,-1.5386337,-0.7610076,-0.6728211,0.5767342,0.29219797,1.2052399,0.032860078,0.979711
-0.6835329,-0.7875211,0.5728724,-0.7888962,-0.7172276,0.010550886,0.9636833,-0.17838328,2.7518206,-0.052239396,0.33405516,0.24027526,0.7711111
-0.028767884,2.073416,-1.1432623,-0.24608788,2.135387,-1.3965738,-1.2282972,1.03619,2.0221,0.95080024,-0.04048182,1.0,0.0
1.2215517,3.0230658,0.80865806,0.54487896,1.6142616,-1.3485477,1.5496873,0.60563815,-0.46786994,1.2982894,0.50638515,0.14226212,1.0
2.0088809,-0.5633095,1.5551534,-0.19111733,-0.93371063,-1.273355,-0.6564692,0.33630842,-1.4262909,0.30397916,-0.070438966,0.0,1.0
0.14368148,0.07035399,-0.60567343,-0.97236925,-0.30793887,-0.7301589,-0.26000962,0.18046013,0.86897236,0.17710088,-0.15239055,0.25569683,0.41073605
1.1603768,-0.21690081,-0.2527211,0.8197854,-0.93371063,2.4547904,1.4293747,0.8398551,0.17075847,-0.67580765,-1.2258195,0.041584328,1.0
-0.11325863,-1.0442101,1.5335745,-0.047139734,0.13771355,-0.57110804,-0.9538305,-0.6156738,-1.2245088,1.2678007,0.818275,0.12911701,0.88650405
1.7758287,0.82153994,2.8018205,-0.55541253,1.2084101,-0.85554004,-0.33358353,0.9691492,-0.2092147,0.84838045,-1.2543589,0.56853455,0.21013448
-0.4360523,1.2828157,-0.55336165,-0.30786532,-0.24794626,-0.7094004,-1.0261513,-0.7489491,1.739034,-0.34520718,1.6330281,0.2363601,0.527506
0.6406538,0.88005185,-0.41153625,0.33666027,1.5903522,-0.62457126,-0.23428248,0.49882713,-0.049875252,0.9296606,0.14784631,0.601785,0.0
0.5813417,0.67228806,0.45042473,0.0055574393,0.013609876,-0.79457647,-0.3746943,0.055161428,0.042590633,0.19621192,0.30651194,0.0,0.70493037
1.9852512,0.15428334,1.9835384,1.8982475,-0.5395846,-0.4525227,-0.26478094,1.5893317,-0.9690251,1.6048744,-0.3529595,0.041680947,1.0
-0.36596623,2.4852638,-1.8325859,-0.49371612,-0.63076556,-0.88327837,-0.65106714,-0.35332674,0.68064284,-0.39345527,0.48217398,0.191526,0.41441405
0.6089668,-0.55248195,-0.54703474,-0.8475595,-0.3450163,-0.76465195,-0.31702024,-0.9257965,-0.063163824,-1.2994646,-0.4765301,0.0,1.0
0.2301461,0.19907275,-0.34603745,-0.3014176,-0.008758714,-1.2309922,-1.3567908,-0.33577588,-0.47213522,0.37555,0.1863589,0.40961707,0.43153176
0.55552053,0.83823305,-1.0330821,0.066475965,-0.08305645,-0.87179554,0.11241454,0.31526235,-0.5783784,-1.0054231,-0.34338772,0.10373557,1.0
1.381085,0.044211514,-0.30106297,2.1267874,-0.82938915,-0.5185632,-0.0235534,1.4082857,-0.956933,0.38949847,-0.6940937,0.25909457,0.6178492
0.9777681,-0.34942862,1.5003229,0.8803562,-0.01244783,-0.7450238,0.4002036,0.7381886,-0.95032024,-0.010246016,-0.42496935,0.0,1.0
1.3343875,-0.52824724,1.5599254,-0.9424614,-0.63570136,-1.1667292,0.05697971,0.08520271,-0.024133462,0.7534069,-0.7964328,0.0,1.0
1.1195914,-0.46447372,0.30462888,-0.5811501,-0.4700647,-0.99347687,-0.2889259,-0.3649318,-0.67681986,-1.01049,-0.1555433,0.06757071,0.8052455
-0.271349,0.94545126,-2.1915398,0.39534903,1.0660995,0.18742067,1.2293994,0.05794888,-0.2769118,-0.6589542,-0.6265422,0.0,1.0
-0.12884149,-0.37118798,1.321877,0.08871589,-0.8921075,1.9493866,1.7407572,0.46251744,0.9666043,0.3288804,-0.7603312,0.0,1.0
0.68514526,-0.7728922,-1.4163424,-0.97236925,-0.93371063,1.9744477,0.78875,-0.8498449,1.4759212,-0.24083509,1.0945553,0.0,1.0
0.5042695,0.380311,-0.033813965,0.8847094,-0.6129318,-0.74234825,-0.16033554,0.58951885,-0.697925,0.14418982,0.21167764,0.0,0.5151457
0.41077763,1.2325289,-1.7688447,-0.66148597,-0.12253396,-0.94224006,-0.5761125,0.25199717,-0.45256233,-1.0016168,-1.3180721,0.5098555,0.8896021
-1.4166298,0.76920605,1.0109944,-0.5515089,-0.82951254,0.3644154,0.52990294,-0.84353065,1.1670065,-0.4174878,0.43688732,0.077508055,0.95994365
-0.3546672,-0.65904534,0.5753261,-0.4174492,-0.2220287,-1.0351924,0.16488466,-1.5922731,0.15009828,-0.7195017,1.6227931,0.0,1.0
-1.2453752,3.584904,-2.1915398,-0.97236925,0.24024624,-1.5386337,-1.8718446,0.08146377,2.0274255,-1.0056309,0.010041548,1.0,0.4109584
-0.0080515295,-0.41972557,-0.41882718,-0.5031612,0.40562287,0.9161903,0.8612953,-0.35630268,-0.6725455,-0.31160748,0.31770468,0.0,0.8982072
-1.2645059,1.2598795,-0.40668732,-0.77595747,-0.7736337,0.8538312,0.13501725,-0.96215963,2.7518206,0.20367521,1.5364605,0.16382213,0.6527872
1.350005,1.8911471,0.29266828,-0.97236925,0.42686448,-0.6347504,0.23274176,-0.104695484,-0.651245,-0.473632,-0.7434964,0.0,1.0
0.031841427,0.18796784,1.2264466,-0.054758057,-0.854319,0.2396397,0.7495285,-0.24981931,-1.1494707,-0.40761575,0.2943742,0.13754934,0.99874175
0.5531239,-0.4554438,-0.45885825,-0.08705062,-0.19325376,-0.9070529,-0.12753165,0.040198397,-0.47881365,-0.5549673,-0.40924487,0.0,0.7952049
-0.30063787,0.6546489,1.9502362,0.3676557,-0.93371063,3.8054245,1.841238,0.18137456,0.060198043,1.1360544,-0.15337986,0.83499694,0.884943
3.0386252,-1.0412428,1.2940247,0.116711445,-0.93371063,-1.4048115,-1.4946702,0.15217909,-2.183889,-0.9498013,0.34192565,0.0,1.0
-1.1763041,2.7002106,-2.1915398,-0.5956547,1.404163,-1.2902987,-1.8718446,0.02403798,2.1260989,0.75344515,0.6994991,1.0,0.0
0.3781616,-0.7908315,1.7155005,-0.45803863,0.115943484,-1.0522043,0.17982362,-0.5680435,-0.6157485,-0.68865335,0.9885101,0.0,0.8573873
1.0060036,2.7376175,1.0055356,-0.97236925,-0.13125858,-1.2812861,0.54207265,-0.2305292,-0.1824814,0.75727487,-0.29599145,0.18365479,0.61357623
1.7499237,4.7222033,-0.5493435,-0.97236925,0.4442973,-1.4758189,-1.4621856,0.4143929,0.65804327,-0.13461295,-0.5843604,0.8921655,0.23321638
0.6431181,-0.18491925,0.7351562,1.0280695,-0.93371063,-0.26759574,0.66106206,0.84528387,0.38266736,-0.27136073,0.20099103,0.0,1.0
-1.1240599,0.78152674,-0.7463754,-0.7465771,-0.65551054,-1.3126585,-0.33230454,-1.0035149,0.68824023,0.0034307241,1.3998096,0.2689713,0.9091919
0.911931,0.7285268,-0.716165,-0.97236925,-0.04470244,-0.8604253,-1.2013125,0.64733386,1.7401812,0.19370796,-0.68621874,0.83486474,0.12739405
-0.8920158,-1.0442101,0.27118623,-0.79400384,-0.7093545,1.4003111,1.2863005,0.054744657,1.6508216,0.22192444,-1.1251103,0.2637465,0.77017885
0.042694416,4.211148,-2.1915398,-0.97236925,2.6629212,-1.5386337,-1.8718446,1.3771431,2.3206787,0.2653185,-1.2717016,1.0,0.0
1.2451909,4.7222033,-2.1915398,-0.57081646,1.2762567,-1.5386337,-1.8718446,1.097014,1.8176292,-0.8389722,-0.3195555,1.0,0.0
0.6725947,0.17882453,-0.6947752,-0.5238547,-0.56532055,-0.94482213,-1.4120238,-0.3051363,-1.3076273,-0.29441375,0.06247191,0.0,0.54785824
-0.37774333,-0.37145603,0.12579429,0.015835835,-0.2632315,-0.053747922,0.40066224,-0.3684503,0.5814753,-0.34149334,-0.05595812,0.0,1.0
0.04377018,0.9832623,-1.6916682,0.07455007,1.383472,-0.7155927,0.3313362,0.34588507,-0.6221894,-0.5820019,-1.4649956,0.0,1.0
0.60356665,0.35831413,0.602344,0.5632031,-0.5536986,-0.44052842,-0.166449,0.012303219,-1.0348723,-0.64021665,-0.22253749,0.0,0.77395105
-0.8949651,1.8049451,-1.5008513,-0.41025585,0.49455965,-1.4225049,-1.8718446,-0.1317769,1.3122088,-0.45330483,0.60891235,0.45110187,0.34122023
0.40840372,0.10159828,-1.1747575,-0.6268038,0.3581507,-1.1437838,-0.94769603,-0.34717584,-0.85767776,-0.21351929,-0.4966141,0.14578854,0.88791394
-0.83735085,-0.7932217,0.2914224,-0.97236925,-0.56620985,-0.6500841,0.6603474,-0.75834984,2.518894,-0.6199956,-0.093078464,0.10387737,1.0
1.5430858,-0.6975996,0.8336803,-0.06438296,-0.6132672,-0.79170525,-1.4091599,0.8165298,-0.7899649,1.4899253,0.027529703,0.4555556,0.5158948
0.6600114,-0.35145107,-0.1448749,-0.4437575,-0.7547921,-1.4343477,-0.80274975,-1.0174154,-1.7261366,-0.9138297,0.45726344,0.0,1.0
1.8160949,0.43569586,0.3322444,-0.24087594,0.036664885,-0.8565738,-0.8776712,0.38111305,-0.76969767,-1.0967989,-0.474206,0.0,1.0
-1.3371081,0.96865875,-1.9939448,-0.97236925,-0.64761555,-1.5012144,-0.04361123,-0.45124266,1.7468184,-1.6747506,-1.6028901,0.13770455,1.0
-0.5969385,-0.14327246,-0.42084393,-0.09422526,-0.04096872,-0.64451385,-1.0732815,0.03365708,0.4581581,0.28534406,-0.3357414,0.40386698,0.061506353
-1.3823622,0.06263173,0.7453627,2.1267874,0.3146815,0.43810377,2.317571,1.6664498,-1.727439,0.50721073,-1.3082592,0.0,1.0
0.22543506,0.4660863,-0.3193704,0.38261098,0.3910765,-0.70595795,0.24404027,0.13658254,-0.5137137,-0.6414517,-0.3515781,0.23161772,0.44652826
3.1605191,0.9146027,2.5112557,-0.59866077,0.23280054,-0.96471465,-1.0304908,1.3814209,-1.275149,0.55174345,-1.2699424,0.49499938,0.3948864
0.13962437,3.48574,-1.5859935,-0.34227654,0.31662095,-1.0483392,-1.8718446,0.27925473,1.6689374,-0.44685966,0.18847048,0.8493147,0.0
2.3407788,-0.20081285,2.2999055,1.3708034,1.3094126,-0.5574109,-0.6686645,1.4104551,-0.16828537,1.4548587,-0.35846153,0.62867534,0.12775353
-1.5840971,1.9973689,-0.7698978,-0.39913717,-0.93371063,-1.278196,-0.884638,-1.4240426,2.6480021,-0.41038683,1.8658206,0.109804325,1.0
1.6106814,-0.6822834,1.0210695,-0.5551398,-0.93371063,-1.5386337,-0.7143534,-1.1699951,-2.028934,-0.959316,0.7943913,0.09352792,1.0
2.4731512,0.6028016,2.8018205,0.8076001,-0.93371063,0.17456332,-0.31321108,-0.5652258,-1.9984993,-1.1404594,1.8658206,0.0,1.0
-0.17902859,0.3924351,-0.6983813,-0.82586265,0.15138999,-0.5669052,-0.5370357,0.30008045,0.8384354,0.20067155,-1.303338,0.34256095,0.35207897
-0.3352225,1.5430765,-1.6236506,-0.8989706,0.18388733,-0.8333351,0.42245853,-0.42240542,-0.6132489,-0.6958899,-0.7271502,0.0,1.0
-0.83315945,-0.2106587,-0.05612748,-0.6367319,-0.6010933,-0.5524221,0.74970555,-0.1995157,1.3759813,-0.5320416,-0.60385954,0.12095941,0.98050696
0.54458284,0.21622472,-0.2156913,0.14912297,-0.18415722,-0.49826843,0.20105982,0.59369844,-0.034993958,-0.10669637,-0.767255,0.015028732,0.89503676
0.7015239,0.99239725,-0.39952132,2.1267874,-0.06523862,1.1555103,1.4574212,1.7367737,-0.79138315,-1.2271947,-1.0274671,0.0,1.0
1.1856191,3.8973813,-0.5243954,-0.7694377,0.7623509,-1.2466241,-1.8718446,1.0211043,1.735471,-0.017790694,-0.15511164,1.0,0.0
-0.19985075,-0.23205096,-0.59136575,-0.73422134,0.07294873,-0.9638411,-1.8718446,0.39330295,1.0428289,0.49997047,0.10512656,0.96421903,0.0
-0.17187494,0.3780148,-0.38604313,-0.817942,0.06043281,-0.9269466,-0.44060582,-0.026520615,0.6484481,0.19970755,-0.62979543,0.1412522,0.8732463
1.0763016,-0.784402,0.16444987,1.0473393,-7.21151e-05,-0.3724972,0.25386077,0.8796825,-1.1612315,-0.512318,-0.8895018,0.0,1.0
-0.0058007687,4.2580433,-2.1915398,-0.7456698,2.56261,-1.5386337,-1.8718446,0.9202582,2.5868363,0.6863821,0.0132772345,1.0,0.0
0.26649436,-0.6201677,-0.53462124,-0.78708154,-0.42721412,-1.2437538,-0.8251741,-1.2209866,-1.377123,-1.5985289,0.3185897,0.0,0.9979705
-0.16664343,4.1141033,-2.1915398,-0.59721,-0.04864642,-1.0468984,-1.5571239,-0.43541735,1.4908321,-1.063575,0.31142685,0.6258695,0.21877775
1.5607612,0.9496726,2.0931492,1.2575492,-0.8962181,0.5928605,0.48046273,0.78741616,-0.29887742,-0.5618981,0.91905713,0.0,0.8549877
0.14757882,-0.43053642,-0.9116031,0.004054846,0.31321245,-0.42584097,0.43646723,0.23182122,-0.42883068,-0.7459569,-1.0500195,0.0,1.0
-0.38415566,-0.7371585,-0.5189788,2.1267874,-0.581743,1.3066454,2.11696,1.6196146,-0.2997256,-0.67054874,-1.7593788,0.04627637,1.0
1.9350637,2.6520321,-2.103394,-0.7832942,2.5007713,-1.3582944,-1.4648883,1.4181345,1.3183817,0.59731567,-0.30291194,1.0,0.0
0.14366952,3.2825556,-1.1528267,-0.97236925,0.92801553,-1.1291089,-0.98465216,0.22268672,0.15486246,-0.7219288,-1.4497594,0.3880664,0.6695393
0.66992885,1.3901676,-1.8296105,-0.06864911,1.398453,-0.80384904,-1.1821893,0.5209747,0.81008416,-0.20819506,-0.18366866,1.0,0.11718333
-0.62129897,-0.68777084,0.09138272,-0.96705884,-0.61331767,-0.7691084,0.28915697,-0.96897864,1.5353633,-1.4179963,0.45235455,0.04584557,0.90308344
0.16674553,1.4976159,-0.59296656,-0.79486626,0.057579935,-0.9131161,-0.87010145,0.30207285,0.19334497,-0.5289345,-0.7059504,0.5267533,0.4857458
-0.33694807,-0.27084082,-0.090310656,-0.29293296,-0.1364905,-0.89365107,0.35439026,-0.06987443,0.20928834,0.10055402,-1.0174052,0.0,0.94031775
0.52397335,-0.676102,1.022842,-0.7650532,-0.16422138,-1.5386337,-0.32249367,-1.1182815,-0.26247317,-1.6036586,0.89052004,0.08669693,1.0
0.5226644,0.14353292,-0.51958025,0.5001908,-0.61095166,-0.55673194,0.24850266,0.1866694,-0.60388124,-0.56934345,-0.3152618,0.0,0.94190705
-0.6074267,-0.097496875,-1.2489504,-0.83012223,-0.45877066,-1.1515502,-0.6641642,-1.4391807,-1.3359283,-0.97356737,0.5869267,0.0,1.0
-0.10309331,1.4217663,-1.68263,-0.35759026,1.4658438,-0.7557823,-1.8718446,0.27222633,1.2499315,0.29518732,0.45202968,1.0,0.0
0.32454768,2.1327703,-0.45755264,0.6611379,0.43113923,-1.3345355,0.5753299,0.6979982,0.032814838,-0.011811282,-0.0021995977,0.0,0.81532806
0.45876047,4.7222033,-0.65274847,-0.11833583,1.3391858,-1.3385367,-0.20045978,0.8204013,-0.7309398,-1.1656489,-1.4162352,0.07226898,1.0
-0.111949176,3.7828677,-2.1915398,-0.71239424,1.0814806,-1.5386337,-1.8531947,0.59103507,1.5155554,-0.47550195,-0.3878045,0.9014058,0.32589483
-1.3258402,-0.695254,-1.4875623,0.8997972,0.2624177,-0.096461445,1.6697595,0.9518048,-0.25654322,-0.24164368,-1.7593788,0.0,1.0
2.7486951,1.3200953,2.1651206,0.86158156,0.29905847,-0.87114066,-0.3053456,1.1775726,-1.283851,1.3566064,-0.46862325,0.5249966,0.3401868
0.9315454,4.7222033,-2.1915398,-0.5432034,3.2471342,-1.5386337,-1.5580691,1.4747728,1.3816187,-0.45222163,-0.7658089,1.0,0.17372155
-0.66917235,0.23140757,-1.3030941,-0.97236925,-0.31271634,-0.8658517,0.006283324,-0.7134107,-0.5679689,-0.03688231,-0.27812266,0.0,0.9654303
2.0451524,1.4165004,2.251405,-0.5078097,2.7472346,-1.2471894,-1.2986007,1.1879363,0.48110545,2.0396695,0.14230362,1.0,0.0
-0.20642035,0.24527323,-0.9874276,-0.97236925,-0.44736758,0.90890074,0.4862784,-1.2365602,0.3392411,-0.65997607,0.26167372,0.0,1.0
0.12073538,-0.54591507,-0.3050881,-0.04290726,-0.03901242,-0.27896562,-0.1070261,-0.25300136,-0.7246319,-0.2917637,-0.8530891,0.05293423,0.7883385
0.06003594,3.0707936,-2.1915398,-0.97236925,0.410837,-1.3982961,-1.8718446,0.98136264,2.701772,-0.023984673,-0.6251969,1.0,0.0
-0.7787687,0.14880317,-1.1764951,-0.7539492,-0.34136632,-1.0052624,-0.22421078,-0.58698624,-0.15443116,-0.61266786,-0.2787156,0.034130342,0.90652275
0.45768097,0.19870971,-1.3385701,-0.97236925,-0.6940556,-0.85534346,-0.7453946,-1.1508567,-1.1324633,-1.6226102,-0.2510363,0.0,1.0
-1.0055869,1.9606029,-2.1915398,-0.29890764,0.20362562,-1.0618887,-1.6583968,-0.44061375,0.7701906,-0.5410037,0.18566939,0.63589627,0.4054709
-0.9390836,1.4984982,-1.5623649,-0.97236925,-0.07349932,-0.955024,-1.3182877,-0.23101413,1.0067652,0.35088128,-0.22889093,0.3293851,0.34459865
0.9807091,0.036232695,0.7302016,0.41794053,-0.87362254,-1.01785,-0.12580419,0.025065947,0.043751087,-1.0152335,0.1342634,0.11764068,0.8523506
-0.3444303,0.20246729,-0.8952805,-0.97236925,-0.30346975,0.0663883,0.3167466,-0.42785785,-0.6460595,-1.1259348,-1.1218685,0.116973676,0.9406493
-1.3679856,-1.0442101,0.28547752,-0.97236925,-0.66175556,-0.4091818,0.021605685,-1.5922731,2.4093716,-1.6747506,1.8658206,0.04523264,1.0
-0.33802316,0.66048086,-0.24306884,-0.7731396,-0.4141539,-1.5386337,0.10994259,-0.20990637,0.0011880513,-0.007830603,-0.39333135,0.082924716,1.0
0.87587523,4.7222033,-1.6747388,-0.97236925,0.9101446,-1.5386337,-1.8718446,0.8932104,0.7553398,-1.4704326,-1.4920079,1.0,0.05996655
0.4830245,-0.95410657,0.9850837,0.49047595,-0.8843939,2.8366833,2.317571,1.5182867,1.7966634,0.2408435,-1.5269963,0.0,1.0
-0.076881856,0.32813174,-1.6336075,-0.05970051,-0.009760483,-1.4130838,0.3511452,0.43773323,-0.0817619,-0.39830178,-1.478587,0.0,1.0
0.6652255,1.2616473,-0.6330479,-0.97236925,-0.4419633,-1.0720041,-0.5168171,0.09121367,-0.445818,-0.1656263,-1.5436196,0.44767055,0.5801536
2.447463,-0.04435976,2.8018205,2.1267874,-0.93371063,1.87667,1.9954655,1.7367737,-0.15810286,0.4132432,0.65436083,0.11680963,1.0
0.47213373,2.8138597,-0.2277512,-0.97236925,1.0232997,-1.3694088,-0.43657976,0.62040365,1.5815285,0.36790407,-0.22032937,0.89881784,0.08885755
0.68518597,-0.15000294,0.3157241,0.28062445,-0.71196014,0.21964175,0.17850524,0.29143178,-0.10493157,-0.6305191,-0.55596536,0.0,0.8959216
0.5528454,-0.8762345,-0.4271756,-0.735272,-0.70389855,-0.9179513,-1.2406154,-0.90365463,-1.3469988,-0.04134678,0.8661551,0.052091055,0.8669932
0.67757016,-0.7832472,-0.17018396,-0.6948918,-0.6465142,-1.5161847,-1.3903972,-1.4835081,-2.0278347,-1.6747506,1.2374184,0.0,1.0
-0.064718574,-0.6386783,0.84437543,-0.62239987,-0.83927137,2.5964327,1.6303974,0.28397763,0.57510084,-0.19765757,-1.3736432,0.3131938,1.0
-0.74630386,-0.09529188,0.21263993,-0.97179043,-0.5469927,-0.13675581,0.5883675,-0.99240166,1.3026788,-0.5728064,0.7191548,0.0,1.0
0.21342677,-0.9341097,0.8719399,-0.9192111,-0.93371063,-0.14583465,0.14055751,-1.2428719,0.96375734,0.12493217,1.1415843,0.24184355,0.91051507
-0.025220085,0.5252446,-0.81923276,0.33372185,-0.6139505,1.142311,0.38138562,-0.21147873,-0.76352954,-0.94707507,-0.77352107,0.0,0.9680121
-0.5584274,-0.22399302,0.966943,2.1267874,-0.523336,3.3502152,2.317571,1.7367737,-1.1422644,-0.20139086,-1.7593788,0.1413983,1.0
-0.14475809,4.7222033,-2.1915398,-0.7116457,2.7493157,-1.5386337,-1.8718446,0.76416224,1.6931175,0.50472254,-0.196793,1.0,0.0
1.6187811,3.5730839,0.8289735,-0.40693724,1.2822448,-1.3175004,-1.8649474,1.1464825,0.8247371,0.22994295,-0.46673593,1.0,0.0
0.30990076,2.1070628,-1.177125,0.2425967,0.4353164,-0.7372365,1.0186079,0.30954018,-0.75893646,0.18052651,-0.69609743,0.0,1.0
-1.8317294,0.53512144,-1.9950156,1.6233132,0.83646744,0.11554945,2.317571,0.82820004,0.57545996,-0.14885503,-1.6483289,0.0,1.0
0.028720427,1.0510042,-1.578959,-0.97236925,-0.55324936,0.0046656877,0.3078316,-0.07197709,2.1631289,-0.6952841,0.076674804,0.05803228,0.7987054
0.9247327,0.11234785,-0.13054562,-0.7780107,-0.0052945944,-0.71494657,0.27252668,-0.406162,-0.9149925,-0.10294422,-0.047723465,0.0,0.7812901
-1.0660759,-0.5973214,0.33157462,-0.6866949,0.06288062,-0.844341,0.804178,-0.28167897,2.7518206,-0.25851172,0.697363,0.0,1.0
-1.1690769,-0.07874786,-1.5567256,-0.4229679,-0.06729417,-1.5386337,0.94005376,0.022244414,1.3588718,-0.83272934,-0.9418005,0.0,1.0
-1.0564196,0.14899255,-0.79760474,1.5796189,0.87079287,0.25825247,1.733271,0.71512276,-1.6058964,0.29767603,-1.4539708,0.0,1.0
-0.45990533,0.015364452,0.82506365,-0.6519221,-0.5311538,-1.3126262,-0.20414162,-1.0832503,-0.09160816,-0.07478832,1.3956084,0.014183717,1.0
0.79014313,0.25401127,0.8742828,0.1693984,-0.5470493,0.95832086,0.19339696,-0.45170236,-0.19471754,-1.5156326,0.9724824,0.0,0.8709301
-1.8776025,2.6144304,-2.1915398,-0.50580275,0.38754734,-1.3776608,-1.8718446,-0.60050386,2.7518206,0.12879929,1.8658206,1.0,0.0
0.27297834,0.678615,2.3809261,1.9348822,-0.93371063,0.7633937,0.13094388,0.587726,-1.129663,-1.4038379,0.39153528,0.1595768,1.0
-0.06704445,-0.29355592,-0.5608588,0.9858273,0.11575442,-0.06713148,0.27660728,0.3399058,-1.2415569,-0.9605993,-0.7985415,0.0,0.7501347
1.9482298,-1.0367819,-0.041680604,0.15397495,-0.7034951,-0.42013538,-1.3062156,-0.124671236,-2.183889,-1.5829643,-0.7946625,0.0,1.0
0.45813987,-0.70063525,0.23304436,-0.807029,-0.33040547,-1.5186241,-0.43898362,-0.82470095,-0.2264531,-1.0532384,0.5971901,0.0,1.0
-0.66188437,0.39569724,-0.7302451,2.1267874,1.3284657,-0.27437398,1.9822574,1.1264627,-1.1662278,0.77100706,-0.516993,0.06699419,0.72367346
1.2359502,-0.11701586,1.2313256,-0.15937372,-0.56618595,-1.4354961,0.42367852,0.36274981,-0.12026362,0.00866157,-0.12403367,0.0,1.0
0.45046243,4.7222033,-2.1915398,-0.97236925,2.9588063,-1.5386337,-1.8718446,0.93589723,2.7518206,1.1701391,-0.06565351,1.0,0.0
2.443555,1.8184838,0.9149115,-0.6212536,2.0038087,-0.61789477,-1.4305663,1.3441275,0.50195634,0.73189855,-0.9794784,1.0,0.0
-0.86200345,-0.1273151,-0.3042486,-0.9086382,-0.19970718,-1.2120028,0.12106164,-0.8910535,1.7977761,-1.4593525,0.08068939,0.06622327,1.0
0.3361639,-0.26350608,-0.1734631,-0.16433378,-0.7470563,-0.8503088,-0.04413036,-0.24929495,-0.20579451,-1.0496975,-0.21003655,0.03177707,0.75313497
1.1244483,0.8403618,0.30750933,-0.18020399,1.5144584,-0.63213277,-0.1970614,0.44813576,-0.57213694,0.2188567,-0.7016944,0.2570897,0.3872738
-0.6053095,-0.651867,-0.45732474,-0.7478328,-0.08585993,-0.7842734,1.0074716,0.13920447,1.4509801,-0.41716552,-1.193198,0.0,1.0
0.8305815,0.10888129,-0.65329814,0.29937306,0.65075415,-0.73936564,-0.006237568,0.8557529,-0.047441643,-0.24040392,-1.1138464,0.25996113,0.52446157
0.62014955,-0.8137302,0.5296252,-0.45716256,-0.6796563,-1.5386337,-1.0308136,-1.5922731,-1.8458883,-1.344373,1.8483611,0.054206707,1.0
-0.3394613,4.1496277,-2.1915398,-0.013751744,0.42689264,-0.059786133,-0.64765596,0.30425456,1.3145313,0.05656816,0.11840516,0.81352067,0.43545562
-0.7382963,-0.6099205,-0.55161786,0.4587782,-0.5387844,0.59106874,1.3274881,0.89277494,1.0135123,-0.3679642,-1.7593788,0.0448144,1.0
-0.6701186,-0.57593757,-0.13301808,-0.7551783,-0.39732528,-1.04498,-0.41918957,-0.88294065,-0.17493479,-0.32017678,0.18440966,0.049863294,1.0
-0.5631461,0.5548264,-1.0010253,-0.6531965,-0.4206005,2.616259,1.222857,-0.53842145,-0.52140486,0.0075138826,-0.883021,0.07489938,0.77345556
0.5576403,3.2781508,-1.0789639,-0.97236925,1.9653578,-1.1253005,-1.8718446,0.92543715,1.9211559,0.7504826,-0.6504129,1.0,0.0
2.2463894,0.3027943,2.2491412,0.5731875,-0.8109459,-1.0121216,-0.21419764,0.36693987,-2.0194468,0.17715465,0.75672656,0.0,1.0
-1.4261158,1.1442894,-0.34075886,-0.97236925,0.66080445,-0.56336176,-1.3383609,-0.021084882,2.7518206,1.1573337,0.9046247,1.0,0.0
-0.718294,2.4330597,-1.0583864,-0.5520991,-0.4941886,-0.06776553,0.08508357,-0.7802579,-0.32373977,-0.8184967,-0.28399375,0.33421835,0.5785284
-0.94738203,1.1479744,-1.2137723,-0.8169025,-0.15534902,-0.82552433,0.036542587,-0.2718008,0.1477048,-0.88740337,-1.3041738,0.0,1.0
0.21622048,2.626299,-1.8111877,-0.9257242,1.0678238,-1.3863145,-0.96225375,0.29137853,0.34568214,-0.84772414,-1.5363605,0.633489,0.5747749
1.3678316,1.8346796,0.6892433,-0.97236925,0.4736411,-0.9289207,-1.2961477,1.2226672,0.78812546,1.2758065,-1.2050381,1.0,0.0697204
2.5755737,0.055149607,1.4865009,-0.88712186,-0.7409053,-1.3042071,-1.3451844,0.5467519,-2.020118,0.8101708,-0.8810657,0.39363506,0.9392995
-0.74507,-0.6344276,-1.399778,-0.9148142,0.05159244,0.3222195,1.455801,0.19660674,2.7518206,-0.48031518,-0.8337972,0.0,1.0
-0.16663094,2.1570575,-0.8081431,-0.4200953,3.2126656,-1.2212089,-1.736823,0.7724468,1.6747199,0.92617583,-0.5371345,1.0,0.0
-1.269441,1.714013,-1.9356836,-0.72263694,-0.6844228,-0.9488855,-1.4976912,-1.0182288,0.48921806,-1.0680925,0.08484023,0.48792604,0.27862194
0.23317121,1.2937146,-0.3477356,-0.88365823,1.3446035,-1.5386337,-1.4484341,0.9227055,1.0242474,0.8465564,-1.161315,1.0,0.0
-0.25234175,4.7222033,-2.1915398,-0.97236925,1.2280265,-1.5386337,-1.8718446,0.6904321,2.7436836,-0.21044111,0.0484031,1.0,0.0
-0.18446708,2.4625986,-2.1915398,-0.458197,0.3390434,0.3485054,-0.09406432,0.12700944,0.7864413,0.28392044,-0.23091781,0.4109702,0.6278912
-0.6062135,2.5542803,-2.0502276,-0.4595633,0.9948425,-0.54090047,0.18763922,-0.083082385,0.5831609,-0.60336626,-0.94133836,0.0,1.0
0.6244428,1.9378062,-0.795539,-0.81924516,0.5194981,-1.1451592,-1.5962887,0.4415539,-0.11518803,-0.14223756,-0.6573636,0.724214,0.09906258
-0.53599954,-0.4367033,-0.72863567,-0.97236925,-0.93371063,-0.95356274,-0.80753475,-1.291292,0.39302465,-1.5895771,0.9033577,0.0,1.0
1.9985528,3.5055268,-1.7105371,-0.08657225,-0.26581362,1.2828755,1.844927,0.5272184,0.81871694,1.0438799,1.1558509,0.0,1.0
1.0163894,-0.23896985,-0.3985008,-0.7819191,0.17335266,-0.5246973,-0.94537693,0.2859433,-0.36632824,-0.31817597,-0.78703076,0.20581216,0.37242335
-1.8776025,0.709904,-0.41237277,-0.97236925,-0.8119168,-1.3704404,0.06130936,-1.4303836,2.7518206,0.60174674,1.8658206,0.43136543,1.0
-0.8409102,0.42538428,-0.9309134,-0.97236925,-0.6837611,2.2442756,1.8713636,-0.6616007,1.1797472,0.59750545,-0.63290834,0.0,1.0
1.780285,0.317727,0.4780759,-0.97236925,1.0939842,-0.8709987,-1.7334783,0.48955518,0.21334925,0.9936537,-0.9912716,0.87955403,0.03913755
-0.1452517,0.4427148,-1.0643513,-0.63558114,-0.28153628,-0.9674057,-0.22125082,-0.012425336,-0.7693306,-1.1342913,-0.98183376,0.0,1.0
-0.17200263,0.039192166,-0.9220169,-0.32863593,0.72715753,-1.0775081,-1.8718446,-0.79325783,0.8984202,-0.71767527,1.4109303,0.68536264,0.028388064
-0.9314416,0.09990956,-0.8713204,0.73863655,0.33977765,0.0826992,0.43542123,0.054238115,-0.4596801,0.39239997,-0.34335795,0.0,0.8714788
-0.39712903,1.1087987,-0.8442833,0.28681374,-0.79523695,2.3888538,2.317571,0.22608252,-0.008988241,0.43138134,-0.44025752,0.0,1.0
0.49813226,3.7101672,0.7183984,-0.97236925,-0.17244741,-0.6079859,-1.4512194,-0.18409355,0.7194498,0.27238902,-0.70064205,0.7267753,0.38954172
-1.8751495,-0.3982308,-1.8059587,0.8527515,1.0344803,0.23103568,1.6875404,0.5364074,-0.5607348,-0.216767,-1.7593788,0.0,1.0
0.718165,0.339557,0.3456801,-0.46615693,0.57187796,-0.42711195,-1.4088247,0.44772375,0.15040079,0.8625584,-0.26640666,0.6245914,0.0
0.48663893,-0.00426627,-0.31484607,-0.89554477,-0.71975535,-0.9087006,-0.11349847,-0.8319804,-0.96005523,-0.62980163,-0.1718633,0.09584317,1.0
0.061323848,0.48578775,-0.089102045,-0.2759375,-0.5487879,-1.1137006,-0.969452,-0.6721839,-0.8965652,-0.1822354,0.80920523,0.007077094,0.85684437
0.12169035,0.38914812,1.3259103,-0.09328873,-0.8628933,-0.08850853,-0.09049804,-1.0862427,-1.807921,-0.29753405,1.224542,0.0,0.9080701
0.8755313,0.20983356,0.61747026,0.5872423,0.21001425,-0.39214024,0.15680338,0.7316729,-0.515257,0.2690713,-0.08229402,0.0,0.609319
1.1392213,1.468167,-1.3208624,-0.97236925,1.1909453,-1.0264921,-1.269444,1.1419816,0.9597571,0.5232583,-0.8561161,1.0,0.0
0.5461158,-0.94688326,-0.00912183,-0.7285758,0.04323927,-1.3133812,-0.8903565,-0.8680559,-1.4855825,-0.6969471,0.073754705,0.0,0.956532
-0.39007816,2.4459534,-1.821308,-0.6235863,-0.030376803,-1.162211,-1.8718446,0.8410189,2.0257015,0.37305418,0.35818043,1.0,0.0
-0.7727525,-0.40856284,-0.9612452,-0.96352345,-0.33237904,1.0397104,1.3110634,0.17615667,2.7518206,-0.2952042,-1.1943442,0.06942408,0.96271044
-0.98792857,0.04532135,0.5346378,-0.43756914,-0.41645342,-0.25295773,0.7953954,-0.31156036,2.6888993,0.47111413,0.46422678,0.0,1.0
-0.5900242,-0.16697192,-0.8766284,0.23494452,-0.17846107,1.9870803,0.8304951,0.024394738,-1.4067235,-0.9126654,-1.562747,0.11840875,1.0
-0.47816107,-0.84957594,0.09406067,-0.97236925,0.15736774,-1.3297125,0.17652766,-1.2899644,0.6528882,-1.6747506,0.7281412,0.0,1.0
-0.68769926,0.11332466,-0.83193666,-0.22278564,-0.13927343,-1.2724026,0.42202032,0.22388282,0.9569745,-0.7149462,-0.82417315,0.05076492,1.0
0.002106335,1.8127939,-0.27968833,0.18471901,0.553828,0.020094007,0.89961183,0.28272775,-0.57467604,0.1619345,-0.8202213,0.08642611,0.8939195
0.8438649,-0.2799363,-0.19770288,-0.47572708,-0.47545147,-0.99266917,-1.4173639,-0.82065064,-1.8608516,-1.6682663,0.4047036,0.0,1.0
0.07524294,-0.0396232,-1.0834306,-0.63146913,0.181615,-0.91063434,-1.0208083,-0.20332354,0.50721484,-0.032644972,-0.03177243,0.18906727,0.7482907
3.3844666,0.48878416,1.9823372,-0.7102882,-0.55600655,-0.94737494,-1.4915016,1.0230751,-1.1778868,0.5018682,-0.8852947,0.6127343,0.46633306
-0.8530582,1.1541635,-1.3004664,-0.6050453,-0.12698585,-0.9026258,-1.0287623,-0.41145888,0.40481102,-0.30180743,0.030036857,0.22235252,0.42369595
0.2883288,3.3630276,-1.6765035,-0.6585291,-0.10649992,-1.1713222,-1.353625,0.3292763,0.093138,-1.6747506,-1.3312367,0.48407272,0.98676836
1.5547812,3.4202077,-1.5074303,-0.97236925,2.4943712,-1.3267194,-1.8456953,1.102541,1.2855607,0.6128355,-0.5886234,0.9128224,0.0
-1.257958,-0.73597497,-0.036703188,0.201163,0.6244144,-0.267696,0.9807476,0.052008577,-0.9804023,-0.05220437,-1.5576578,0.0,1.0
0.22312789,-0.7965974,-0.19984478,0.46544418,-0.36814708,-0.66709495,-0.10353864,0.39666426,-0.7020854,-0.39505652,-1.0199863,0.0,0.8910594
0.89785945,-0.22545204,1.3900087,0.16489294,-0.44821963,-0.49953073,0.80325407,0.639079,0.59126467,-0.015877914,-0.38889214,0.0,0.9179839
-1.5728574,-0.30631596,-1.4029968,-0.7400152,-0.017870469,-0.68707013,0.29047,-0.43273702,2.116922,-0.3178454,0.024479827,0.1547797,0.8113693
0.56179154,-0.09536215,-0.30219287,0.42094848,-0.42497042,-0.8549049,-0.70893025,-0.5949604,-1.6963542,-1.6747506,0.30303845,0.0,0.95825386
-0.16432416,1.7794985,-1.766829,-0.27712843,-0.93371063,1.7706771,1.510376,-0.2794053,0.19939189,-0.6045952,0.2695749,0.0,1.0
0.13412134,0.9702598,-0.69244903,-0.30617264,0.1764586,-0.9451675,-0.2032257,0.2333825,-0.2956319,-0.6002272,-0.9901667,0.07086376,0.6544372
1.2312692,2.1910608,-0.69275993,-0.97236925,1.5503578,-0.73166543,-1.8718446,0.8178569,0.7630471,0.3226407,-1.0986232,1.0,0.0
1.1774892,2.427246,-2.1915398,-0.96651006,0.15877396,-0.9826373,-1.4547291,0.2074799,0.6651828,-0.7507145,-0.6996922,0.60263807,0.5179876
1.2299592,1.2057322,1.7492952,-0.45804298,-0.07895142,-1.1206949,0.35693884,0.33530793,0.5806079,1.2019539,0.48100275,0.11775953,0.83186287
-0.62709725,0.9606204,-0.6017742,-0.87551373,-0.62316436,-1.4072249,-0.058950722,-0.67588365,-0.13495043,-0.32834768,-0.07364988,0.28645203,1.0
1.1853312,1.6729594,2.0517707,2.1267874,0.18952596,1.0399551,2.2521987,1.4215566,-1.287773,0.7678313,0.5969157,0.0,1.0
-1.1700526,1.1676167,-0.083054185,-0.97236925,-0.93371063,-0.71720296,-0.12482664,-1.0517012,-0.5385916,0.106068194,0.5654946,0.07689515,1.0
0.9413309,1.4896195,-0.9240363,-0.97236925,1.0635622,-1.0442305,-1.5352747,0.49780366,-0.026831705,-0.41748255,-0.5722855,0.44071284,0.3966796
1.5849172,3.192121,-0.6172204,1.2528994,2.6231513,-0.5635951,0.463324,1.5668488,-0.4452428,0.58246565,-0.14328511,0.72028875,0.14419116
-0.7431321,-0.8501968,-1.3210875,0.7851376,0.49293047,1.1557783,1.5989863,0.586631,-0.20522162,-0.36367792,-1.4342203,0.0,1.0
0.17108998,-0.0812605,-0.7480782,-0.47874662,-0.16694233,-0.53257984,-0.07374231,-0.38400322,-0.03619034,-1.6747506,-0.47607243,0.0,1.0
0.17929576,0.019658957,1.5269525,0.5410797,-0.2715261,0.084445514,0.84216774,0.27280125,-0.77286124,0.11141609,-0.38811052,0.0,1.0
-0.2850263,1.8533804,-1.8706361,-0.97236925,2.1052313,-1.2090287,-1.8718446,0.69804823,1.8310834,0.040940426,-1.2131428,1.0,0.0
0.15280081,-0.52135813,0.64631677,-0.7446314,-0.81336254,-1.5386337,-0.8234974,-1.5922731,-1.3722683,-0.8111333,1.8658206,0.0,1.0
0.048015483,-0.976674,-0.089691855,0.6087817,0.5097002,1.039139,0.76358074,0.107551076,-1.1035932,-0.14614823,-0.6596346,0.050232425,0.91498363
1.2105632,-0.3862405,0.37012696,-0.4948419,-0.5433638,-1.482693,-0.9596312,-0.8794001,-1.5516243,-1.1191849,0.53406006,0.0,0.92602
3.3844666,3.5805004,2.8018205,-0.97236925,5.9524918,-1.0485367,-0.2087078,1.7367737,0.8294094,2.2838242,-0.98634094,1.0,0.0
0.13885427,4.7222033,-2.1915398,-0.8740706,2.516569,-1.5386337,-1.8718446,1.4988123,2.7518206,-0.56656456,-0.37127,1.0,0.0
-0.86452025,2.0777397,-2.095778,-0.8103118,1.3467981,-1.5386337,-1.2571754,0.2320941,1.8092335,0.6953371,0.045359448,0.91045564,0.18650067
-0.2665315,0.20366858,-0.5462449,-0.97236925,-0.38578123,-1.3339124,-0.37827653,-1.4204725,-0.000118393335,-1.6747506,0.5636977,0.27990827,1.0
1.0330782,-0.6030995,-0.5031894,-0.97236925,-0.41548803,-0.81680197,-1.5036945,-0.7878321,-1.9116017,-1.0713967,-0.17070855,0.28098598,0.614106
1.1138406,-0.42741457,-1.3001634,-0.7501853,-0.8688229,1.4630233,0.6928742,0.054461684,0.83157283,-0.85477126,-0.6479902,0.00863019,1.0
0.12150289,-0.87133867,1.9482636,-0.97236925,-0.11833906,-1.0653871,0.25573498,-0.8730724,1.2430884,-1.2073178,1.2209556,0.10056255,1.0
2.7401702,1.5877801,0.21300802,-0.5792524,1.0580825,-0.8325146,-0.6334526,0.76472294,-0.4619886,-0.27687496,-0.5833513,0.4684713,0.39350533
-0.7132362,4.0933213,-2.1915398,-0.5872845,0.7162255,-1.4133729,-1.8718446,0.17136781,1.7434788,-0.7901952,-0.28958046,1.0,0.0
0.20719458,2.9875073,-1.760936,-0.97236925,1.6424938,-1.2862087,-1.8718446,0.6762026,1.3308762,0.35508183,-0.8422376,1.0,0.0
-0.32570085,3.2059374,-2.0028768,-0.7800737,0.92264175,-1.5386337,-1.8718446,0.68024457,2.259517,0.18788037,-0.019901406,1.0,0.0
-0.6523399,0.081599586,-0.88014567,-0.4043287,-0.205149,-1.1645501,-0.009459978,-0.45725274,-0.096371256,0.068056926,-0.6305861,0.0,1.0
0.26536697,0.8628986,1.9603416,1.1637375,-0.93371063,5.277437,2.317571,1.1131331,0.24589887,1.0245224,-0.03093699,0.0,1.0
1.1715282,2.1116052,-0.0023729838,-0.84254926,1.2420019,-1.1172812,-0.37570238,0.7589744,0.31763,1.5206971,-0.73511404,0.4376819,0.7989376
-0.418896,0.032837585,-0.14298886,-0.49869198,-0.3753533,-1.5386337,1.0012629,-0.3414884,-0.2912176,-0.19180422,-0.9076006,0.06463046,1.0
-0.6233612,4.7222033,-2.1915398,-0.97236925,0.84770507,-1.5386337,-1.8718446,0.67919636,2.4850674,0.17973956,-0.062275466,1.0,0.0
0.51633835,3.3970273,-0.19273159,-0.18055022,-0.39094055,0.8340204,1.356183,-0.42820886,0.2270173,1.3691958,1.0625472,0.054170594,0.49112687
0.046321906,0.35918397,1.7921584,2.1267874,-0.40351167,0.69645023,1.3529433,1.5322502,-1.4034652,0.42884332,-0.27475628,0.0,0.849492
-0.77303654,-0.06366905,-0.9564868,-0.97236925,-0.47803566,0.31261003,0.7753091,-0.68917996,1.5496525,-0.8786713,-0.16763785,0.0,0.8147282
-0.15841144,-0.5609407,-1.1032913,-0.19137156,-0.16364694,-0.888701,-0.213934,-0.23043784,-1.1776307,-0.6017292,-0.94029397,0.0,0.79181117
-0.54696417,1.3233562,-2.1915398,-0.3821906,1.6619033,-1.059066,-0.4797573,0.30580163,0.8697301,-0.011423907,-1.2225304,0.7422774,1.0
-0.40165964,-0.52640194,-0.7487611,-0.97236925,-0.36459294,-0.04323546,0.7853774,-0.07102824,0.63136685,-0.87555736,-1.2901044,0.10777851,0.87826174
0.24067222,-0.08102832,-0.93932146,-0.97236925,-0.10764424,-0.5118431,-0.55224144,-0.48386315,-0.43651715,-1.2249702,-0.3707313,0.0,0.81981355
-0.7438387,0.43756267,-1.710074,-0.8567726,0.04223687,-0.8640683,0.2304857,-0.2750651,0.12024635,-0.9343245,-1.2821026,0.0,1.0
0.060806707,-0.59425133,0.32713008,-0.93651515,1.126615,1.813185,1.7742654,0.5904406,1.6504056,0.68973476,-0.2915978,0.0,0.7401998
-0.62812674,0.32007408,-0.86708504,-0.91624737,0.46753237,0.35262582,0.5276533,-0.18502231,0.120245114,-0.443613,-0.5804904,0.0,0.70699495
-0.39287275,1.163214,-0.05813992,0.5337243,1.8521705,0.36946574,1.3555772,0.51254725,-0.25130302,0.73888654,-1.0619174,0.0,0.9005231
2.1856332,0.6494369,2.8018205,2.1267874,-0.43128297,0.0711072,0.024490558,1.073695,-1.9028813,-0.3848513,0.47582936,0.0,0.8832906
-0.19894786,1.0602475,0.02634414,-0.48320296,-0.5995386,-1.0641207,-0.6849421,-0.71066487,0.1678533,-1.2880535,1.1581635,0.11529871,0.88686824
-1.447836,-0.41119772,-0.6471584,1.7461463,1.2139863,0.6237051,2.317571,0.735886,-1.7671707,0.25658163,-1.7593788,0.0,1.0
-0.5196504,-0.51399624,0.25107992,-0.6706943,-0.5530079,-1.5386337,-0.6872958,-1.456707,-0.73484457,-1.6022173,1.5522178,0.0,1.0
0.79979455,-0.3042042,0.14259073,-0.96839976,-0.09644606,-0.7684964,-0.35861433,0.4406407,0.5818591,0.3402069,-1.2167587,0.1792454,0.7404956
-0.7569305,-0.023167126,0.75288934,-0.35865214,-0.8153728,-0.48372334,0.69361347,-0.21976519,1.0688934,0.80397666,0.6023987,0.0,1.0
-0.08455764,2.3041866,-1.2985268,-0.16807103,3.0805607,-1.1840621,-1.8718446,1.1045926,2.5721383,1.5129308,0.29262385,1.0,0.0
-0.27088314,1.0589446,-0.7816828,1.1769044,2.0516176,-0.8041256,0.69393736,1.181502,-0.13012047,-0.34135234,-0.9598491,0.08068426,0.46581686
0.8683983,-0.93989855,0.4659063,-0.3358037,-0.5749502,-1.3237815,-0.85418993,-1.1874045,-1.538255,-1.1698158,0.95593804,0.19213398,1.0
0.7376688,-0.16482948,-0.31872955,-0.55597234,-0.46027187,-1.4028115,-0.5867496,-1.075501,-0.9215017,-1.6747506,0.98137194,0.0,1.0
-0.13574143,4.7222033,-2.1915398,-0.97236925,3.546052,-1.5386337,-1.8718446,1.4017069,2.7518206,1.1375842,0.8601734,1.0,0.0
1.7940471,0.90756947,1.083975,-0.94755656,1.1947337,-1.0938387,-1.2791827,0.044187203,-0.80764216,0.9346748,-0.7219444,0.5351531,0.34713182
2.092178,-0.030435737,1.7660117,2.1267874,-0.7445083,0.048246205,0.16748947,1.3071269,-1.7539806,-0.67793673,0.6775676,0.001491772,0.92062515
0.5582183,0.33325282,-1.1499945,-0.5110761,0.13888201,-0.7403288,-0.78398126,0.18217254,-0.12455695,-0.559428,-0.5812,0.36074045,0.26505548
-0.45263955,0.21648112,-0.32863012,-0.756958,-0.58531576,-1.3872108,0.13300383,-0.13956189,-0.37948215,0.21217892,-0.6794525,0.13155752,1.0
-0.2866693,1.2813128,1.247903,-0.017272018,-0.93371063,-0.22301936,-0.1035111,-0.76488143,-1.5306073,-0.2973978,1.1870095,0.26590577,1.0
0.1998988,-0.7376216,-1.0017134,1.7673512,0.5364597,-0.1939184,1.1061078,1.1690394,-0.8049637,-0.98343766,-0.9098105,0.0,1.0
3.2393389,0.4684612,0.85588986,-0.84422565,0.70208067,-0.61076915,-1.8718446,1.2772665,-0.8382923,0.3661356,-1.348574,0.7456857,0.0
1.4883616,2.7327302,0.97253454,-0.7512057,2.9321914,-1.5386337,-1.8718446,1.7367737,1.3297887,1.0548949,-1.1199439,1.0,0.0
1.3832204,2.8318114,-0.4677247,-0.97236925,3.275182,-1.1237937,-1.8718446,1.48805,1.7791085,0.6228137,-1.1788273,1.0,0.0
-0.22423638,-0.7731489,0.42301044,-0.8972893,-0.25209484,1.0415257,1.6755414,0.2263332,2.7518206,-0.0006647352,-0.7826435,0.0,0.88022095
1.2119567,2.3634412,-1.3423519,-0.8933737,0.47828692,-1.1628435,-1.1557145,0.51760954,-0.1318766,-0.964605,-1.3354921,0.13143003,0.8820597
-1.0886173,-0.31461146,0.09605432,-0.92923373,-0.5785166,2.282257,1.6100962,-0.30434695,1.777298,0.53149575,0.24978146,0.0,0.8313628
0.38764483,-0.37173226,1.6691425,0.51570475,-0.93371063,-1.241719,-0.5175556,-1.0115484,-1.7875252,-0.16138656,1.8658206,0.0,1.0
-0.041106615,-0.22750764,0.72547644,2.1267874,-0.5920554,0.35742798,0.67698735,1.1136787,-1.350051,-0.4335387,-0.9324039,0.29105386,0.86327195
2.536969,2.6364794,0.72061026,-0.97236925,3.3661442,-1.0333428,-1.8718446,1.7367737,1.2342048,1.5493041,-1.2838439,1.0,0.0
-0.43086037,1.4201378,0.6466156,0.23908456,2.2098238,-1.5386337,2.317571,-0.0151214795,0.17640878,1.4512104,-0.098912545,0.0,1.0
0.7302835,0.59946984,2.8018205,1.4160354,-0.93371063,0.6840444,-0.36085433,-0.29193428,-2.0982382,-1.6747506,1.7101868,0.0,1.0
-0.74200195,0.43488795,-1.14585,-0.67202157,-0.57235783,-0.89562017,-1.3896716,-0.827517,0.26698416,-0.8129043,0.07922661,0.0,0.8078183
-0.5711776,0.5776706,0.6042992,0.35180706,-0.35065478,-1.0498444,1.0991672,0.5622368,1.0924325,0.42517132,0.20900805,0.0,0.827037
-1.1776139,-0.30336463,-0.6453679,2.1267874,0.8924147,0.74799186,2.317571,1.3665981,-1.45318,0.05438488,-1.7593788,0.0,1.0
0.5793246,1.5898138,-0.362155,-0.65337145,2.2509058,-0.81316364,-0.52682376,0.487874,-0.083777934,0.19590259,-1.213824,0.5469137,0.26134092
0.9003176,4.173592,-1.8917351,-0.97236925,2.160785,-1.5386337,-1.2037739,0.8440178,1.1928848,-0.3377083,-0.9944422,1.0,0.24238217
-0.82053214,-0.04832374,-1.5741918,-0.61893374,-0.22226095,-0.5287721,-0.09679191,-0.041292984,1.100069,-0.7076532,-0.6263359,0.0,0.9089077
-1.3847272,0.13358591,-0.60656685,1.9676601,0.9710926,0.3820049,1.7213959,0.92844987,-1.2789696,-0.6562349,-1.6120431,0.0,1.0
0.05567217,-0.21008666,-0.07219979,0.59814745,-0.17744648,-0.65218216,-0.1092703,0.0851745,-0.90854543,-0.5010822,-0.11373101,0.0,0.87149
0.26719034,-0.7410416,0.12673977,-0.97236925,-0.56875,-0.06712906,0.64340425,-0.4973017,1.2267523,-0.36020446,0.21097755,0.0,0.8482792
-0.643557,0.23263071,-0.33578056,-0.39721256,0.10873939,-1.4692057,1.2890404,0.04273023,1.2416899,0.32960066,-0.41360423,0.0,1.0
0.58702207,0.4269485,0.12592757,-0.76393425,1.4965527,-0.87536466,-1.5276244,0.115658164,0.043171212,0.9203245,-0.6455022,1.0,0.0
-0.5000576,-0.2752013,-0.19200796,-0.97236925,-0.2049408,0.2815592,0.45024133,-0.3600393,1.9948362,-0.81290746,-0.22233173,0.15824042,0.8717118
0.52022535,0.9125084,-1.1419244,-0.7209939,2.2591121,-0.86020315,-1.1184726,0.6978017,0.6463125,0.2727924,-1.1383932,0.70841503,0.0
0.040485933,0.92647934,2.0119739,2.1267874,0.28746897,0.9574932,2.1507392,1.7367737,-2.183889,-0.1799098,-0.7176559,0.0,1.0
-1.0194952,-0.2040377,-1.2921882,-0.88761103,0.36205712,2.7330773,1.7486069,-0.49570706,0.22340474,0.32707462,-0.8953816,0.0,1.0
0.42571828,1.0611657,1.2009257,1.9615749,-0.0766763,0.14459774,0.7253054,1.0820334,-1.4971461,-0.71370596,-0.17239493,0.0,0.8952555
3.3844666,-0.4879616,2.1860988,-0.64832497,-0.0155860465,-1.1406065,-1.8718446,1.2164948,-1.9700983,0.6903676,-0.88097996,0.64715683,0.8547299
-0.035514954,-0.4774312,-1.0890595,2.1267874,-0.27424914,0.2564536,1.319129,1.7367737,-0.8307097,-0.64528525,-1.5330455,0.0,1.0
-0.9244266,-0.21944988,-0.901242,-0.97236925,-0.21741477,-0.9953013,0.025015365,-0.42990366,0.8201814,-0.9203809,-1.0514103,0.17073031,0.92199194
-0.26853663,-1.0442101,1.0603977,-0.16393588,0.05676006,-0.7979134,-1.0618769,-0.8032535,-0.4646476,-0.36111104,0.8747795,0.44532865,1.0
-0.86291844,-0.51330453,-1.5507698,-0.97236925,-0.08926665,0.6396761,-0.0061589335,-0.7577201,1.017809,-1.6747506,-1.3230511,0.0,0.7265629
-0.05309369,-0.1450043,-0.6518195,-0.2817341,-0.030706707,0.33602288,1.5141476,0.42311585,1.2803066,-0.14085843,-1.2470288,0.036414213,0.94670963
0.76405907,0.68849623,-0.57728845,-0.9566094,0.02276834,-0.6971213,-0.6404991,0.119586274,-0.15203622,-0.16192521,-0.9851799,0.63039327,0.31806582
0.14470531,1.0989281,-0.96993524,-0.66218174,-0.28748083,-1.208039,-0.18328875,-0.23446193,-0.16154167,-0.90197414,-0.26747882,0.16585128,0.7339046
0.10259214,0.55137724,-1.4762876,0.98969513,-0.6328192,-0.33754086,0.2488641,0.37936893,-0.9301166,-0.77671975,-0.53392816,0.0,0.8722216
0.82137305,-0.4118818,0.5949899,-0.20315798,-0.84696966,-0.59707373,-0.17080447,-0.732501,-0.700512,-0.4736686,0.92290974,0.0,1.0
2.8696337,-0.41706336,1.2964711,0.24403837,-0.73132837,-0.48826072,-1.1226977,0.58505094,-2.183889,-0.98726565,-0.041883677,0.0,1.0
-0.5775087,0.8559434,-0.5562629,-0.15315521,-0.482254,-0.7482108,-1.0294427,-0.030509721,0.61346704,-0.41533965,0.2801147,0.05334822,0.5807248
-0.4689815,-0.40812334,-1.8925993,1.0204061,1.2774123,-0.27439278,1.4292225,0.87026143,-0.738362,-0.5942422,-1.4791722,0.0,1.0
0.8781757,3.740183,-1.4665354,-0.97236925,2.2299507,-1.189135,-1.8718446,1.7244399,2.5206213,0.7176793,-1.2233924,1.0,0.0
-0.6698038,0.037699502,-0.6203175,0.93045217,-0.13089648,0.57903403,0.7738459,0.47917664,-1.0468705,-1.0937227,-1.5653402,0.0,0.9718263
0.03937936,1.4890144,-1.331673,-0.9448447,-0.59507155,-0.8649574,-1.2034959,-0.23218372,-0.64879733,-0.30457225,-0.653722,0.2925083,0.6248593
0.8778969,-0.07447211,0.10577542,-0.43693358,-0.32789925,-1.321091,-0.4670586,-0.4681262,-1.3149748,-0.91482955,0.20345645,0.0,0.9720336
0.9476694,4.7222033,-2.1915398,-0.4598746,2.439552,-1.5384241,-1.5083802,1.2427143,1.6052414,-0.061731346,-0.42167625,1.0,0.31333742
-0.7497843,-0.20457354,0.60290825,1.5509708,0.20516056,0.40964133,1.7801217,0.68653965,-1.1123229,1.3112391,-0.78828293,0.06379787,1.0
0.59201217,0.490022,0.5828259,-0.1220668,-0.31837693,-1.187575,0.66338855,-0.13747688,-0.5864311,-0.23890187,0.28464195,0.0,1.0
-1.0261052,0.52443594,-1.4240979,2.1267874,0.06975066,-0.25939888,1.5869324,1.5569128,0.78312314,-1.0332856,-1.7593788,0.1621157,1.0
0.03416099,0.92450225,-1.5683565,-0.8892346,-0.72399646,-0.39045084,-0.14640598,-0.34020072,1.6969572,-0.067015186,0.3659006,0.0,0.802826
-0.5758151,1.3443452,-2.1915398,-0.97236925,-0.669731,-0.12617807,0.38078314,-0.9704955,0.5410967,-1.4320154,-0.6109915,0.0,1.0
-0.757712,4.7222033,-2.1915398,-0.7222759,1.8708466,-1.5386337,-1.8718446,0.3735518,2.7518206,0.38188294,0.604449,1.0,0.0
-0.19396,-0.40021443,-1.7297065,0.1647866,-0.26338655,0.23391628,0.44766706,0.018917628,-0.4985373,-0.5198837,-0.7171097,0.0,1.0
-1.3135364,-0.69104695,-0.7868487,-0.22568741,-0.21244138,-1.2229923,0.41253465,-0.37165457,0.29958606,-1.4478416,-1.2781388,0.13791628,1.0
0.8774344,2.8849387,-1.2313416,-0.14883786,1.9570491,-1.3848907,-0.49868864,0.5451859,1.1944846,-0.029796591,0.2752832,0.7310911,0.3967989
-0.0756025,0.26882094,0.20184988,-0.3559776,-0.29363418,-0.81095254,0.13252789,-0.5169538,-0.06096839,-0.48744044,0.51633835,0.0,0.86120427
-0.2285418,1.6257368,0.4988241,0.9053794,0.505093,1.8249885,2.120822,0.43395725,-0.18314473,1.1032218,0.31871676,0.0,1.0
-0.080054805,0.1436744,-1.6679145,-0.97236925,-0.47902402,-0.66831344,-0.90981996,-0.74680614,-0.6943561,-1.6747506,-0.61928606,0.0,1.0
-0.06263268,-0.3697666,-1.1853759,-0.5609295,-0.16327462,-1.3803836,-1.5968698,-0.9539904,0.65405244,-1.6287872,1.030979,0.20834671,0.46572313
0.28922433,-0.53945214,0.5686598,-0.606362,-0.7403017,-1.5386337,-1.191562,-1.5922731,-1.8743055,-1.6747506,1.4523463,0.0,1.0
2.0682309,-0.66090274,1.2163881,0.6554545,-0.93371063,-0.9911842,-0.32442516,0.36281702,-1.2178551,-0.40856874,0.538841,0.0,1.0
0.09681222,2.5023782,-1.939379,-0.6407141,2.5572472,-1.461899,-0.9535479,0.79913837,1.2732327,0.8348901,-0.69898754,1.0,0.0
0.27948475,-0.6726459,0.66081697,-0.91764003,-0.39261648,-1.0259252,-0.8724125,-1.5922731,-1.1439651,-1.6747506,1.8658206,0.0,1.0
0.4178569,-0.18151957,-0.08343433,0.00958285,0.24919692,-0.35228968,-0.44830298,-0.3667853,-1.5385028,-0.9703444,-0.23277928,0.0,0.9769171
0.3306474,0.18000565,-0.87788236,-0.6905123,-0.0037705787,-0.93303376,-1.2371985,0.29855713,0.6237953,0.21514362,-0.34049636,0.6703258,0.24806973
0.42021626,0.73651755,-0.30934522,-0.97236925,-0.17374492,-0.770887,-0.805229,0.13026217,0.24533731,-0.6457585,-1.3584307,0.36321762,0.89956063
-1.1884192,2.5152998,-2.1915398,-0.48620796,1.375125,-1.1153656,-1.6567391,-0.010309623,1.845893,0.14113533,-0.10367885,0.7890067,0.0
0.92342037,-0.1407378,-1.1609346,-0.25348058,-0.2690638,-1.0174627,-0.2607171,-0.30743617,-1.5625652,-1.1423099,-0.8437165,0.0,0.92832565
1.148103,-0.13001627,0.6410621,-0.1928502,0.89824253,-1.0533794,0.52832884,0.54564214,-0.42869854,-0.07327981,-0.8810925,0.0,0.86521184
1.7938619,0.02949052,2.0510976,2.1267874,-0.93371063,4.2584624,2.1340322,1.7367737,-0.91534346,-1.021916,-0.112999134,0.0,1.0
0.45425466,0.57469285,-0.5738682,-0.755607,-0.066221386,0.05193299,1.1591634,-0.20245686,0.11938507,-0.08809488,-0.30536982,0.0,0.8544587
-0.19836605,1.5189211,-0.40262347,-0.57839215,0.38053113,-0.93239886,-0.43147933,-0.3248593,-0.6071319,-0.7550747,-0.08660168,0.17192365,0.5699265
-0.4878609,0.43282,0.29981092,-0.69313633,-0.6271361,-1.0851424,-0.24246563,-0.99700785,0.4930373,-0.65958846,1.3092978,0.0,0.8912982
-0.8277573,3.0063517,-1.1275315,-0.57452154,2.6374166,-1.0824444,-0.86339414,0.25600392,1.5591077,1.7822763,0.7470335,1.0,0.0
-0.34499905,1.2665101,-1.6734743,0.16896777,0.44427857,-0.65574145,0.16446729,0.015329462,-0.46175185,-0.77982306,-0.9638804,0.0,1.0
0.3173363,-0.8290153,0.80557853,-0.44494975,-0.03712993,-1.0177407,-0.20871204,-1.3363558,-0.3678292,-1.6039644,0.79210275,0.0,0.9350432
1.7161361,0.04843358,1.2595284,-0.58290476,-0.91899747,-1.3393183,-0.09058021,0.094836526,-1.3936272,0.13728972,-0.657298,0.1223258,0.9317035
-0.25892496,1.1560692,-0.0387089,-0.49816605,-0.93371063,-1.5386337,-0.6920331,-0.99868125,-0.22882943,-0.6438922,1.2474315,0.6115559,0.77457905
1.1635776,-0.86253464,-0.08772276,-0.6538156,0.09697122,-0.60455936,-1.5494771,-0.14388944,-1.1086657,-0.36378372,-0.44610938,0.06445996,0.6691564
-0.18312073,1.014615,-1.0077577,0.26010752,0.32730842,2.685496,1.9493059,0.07519886,0.023888025,0.05948236,-0.8834894,0.0,1.0
-0.5010389,-0.52895427,0.07150564,-0.6345834,-0.6732167,-1.5386337,-0.9590694,-1.5922731,-1.467844,-1.236444,1.761469,0.0,1.0
0.22933081,-0.2463845,-0.20178652,-0.46814522,-0.88616097,-1.38739,-1.3664694,-1.5922731,-1.9334432,-0.673691,1.32168,0.0,0.77006274
-1.243758,0.04570932,-1.0310725,-0.8153814,-0.028362568,-0.8151136,0.57351184,-0.25412682,2.395778,-0.08375811,0.1699946,0.0,0.9769241
-1.0441264,-1.0442101,1.1100358,-0.29474896,-0.8857145,2.325024,2.317571,0.4452812,2.7518206,0.6246549,-1.2185866,0.13622904,1.0
0.096625105,0.21884857,-0.5578971,-0.97236925,-0.58542883,-1.1394925,-0.22958086,-0.14872095,0.40319362,-1.6747506,-1.1489182,0.21857458,1.0
0.38559577,0.4406497,-2.0711544,0.6435456,0.0967453,-0.92554176,-0.0380589,0.52003795,-0.20326039,-1.3925701,-0.54978675,0.0,0.74632806
0.31272605,0.031269792,-0.16574258,0.18873827,0.13875479,-1.049769,1.0853527,0.3174444,0.6903205,-0.8202894,-0.4749278,0.0,0.7183224
-0.59020054,0.09226164,-2.1915398,-0.97236925,0.38291368,-0.27855512,0.16717695,-0.94556624,-1.0771961,-0.47035334,-0.51342523,0.0,1.0
0.37553978,2.9238307,-1.0233274,0.14025769,2.0823467,-1.2460943,-0.07165365,1.0946355,-0.04168159,-0.37166154,-0.95907223,0.07185848,0.73939073
-0.7745401,-0.62858516,-0.5320508,-0.63807416,-0.17616117,-0.8988356,0.7503998,-0.031105282,1.4568427,-0.12064892,-0.7964585,0.057680458,0.94228673
0.025534667,3.2741878,-2.1915398,-0.9708597,0.3868509,-1.3752527,-1.8718446,0.7265185,1.7964343,-0.43772483,-0.865228,1.0,0.0
0.48637417,0.064544074,-0.7060132,-0.38627604,0.38925418,-0.8476677,-0.61864203,0.18631925,-0.020298263,-0.09204315,-0.66980577,0.123566665,0.4300127
-0.84138083,0.3659838,-1.6979951,-0.5566144,0.07880879,-1.036396,0.47593474,0.005957539,0.16504018,-0.640372,-1.6336209,0.0,1.0
-0.071719736,-0.61527115,0.7807659,-0.6565742,-0.10666204,-1.3520424,-0.037445758,-0.9676047,0.5735214,-0.65151805,0.8563982,0.0,1.0
-0.5333009,-0.6847426,-0.46038198,-0.97236925,-0.93371063,2.3933878,0.054652996,-1.2529402,1.4760818,-1.1165851,0.45712802,0.50013244,1.0
0.44317532,1.7854677,-1.4956298,-0.36581486,1.8499539,-1.0349457,-0.50061464,0.6306537,1.2234782,0.20262241,-0.4810021,0.67657954,0.10760103
-0.62798643,0.49252197,-1.6073453,0.21839423,0.6935948,0.38429937,0.52372366,0.020785818,0.59850144,0.094044484,-0.011602493,0.067848,0.7907566
0.3851528,0.46374598,2.410799,0.9555356,-0.93371063,0.41474447,0.6289637,0.34608877,-1.0515214,0.08322648,0.45834342,0.24828324,1.0
0.22735286,0.3103552,-0.84548,-0.88690346,0.028218806,-0.94851327,-0.5282911,0.17331931,-0.119678065,-0.27697548,-0.61580956,0.4259729,0.5677187
1.2150522,0.032916036,1.239724,-0.4873314,-0.23511744,-1.5220608,-0.49170005,0.43199143,-0.5303207,-0.08542271,-0.7178232,0.38313243,0.6335433
-0.44461873,-0.24269529,0.41012353,0.76331985,-0.91377866,0.3648333,0.7778477,0.4101664,0.7111735,-0.40252182,-0.30069333,0.0902124,0.6977134
-0.17907791,-0.24188264,-0.30958396,-0.62667257,-0.8219042,-1.293328,-1.2859753,-1.0779243,-1.584085,-1.1174749,0.4101304,0.0,0.91049516
-0.75820243,0.6881973,-0.15081029,1.5859106,0.084944926,2.840388,2.2296767,0.60322064,-1.7672884,-0.121079065,-1.7150599,0.0,1.0
-0.36850035,0.0152127305,1.4757282,2.1267874,-0.7334907,-0.13296966,2.317571,1.4887094,1.202832,0.56436604,-0.106668554,0.0,1.0
-0.45012012,0.8488109,0.14050227,0.88513964,1.5363941,-1.2844837,1.3557417,1.1014662,0.12506716,0.057373285,-1.0376194,0.42900062,0.9308974
-0.1247043,-0.18454567,-0.2923216,-0.0356172,0.3131365,-0.6070032,0.93525785,0.27473,0.062235765,-0.55475533,-0.78536105,0.0,1.0
-0.19709961,-0.15272628,-0.27248326,-0.7104235,-0.712808,-1.528788,-0.3840648,-0.53980047,-1.3041959,-0.20919426,-0.06983288,0.0,0.9300724
0.6584646,1.6653064,-0.87547714,0.017411705,1.0543996,-0.96640104,-0.6025726,1.0143949,-0.1463655,-1.6747506,-1.4325278,0.37936994,1.0
0.03957876,-0.35124752,1.7287549,-0.87917393,-0.8663436,-0.7722775,0.98877156,-0.26939368,2.1449575,0.8758745,0.4855103,0.019524263,1.0
0.27732232,-0.60751164,0.6221369,-0.39360654,-0.5322265,-1.2189307,-0.033177108,-0.8745999,-0.7786416,-0.46019053,0.40906325,0.0,1.0
1.1517422,-0.25193125,2.8018205,1.6766431,-0.4422121,-0.9416471,-0.4011954,1.3096969,-0.7231011,1.0619788,-0.93329257,0.3418795,0.8993779
0.5192131,-1.0442101,-0.3457627,0.07698478,-0.66397965,-0.91744095,-0.11202974,0.053862818,-0.99896085,-0.15168148,-0.33972776,0.0,0.9085149
-0.32755294,-0.22925137,-0.002127342,-0.67332447,-0.49307406,-1.172973,-0.32097363,-0.6918474,0.40066117,-1.032948,0.0861005,0.11716638,1.0
1.01652,-1.0442101,1.8107073,-0.28458408,-0.076670565,-1.177923,-0.23552176,-1.2654519,-1.8451964,0.15554243,1.3246026,0.06613091,1.0
-0.6246173,-0.5988424,-0.502923,-0.97236925,-0.6034114,-1.4423225,-1.1611645,-1.4418724,-0.8541327,-1.6747506,0.5753825,0.0,1.0
-0.012329683,1.2748361,-1.8300382,-0.24330011,1.7775404,-1.0960683,-1.3840309,0.47550228,0.63517284,0.5567522,-0.47075018,0.8560159,0.06901142
-0.05474383,-0.7646528,0.7864632,-0.26487926,0.21023512,-0.72656703,-0.4965033,-0.3469676,-0.02959754,-0.052319765,0.5715638,0.37831202,0.8447707
0.1422229,-0.18508844,-0.41699925,-0.7421441,-0.60677576,-1.2627082,-1.4374136,-1.4835182,-1.5142646,-1.6747506,1.019418,0.0,1.0
-0.7380063,-1.0442101,0.019562948,-0.97236925,-0.48732865,2.1888876,1.941568,-0.11994233,2.6938434,0.3504302,-0.7887076,0.0,1.0
-0.5659686,3.7271428,-2.1915398,-0.97236925,1.1527854,-1.2776067,-1.8718446,0.2811893,1.6776986,-0.58477277,-1.3825963,1.0,0.0
0.56224805,4.7222033,-2.1915398,-0.97236925,0.6333706,-1.5386337,-0.7927068,0.29191977,0.79863757,-1.1114619,-0.7946553,0.5082253,0.8643241
1.2707038,0.63705826,2.4312696,1.5991037,-0.15994254,-1.099383,0.6095576,1.1936907,-1.566383,-0.005468417,0.11294466,0.0,1.0
0.3774392,-0.36665088,-0.21700919,-0.19036348,-0.65295833,-0.5052163,-0.6252569,-0.5062749,-0.6345215,-1.3389463,0.11672281,0.0,0.75859004
-0.24361487,0.4220116,-0.8462572,-0.8031919,-0.17461094,-0.88764524,-0.927028,-0.9911248,-0.28334296,-1.2790822,-0.289482,0.0,1.0
0.6163673,2.5628667,-0.97733945,0.35785034,-0.32305306,-0.7793729,0.122719884,0.844112,0.09922807,-0.49245325,-0.68860775,0.0,0.96091354
-0.31641006,0.32446817,-0.6444317,-0.47778842,-0.81782234,-0.72346276,-0.38584965,-0.25714865,0.44484153,0.59500474,0.0059706327,0.15284859,0.96157867
-1.1408784,2.9898536,-0.6791042,-0.49632746,-0.8553909,0.7183128,0.03647047,-0.42201558,2.0920246,0.0009241849,1.106114,0.2967726,0.66124976
1.0913836,0.075047396,1.0590674,0.40685555,-0.6266907,-1.1541713,0.8645342,0.47527164,-0.5828152,-0.13657975,-0.4240353,0.0,1.0
-1.1537054,0.5747993,0.68488777,2.1267874,-0.45012158,-0.23252383,2.2751231,1.6593676,-0.009982938,-0.08724813,-1.1963786,0.0,1.0
-0.09756495,0.057934176,-2.165361,-0.47423068,-0.44586533,-0.32474613,-0.109296605,-0.5351601,-0.61954653,-1.6747506,-0.54571724,0.0,0.87281215
-0.32128873,1.4213532,-0.40397748,-0.82205725,0.84824675,-0.7846633,-0.5621401,0.2743307,0.79328954,0.9237191,-0.21127608,0.6228104,0.12796834
1.8701174,1.0013207,0.37133685,-0.81234515,0.97586507,-0.7115062,-1.4752619,1.2090082,0.06784877,0.13843615,-1.2463578,1.0,0.0
0.2292689,-0.07068882,-0.28004667,-0.61577445,-0.6817291,-0.96803856,0.035472766,-0.42321715,-0.17907599,-0.17371038,-0.28621912,0.02890679,1.0
0.5404619,0.48870218,2.5521808,2.1267874,-0.46153256,1.1641241,1.3149185,1.6776841,-0.96229947,0.22138639,-0.5253199,0.0,1.0
-0.23992898,-0.06518622,-0.13946086,-0.75815517,0.3942905,-0.9456186,-0.5360609,-0.04770216,0.4925943,-0.20192462,-0.44112808,0.31128663,0.5123361
-0.6041121,-0.34245184,-0.16518989,-0.03542537,-0.11067007,3.5186036,2.317571,0.7588164,1.4016627,0.29290584,-1.7593788,0.0,1.0
2.8379881,-0.40176594,2.8018205,-0.17383526,-0.9318186,-0.037452046,0.94398606,0.91640395,-0.21102849,0.10946004,0.18253319,0.0,1.0
0.17464711,0.7067351,-0.6241863,-0.83583444,-0.44640076,-0.9061282,0.053529903,-0.04731063,0.10358946,-0.3861233,-0.7034863,0.0,0.7204346
-0.41713417,4.7222033,-2.1915398,-0.97236925,0.3050068,-1.2894286,-0.9141099,-0.33545378,1.555149,-0.9610963,-0.12789981,0.58572745,0.5609062
1.3070904,-0.114742145,1.7943945,-0.32119516,1.5054373,-0.57229865,-1.8718446,0.607326,0.36609367,0.97439724,0.10733928,1.0,0.0
0.71249825,-0.040672883,0.08555608,-0.112142146,-0.1519616,-1.2096772,-0.53293675,-0.17056619,-1.7348878,-1.0041692,-0.70779234,0.0,1.0
-1.2217786,0.75910705,-2.1915398,-0.46753326,0.97237295,-0.10487144,-0.23466218,-0.17366214,0.24750498,-0.51386094,-1.3672646,0.17778392,1.0
0.72210544,0.12837672,-0.8264178,-0.6818868,-0.81156033,-1.2988043,-0.6034987,-0.83961284,-1.575918,-0.5414981,-0.1873986,0.0,1.0
1.2017977,-0.619599,0.7047855,0.2821827,-0.22196746,-0.6806337,-0.88933015,-0.592319,-2.0641956,-1.5287622,0.5176284,0.0,0.8469217
0.83359,-0.07737467,0.051164597,-0.46540985,-0.79502654,-0.32437393,-0.31601495,-0.4298011,-0.60865855,-1.5794,-0.21627244,0.0,0.8504382
1.5005234,-0.5841755,0.37168178,-0.37560892,-0.41174698,-1.0650866,-0.6188951,-0.15558419,-1.3491703,-0.40712255,0.0702915,0.0,0.9021466
0.76447517,-0.36181054,0.18428618,-0.47893888,-0.24359119,-0.93154323,-0.2443231,-0.46071368,-0.4448339,-1.2176812,0.2849057,0.0,0.8848107
0.765807,-0.35580084,0.9819317,-0.5375472,-0.5960265,-1.1291682,-0.5266203,-0.89690703,-0.9218517,-0.09548622,0.62364775,0.0,0.8894701
-0.5536716,-0.3157985,-1.3737062,0.62278557,-0.11247056,-0.18006521,1.3834116,0.6724451,-0.031182725,-0.3511308,-1.6377432,0.0,1.0
1.286625,0.615374,0.45527366,-0.45560417,-0.93371063,-0.5401292,0.15189832,-0.26820323,-1.2155852,0.6302173,0.96823454,0.092787735,0.80379456
-0.02569788,-0.4357974,-1.1538543,-0.43217254,-0.3617153,-1.1800048,-0.35927796,-0.49950153,-1.3726486,-0.9342457,-0.7384207,0.09363061,1.0
1.3188137,3.3955264,0.10912608,-0.7506344,0.15106356,-1.3037803,-1.8718446,1.3507693,0.8576664,0.2789698,-0.37925947,1.0,0.0
0.05421602,3.3212504,-2.0771399,-0.97236925,0.6499136,-1.5386337,-1.8718446,1.0972418,2.1029196,0.671553,-0.18582419,1.0,0.0
0.7920213,0.29571638,-0.2151789,-0.37924787,-0.3067312,-1.1522948,-0.14881685,-0.3583374,-1.5496458,-0.39784873,-0.0040856414,0.0,0.8602321
-1.8776025,-0.4741399,-1.8239832,-0.97236925,-0.251797,0.035852328,1.1680756,-0.3878252,2.7518206,1.2466763,0.42261183,0.29999173,1.0
-1.0611273,0.84724474,-1.4745369,-0.50088036,0.30875334,-0.7185307,-1.4897525,-0.2256969,1.020552,-0.52805096,-0.27332598,0.25092518,0.13156828
-0.15078314,-0.26984638,-0.2380063,-0.67427874,-0.5612567,-1.2651218,-0.46370673,-0.45366615,-0.9766575,-0.41056162,-0.29279897,0.0,0.8004233
0.40249875,0.0980352,-0.3210002,0.09619973,-0.50076383,-0.61860526,-0.6303977,-0.39425954,-0.4430379,-1.0744059,0.6403586,0.0,0.8441226
0.6209488,-0.05876065,-0.5982654,-0.97236925,-0.80487645,-0.81740075,-1.1989634,-1.5630293,-1.9530165,-1.5374788,0.66294426,0.017812042,1.0
-0.60465705,1.3914104,-0.7882164,0.0032920758,0.8737131,-1.251468,-0.14757146,-0.074902356,0.9229595,0.55632883,0.5484504,0.088182844,0.5054048
-0.21880104,1.175038,-0.8511256,-0.5404021,0.69452417,-0.6845405,-0.50362945,0.46742567,1.8386836,0.2867575,-0.10038448,0.0,0.5170118
-1.0373151,-0.27688608,-0.09277597,-0.14819817,-0.80227566,2.6261861,1.4389124,0.4160031,0.54895645,-0.14205119,-1.7593788,0.18759501,1.0
-1.0849566,-0.30394983,-0.06963843,-0.5816885,-0.64267284,-1.5386337,0.14836465,-1.1630405,2.2014422,-1.2076905,0.8042184,0.0,1.0
1.1563764,1.042484,-0.66337055,-0.64702505,0.30027887,-0.3336443,-0.7401509,0.5053149,-0.36013567,-0.25216052,-1.1644624,0.67568284,0.27950773
-0.608086,0.3280457,-2.1915398,-0.78711736,-0.32285297,-0.56730425,-0.34577894,-0.528383,0.39292878,-1.1992434,-0.45138875,0.15801774,0.8217007
1.9023743,0.5796949,-0.81385285,-0.6451777,1.4021174,-0.833952,-1.8718446,1.3569819,0.51414716,-0.2866073,-1.3668435,1.0,0.0
0.58064497,-0.7096165,1.3319117,0.09118656,-0.84196377,2.9526489,2.317571,0.76167744,2.5726345,0.1153792,-0.53944606,0.09620117,1.0
1.9477949,0.17341526,1.2063454,-0.5839991,-0.41983178,-0.5527171,-0.106748424,0.9095464,-0.055870857,0.5742191,-0.84177125,0.39065778,0.54867387
-0.3772967,-0.637927,0.5679099,-0.42493123,-0.1928027,-1.5386337,-0.092839465,-1.0114213,0.4325423,-0.68815076,0.8360509,0.06915005,1.0
0.64093876,-0.65922177,0.59181345,-0.5970438,-0.93371063,-0.44865456,-0.10899108,-0.26572844,-0.13698068,-0.97714734,0.021773325,0.100406304,1.0
-0.21903656,0.3801984,-1.8165743,-0.97236925,-0.60163695,-0.80472904,-0.5759969,-0.44333798,1.2825156,-1.6747506,-0.17530984,0.0,1.0
-0.29950395,-0.57325417,0.29341924,1.8580601,-0.37557298,-0.31575838,2.2579036,1.4490992,-0.0065057785,-0.010477645,-1.4137379,0.07013628,1.0
1.3320975,-0.35199216,0.6078443,-0.55221677,-0.4446696,-0.7725198,-0.36904562,-0.27897033,-0.10243072,-1.0688598,0.22685987,0.0,1.0
0.18073191,-0.036982436,0.30006647,-0.84875447,-0.62911993,-1.5386337,-1.4814259,-1.5922731,-1.8941916,-1.6747506,1.7414013,0.0,1.0
-1.832269,-0.2024826,-0.9169671,-0.97236925,-0.28342944,-0.719406,0.4785667,-0.34970257,1.2757112,0.12226346,-0.18863058,0.012428189,0.95539725
-0.31380478,-0.23537044,-0.45878768,-0.97236925,0.28850996,-0.29759902,0.97072524,0.07909425,2.1413445,-0.02876308,-0.2328041,0.07109677,0.7229022
0.40040806,-0.16339405,0.41391316,-0.15081814,-0.024028508,-0.19644201,0.7785436,0.02206486,0.35668612,-0.48831436,-0.3515392,0.0,0.81342393
-0.75427085,-1.010347,-1.1718628,0.7879486,0.0299234,2.665782,2.317571,1.2168077,1.5687652,0.72407234,-1.7593788,0.0,1.0
-0.29479396,0.34340662,-0.88433325,-0.026154831,0.049074702,-0.72384757,-0.1904348,-0.14549106,-0.27609077,-0.19730093,-0.31363824,0.0,0.7658147
0.07042992,-0.57401824,0.012332793,-0.22164725,0.014347668,-0.23961627,-0.14203972,-0.07389657,0.0019264526,0.089554414,-0.14860865,0.04580109,0.2543909
-0.13247813,1.998575,-0.7034773,-0.09372715,1.0958931,-1.276037,-1.006932,-0.06350958,0.9105236,0.752326,0.9097547,0.7406913,0.025641562
0.68728346,0.066628195,0.9540044,0.21447025,-0.93371063,4.1544003,2.068985,0.62185246,0.40484816,0.63095665,-0.29936305,0.0,1.0
0.68497133,-0.0011612684,0.40247536,0.0374105,-0.5546089,-1.1305081,-0.9512142,-0.16923034,-1.2168108,-0.28722242,0.52916545,0.0,0.7247179
2.966995,1.1812992,2.275848,-0.6070816,1.6154624,-0.8470824,-0.9785491,1.1931118,-0.26466927,1.5370646,-0.5571505,1.0,0.080638856
1.0849904,3.8874516,-2.1915398,-0.71761197,1.6653812,-1.5386337,-1.8718446,1.0145577,1.6366347,-0.52718073,-0.6864515,1.0,0.0
-0.16952598,-0.12303015,2.0722263,-0.97236925,-0.93371063,3.1721587,2.3069205,0.022826644,2.6158683,0.12852293,0.11248556,0.6253268,1.0
1.4274824,1.6902066,-0.033740804,-0.12143986,5.565251,-1.3488286,-1.8718446,1.7367737,1.0488889,1.4100888,-1.4574889,1.0,0.0
-0.3186102,0.31356597,0.330617,-0.7214269,-0.83864516,-1.2406794,-0.67163914,-0.8376495,-0.6390049,-0.06364684,0.69778454,0.06844774,1.0
1.0267087,4.7222033,-2.1915398,-0.97236925,5.0203905,-1.5386337,-1.8718446,1.7367737,2.7518206,0.57114357,0.29332507,1.0,0.0
1.0746647,1.356827,1.5257595,-0.08840709,-0.26054314,0.132905,0.25472468,0.393484,-0.5518589,-1.347553,-0.04858192,0.0,1.0
0.11085604,-0.5220514,0.8033694,-0.072679326,-0.55511665,-1.2591192,-0.5904162,-1.5922731,-1.6028839,-1.0021013,1.8658206,0.0,1.0
1.5662471,-0.19780399,-0.9108733,0.23058589,0.104635015,-0.86931187,-1.1982164,0.7581405,-0.58738816,-1.1428372,-0.7709848,0.32184437,0.560108
0.11036302,0.9186433,2.2938316,2.1267874,0.3050916,2.2388475,2.0475502,1.428506,-0.41487947,0.4372774,0.14091615,0.18758653,0.6659293
-1.0783752,-0.29663673,0.57656586,-0.50322866,-0.094962806,-1.2563963,0.3163991,-0.48256913,2.712824,-0.013205314,0.45089483,0.20662533,1.0
-1.0274905,0.76217175,-0.40991202,2.1267874,-0.09400249,-0.38176718,1.2302233,1.1602203,-1.5057027,-0.62578017,-1.7367649,0.0,1.0
1.1807511,-0.3960219,0.33437562,0.80754477,0.8922739,-0.92796713,-0.32859254,0.23917279,-1.7691605,-0.81130594,0.11079615,0.30218655,0.7897745
-1.3280835,0.21749891,-1.3787665,0.3728048,0.7751235,0.055670068,0.6875845,0.087664574,0.3173588,-0.10930098,-1.1104847,0.08348007,0.9465416
-0.2505579,-0.5164222,0.950978,-0.47937575,-0.93371063,-0.87917745,-0.06718812,-0.54446787,1.0859547,0.32541803,1.0761935,0.08584207,1.0
0.8782395,0.55623555,1.1079853,1.3718348,2.17108,0.3686994,1.3614224,0.9364843,-0.9862319,1.6315339,0.10845125,0.0,0.26602364
1.0049621,0.3182175,2.5890324,0.07743796,0.13193536,0.47386208,2.317571,0.541119,0.81294334,1.1276239,0.24958155,0.0,1.0
0.6487016,-0.5444133,-0.65108246,0.6756133,1.198696,-1.3065548,0.3029073,0.7994326,-0.28981608,-0.5744215,-0.018868703,0.24663565,0.745211
0.26051745,2.552516,-0.16992044,-0.41671148,1.3828182,-1.1176172,-1.8718446,1.1266834,2.2852259,0.80558276,-0.21393928,1.0,0.0
-1.6710378,1.4322369,-2.1754901,0.5650468,0.91418207,-0.628997,0.83535063,0.7037048,0.6025101,-0.6813968,-1.7593788,0.06629303,1.0
-0.33795792,-0.17815302,1.105616,1.0080819,-0.6322277,1.9651351,0.60200065,0.5869192,0.3276077,-0.53140795,-0.97764224,0.06997732,0.958677
-0.6154629,2.4283957,-0.5481373,-0.97236925,0.4223246,0.033422425,0.66603225,-0.3783707,2.4622967,1.3696567,1.1934265,0.092847794,0.5641309
-0.9234465,1.5802072,-1.0553137,-0.71296656,0.24308923,-0.9683183,-1.1220987,-0.87373596,1.6644536,-0.42761162,1.8658206,0.3133972,0.6543991
-0.5702366,-0.05906403,-0.2532072,-0.8746472,-0.48516053,-1.2698951,-0.3339833,-0.85762334,0.5877278,-0.9457551,0.21690279,0.07224485,0.9810259
3.1286027,1.6010699,1.5102532,-0.9719405,0.88111126,-0.65418804,-1.8718446,1.7367737,0.9217742,0.9854167,-1.1496835,1.0,0.0
0.2746582,-0.34906566,0.86827576,0.107577555,-0.19390497,-0.5397986,-0.9417734,-0.5486841,-0.31484205,0.24526536,1.2490919,0.17039502,0.54947096
0.8287325,-0.46715906,0.3917316,-0.3610572,2.1437068,-0.9814767,0.39183795,0.72938305,-0.039850634,0.77671933,-1.153774,0.2918896,0.5865717
-0.41766787,-0.37870076,0.8069331,0.071985915,-0.6113932,0.3113003,0.71651584,0.32061613,0.16146718,-0.26219964,-0.6735483,0.0,0.64591205
1.1741422,-0.0050335936,2.8018205,0.27484363,-0.463272,3.6425304,1.2331806,0.14867775,0.01990733,1.042124,0.54042065,0.0,0.9754995
0.39432672,1.3776716,-0.18098384,0.12509522,-0.7458879,-1.2118857,-0.5374263,0.07907071,-0.71016747,0.4162611,0.3707194,0.0,0.7167618
0.1757778,-0.44047707,-0.16143614,-0.97236925,-0.569831,-0.45752993,1.1538099,-0.34147373,-0.43194103,1.2679976,-1.0226637,0.05324483,0.75793415
-0.92288566,4.7222033,-2.1915398,-0.82971877,0.58357614,-1.5386337,-1.8718446,0.6774311,2.7518206,-0.31661528,-0.044419385,1.0,0.0
-0.15206513,-0.71245694,-0.3321831,-0.32326284,0.16019124,-1.2026403,0.2965321,-0.3781993,0.21410072,-0.40241617,-0.3326809,0.0,1.0
0.056912884,-0.35607168,-0.15390688,-0.05417995,-0.26791963,-1.1292166,-1.1820856,-0.3532693,-0.9006315,-1.2628052,0.096133396,0.0,0.5975489
0.08102588,0.33620307,-0.9001814,-0.751074,-0.56359,-0.6117543,-0.6673264,-0.34708354,-0.641895,-0.47798193,-0.54461545,0.0,0.7153957
3.3844666,0.5853964,2.8018205,-0.97236925,1.3745484,-1.1919428,-1.8718446,1.7367737,-0.594019,2.2838242,-1.7513627,1.0,0.40530625
0.3115471,1.7960395,-1.5244447,-0.97236925,-0.054633845,-0.79682463,-1.7725949,0.5530305,0.83387065,-0.27214748,-1.2432643,0.64466494,0.023094434
-0.48041317,0.36077517,1.6955756,-0.21473788,-0.93371063,2.3603778,1.531968,0.07264004,0.11933686,0.6932919,-0.19378448,0.15016644,0.83621687
-0.6032269,1.2714522,-0.7570937,-0.19434324,-0.5885961,-1.1982003,-0.7717652,-0.95777065,0.30468702,-0.64322925,0.965717,0.059594765,1.0
1.442249,-0.94977194,0.4036228,2.1267874,-0.82588905,-0.07281324,1.2432729,1.7367737,-1.8450845,-0.3146857,-0.93047786,0.023241354,1.0
0.4374778,0.785923,0.15534195,-0.57327664,-0.8105218,0.4817303,-0.0052651027,-0.71816605,-1.299536,-0.8872266,0.0998773,0.11386863,1.0
-0.24557368,1.3977096,-2.1915398,0.083984606,-0.29868928,-0.12676111,0.5825695,-0.22951667,0.21642035,-0.54920924,-0.32459593,0.07371049,0.9373487
0.022795657,-0.23416097,-0.6847152,-0.24740177,-0.5642024,-1.0329009,-0.23007165,-0.20220268,-0.3768794,-1.3589694,-0.30817673,0.0,0.8742555
0.10699831,-0.57256645,0.8922555,-0.14764486,-0.7209593,-1.4395564,-1.0928848,-1.2821397,-1.0470314,0.06548964,1.7532951,0.0,1.0
-0.09295234,2.1392639,-1.6843098,-0.93888074,-0.5690671,-0.79556173,-0.7474354,-0.052407566,-0.022636484,-0.050385114,-0.3166818,0.33877864,0.7741925
0.028515581,-0.54321444,-0.67920905,-0.36296272,1.863789,-0.49385533,-1.4296138,0.86913204,0.73098207,1.213113,-1.052173,1.0,0.0
0.06219319,2.151399,-1.3828245,-0.39330533,0.5371601,-0.82778746,-0.8797243,0.21996704,1.6762406,0.38088417,0.6400741,0.22201283,0.02200433
0.4256383,0.32170445,0.7561002,-0.44906282,-0.5607567,-0.9240625,1.0100224,0.42359954,0.84155023,0.03116495,-0.8006039,0.026968071,1.0
-0.9980368,-0.20936592,-0.5014383,-0.8580796,-0.4139176,-1.4898989,-1.1172793,-1.365216,0.0070401076,-1.1657792,0.87515205,0.0,0.99218726
0.8857831,1.2905035,-0.5234289,-0.90172845,0.6448426,-1.13804,0.213102,0.030823676,-0.724307,0.37623113,0.014772775,0.2416788,0.24030015
-0.25323272,1.3560517,-1.495065,0.8305613,1.3291645,-0.38341895,1.1003588,0.58551925,-0.5585704,-0.27555296,-0.9517511,0.006248027,0.96820545
-0.33595115,0.96572584,-1.106616,-0.80432725,2.3980017,-0.5241088,-0.28068936,0.47841358,1.4877543,0.9098418,-0.29191393,0.8385357,0.23749769
-0.68191236,-0.06801894,0.43961486,1.5067521,-0.5707789,0.8542625,1.8227568,1.3365638,0.5652715,-0.8084286,-1.7593788,0.009700252,1.0
-0.43185812,-0.13894698,-0.59163225,-0.9249572,-0.34610528,-0.19385493,1.0334139,0.0137238,0.96255434,-0.60706663,-1.1481491,0.0033591595,0.9663088
-0.7682668,0.72139674,-1.1609088,-0.8581334,-0.6617206,-0.97982687,-0.322918,-0.06663454,1.2972507,-0.802457,-0.022518896,0.30749542,1.0
-1.1795188,2.0765505,-1.6819433,-0.6841147,-0.5333589,-1.3227805,-0.98558,-0.4994918,0.7410529,-0.7743944,-0.4007893,0.03741522,0.73784554
-0.4521477,0.43188438,-0.70062476,-0.97236925,-0.6958996,-1.5386337,-1.0280863,-1.4997673,-0.579418,-1.6188564,0.726874,0.0,1.0
-1.8776025,-0.51843435,-0.113197625,-0.97236925,-0.23394886,-0.42061663,0.99801576,-0.57141787,2.7518206,0.6202461,-0.2399311,0.051585205,0.83650726
0.7956147,-0.5609099,0.82052296,-0.6083604,-0.93371063,2.4092562,1.3274449,0.24593979,1.2915915,0.026647141,-0.60099894,0.016793748,0.9301667
-0.7117481,-0.32515338,-0.1817599,0.43282983,-0.45895508,1.6864737,1.3437148,0.24425027,-0.021820642,-0.5720214,-0.82490444,0.0,0.9985598
-0.15204471,0.11511415,1.038703,2.1267874,-0.93371063,-0.06765143,1.2418413,0.8823034,-1.2996825,0.45510226,-0.019340156,0.009104986,1.0
-0.4061284,0.6291849,-1.0565042,-0.49676755,0.08268384,-0.7252533,-0.7054734,0.007951379,0.5442239,-0.72591877,-0.45200998,0.20765479,0.79532725
1.6973912,-0.731603,1.1222293,-0.7286768,0.67427903,-0.517502,-1.8718446,1.0823355,-0.29479352,0.63590807,-1.1589631,0.8716101,0.2972229
0.083123446,1.0969231,-0.65083194,-0.6149002,0.6199608,-1.1672837,-0.4649179,-0.26432052,-0.14046615,-0.15218548,0.22381845,0.2017667,0.40044406
0.2598014,-0.71919185,0.7763239,-0.44481677,-0.35813114,-0.89980376,0.24717419,-0.43862423,-0.18225358,0.12799792,0.385168,0.15073323,1.0
3.3844666,0.50741154,2.6467621,-0.92855096,-0.3687434,-1.4361773,-1.3216953,1.1720567,-1.526292,0.69113344,-1.1691359,0.67903084,0.65998477
1.0322814,-0.46974948,-0.13101548,-0.41643208,-0.63875127,-1.1632406,-0.9901257,-0.7423321,-1.2411716,-1.1297882,0.40985414,0.0,0.8992248
-0.5072434,-0.60226274,-0.40331444,-0.367767,0.07714976,-0.7101502,0.8818352,0.0365835,1.0090268,-1.0189943,-0.85640174,0.0,1.0
-0.008120868,3.1126678,-2.1915398,-0.9648436,0.45149028,-0.6917719,-0.9294575,-0.23739733,0.7916203,-0.3379321,-0.5950116,0.5215612,0.6605557
0.16305977,-0.19701529,-0.01438063,-0.69595176,-0.6473158,-0.8909828,-0.25394934,-0.268522,1.5749363,-0.6685687,0.31486204,0.5058149,0.7812497
-0.07915361,2.5261486,-0.85050833,-0.1590347,1.0443902,-1.0008024,-1.8718446,1.3439475,2.7518206,0.32102,-0.37771782,1.0,0.0
-0.6688892,2.0013547,1.9924071,1.7494072,1.4825683,-1.0120356,1.7487957,1.1155763,-1.5387734,0.26542345,-1.11946,0.0,1.0
-0.84873194,-0.10759664,0.0008780062,-0.97236925,-0.376282,-1.5386337,-0.5630233,-1.4001724,0.012935834,-0.75431937,1.0652955,0.0,1.0
1.9896746,-0.15354355,1.3260105,-0.03505886,1.0675311,-1.2609055,0.018729428,0.6492762,-0.52416354,0.8578091,-0.62370324,0.23760074,0.63086134
0.7436214,-0.43126208,0.27068585,-0.6581046,0.025232399,-1.256775,-0.5436236,-0.57904196,-0.91721916,-0.6217259,-0.28018075,0.019996693,0.9475244
0.13803159,1.5775313,-1.0027109,-0.97236925,-0.82950515,-0.51039803,-0.4356596,-0.6357261,-0.8246681,-1.5288696,-0.8084936,0.0,1.0
1.4314617,0.24651851,0.8268656,0.91601855,-0.55459344,-1.0881569,-0.2124179,0.059525725,-1.724497,-0.9027786,0.53097904,0.0,0.9712111
2.1254008,0.039705414,1.9309542,-0.8027331,-0.22285384,-0.95157045,-0.6361947,0.8260066,-0.8368109,0.74560124,-1.0970325,0.23266819,0.6583379
0.1451647,0.7016631,-1.1052122,0.9523912,0.12264746,-0.8312254,-0.49417347,0.7438367,0.46409017,0.015532622,0.20005114,0.47029412,0.47465923
-0.16304494,0.5065134,-0.90506,-0.41811767,0.8630053,-0.9394741,-0.97678316,-0.021576587,1.2578181,-0.15547107,0.30517247,0.71056426,0.0
2.1949613,4.002556,-1.021795,-0.78633654,3.2960653,-1.5203509,-1.8718446,1.730374,1.2084888,0.44013092,-1.1363013,1.0,0.0
-0.7069953,2.6357284,-1.7047588,-0.7583199,0.4024563,-0.85076296,-1.8718446,0.42548603,2.0827546,0.19865607,0.05133234,1.0,0.0
0.9134668,1.0298724,1.1055965,0.63239443,1.1972145,-0.66418546,-0.78303254,0.80875427,-0.052355446,0.7406607,0.45038128,0.625331,0.0
1.3410317,-0.881139,1.2143407,-0.22881933,-0.93371063,-0.98650986,-1.1595583,0.10649492,-0.6085174,0.7515583,0.79057646,0.15225811,1.0
-1.2252586,2.1916347,-1.6532502,-0.44733092,0.08113695,-0.9445038,-1.8718446,-0.4360266,2.7518206,0.3095827,1.5715413,1.0,0.0
0.45385537,-0.66439337,1.005322,1.2835501,-0.59284157,-1.1181353,-1.1532342,-0.38406086,-2.183889,0.04001432,0.70409733,0.0,0.8877612
-0.009441473,-0.7177597,-0.17282343,-0.514954,-0.44029698,-1.0178921,-0.021645123,-0.15668805,-0.13082094,-0.39934734,-0.24290061,0.14156611,0.8316323
0.46778905,2.4375296,-0.4192844,0.0011527839,0.9449967,-1.2906536,-0.2677759,0.73740125,0.48393726,-0.08672642,0.21214078,0.47036928,0.24349621
-0.4561875,4.7222033,-2.1915398,-0.79605395,3.7353709,-1.5386337,-1.8718446,1.0209799,2.7518206,0.82238376,0.0453491,1.0,0.0
-0.4841191,0.14991687,-0.29434976,-0.55019456,-0.14891556,-1.1763318,-0.9603397,-0.16910587,0.7969216,-0.097368345,-0.052212413,0.27630904,0.49585003
1.5471078,-1.0442101,1.3529309,-0.66727823,-0.6173353,-1.2945882,-0.35798043,0.19558148,-0.8854358,0.39066988,-0.17290278,0.0026824735,1.0
-0.31996483,-0.105840474,0.8167542,2.0347412,-0.91848224,2.6022744,2.317571,1.1296334,0.23350301,0.23380688,-1.2275951,0.106514536,1.0
0.64693093,0.042713583,0.11701413,-0.6696342,-0.431793,-1.2160457,-1.0182867,-0.27298966,-1.2449598,-1.0678473,-0.35934108,0.0,1.0
0.41769662,3.1820507,-0.913079,-0.5101466,1.1858417,-0.9087915,-1.083671,0.68023044,0.95405275,-0.017183613,-0.5566372,0.7740339,0.0
-0.27973676,0.14110406,-0.88233566,-0.8579892,-0.36293843,-0.85846734,-0.53636134,-1.1527671,-1.5967629,-0.91969943,-0.01592959,0.11116461,0.8400052
0.70620656,-0.13113426,0.74946284,0.21343036,-0.3068368,-0.60484487,0.20673853,0.5833858,0.25454235,-0.5964655,-0.85099345,0.0,0.9576906
1.9235932,-0.84592783,1.4376793,-0.97236925,-0.93371063,-0.3979652,0.19648442,-1.0034028,-0.36728495,-0.887674,1.1249577,0.0,1.0
0.2321338,0.3114965,-0.28608721,-0.9083678,-0.39221814,-1.09985,-0.43089873,-0.31084734,-0.26894343,-1.2828857,-0.6630374,0.0,1.0
1.0873057,2.823463,-1.277003,-0.97236925,0.26787618,-0.7331566,-1.8718446,0.874389,0.8951688,-0.60179824,-1.1390352,0.9297019,0.42474
0.42618468,-0.3662355,-0.45354453,-0.5644145,-0.49571124,-0.96475565,-0.8585574,-0.88908935,-0.8915538,-1.2444074,0.29402554,0.0,1.0
-0.24208595,0.73555946,0.10635089,1.7130781,0.19414711,-0.6051331,1.5948466,1.499411,-0.2284002,-0.30738443,-1.0372453,0.0,1.0
-0.30195618,3.9007375,-2.1915398,-0.26976585,1.8265432,-1.2846982,-1.8718446,0.7151212,1.6511583,-0.2738136,0.045622244,1.0,0.0
-0.07806821,-0.33624965,-0.27165738,-0.97236925,-0.6735272,-1.1307158,-0.5698239,-1.5922731,-0.96863073,-1.3728218,1.0276887,0.0,1.0
-0.22758679,-0.15546453,-0.992751,-0.3312176,-0.2315566,-0.62459797,-0.29032743,-0.42475912,-0.2980534,-0.5250928,-0.5609523,0.0677523,0.53592694
-0.65276814,1.7199942,-0.45225802,-0.13545153,-0.36771452,-1.078852,-0.5567883,-0.7528201,0.3740044,0.697013,1.0391697,0.18760282,0.48974928
-0.38556162,4.098836,-2.1915398,-0.6366038,0.8661656,-1.5386337,-1.6525673,0.35079876,2.0521753,-0.8059563,0.20653957,1.0,0.14237553
1.1649878,-0.10229573,-0.09872123,-0.21631932,0.2585324,-0.8083693,-0.2697971,-0.28936338,-1.2451388,-1.1867893,-0.13354528,0.0,0.6408171
1.3172407,-0.09115363,0.6972597,0.74663055,-0.3518294,2.8721056,2.1874256,0.58209383,0.7887323,1.496587,0.6222663,0.0,0.99750924
0.7307999,-0.0073284544,-0.7222726,-0.57209146,-0.120213374,-0.5941729,-0.5854315,-0.534084,-0.46171555,-1.6747506,-0.2690837,0.019374577,0.82388586
0.05795508,0.18733644,-0.6092502,-0.5544671,-0.1597586,-0.71525586,0.10268925,-0.29872236,0.4094196,-0.85515404,-0.007911483,0.0,0.844474
-0.19496293,0.45339096,1.6308062,-0.03476514,-0.71822035,0.2560678,0.26507127,-0.7342111,-0.7714945,-0.7661251,1.1058778,0.0037168395,0.88067925
-1.8776025,0.795458,-0.6197634,-0.97236925,0.7383126,-1.0158817,0.86152864,-0.727522,2.0306356,0.42023182,0.4457407,0.27595317,0.8486625
-0.20311566,0.073344424,-0.3326003,-0.6483032,-0.4346486,-1.3895323,-0.6452203,-1.1005152,0.18985897,-1.6747506,0.8766282,0.41570735,0.8632022
0.3651167,-0.85695165,0.84498996,-0.41000676,-0.93371063,-1.5386337,-0.72094256,-1.5922731,-1.9532673,-0.64010686,1.8658206,0.009126646,1.0
1.3451179,0.59188265,0.57666427,-0.8609521,-0.37171572,-1.1110513,-0.17198703,0.20278867,-0.8257587,0.9224532,-0.7820329,0.27617228,0.7161397
-1.8776025,0.7387217,-1.3913847,-0.60405576,-0.57628435,-1.5386337,-1.6048352,-1.0184357,2.7518206,-0.6029653,1.4684259,0.44607174,0.49300325
0.03990248,4.7222033,-2.1915398,-0.97236925,2.2726965,-1.5386337,-1.8718446,1.0756575,2.5935056,-1.2611406,-0.17270637,1.0,0.0
0.110365376,2.2587364,-0.8243424,0.10580501,2.3948097,-1.3042318,-0.9722658,0.9727284,1.1384134,1.4509492,-0.5774739,0.7628515,0.0
-0.60775787,-0.3699243,-0.8388029,-0.8435257,-0.48572633,0.051851414,0.4605077,-0.32817653,1.1172858,-0.62688744,-0.079589605,0.031147236,0.94979256
-0.3886853,-0.29502183,0.48221138,-0.13003962,-0.5034487,-0.8837682,-0.5170581,-1.1979909,0.39281467,-0.81883234,1.1293212,0.0,1.0
-0.18695022,0.08209132,-0.8158523,0.64289993,-0.2097654,-0.27679062,0.5117665,0.05501109,0.2708461,-0.31868574,0.23628965,0.0,0.9651729
0.99681056,4.7222033,-2.010701,-0.65996337,1.9389994,-1.472953,-0.93476206,1.5758107,2.0404642,0.087568454,-0.038567767,1.0,0.30780077
-0.4059009,0.41684026,0.28235868,-0.042484354,0.26807266,-0.84517133,-1.8718446,0.6109626,1.2450621,-0.16104938,-0.24724454,0.9610668,0.10779778
0.42153484,0.1358595,-0.0007217936,0.06351986,-0.93371063,-0.32495347,0.65886545,-0.044961423,0.5375496,-0.6328183,0.056136735,0.0,1.0
-0.57514423,0.81197596,-1.590644,-0.97236925,-0.93371063,-0.6053339,-0.16450843,-1.485904,-0.54504263,-0.8628193,0.40208593,0.20987259,1.0
1.5892546,-0.45486087,0.36225078,0.3460509,-0.28066054,-0.73864335,-0.07453852,0.6262935,0.0037327355,0.23622844,-0.8133183,0.0,0.63635457
1.8969188,2.4150763,0.34427708,-0.97236925,-0.08427141,-1.081802,-1.3706163,0.4891964,0.26148847,0.45157403,-0.39409065,1.0,0.27205688
-1.3116516,0.95990545,-2.0219362,0.05117867,2.3761837,-0.8028239,-0.94755554,0.34861803,2.141064,0.8682312,0.3280918,1.0,0.0
-0.5650365,3.105126,-2.1915398,-0.74090683,0.22200364,-1.5386337,-1.8718446,0.022365414,1.2052639,-0.2747584,-0.20045005,1.0,0.0
0.76642543,0.18003267,-0.23839286,-0.37204012,-0.70310515,-0.95629233,0.36623484,-0.70184857,-0.9214353,-0.83347815,0.027257444,0.0,1.0
2.7399893,1.8180401,1.2345679,-0.97236925,-0.35614395,-1.4171937,-0.45006198,0.5672596,-1.34917,0.3243259,-1.3986719,0.20284253,0.99659324
-0.36770162,1.4956695,-1.8377938,0.24455406,1.488927,0.064256586,1.5326302,0.37795258,0.38357967,-0.20129754,-1.1687605,0.0,1.0
-0.7634203,2.547325,-1.341234,-0.31771067,0.79183674,-1.5386337,-1.8718446,0.0913978,2.0270271,-0.041160043,0.58604836,1.0,0.0
0.56534886,-0.38316682,0.41560775,-0.07025758,-0.93371063,-0.8321949,-0.3295561,-0.58917505,-0.65985847,-0.5404844,0.9745199,0.0,0.94108653
0.3700611,-0.16222754,-0.30244687,-0.6265208,-0.502428,-1.0029836,-0.93296003,-0.56201524,-1.5499173,-0.7214494,-0.39105684,0.0,1.0
-0.32460687,0.8307876,0.1635631,-0.5756078,-0.93371063,-0.3325298,0.1949517,-0.49052778,0.4382646,-0.131439,0.63733715,0.42305896,1.0
-1.1937869,-0.8028045,0.5134954,-0.97236925,-0.39285082,-1.5046957,-0.4152305,-1.5922731,0.4364232,-1.3845942,1.5525368,0.08200678,1.0
0.99434704,-0.8490622,-1.729932,-0.97236925,-0.93371063,2.6007473,1.5526278,-0.3057486,1.7432494,-0.883323,-1.0271791,0.0,1.0
-0.69286203,1.1571529,-1.9209089,-0.59211475,-0.3916327,-0.982232,-1.1082486,-0.2890815,0.51881385,-0.974634,-1.1835796,0.14559688,0.64799845
1.4488939,3.481198,-0.8940509,-0.5643714,3.0484483,-1.2674046,-1.5145823,0.9452579,1.0074388,0.25348175,-0.2790444,1.0,0.0
0.48971504,-0.69869655,0.53826904,-0.6001852,-0.6089086,-1.5386337,-0.84895194,-1.5922731,-1.7825354,-1.5910006,1.526329,0.0,1.0
0.0074615385,1.4128689,-1.5379806,-0.49214864,0.5988568,-0.8907538,-1.0297847,0.24436402,0.2478205,-0.41952384,-0.920543,0.27459887,0.26879945
-0.5427923,-0.10624107,-0.37542385,0.7612196,-0.16810492,0.15266117,1.1251664,0.7012292,0.2740132,-0.73088235,-1.0890968,0.0,1.0
-0.6589778,0.28736377,-0.91736704,-0.7366076,-0.5579804,-0.70986044,-0.40023994,-0.6628097,-0.46802136,-0.42853895,-0.35665056,0.0,0.76110435
-1.8776025,0.426627,-1.0497884,-0.97236925,-0.7042789,-1.2972924,-1.4181131,-1.5922731,2.7518206,-1.541556,1.8658206,0.07242823,1.0
0.16135111,0.5748476,-0.77697945,-0.10135527,-0.13172528,1.175214,1.1468438,0.1343997,-0.30336663,-0.5950881,-0.76415485,0.0,1.0
-1.0182464,0.2331,-0.3234588,0.8304918,-0.5352768,-0.08602422,1.4888567,1.2137468,1.5487397,-0.5931001,-1.7593788,0.0,1.0
-0.035958942,1.1088619,-0.98647314,0.5477087,1.4131069,-0.8745934,0.5590108,0.9207162,-0.18060094,-0.0656285,-1.028885,0.38612404,0.77461386
-0.49295804,-0.62525237,-0.46142307,-0.97236925,-0.34612325,-1.0298059,0.51198804,-0.46414393,2.2308002,-0.7979286,-0.08740018,0.0,1.0
-0.9695787,4.7222033,-2.1915398,-0.97236925,2.4137416,-1.5386337,-1.8718446,0.7531598,2.7518206,0.5487828,1.1016407,1.0,0.0
-0.19721742,2.9421265,-2.1203253,-0.5557136,-0.108935654,-1.1710551,-1.4339545,-0.01862291,0.7452199,-0.8412422,-0.24920136,0.5260823,0.5953396
-0.9319077,2.7547975,-2.1915398,-0.97236925,-0.7847899,-0.76178926,-0.5437503,-0.5653358,2.7518206,-0.36749023,1.4903864,0.2934012,0.77902025
0.88683426,0.7506715,0.24560058,-0.38488972,0.23280978,-0.5528685,-1.8718446,-0.0037503345,0.04785665,-0.06853347,0.47881347,0.6527368,0.0
0.20637043,-0.0020132354,-0.019187354,-0.008332644,-0.06958773,-1.2478449,0.24198304,-0.12161172,0.52068067,-0.8805407,0.07688997,0.0,0.8465283
-0.37180388,0.24446079,-1.1605577,1.2362579,0.06597822,-1.2621182,1.1049618,0.6274528,-0.2853351,-0.71116465,-0.83540905,0.0,1.0
-1.7792624,0.15333396,-0.8242894,-0.7819586,0.14287871,-0.9171069,-0.20961031,-0.32177314,2.7518206,0.050342746,0.0115589,0.32049003,0.5816643
-0.8096408,-0.5037332,-1.375473,-0.5995235,0.6540091,-0.8278927,0.46814996,0.10796807,0.5129177,0.26680055,-1.2741915,0.0,1.0
1.2723695,-0.011563684,0.49031892,2.1267874,1.1050104,0.26079005,1.156217,1.7367737,-0.89542675,-1.0055796,-0.74091583,0.0,0.95272344
-0.06276378,-0.35046044,0.772966,-0.74788946,-0.93371063,-1.5386337,-0.6527258,-1.3167361,-0.9636747,-1.0155225,1.3072371,0.17343158,1.0
-0.45623073,-0.10600962,-0.3301618,-0.291683,0.14447698,-0.29688677,0.16926688,-0.30257183,0.41396806,-0.30858135,0.060042612,0.0,0.5989143
-1.3006839,0.7750009,-0.7963269,-0.50791025,-0.5045545,-0.8329393,-0.60741615,-0.44053584,1.9588937,0.010682957,0.8921401,0.18973666,0.51714635
-0.9024603,2.7954202,-0.87844217,0.033663757,-0.45586827,-0.18453422,-0.089837626,-0.30188778,2.4761243,0.2111851,1.3545464,0.20776495,0.50894654
-0.42631444,-0.09352278,-0.9229339,-0.97236925,-0.46886647,-1.3064315,0.09017886,-0.6040264,-0.4770592,-0.56450754,-0.7629795,0.3129469,0.9366996
1.0567777,0.5741784,1.525013,-0.38392285,0.2069709,-1.2389319,-0.2732355,0.027400257,-0.07623366,-0.8560583,0.2835419,0.29437542,0.16680661
1.2154827,-0.042934142,0.5938596,-0.6973987,-0.93371063,-1.2719922,-1.0711018,-0.40415058,-1.1217638,-0.56373405,0.2611155,0.0,1.0
0.24665591,0.6950842,0.31614625,-0.86524594,0.021608368,-0.4600126,-0.11672496,0.7275783,1.255888,1.4439327,-0.007945916,0.744565,0.33514908
-1.4900194,0.49166676,-1.8290944,0.4735402,1.7520221,-0.34279108,0.8675598,0.16099608,-0.500031,-0.07560823,-1.7593788,0.1816096,1.0
1.61924,2.5921547,-0.18109304,-0.97236925,0.16491333,-1.5386337,-0.91545254,0.6504707,0.15022114,-0.36204687,-1.0122906,0.57430595,0.60583174
-0.6852292,-0.88112175,0.3705018,-0.97236925,-0.30119047,0.47942266,0.7578371,-0.6635755,2.0610528,-1.1106507,-0.034631047,0.14549868,1.0
-0.42598245,2.0936484,-2.0815108,-0.27725068,-0.33550528,-0.9199669,0.00999986,0.17596135,1.2243688,-1.1278049,-0.88116586,0.0,1.0
-1.6730307,0.91252404,-2.1915398,0.9032859,1.4438926,-0.57579887,0.9937302,-0.080801316,-1.286079,-0.66644096,-1.6009215,0.0,1.0
-0.1609777,0.20694718,-1.0728704,-0.97236925,-0.3956296,-0.14885722,-0.70271224,-0.97344226,-0.34178647,-1.3616835,-0.03259684,0.0,0.8685432
-1.0922755,0.17300038,-1.7131674,-0.22211595,0.86852384,-0.963979,-0.86743104,0.036695477,1.3822634,0.3752521,-0.12696429,0.56974894,0.29209566
0.23708527,2.2626827,0.8669456,0.593829,2.880482,0.20729563,1.6977569,0.61128527,-0.52810955,1.2927872,-0.20096144,0.0,0.85261995
1.2814493,2.9125597,0.037749447,-0.97236925,0.060449112,-1.5386337,-1.2693486,0.35426876,-0.45516944,-0.630839,-0.4503489,0.7039075,0.28934544
0.14166978,0.2920326,-0.049171656,1.7897902,-0.93371063,-0.63730794,-0.061243277,1.0379702,-0.059513934,-0.12511927,-0.17132236,0.08800411,0.8936104
1.4208095,-1.0366821,1.361255,0.039050758,-0.2486718,-1.279828,-1.1165899,-1.1602106,-2.183889,-1.6747506,1.4607768,0.0,1.0
1.4343591,0.70354915,0.7872769,-0.62255293,-0.85490775,-0.87870115,-0.16153812,-0.30478138,-0.9865088,0.47606054,0.045017235,0.1274896,1.0
0.5867139,-0.333929,0.8437296,-0.22320648,-0.6621276,-1.5386337,-0.89603055,-1.5922731,-2.1392462,-1.2915787,1.8658206,0.0014190339,1.0
0.58435,1.054553,0.4134827,-0.97236925,4.035948,-1.5277665,-1.2921715,1.2783046,2.105523,2.1535666,-0.4117793,1.0,0.0
1.0160004,4.327159,-2.1915398,-0.5740424,1.3235114,-1.2862284,-1.8718446,0.99709755,1.7785182,-0.4333029,-0.2932252,1.0,0.0
0.9983641,1.9918878,-1.0583874,-0.97236925,0.50043637,-1.0401664,-1.5014796,0.23975866,-0.01832255,-0.79332554,-0.94822484,0.7938966,0.08607788
-0.65653425,0.13502577,-0.5520597,-0.73424083,0.20647049,-0.68739206,-0.13663653,-0.3683556,0.10256544,0.09315108,0.42212024,0.14844568,0.79676026
1.4269226,-0.27548477,0.77473253,-0.29180077,0.251997,-0.48555234,-0.7126297,0.3613986,-0.44394448,-0.28876835,-0.16095021,0.13143776,0.46138045
-0.3728646,2.4406419,-1.4975013,0.03869742,1.5062635,-1.3039904,-1.8718446,0.76041824,2.0272176,-0.31464446,0.37720078,1.0,0.0
-0.2587045,-0.662637,0.07433316,-0.87169313,-0.35775968,-1.4508264,0.20453158,-0.76368916,0.15523261,-0.6248654,0.25857103,0.31771573,1.0
-0.30525577,2.5654027,-1.7095423,-0.97236925,-0.12297011,-0.121651374,-0.824351,0.065590166,1.1724,-0.6333056,-0.3007104,0.5892023,0.6672309
2.1884482,-0.61755025,0.6499973,-0.3453997,-0.7176045,-1.1251742,-1.1676189,-0.48352045,-1.6888803,-0.8711773,0.5809039,0.0141815115,1.0
-0.4032949,-0.67579967,0.5307521,-0.97236925,-0.6900082,-0.39357877,-0.14081123,-0.7818391,1.1473237,-0.6083349,0.76415265,0.03698083,0.91968876
-0.938385,3.94859,-2.1915398,-0.62423486,-0.15631375,-1.2887402,-1.8718446,0.25698346,1.4723263,-1.4319392,-0.16709594,0.9636212,0.4306886
0.5577186,-0.25955608,0.64740205,-0.34539357,-0.24521402,-1.2164897,-0.43833256,-1.1623707,-1.940616,-0.6221394,0.73399717,0.0,1.0
-0.68077916,-0.6629825,1.1943505,-0.764633,-0.27337056,-1.3217425,-0.42714489,-1.250792,0.12245263,-0.93852746,1.2977903,0.12585509,1.0
-0.68989056,1.8884059,-1.9078106,-0.9555629,0.11797268,-0.8706478,-0.53803855,-0.12156016,0.10107616,-1.0633756,-1.4971633,0.0,0.8231748
-0.16435039,0.92558783,-1.9519056,-0.3926873,0.8189998,-0.8354392,-0.33557165,0.18489428,-0.36185104,-0.1506236,-1.1593921,0.0,0.71802485
0.21048038,0.9855628,-0.6276515,-0.11992855,-0.056804027,-0.8739098,0.19437692,-0.041215464,-0.40407005,-0.7987611,-0.09022355,0.0,0.67423594
-0.6887908,0.044895787,-0.09281184,-0.6754214,-0.38830635,-1.5372859,-0.3317194,-0.66727316,1.8371193,-0.66077006,0.76951617,0.11788226,0.76947594
0.8335212,1.0157187,-0.06580139,-0.6097151,1.7052766,-0.86530787,-1.8718446,0.68664795,0.3941411,0.40687904,-0.88802856,1.0,0.0
0.9558821,4.2824836,-0.77890974,-0.97236925,2.409688,-1.5386337,-0.94661677,1.1262432,1.0266018,0.8059412,-1.145256,1.0,0.0
-0.67586744,-0.4238184,0.22921485,-0.5599346,-0.46108836,-1.5386337,-0.53378624,-1.2193218,-0.52264166,-0.16902246,0.99789876,0.21038657,1.0
-0.065956816,-0.4916963,1.0150292,2.1267874,-0.2008178,1.530983,1.3343605,1.5460999,-1.5317026,-0.3026729,-1.2593416,0.019603344,0.94345975
2.2877743,0.7952396,2.8018205,0.210581,-0.65018314,-0.28441823,0.93911046,1.0742741,-0.27858296,0.95943004,-0.040404066,0.0,1.0
-0.15418042,0.96073484,-1.8719429,-0.8485139,-0.6303632,-1.1775426,-1.3918461,-1.5922731,-1.5257435,-1.6747506,0.07614065,0.0,1.0
-0.5994676,-0.63314694,0.85847205,-0.69845366,-0.08495285,-0.40134513,1.5445848,-0.2798782,1.1520716,0.7803916,-0.1562097,0.0,1.0
-0.9696901,3.5080261,-2.1915398,-0.97236925,0.20372638,-1.1713384,-1.8718446,0.1651287,1.8347789,-0.7883575,-0.48412055,1.0,0.15734798
-0.8096153,-0.22696714,-0.52313405,-0.97236925,-0.043414347,-0.55408996,0.32535678,-0.57145953,1.806267,-1.3311187,-0.66946894,0.020526716,0.85687697
0.6062146,-0.5430425,0.098633446,2.1267874,-0.1685071,1.015637,2.1061218,1.7367737,-0.18967916,-0.310606,-1.6014225,0.0,1.0
-0.5812038,-0.09318413,-0.4118532,-0.6348662,0.37198183,-1.5386337,0.3115065,-0.6091569,0.7474489,-1.0594401,0.19971858,0.07415165,1.0
0.45866427,0.11483978,-0.256367,-0.6474732,-0.15955713,-0.4720985,-0.7613116,-0.577489,-0.6597296,-1.5949453,-0.31369632,0.0,1.0
1.0959171,-1.0096836,0.4345995,1.9447275,-0.93371063,-0.5499806,1.045743,0.95727485,-0.91690934,0.1923906,-0.2141486,0.0,1.0
2.9699533,3.4545655,1.9939427,-0.056187406,2.874618,-1.4249126,-1.1028396,1.7367737,0.01115562,1.1499,-0.8153142,1.0,0.20077449
0.05708044,-0.32585832,0.15287235,-0.9644551,-0.6658593,-0.25257388,-0.44378895,-1.0802664,-0.71307987,-1.5808798,0.32694232,0.0,1.0
1.645524,0.20553815,0.7173682,0.802051,0.8797552,-0.98590934,0.34051365,1.2730408,-0.7073361,-0.597789,-0.6535532,0.0,0.3389693
-0.14384738,2.347032,-0.64581203,-0.97236925,1.2938597,-1.3471273,-1.3261514,0.8539377,1.608821,1.352773,0.11249116,1.0,0.0
0.10048026,0.9759727,-0.7440021,-0.016796269,1.7405608,-0.769893,0.27091926,0.4436842,0.24844362,0.92195743,-0.51421154,0.33238828,0.47561523
2.0179625,1.557199,0.8054334,-0.64983135,1.1827825,-0.70194817,-0.76726735,0.46359378,-0.14416341,1.1032574,-0.8257627,0.7679511,0.037864182
0.04473742,-0.28784987,-1.0220642,-0.97236925,-0.2174528,0.08426916,-0.37708408,-1.0778944,0.63063776,-1.6747506,0.1242114,0.00016267411,1.0
0.31725693,1.1577483,0.42347005,1.7487808,1.9266143,-0.4993778,1.6028425,0.9123866,-1.3966343,0.57715714,-0.22077717,0.0,0.92545986
0.81959444,1.2704027,-0.83541423,-0.97236925,0.8448583,-0.85584754,-1.8718446,0.9766528,1.2833285,0.4538994,-1.1287878,1.0,0.0
-0.20888187,0.11946775,1.3122029,0.5729629,-0.93371063,2.0313876,1.6836423,0.6372702,0.35111508,-0.33864975,-0.5431242,0.0,1.0
-1.5184891,-0.25958034,-0.82320476,-0.97236925,-0.32794392,-1.5386337,-0.7473601,-1.1479741,1.4940505,-1.36456,0.7036248,0.013194947,0.9645813
0.29450667,1.7648362,-2.1845543,1.0966798,0.48164746,-0.40503544,-1.2296408,1.2367707,0.18586825,-0.8667459,-0.5208924,0.76603025,0.40347618
-0.082201675,1.3695016,-1.644255,0.15018694,1.8627541,-0.8220625,-0.84829223,0.7626489,0.75609356,-0.41650695,-0.89683366,0.94737387,0.06802815
0.09798691,4.7222033,-2.1915398,0.8162776,0.340946,0.0022282675,-0.06540693,0.6302382,0.8628772,-0.42849475,0.9462441,0.569808,0.6542907
-1.1035612,1.0108066,-0.9210798,-0.30973405,1.6040994,-1.0498992,0.40577286,-0.13449809,-0.01391547,0.018261949,-0.9505615,0.4169296,0.74462074
0.60442764,-0.052907605,0.29235843,-0.6218152,-0.93371063,-1.0563656,-0.6416616,-1.185269,-1.4044461,-1.5225674,0.7098671,0.038407803,1.0
-0.4453365,4.7222033,-2.1915398,-0.6333564,1.6665388,-0.77668434,-1.3142922,0.3745004,2.510923,0.5099215,-0.13468948,1.0,0.0
-1.5151856,-1.0442101,-0.9810837,-0.49892753,0.64661545,-0.54795873,1.5683708,0.3152895,2.3020825,0.2935133,-1.2773627,0.05108162,1.0
-0.8136666,-0.11363689,2.8018205,0.9950991,-0.93371063,4.82091,2.317571,1.2033875,0.6527046,0.9766727,-1.3886381,0.36556154,1.0
-1.1717952,1.2722601,-1.9834262,-0.97236925,-0.35218176,-1.5386337,-0.2135756,-0.022515241,0.71866626,-1.1578445,-1.7387215,0.16835277,1.0
0.21859443,-0.06568329,-0.39559856,-0.65763557,-0.07397179,-1.0358702,-1.3277467,-0.2563277,-0.67559856,0.4297445,0.31816837,0.48264214,0.5501737
0.6003876,-0.23640971,-0.07826918,-0.37989596,-0.43913302,-0.41939458,-0.07655332,-0.59109765,-1.2437272,-0.293003,-0.2829596,0.0,0.8335288
1.0899993,4.7222033,-1.9932061,-0.23825695,1.2350583,-1.5386337,-1.7872664,1.4915177,2.0596697,-0.2203879,-0.6270455,1.0,0.0
0.44664454,-0.8666972,-0.094818294,-0.9682306,-0.93371063,-1.3004043,-1.0949019,-1.5922731,-2.183889,-1.4144801,1.196118,0.0,1.0
0.9357061,-0.002079388,0.12829992,-0.6475564,0.14531165,-0.6401426,-0.52772975,-0.24384421,-1.1183174,-0.6861459,-0.7784518,0.14953142,0.6376928
-0.57541823,1.242144,-2.0428095,-0.97236925,-0.93371063,1.3110677,0.14081053,-0.793466,1.2318012,-0.5985128,0.048031554,0.41744122,0.79059273
0.3168188,2.0413694,-0.9943549,-0.42055655,0.006306939,-0.8388249,-1.1597496,0.2863495,0.6928971,-1.1734539,-0.40851277,0.77963305,0.44276816
-0.9494761,3.1098003,-2.1915398,-0.76071227,0.22645324,-1.2517753,-1.7534034,-0.21144341,1.190224,-0.18943597,0.2719371,1.0,0.21406436
1.5325632,-0.26403603,1.1468935,1.0933316,-0.93371063,1.0454214,0.6059109,0.54564303,-0.8724561,-0.7390818,0.5016782,0.0,1.0
-0.012517426,0.31532872,-0.31827897,0.6651829,-0.93145615,-1.1555696,0.63389814,0.39259282,-0.15695685,-0.31569588,-0.24472749,0.05735378,0.80629385
0.66049474,4.240746,-0.6842929,-0.94035614,3.1273077,-1.1092209,-1.8718446,1.4534332,1.5707594,0.02385665,-0.9119317,1.0,0.0
-1.1795228,-1.0038669,-0.15054522,-0.45979294,-0.01569532,-1.5386337,-1.6918652,-1.5922731,-0.7036597,-1.6747506,1.8658206,0.0,1.0
0.45181176,1.9340655,-0.14866614,-0.24208114,1.1494907,-1.0329387,0.63153183,0.23061775,0.054958273,0.2709499,-0.1706638,0.16812332,0.52086544
0.00904266,-0.041451443,-0.18311411,0.006998208,-0.70877296,-1.2990773,-0.08174893,0.38054264,-0.5840024,-0.24757142,-0.2740441,0.0,0.6449316
-1.2240998,2.2452066,-1.6097463,-0.4881736,0.33239073,-1.2565968,-1.8677393,-0.40941998,1.8675437,0.5489358,1.0375673,0.8221244,0.0
-0.32690573,-0.38446197,0.06329213,-0.97236925,-0.82772213,1.5307482,1.5650033,-0.5789881,0.32398266,0.6773778,-0.87942463,0.31479356,0.992596
0.5784042,0.3373502,-0.19601262,-0.1738706,-0.3126584,-0.94573766,-0.27954233,0.039039917,-0.7903508,-0.6638705,-0.37615514,0.0,0.5087156
-0.582241,3.9343696,-2.1915398,-0.8799122,-0.34957978,-1.0715191,-1.322753,-0.32444128,1.4264182,-1.6747506,-0.779506,0.0,0.8660021
0.97167206,0.17250638,1.0916427,1.3230563,0.15214786,-0.42093733,-0.04690872,1.4978912,-1.2025038,-0.010319665,-0.75897807,0.07220916,0.5747398
0.111013934,-0.89736944,-0.73522466,-0.62838906,-0.93371063,2.644197,2.1025786,0.5694224,2.3335783,-0.20230995,-0.82002205,0.0,1.0
-0.92743295,2.7192554,-2.1915398,-0.6109268,0.05069609,-0.99592024,-1.8718446,-0.20611249,0.5881288,-1.2774054,-1.3082805,0.33318323,0.70107543
0.12491079,-0.5635805,0.6675443,-0.7271558,-0.23094857,-1.4230275,0.35673934,-0.80056286,0.8754232,-0.7583026,0.2885965,0.12449617,1.0
2.6964486,4.7222033,-0.081758544,-0.97236925,0.91965723,-1.3577968,-0.6877396,1.3494209,0.2997844,0.013331486,-1.200047,1.0,0.43224105
-0.33637685,-0.10635777,-0.47800022,-0.97236925,-0.6298727,-1.4662497,-1.3783022,-1.4094018,-1.6614649,-1.5730706,0.42791542,0.06517639,1.0
-0.41193643,-0.4083297,-0.281603,-0.48988065,-0.88753015,-1.5386337,0.1720744,-0.7196274,-0.5064162,-0.34949526,-0.16756128,0.074560754,1.0
-0.006572716,-0.24770056,-0.32644022,-0.45449683,-0.54570204,-1.1171606,-0.39473218,-0.76345634,-0.68779594,-0.91099066,0.33328512,0.0,1.0
-0.061854724,0.99812335,-0.27663887,-0.28241062,-0.93371063,3.4956977,1.5133775,-0.306885,2.1435657,0.95469,1.6415459,0.20133612,0.72512925
0.5447368,-0.51235723,0.30541492,-0.42535013,-0.2624509,-1.1488075,-0.06430155,-0.57856804,-0.20714816,-1.0943114,0.23511499,0.0,1.0
2.0396612,4.7222033,-2.1915398,-0.97236925,0.9159697,-1.5386337,-1.8718446,1.6869106,1.3970184,-1.1447464,-1.5174693,1.0,0.72920203
-0.874132,0.39551163,-0.8215803,2.1267874,1.746032,1.2080193,2.317571,1.7367737,0.082287975,1.5972335,-0.9087863,0.0,1.0
0.77132213,-0.3703424,0.28579006,-0.38870436,-0.6387981,-0.79162085,-0.72727567,0.067750655,-0.838662,-0.19377081,-0.17859589,0.0,0.4694575
1.4682434,-0.077604786,1.6789049,0.59428495,-0.93371063,-0.30607814,0.58460385,0.66595894,-0.41416293,-1.1807734,-0.17339633,0.0,1.0
0.3453709,1.1186378,-0.5724491,-0.7378529,1.9112661,-0.9281279,-0.48316586,0.78755337,0.3069135,0.60089564,-0.885746,0.6609385,0.33845714
1.7852939,0.33779547,1.191011,0.5081481,0.2704364,-0.02470462,-0.23003428,0.6723299,-1.0344169,-0.06879878,0.24490702,0.1919364,0.5851464
-0.80784374,-1.0442101,1.163898,0.37805244,-0.60456187,4.9104085,2.317571,1.7367737,2.7518206,0.5484914,-1.7593788,0.0,1.0
-0.6982939,0.1545614,-1.2366928,-0.9332113,0.13702616,-0.80176115,-0.0034015095,-0.6546651,-0.4974421,-0.5492597,-0.3645178,0.0,0.82740676
0.5947055,-1.0442101,0.8321514,-0.97236925,-0.68464214,-1.5386337,0.867262,-0.3290997,1.1448554,0.24672526,0.29078636,0.10292886,1.0
-1.379584,-1.0442101,0.03849628,-0.97236925,-0.3044554,1.4665573,2.317571,0.33377656,2.7518206,0.59857947,-1.6848794,0.0,1.0
-0.9217316,-0.29850155,-0.22367904,-0.97236925,-0.21485588,-1.5386337,0.6973785,-0.48840067,2.1174843,-0.10453849,0.20554714,0.0,1.0
-0.80294234,-0.36435446,0.37067592,-0.7089834,-0.572778,-1.5386337,-0.57431823,-1.5922731,0.92283434,-1.6291683,1.8658206,0.033237226,1.0
0.86216855,1.4424117,-0.27961752,-0.8689861,-0.5205612,0.59505194,1.007563,-0.17750296,0.063730314,-0.24346897,-0.14309023,0.0,0.9144683
-0.2832326,2.236435,-2.1915398,-0.77424556,-0.59537303,-1.0600913,-0.77017003,-0.9744938,-0.3276892,-1.6747506,-0.3811274,0.16457665,1.0
-0.11627805,0.81648564,1.0157351,0.462033,-0.45163125,0.10223129,1.6070914,0.043788042,-0.45614627,-0.3043825,0.44634798,0.0,1.0
0.26652336,0.8479245,-0.29580364,-0.97236925,-0.9325294,0.2712318,0.8737322,-0.38941973,0.32939148,-0.90647256,-1.2509336,0.0,1.0
0.83689046,-0.79133445,0.13842201,-0.50492567,-0.5480638,-0.9007705,-0.78263843,-0.8577545,-1.1375568,-1.0386789,0.7489148,0.0,0.920599
0.602649,-0.6581557,-0.38370144,0.14259537,-0.35841873,-1.3203342,-0.4098313,-0.28323686,-1.5587808,-1.166221,-0.20199977,0.0,0.9829577
-0.8480581,-0.032748457,-0.9827261,0.12008428,-0.2494371,-0.6105885,0.3999995,0.22180724,0.16255805,-0.32387957,-1.0980155,0.0,1.0
-1.236651,-0.7685518,0.72965604,1.0659856,0.694701,-0.3619148,1.5757434,0.9858913,-0.93779045,1.5560223,-1.6142025,0.0,0.98365116
1.6602992,-0.6700814,0.12074431,-0.062208667,-0.880446,-0.82532847,-1.1621816,-0.4676384,-1.3417294,-1.6747506,0.52128506,0.0,1.0
-0.110647395,0.04695674,1.8775295,1.8956734,-0.93371063,0.7467867,0.8778894,0.5272504,-0.92250377,0.25079313,0.2839055,0.0,1.0
-1.5296131,2.188552,-2.1915398,-0.4070316,0.53783864,-1.0663975,-1.4774531,-0.12849768,2.3859081,-0.43810636,0.07676672,0.56995374,0.3665629
0.27763316,-0.4818253,-0.45581198,-0.97236925,-0.5214762,1.0806295,0.11848353,-0.749928,-0.16258575,-1.0765244,-0.8588934,0.1040982,0.75047386
-0.88652116,0.99168265,-0.79333395,-0.41339034,-0.93371063,-1.5386337,-1.2338252,-1.402996,-1.0031743,-1.3084625,1.6381394,0.0026703365,1.0
0.5860344,0.1788154,-0.23042163,0.65884167,-0.6868021,-0.300364,-0.16531226,0.07548106,-1.3173761,-1.6747506,-0.012068007,0.0,1.0
0.5093294,-0.3125934,-0.67146164,-0.09470149,0.9969561,-0.5475505,0.17113258,0.11547121,-0.6442279,-0.45451298,-0.43367398,0.0,0.9393388
2.0044806,-0.272463,0.07764319,1.1406425,1.2988409,-0.34636655,0.32463026,1.3540905,-0.91480964,-0.28648433,-0.8184964,0.09785761,0.7409791
1.6106766,2.7059927,-1.1450502,-0.8887123,0.655104,-1.1011622,-1.0234933,0.50137705,0.13284725,-0.12634516,-0.27634767,0.58858144,0.31407148
-0.7862663,3.0038412,-2.0040085,-0.5813593,-0.3667581,0.6852568,0.34895957,-0.70552444,-1.1158246,-1.1286443,-1.059831,0.0,1.0
1.082403,0.5819588,-0.8665792,-0.97236925,-0.5610925,1.2609997,0.35747594,-0.8315709,-0.59642637,-1.6747506,-0.18914157,0.0,1.0
-1.3355798,-0.4158402,-0.7437835,-0.8607278,-0.1071277,-1.5386337,0.1898223,-0.90289,1.9504917,-1.2141936,0.2961338,0.0,0.95623076
0.11226447,1.4786453,-0.8197898,-0.36806297,-0.04347899,-1.0684338,0.19917859,-0.06591832,0.37860677,-0.71696496,-0.3471072,0.0,1.0
0.23025915,-0.19375873,0.9946263,-0.70145,-0.4497795,-1.5386337,0.106363915,-0.24701329,-0.115137555,-0.52022415,0.026761116,0.09690325,1.0
-1.3030157,-0.11338132,-0.8046729,-0.97236925,0.026194511,-1.1449544,0.17291117,-0.4402398,2.7518206,0.009354612,0.7841779,0.15380195,0.8314196
1.2336354,3.3078382,-0.06319845,-0.97236925,4.911186,-1.5386337,-1.8718446,1.6284615,2.1505604,2.2263577,-1.3713329,1.0,0.0
0.48141846,0.6520826,-0.6017279,-0.59005696,0.048147492,-0.94733346,-0.35734618,-0.10175175,-0.02665979,-0.25906333,-0.4622628,0.13105501,0.84552294
0.2558516,1.6674368,-1.5814402,-0.2506839,-0.48272666,2.3469641,1.7339343,0.182277,1.22083,0.54873997,0.26032782,0.0,0.99102426
-1.0964398,-0.61305755,0.0333132,-0.97236925,-0.29858685,-1.4968184,0.31268817,-0.36017388,2.4691849,-0.13139348,0.53470254,0.0422467,1.0
0.032600548,0.028248359,0.30846795,1.0607454,-0.35359028,-0.12504216,-0.19019808,0.27156436,-1.7434864,-0.9810618,-0.633557,0.0,0.86908996
0.12678526,1.3615549,1.1086868,-0.6711047,-0.93371063,0.96242523,0.65447533,-0.9797888,-0.45480117,-0.49069932,0.5863579,0.0,1.0
1.2235647,-0.06308993,2.647862,-0.049590096,1.2298776,-1.1599873,-0.7555433,0.7754037,-0.37191078,1.147808,0.36848596,0.7098189,0.0
-0.28915417,1.3870074,-0.70735055,-0.07123182,1.1892513,-0.61876047,0.55598134,0.5732993,0.34511772,-0.11191391,-0.6308398,0.40820527,0.8256464
0.848391,-0.6042849,0.9171143,-0.35199675,-0.78155005,-1.5386337,-1.425208,-1.2827464,-1.6872256,-1.4432203,1.4445106,0.14211555,1.0
0.19737147,0.003592568,1.1205331,1.5521967,-0.55505425,-1.3927803,-0.63032836,0.6403462,-1.5390352,-0.21592417,-0.2301425,0.27090168,0.46974862
-1.8776025,-0.21233141,-0.43279722,-0.9330013,0.23120135,-1.2854251,1.6927165,-0.13076836,2.7518206,-0.18431452,-0.8155984,0.0,1.0
0.5182535,-0.70664865,0.79954344,-0.58559555,-0.3005078,-1.5386337,0.49923307,-0.28431684,0.26361683,-0.07135366,0.116688445,0.10106299,1.0
0.050313957,0.61812276,-0.6045895,-0.37920496,0.09724323,-0.82136315,1.1149797,-0.1570649,-0.3684056,0.18165414,-0.76447105,0.07650274,1.0
-0.77846766,2.3022463,-1.79479,-0.90708375,1.0954636,-1.1221085,-1.8718446,0.5433935,1.7166469,0.21010207,-1.0910032,1.0,0.0
1.3296279,0.24304657,-1.1100299,-0.37249807,1.3959405,-0.48354572,-0.2107797,0.93147457,0.19887242,0.23218971,-0.89360243,0.80684364,0.13429053
-0.22457667,-0.19308491,1.2330585,-0.5295524,-0.55683595,-0.6793673,0.43966186,-0.5290373,-0.4568447,-0.03443547,0.63020587,0.0,1.0
0.38083056,-0.032506004,0.72162426,-0.65751064,-0.44542164,-0.7376635,-0.2162483,-1.1849121,-0.9178908,-0.725864,0.90951705,0.0,0.9889194
0.40342757,0.28765047,0.61708635,2.1267874,0.79905266,0.9594029,2.317571,1.7367737,-1.7164952,-0.67760676,-1.3189311,0.0,1.0
-1.2026538,2.2801964,-1.5154527,-0.45915404,1.0901704,-1.2791163,-1.8718446,0.22237745,2.358364,0.13627903,0.6969419,1.0,0.0
0.40146047,4.7222033,-1.4454254,-0.97236925,2.9782825,-1.5386337,-1.8718446,1.4212554,2.205796,0.61117494,-0.37865078,1.0,0.0
-0.01655681,-0.9797062,-0.43587303,-0.7442047,-0.6505491,0.5923355,0.68159246,-0.29682297,1.9991648,-0.7360983,0.2984324,0.0,0.74128675
-1.117825,-0.22626582,-1.5533717,0.3974833,0.23657522,0.60881376,0.96160984,0.1832109,-0.52718455,-0.3845996,-1.6794984,0.0,1.0
-0.28425214,-0.35552084,-0.5669688,-0.97236925,-0.4142438,-0.78543425,-0.48288852,-1.231011,-0.741417,-1.2182182,-0.1088981,0.18313926,1.0
-0.5132075,-0.15337041,-1.0629075,0.45634726,0.40176952,-1.1142268,0.7066948,0.48383817,0.9287923,0.5523216,-0.22820336,0.27048916,0.8624538
-0.11732644,0.76928914,0.3592446,-0.16489372,-0.6713297,-1.4246008,0.121819705,-0.47624522,1.4030024,-0.5838799,0.9215493,0.02447153,1.0
-0.32148305,-0.4680619,0.9610632,-0.92800725,-0.8996034,-1.5386337,-1.143207,-1.5922731,-0.5975545,-1.631809,1.8658206,0.0023691915,1.0
0.9948881,3.4897144,1.4697658,0.5762042,1.0736268,2.9305444,2.317571,0.8295349,0.3370511,1.643589,0.91257995,0.0,1.0
-1.8638602,4.4575634,-2.1915398,-0.56329846,1.7853984,-1.2970594,-1.8718446,-0.25747803,2.7518206,0.9475239,1.0805582,1.0,0.0
0.8880002,-0.099953,-0.55962265,-0.7642472,-0.5842761,-0.96584696,-1.0699346,-0.3993421,-1.4028312,-1.6453158,-0.40827596,0.0,1.0
1.1964545,0.7481778,0.42923272,-0.9566467,2.3029923,-0.61479104,-0.47906065,0.92060417,0.38851625,0.9644615,-0.73929346,0.8543128,0.10045022
-1.6151768,3.562555,-2.1915398,-0.7607031,-0.2238028,-1.2457082,-1.8718446,-0.7281583,1.6119803,-0.66949856,0.66575074,0.8127201,0.32668692
0.5229619,-0.08595414,2.0322561,-0.29627913,-0.93371063,-0.3997189,0.2578926,-0.8038855,1.0963196,0.7870412,1.8658206,0.0,1.0
1.808081,-0.18069272,1.1357187,1.803573,-0.37468874,-0.4474212,-0.24881606,0.90832204,-1.2753495,-1.6747506,-0.0068746842,0.0,1.0
0.3243375,4.433585,-2.0488768,-0.97236925,3.9405544,-1.5386337,-1.8718446,1.0541654,2.7518206,0.9380598,0.10958351,1.0,0.0
-1.3896813,2.083808,-0.49510214,-0.19972195,0.71782076,-1.4492896,-1.8718446,-0.22787999,2.1813815,0.3446342,1.1462908,1.0,0.0
-0.12694108,0.9116708,-1.3142288,-0.92454237,-0.21844319,-0.71699023,-0.28617877,0.08140969,0.2933386,-0.28148255,-0.5549406,0.07474896,0.6984085
2.8339758,2.7247715,0.98672366,-0.97236925,3.8200955,-1.1845493,-0.18812977,1.7367737,0.2604171,2.0169854,-0.89911234,1.0,0.0
-0.75449324,0.47560236,-1.4531385,-0.6913707,-0.22257966,-0.7955006,-0.13886186,-0.30581716,0.16401981,-1.1434696,-1.392692,0.024440052,0.95762336
-1.0024548,2.8969238,-1.8815967,-0.76213497,-0.6538745,-0.9104402,-0.61854964,-0.7490829,1.2645962,-0.035718374,0.36938623,0.47718528,0.78995633
-0.70419526,0.3349824,-0.44468075,1.7957648,-0.384606,0.24592397,1.246378,0.6850039,-1.3312877,-0.64856637,-1.6249746,0.22145711,1.0
-1.2922931,3.160179,-2.0909462,-0.32608324,-0.7555725,-0.62258255,-1.4055732,0.10622175,2.2824862,-0.6818842,-0.025499865,0.6556295,0.25600645
0.41992116,1.9945282,-0.73270947,-0.8910742,0.6334647,-0.5225552,-0.79962397,-0.10068344,0.932855,0.6520316,0.049193256,0.6194615,0.0
1.0456979,-0.5656017,0.9820584,2.1267874,-0.4998119,0.7023328,1.1635016,1.5285,-2.1092649,-0.03808128,-0.1680539,0.0719126,1.0
0.8011779,0.4547755,1.1198729,0.5305587,0.29171273,0.15107751,0.9225432,0.2859587,-0.43196544,1.4811475,0.66439515,0.14107499,0.8124217
1.6277764,-0.36489522,0.03854925,-0.7360656,1.9627211,-0.46439576,-1.8718446,0.66512924,0.19101217,0.36054888,-0.74177456,1.0,0.0
0.015463797,-0.27267537,-0.14540908,-0.7025346,-0.101199344,-0.70495296,0.09709026,-0.072961256,0.50972986,-0.8887435,-0.20046394,0.0,0.8519893
0.10286376,0.9503976,-0.36447376,-0.97236925,-0.93371063,-1.4240819,-0.54828316,-1.2430462,-0.89500433,-1.3628284,1.2499706,0.20249054,1.0
1.7348444,0.48692837,-1.0380858,0.72871065,-0.49868757,0.43599924,-0.005144785,0.8024079,-0.89539397,-1.3572522,-0.30041668,0.41044888,0.46936867
-0.49466655,-0.0912991,-0.0356343,-0.47510505,-0.21886492,-1.2863051,0.7618394,0.16467255,1.734593,-0.3493322,-0.39655855,0.0,1.0
-1.6445152,-0.04085023,-0.86127543,-0.421145,0.15180987,-0.26559362,0.8467115,-0.19575562,1.623446,-0.55742514,-0.8779591,0.0,0.92028296
0.31415087,1.1502353,-0.74715906,-0.41267496,-0.93371063,3.610189,1.9722778,-0.30507275,0.4396236,1.3744353,0.6752078,0.09761337,0.7437736
0.74739647,0.02578894,-0.21906874,-0.8450318,-0.8397476,-1.5386337,-1.065408,-1.5922731,-1.6459963,-1.6747506,1.299521,0.0,1.0
-0.38538057,1.4467049,-1.657514,-0.97236925,-0.39895132,-0.65786517,-0.53033894,-0.77281344,-0.51376426,-1.2928416,-0.4637286,0.020996211,1.0
1.1199266,0.081703566,0.0066558197,0.174833,-0.93371063,0.6990602,0.45389432,-0.23380938,0.26627177,0.31830359,0.7759118,0.0,0.90790755
-0.18739386,0.6766861,1.1660265,-0.50099784,-0.6104831,-0.5442409,0.34261745,-0.6730093,2.6301374,0.29977408,1.8658206,0.37445292,0.79630387
-0.2615796,-0.12459607,-1.7073442,-0.3883991,0.2517634,-0.9317804,-0.30000585,0.25642687,0.69056106,0.2763364,-0.58500916,0.0,0.7476025
0.51517767,0.4310246,0.5142788,-0.63285726,-0.340565,-1.0216143,0.04261625,0.3741631,-0.10716985,-0.40949836,-0.59210783,0.19016348,0.6346391
-0.79683936,-0.58027565,0.18187183,-0.8969273,-0.14284998,-1.5296257,-0.067309976,-0.8566067,1.3307623,-0.9348837,0.56466657,0.15307994,1.0
0.18916176,-0.24089092,-1.1335187,0.57006997,0.22035351,-0.6475439,0.06624494,0.3814962,-0.82135594,0.25068226,-0.6651551,0.07549004,0.61636674
-0.39031085,0.17944585,-0.2674517,-0.2915202,-0.4047464,-1.0293983,-0.699967,-1.3200566,-0.38030228,-0.933229,1.0950509,0.0,1.0
-1.2792944,1.6169251,-2.1915398,-0.41520014,1.7845311,-0.48689193,0.5393828,-0.59945333,0.1255994,0.3257999,-0.5733241,0.12053051,0.5329278
-0.5391742,3.7221692,-2.1915398,-0.17453218,-0.42891836,-1.3186184,-1.4461653,-0.5018476,0.8560127,-1.6747506,0.37287784,0.50954473,0.58617675
2.2029655,-0.21810795,1.5653013,0.23154569,-0.93371063,-1.4877955,0.115372464,0.19784641,-0.9335517,-0.18855101,0.40471113,0.0,1.0
0.09886834,-0.48909888,1.5900972,-0.12597327,-0.34128365,-1.5386337,-0.8378991,-1.5922731,-1.0806218,-1.295239,1.8658206,0.33020896,1.0
0.14319241,0.47077504,0.471868,0.6057342,-0.70181525,0.7765388,0.31341195,-0.12753133,-0.7159593,0.71337044,0.68437487,0.32791966,0.40158167
-0.902464,0.2795116,-1.5640172,-0.14879127,0.7984776,-0.0920185,-0.08035455,0.41145733,1.1707292,0.27221385,-0.9421187,0.07469564,0.5046517
1.6498384,1.6921641,2.8018205,0.51609904,0.4308135,-0.09479605,1.939339,1.0143356,-0.62078595,0.98066384,-0.64923227,0.0,1.0
0.461523,0.78522295,-0.5911082,-0.7951025,-0.6618792,-1.0480139,-0.60808605,-0.49804953,-0.45842248,-1.1907067,-0.77382684,0.32785505,0.6758908
-0.5537627,-0.4848977,1.4588205,0.21841192,-0.78674096,-0.12257971,0.47369844,-0.54346395,-0.4882618,0.31569523,0.17954995,0.17907573,0.8768635
-0.6127205,-0.009724497,-0.9897677,2.1267874,-0.050215006,0.8699382,2.018609,1.5906492,-0.23012695,-0.8082524,-1.7593788,0.03080154,1.0
-0.12549604,4.7222033,-2.1915398,-0.97236925,2.826919,-1.5386337,-1.8718446,1.7367737,2.7518206,0.13883135,-0.67054486,1.0,0.0
-0.55920804,-0.11781075,-0.3216387,-0.61385816,-0.5452379,-1.1255622,-0.6015926,0.079778954,1.1502749,0.14140235,0.027165318,0.048636183,0.6061678
0.49940675,-0.5865043,0.81834835,-0.4001703,-0.71327347,-1.5304743,-0.91532344,-1.1875219,-1.6894696,-0.91356134,1.0782928,0.0,1.0
0.67469907,-0.53050625,0.039764397,-0.67199516,-0.7644312,-0.85378206,-1.1661538,-0.15569375,-1.1124274,0.16846295,0.26283666,0.10809452,0.75548375
-0.32572994,1.6787276,-1.9411213,-0.97236925,1.0241023,-0.41648796,1.3577667,0.22501944,2.0033162,0.5343892,-0.6152044,0.0,1.0
-0.44048584,-0.4633596,-0.4550552,-0.28605333,-0.53551793,-1.5386337,0.8101892,0.14560722,0.5831837,0.015109392,-0.6554784,0.071592346,1.0
-0.23443423,0.42767054,-0.7434656,-0.7204127,-0.4215377,-0.63851255,0.31478417,-0.13445228,1.8670168,-0.6056369,-0.31957054,0.0,0.9104815
-1.4101343,-0.2610607,-2.0763988,-0.27857652,0.66685605,-0.19548646,1.3357248,0.42623004,0.92461646,-0.23683596,-1.7593788,0.0116087105,1.0
-0.70326877,-0.5780741,0.6376055,2.1267874,-0.09691075,0.91573334,2.1441743,1.7367737,-0.9266516,0.06388486,-1.4880888,0.16924128,1.0
0.0854197,-0.031819437,2.4139736,1.889734,-0.93371063,1.6339872,0.90978754,0.868282,-1.4608856,-0.38302436,-0.30680034,0.0,1.0
-0.84881175,0.033084262,1.8565631,1.7946709,-0.38220486,3.4694734,2.317571,1.1158265,0.33431298,0.9292266,-0.7825708,0.0,1.0
-0.5066998,-0.06601866,0.26206014,-0.116727374,-0.4298135,-0.6725274,0.6874623,-0.040559072,0.5775246,0.15901749,0.22061968,0.0,0.8936995
-0.37091354,4.1117015,-2.1915398,-0.7176918,2.1776645,-1.4909632,-1.6105831,0.5843124,1.403837,-0.16344646,-0.96465147,1.0,0.09341803
0.13924718,1.8612858,-1.0000697,-0.97236925,1.4856334,-1.0391235,-1.227689,0.4956995,1.8329206,0.9409448,0.010818778,0.8484986,0.0
-1.2132609,4.7222033,-2.1915398,-0.97236925,1.4671063,-1.5386337,-1.8718446,0.8358718,2.7518206,-0.8740532,-0.10604254,1.0,0.0
0.16418062,4.7222033,-2.1915398,-0.97236925,-0.93371063,0.17840362,-0.81772286,-1.017491,0.8810268,-1.2370043,0.7573813,0.12491544,1.0
0.050957613,-0.55028856,-1.1561332,0.2380893,-0.8372598,2.8216622,1.7580887,0.6335122,0.8444262,-0.22117126,-0.9994859,0.0,1.0
-0.34942427,-0.091736935,2.1784613,-0.2618717,-0.23493877,0.9242851,1.5677855,-0.053829163,0.8800088,-1.0117401,-0.36085764,0.0,1.0
0.89962655,-0.23327237,0.11873872,-0.5885804,-0.092793144,-0.9526445,-0.1996142,-0.12637126,-0.35426712,-0.42069042,-0.16180407,0.0,0.9939825
-0.12589514,-0.15749456,0.08017672,-0.5294307,-0.44310185,-1.2883688,0.083062746,0.019655395,0.9975771,-0.22797397,-0.124258325,0.4894195,0.77086824
-1.0573648,0.60877556,-2.0294502,-0.7252753,0.9961362,0.019797303,-1.4939495,-0.1653161,2.349817,0.86576796,0.3555206,0.42512292,0.0
0.90263665,-0.42722413,0.09761994,0.35826707,0.014809474,-1.087992,-0.6389373,-0.17208992,-0.93687403,-1.3937538,0.277741,0.0,0.7568108
2.2564836,4.7222033,-1.3499897,-0.97236925,3.1239371,-1.5386337,-1.8718446,1.2599226,1.6409296,0.9556696,-1.0969297,1.0,0.0
-0.31589067,3.9714868,-2.1915398,-0.97236925,1.3796204,-1.4204997,-1.8718446,0.6611709,2.5234723,0.10335074,-0.20767488,1.0,0.0
0.40959662,1.18633,-2.1915398,-0.4411951,1.3698109,-0.68035156,-0.45216662,0.07998112,-0.32639566,-1.0515338,-1.558903,0.18123241,1.0
0.99772483,4.7222033,-2.1915398,-0.97236925,3.9568431,-1.5386337,-1.8718446,1.4286278,2.7518206,0.17199215,-0.799818,1.0,0.0
1.5424683,-0.38924122,0.34070638,0.20938373,-0.46137702,-0.6450727,-0.62747985,0.055899817,-1.2334324,-0.85012496,-0.012512861,0.0,0.99678266
0.18990001,3.13052,-1.975045,-0.9584057,2.5665529,-1.4046729,-1.6087798,0.7006264,1.2319226,0.553118,-1.0383571,1.0,0.0
0.41907927,0.04296519,0.9362445,0.035921935,-0.738686,-1.5386337,-1.4299382,-1.2885909,-1.7177366,-0.45211816,1.8658206,0.13180153,1.0
1.0142566,0.34874207,0.5741377,-0.42490903,0.89438,-0.715763,0.59354836,0.22107068,-0.79139465,1.4862794,-0.09900462,0.21908939,0.3961805
-1.4157345,2.5530105,-2.1419687,-0.14335041,0.3091745,-1.0422095,-1.823264,-0.3617027,1.0160451,-1.6403948,-0.31096348,0.49990138,0.6541434
1.5956622,-0.40865365,0.7742531,-0.7504338,-0.71049726,-1.1548522,-1.1240017,-0.34147844,-1.603704,-0.6697392,0.10763317,0.23486918,0.83061314
-0.11307591,-0.6757934,-0.8392968,-0.20531791,-0.20116657,-0.7660106,-0.48426843,-0.11305095,-0.6804,0.32528415,-0.24253242,0.0,0.8350898
-0.41053364,-0.0614165,-0.5137323,-0.3769541,0.08481424,-0.86559546,-0.14534125,-0.2718773,-0.68643075,-1.2479559,-0.7579039,0.0,0.99268305
-0.38591886,-1.0059346,0.12000205,2.1267874,-0.62489617,1.5101881,1.8809359,1.7367737,-1.5859596,0.2867391,-1.7593788,0.0,1.0
0.07316416,0.7802505,-0.4633042,-0.6865327,0.07763661,-0.57812387,-1.0315671,0.13474752,0.779582,0.88619024,0.22364193,0.35940123,0.15004244
0.60157794,-0.3594224,0.022174433,-0.7808347,-0.77365214,-0.42207947,-0.066009164,-0.3865454,0.50311893,-1.1244396,0.120192975,0.026889527,1.0
-1.1987284,0.17454536,-1.1199349,-0.6372067,1.0611622,-1.5386337,1.7308269,0.26138225,1.130203,0.74297035,-1.1346327,0.0,1.0
2.9649475,0.33392912,1.5912852,1.0407526,2.9411306,-1.06589,-0.2970394,1.4835128,-1.154599,0.5704943,-0.38116357,0.78920203,0.3652618
0.388788,-0.4296542,-0.8399723,0.013151561,-0.49258316,-0.7147689,-0.14949962,0.31775954,-0.59193146,-0.5767296,-0.83842164,0.0,1.0
-0.90841025,0.8182216,-1.2561932,-0.950524,-0.42229018,-1.310734,-0.804397,-0.26212662,1.8606073,-0.9572825,-0.4272927,0.06429311,0.92640245
-0.49304345,0.43893924,-2.0222948,-0.2318905,-0.53696156,1.024989,0.4036196,-0.19134258,0.3802257,-0.7699035,-0.9029159,0.0,1.0
1.5285878,0.82702434,-0.23411265,-0.664327,-0.09368547,-1.282756,-0.49950105,0.053023066,-1.0296199,-1.6661603,-0.10557566,0.0,1.0
-0.38319966,0.39532924,-0.74309134,-0.5333724,-0.107766554,-1.2517649,-0.484757,-1.0300425,-1.0265878,-0.5116674,0.20837182,0.0,0.8435544
0.716348,2.5552838,-1.8306364,-0.9600338,1.213082,-0.85746413,-1.8718446,1.032713,0.9257285,-0.13874954,-1.3338338,1.0,0.0
3.3844666,4.7222033,1.8630844,-0.97236925,5.9524918,-1.2434963,-0.44890147,1.7367737,0.8460461,2.2838242,-1.2512822,1.0,0.0
-0.26857722,0.05196046,0.072812386,-0.23137625,-0.28655556,-0.4379307,-0.12251345,-0.4653703,-0.09357311,-1.1464549,-0.16084969,0.19649105,0.83630806
-0.5322072,-0.5402307,-0.5784509,-0.92255634,-0.16067073,2.0269845,1.9949908,0.35298738,2.3905008,0.79088926,-0.8412841,0.0,0.95058787
-1.0995895,-0.2675311,0.40962344,-0.77141494,-0.93371063,-1.5386337,0.27173758,-0.89357334,1.7337762,0.2819662,1.5365791,0.12783982,1.0
0.40140727,0.3056969,1.9390725,-0.24123743,0.38370234,-0.89817196,1.5123373,0.020125132,1.2349901,0.23919308,0.3739277,0.0,1.0
-0.66189337,0.64655745,-1.3295023,-0.17280434,0.07096292,-0.6865151,-0.5323695,0.059216153,0.6945122,0.29154417,0.26307607,0.29477546,0.26334268
-1.112602,0.27274624,-0.54237,-0.4597228,-0.36000398,-1.073817,-0.98994464,-1.3071654,0.5447241,-0.09282567,1.5702088,0.0,0.8312835
0.38447356,1.88582,-0.8476154,-0.8701019,-0.72833043,-1.3865734,-0.8743694,-0.23058477,-0.31664938,-0.5832798,-0.12498003,0.16148564,0.6482423
-0.2569234,-0.54479825,0.13796219,-0.62220967,-0.7889287,-1.5386337,-0.20035003,-1.1157058,-0.8023865,-0.54751045,0.72058326,0.06185749,0.9233668
-0.11838263,4.7222033,-2.1915398,-0.82518834,2.3183334,-1.5386337,-1.8718446,0.57381016,2.1351917,0.4825764,-0.13664286,1.0,0.0
-0.6891692,1.1946601,-1.338612,-0.7496047,-0.26791027,-1.0064832,0.4871571,-0.22115812,0.07565425,-1.4448626,-1.4784367,0.0,1.0
-0.10044214,-0.17167643,0.9629498,0.77808326,-0.93371063,-1.0787452,0.9833609,0.31108755,-0.6065359,0.16030674,-0.2798829,0.0,1.0
0.70881516,-0.76236236,0.47799394,-0.97236925,-0.93371063,-0.06011203,0.810528,-0.13460568,1.9602904,0.31051835,-0.40527108,0.27676427,1.0
0.9036065,0.33956626,1.5573951,-0.3442547,-0.93371063,0.87742305,1.0356952,-0.21626067,0.73264986,0.023235774,1.4529175,0.2590652,1.0
-0.6274488,-0.061404053,-1.991996,-0.38806745,-0.088549376,-0.52628005,0.118777916,-0.13309439,-0.44413227,-0.89917517,-1.1097994,0.0,1.0
1.5828601,-0.7534984,0.11743141,-0.5027695,-0.5629687,-0.9242443,-1.045959,-0.9290268,-1.9503579,-1.6747506,0.6138877,0.0,1.0
0.7778705,4.097509,-0.7104093,-0.97236925,-0.55956507,-1.189086,-0.0523882,0.00631856,0.053863015,-1.4521976,-0.8409137,0.15912084,0.95125383
-0.9563672,0.079915114,-0.8544579,-0.3579782,-0.24597108,-1.0920545,-0.5942913,-0.058395598,0.8927357,0.089079775,-0.73117775,0.35435292,0.74973637
-0.777026,1.9666214,-2.1915398,-0.0845654,0.15544087,-1.2723088,-0.82472825,0.31330752,0.9932494,-1.1527547,-1.3013438,0.33208126,1.0
0.3877088,0.21897633,-0.6821944,-0.59081984,-0.35894808,-1.3694932,-0.5351013,-0.60171735,-0.60044837,-1.6747506,0.23200098,0.0,1.0
0.8166325,-0.11117495,-0.2723238,2.1267874,0.022987045,0.84181523,1.7817156,1.7367737,-0.38897806,0.18918175,-1.2761378,0.0,0.941713
-1.2143434,-1.0442101,0.70129967,-0.97236925,0.36545098,-0.6890841,1.8473927,-0.15920722,2.7518206,-0.5086405,0.124500394,0.06409281,1.0
-0.3610031,2.5471416,-1.2335584,-0.7923297,-0.93371063,-1.5386337,-0.8522957,-1.5922731,-0.1430134,-0.7180908,1.8658206,0.0,1.0
-0.3724902,3.7610545,-2.1915398,-0.74908483,2.1623313,-1.5386337,-1.8718446,0.55304015,2.393343,0.43867216,-0.005489487,1.0,0.0
0.45195,-0.34260324,-0.019376313,-0.5805195,-0.42408034,0.141588,0.54578364,-0.72806424,-1.1660224,-0.39793316,0.010724733,0.0,1.0
-0.056386586,1.5062587,-1.5208608,-0.5398126,0.5747873,-0.54147947,-0.43104953,0.10520133,0.7210407,0.003616279,-0.42937502,0.14297704,0.51842624
1.1996762,-0.30005544,0.49576446,-0.20723172,-0.7988063,-0.74865067,-1.6227441,0.30473867,-1.5511185,-0.36809006,0.26245576,0.2589337,0.5357651
-0.29886663,0.38756633,-0.29959923,-0.97236925,-0.8233206,-0.42214385,0.44626147,-0.39667487,2.3271594,-0.8685536,-0.0672418,0.118580274,1.0
0.4430448,0.1630338,2.3854458,0.20382947,-0.93371063,0.22420603,-0.06639647,-0.71128887,-0.46607992,-1.2667298,1.4224726,0.0,0.92911845
0.35242546,-0.81089425,-0.009317929,-0.5556364,-0.2648988,-0.04315632,-0.097354114,-0.9693816,0.3251581,-1.236092,0.7168173,0.0,0.80264497
-1.1607915,1.6372828,0.45817012,2.04148,1.4187348,-0.7278978,1.4391259,1.1388958,-0.22392383,1.0070528,0.1639806,0.3133119,0.5743216
-1.1295925,0.43572518,-1.7332977,0.56884027,0.48975125,-0.8745112,1.7108059,0.52716345,-0.03667197,-0.55332685,-1.7593788,0.0,1.0
-0.5971444,2.4063988,-2.1915398,-0.8451614,2.2804651,-1.3871634,-1.8718446,0.48683804,1.7749639,0.036236063,-0.5789487,1.0,0.0
0.25955468,3.6684225,-0.8373681,-0.5272067,1.1739408,-0.9717402,-0.34754795,0.15531552,1.368765,0.5106761,0.4786051,0.40857407,0.13786042
-0.7428944,1.1620777,-2.1915398,-0.2801778,0.7938155,0.1308667,1.5893656,-0.019983698,0.5769847,-0.28565088,-1.4129641,0.0,1.0
0.55289525,4.7222033,-2.1915398,-0.6426895,3.1131043,-1.5386337,-1.8718446,1.3809649,2.7518206,0.006474832,0.66700035,1.0,0.0
-1.3667313,1.4494884,-2.1915398,-0.97236925,-0.49454385,-0.5098792,-0.371719,-0.32329994,1.8882071,-1.2979088,-1.1895276,0.23583293,0.96673733
0.49666205,1.7248775,-0.614766,-0.26105633,2.926125,-0.46499243,-0.14543796,0.41861904,0.61570513,2.2255013,0.14361946,0.8570705,0.0
-0.026090406,1.9839946,-1.9109808,-0.42536712,0.5560206,-0.91954213,-1.6750511,0.48083887,1.2286069,-0.57284,0.19937703,0.6447824,0.0
-0.696316,0.47927573,1.4076318,0.99734306,-0.30399054,1.7586691,1.4279929,0.88294727,0.5335513,-0.4771217,-0.804231,0.04506828,0.6301178
0.94597894,-0.10615857,0.65393156,-0.13793784,-0.93371063,-1.3857822,-0.27499503,-0.35929373,-1.3277723,-0.56552416,0.5743213,0.0,1.0
0.6307723,2.4486542,-0.05062096,-0.81141186,0.35258806,-0.5790388,-1.0464185,0.6391357,0.9641054,-0.26940638,0.03722673,0.87600726,0.0
1.147079,0.44435272,-1.2358769,0.17476681,0.7609523,-0.6316326,-0.22200762,0.86333776,0.073319346,-0.76367515,-0.84939754,0.027079148,0.81749475
-0.5689504,0.35328397,-1.7991973,-0.60132855,-0.4257591,1.9347761,0.809255,-0.114455104,0.421329,-0.16780558,-1.0303049,0.39440018,1.0
2.7900865,2.4085305,2.2168946,-0.97236925,1.2765397,-1.1524186,-0.5677959,0.949585,0.08549837,0.93081295,-0.6987679,0.9148526,0.23569581
0.7683871,3.0344622,-0.86556137,-0.8113687,0.82163846,-1.062144,-1.8718446,0.76430565,1.2420136,0.04842136,-0.34515363,1.0,0.0
0.6655199,0.27177733,0.025669873,-0.5046178,-0.50000215,-0.8128086,-0.80159944,-0.15990303,-0.626794,-0.54681563,-0.08079248,0.18919088,0.70550203
-0.39893642,-0.34668967,-0.42072934,-0.70311487,-0.10091058,-0.6878315,-0.16070506,-0.74236995,-0.17580587,-0.47387835,-0.23906222,0.0,1.0
0.7450161,-0.7413265,0.18991593,-0.6597656,1.0323112,-0.32031012,-0.92817336,0.5116699,-0.33331186,0.58037686,-0.83570963,0.42974573,0.2566595
0.6690451,0.12372788,0.05626478,0.28562135,-0.700071,-0.6633079,-0.45104945,-0.15891558,-1.3661141,-1.125055,0.10244857,0.010234322,0.7904586
0.8620685,0.19414824,0.9356152,-0.4214812,1.1325265,-1.20033,-0.58502054,1.1727445,0.24545926,0.75551766,-1.3812546,0.45143235,0.37940618
0.1554845,0.59516084,-1.3617892,-0.97236925,-0.73267996,-0.841904,-0.6611957,-1.092466,-0.78175676,-0.7441671,0.16110039,0.0,1.0
-1.3805072,0.42447132,-2.072025,-0.3201337,1.0539824,-0.83592474,0.6738796,7.108622e-05,-0.06901143,0.1850519,-1.7593788,0.23739561,1.0
-0.8422946,0.1749868,-1.8857968,-0.97236925,-0.3097999,-0.03412073,-0.64834696,-0.46934837,1.0020415,-0.86018467,-0.91537917,0.0,0.65757877
0.39563054,0.8839537,-0.1871784,0.9090584,0.31121698,-1.0310334,1.2130498,1.0374632,-0.66267586,0.06948665,-1.1082373,0.16696815,1.0
-0.24237071,-0.44015768,-0.73527795,-0.524243,-0.3733137,0.5404501,0.96089715,-0.10381335,0.88263476,0.08362991,-0.9154834,0.109770544,1.0
-0.70626104,-0.7446795,-0.05747402,-0.97236925,-0.26194772,1.9205039,1.2748458,-0.7399387,0.72200745,0.7584264,-1.0736055,0.0,0.7228675
0.8948395,-0.006397323,-0.26393798,-0.5541614,-0.49692443,-1.2326249,-0.93475485,-0.9851801,-1.8694674,-1.6747506,0.5630563,0.0,1.0
-0.7753133,-0.043520913,-0.7184712,-0.29740617,-0.3736986,-1.2303367,-0.02285242,-0.23032396,-0.2282727,-0.6320393,-0.5828663,0.0,1.0
-0.25560272,0.100327075,0.057479575,0.21068092,-0.5670918,-0.23585275,0.9159814,0.45457438,1.1315179,-0.73008335,-0.8534572,0.0,0.9669536
-0.16921139,-0.16575506,-0.7362588,-0.97236925,-0.63357675,-0.58252317,0.986804,-0.1832053,0.8868538,-0.8110528,-1.0405024,0.101794936,0.83574045
0.77533674,-0.76152325,-0.36869615,-0.87768906,0.5792463,-0.10210688,-1.167854,0.54497224,0.27937743,0.49040797,-1.1421838,0.5633798,0.108320154
0.40461317,-0.03633465,-0.3215985,0.09601939,-0.1325849,-1.2584261,-0.120571144,-0.3229804,-1.2041919,-1.4373301,0.31101078,0.0,1.0
-0.061469812,1.3777288,-0.6421302,-0.13065404,0.13670039,-1.3203838,-1.1910754,0.17914094,0.7059843,-0.5788385,0.13650186,0.6150295,0.34904578
-0.21763346,2.962099,-1.3704355,-0.59935683,1.918601,-1.4528202,-1.8718446,0.7864641,2.3568115,1.0299375,-0.12214877,1.0,0.0
0.10946572,0.27959356,-0.8162563,-0.56539863,-0.71577346,-1.0065634,-0.98067164,-0.9732163,-1.5421622,-0.9579692,0.11071171,0.0,0.83136016
0.8119102,-0.07475547,0.74361223,2.1267874,-0.93371063,4.263545,2.317571,1.7367737,-0.1050068,0.014886634,-1.1323789,0.20219356,1.0
0.06617039,-0.7793054,1.3795555,2.1267874,-0.60961473,5.009248,2.317571,1.7367737,-0.96006596,0.6234033,-1.7593788,0.013563072,1.0
0.34456262,-0.5608542,-0.40998888,-0.36793354,-0.33773103,-0.88580954,-0.14490978,-0.5067586,0.0129002035,-1.6747506,-0.0013529994,0.017579509,0.81618
1.4424008,-0.27617472,1.2898403,0.43940574,-0.7346961,-1.1026838,-0.8769772,-0.17512432,-2.0079906,-1.5622177,0.90215737,0.116156645,1.0
-0.64963293,0.14964198,-0.5281454,-0.19686231,1.1824824,-0.71199197,0.5287597,0.39353126,-0.5498076,0.42271006,-1.3403819,0.33342528,0.6953734
0.6558326,4.7222033,-2.1915398,-0.97236925,2.6426597,-1.5386337,-1.8718446,1.593597,2.7518206,0.14627191,0.087555505,1.0,0.0
-0.13107733,2.7824018,-1.9947112,-0.6091557,-0.7684575,-1.0034847,-0.9860267,0.073446006,1.083979,-0.95545506,-0.37280267,0.2842545,0.4247597
-0.7642523,1.9049643,-2.1438944,-0.97236925,-0.93371063,0.6049018,-0.46347708,-1.4209865,0.52544796,-1.6747506,0.13993992,0.09232904,1.0
0.3572721,0.028290331,0.7547107,-0.2382791,-0.44054,-0.64290315,-0.47483534,-0.14373699,0.22719093,0.6955465,0.47108394,0.34385663,0.449142
0.32048464,-0.8796462,0.41801268,1.4296073,-0.93371063,-0.15181865,0.2780128,-0.037390176,-2.004114,0.6389183,0.32959738,0.0,0.91791534
0.11888823,2.5922468,0.106726445,-0.8605745,2.176568,-1.4653249,-1.8702794,1.078115,2.114814,2.0066333,0.1924916,1.0,0.0
-0.9747117,2.1206484,-1.6190393,-0.92531675,-0.93371063,-0.7042318,-0.37049437,-0.71247154,1.5265416,-0.9775147,0.3577576,0.31459993,0.70128
-0.32414496,0.54349494,-0.08082607,-0.64247286,-0.50941676,0.71702766,0.28347588,-0.7266018,-0.09710442,0.34577,0.7530311,0.101488456,0.8140659
-1.8776025,3.1259289,-2.1915398,0.057561334,0.13738948,-0.928372,-1.8718446,-1.0992211,2.7518206,-0.18948403,1.8658206,1.0,0.0
1.0307521,0.10707506,0.9349218,0.47957098,-0.68646485,0.66472936,0.26207185,0.30809245,0.32862958,-1.356708,0.031729974,0.0,0.89479023
0.03299637,-1.0442101,0.0594144,0.6930487,-0.58686286,0.94864213,1.5344049,1.1465836,0.9341585,0.35095784,-1.6807579,0.03003685,1.0
-0.065808326,-0.051946964,-0.9601572,-0.52075505,0.17462847,-0.48521757,-0.6952177,-0.07598615,0.12881418,0.14437976,-0.022941839,0.12381584,0.24745417
-1.2358356,2.621447,-2.1915398,-0.6710908,0.43926728,-1.5386337,-1.044878,-0.059756905,1.892805,-0.791221,-0.39831448,0.55827606,0.61164045
0.2617794,0.6010503,0.34739918,0.23703703,-0.7667088,0.5775401,0.48362666,-0.35149843,-1.5431337,-0.67136014,0.30408457,0.0,1.0
0.31169474,4.532902,-1.9233961,-0.97236925,-0.1528002,-1.2045738,-1.8718446,0.44748685,1.3795323,-0.6726901,-0.811188,1.0,0.0
0.17643881,4.7222033,-1.4602666,-0.97236925,-0.3291232,-0.9607444,-0.83871996,-0.22885053,0.41748098,-0.56647426,-0.81579214,0.2091498,0.5384017
2.0480258,-0.23379543,0.124644004,-0.7696224,2.2252626,-0.3546313,-1.8718446,0.8212632,0.3956453,0.9592392,-0.6310333,1.0,0.0
-0.31237093,2.2067006,-1.0488639,-0.679467,-0.93371063,-0.17326319,-0.6186571,-0.87172836,1.5474921,-0.71671563,1.6500269,0.20063676,0.8522985
-1.2581546,1.387142,-1.8563496,-0.71053725,-0.3394006,-1.3091161,-1.8238695,-1.2419363,0.90671074,-1.0458627,1.0419023,0.26914597,0.45300084
-1.8776025,3.1748092,-2.1915398,-0.6977024,0.8333871,-1.3225416,-1.8718446,-0.16015916,2.7518206,1.194067,1.8658206,1.0,0.0
1.066955,-1.0442101,-1.2269641,0.261415,0.043169323,-0.60317886,-0.94003135,0.29813156,-1.3805492,-1.4222399,-0.54592305,0.0,1.0
-0.15347272,0.7510931,-1.534464,-0.5563611,-0.51680803,-0.8823259,-1.5749707,-0.41344118,-0.59705555,-1.6336915,-0.6842892,0.50949645,0.59546196
0.20822647,0.50785136,-1.7466611,-0.8195349,-0.7839928,-1.0764778,-1.2660499,-1.1563873,-0.1287781,-1.6747506,0.81899244,0.12731372,0.8632166
-0.94401675,-0.19971819,2.5746021,2.1267874,-0.93371063,2.353533,2.317571,1.7367737,-2.0253963,0.90024817,-1.7593788,0.30913827,1.0
1.6549594,3.5344908,-1.151252,-0.8794128,1.1670483,-1.1943676,-1.2610639,0.90130645,0.7615538,0.26762357,-0.8792083,0.8948455,0.10064403
0.45810378,1.5162655,-0.6956537,-0.97236925,0.653199,-0.73197067,0.07854734,0.06853681,-0.20257758,0.12683058,-0.41052046,0.28169656,0.68886817
-0.06769055,-0.11089777,-1.2586528,0.8831743,0.07358065,-0.44290704,0.02706195,0.8559315,-0.053649697,-0.6960342,-0.9646897,0.0,0.7395558
1.2799367,-0.70288527,-0.38648504,-0.013647238,-0.45901373,-1.1007063,-1.0172172,-0.4431686,-2.183889,-1.4931024,0.0606903,0.0,1.0
0.23867238,0.4900682,-1.6750014,-0.7013403,-0.20049757,0.28276825,0.42292303,-0.5993118,-0.5922001,-0.4494357,-0.45721042,0.0,0.88050663
0.039443698,-0.20506261,-0.073187426,-0.585864,-0.6261603,-1.1089311,-0.035777446,-0.88347566,-1.200685,-0.6891169,0.33777475,0.0,0.8302753
-0.5118998,4.7222033,-2.1915398,-0.8703297,3.1943753,-1.5386337,-1.8718446,1.1032286,2.7518206,1.0156974,0.024621258,1.0,0.0
-0.761203,-0.73641104,-1.2308078,-0.97236925,-0.511556,0.1332744,0.81642723,0.3884963,2.7518206,-0.17996326,-1.0090377,0.08695641,1.0
-0.054840844,1.6613454,-0.25176218,-0.97236925,-0.8968533,-0.8642737,-0.6156415,-0.9171819,0.21496111,-0.7679261,0.7312805,0.0,1.0
-1.133761,0.4173403,-0.7650989,0.5606456,-0.6978067,-0.6532629,2.1038258,1.333284,2.1993876,-0.67229134,-1.7593788,0.0,1.0
0.15190046,1.3187232,-0.31286618,0.021733204,-0.5903274,-0.47440007,-1.3359662,-0.1614677,0.42742243,-0.64736235,0.58536667,0.5091038,1.0
-0.83593154,-0.9421061,-0.62945557,0.21427773,-0.030741647,0.32032174,1.8760523,0.60536265,0.663943,-0.27053976,-1.5412914,0.0,1.0
1.5570009,1.6933672,1.8790715,-0.97236925,0.85456413,-1.1203055,0.28836846,0.3517767,-0.15713,1.7630754,0.59714144,0.6050451,0.2969209
-0.16884214,-0.21522835,0.008194953,-0.26962942,-0.42214042,-1.0954655,-0.96585095,-0.88724834,-0.76837784,-0.878115,0.59846395,0.0,0.86291826
1.3171439,4.7222033,-2.1915398,-0.97236925,2.9916573,-1.5386337,-1.8718446,1.5066329,2.6529975,-0.72629327,-1.0851984,1.0,0.0
0.09579347,-0.0070580235,-0.75513095,-0.52306956,-0.32168257,-0.90384156,0.14151314,0.30377194,-0.31368428,-0.52210766,-0.98972917,0.068700105,0.85483485
-1.5278152,-0.532249,1.0675105,-0.97236925,-0.93371063,2.1120975,1.9078218,-1.0074412,2.5958536,1.5723546,-0.011058353,0.26116034,0.8532742
-0.774044,0.13768293,-1.11616,-0.43758243,0.0107649015,-1.5386337,-1.8718446,-1.5922731,-0.054358143,-0.73432386,1.6816863,0.048705295,0.749018
0.072907515,2.1704922,-1.2079428,1.205238,1.6180507,-0.8916837,0.24510427,1.2604575,0.92164534,-0.06776289,-0.31953746,0.6234728,0.573678
-0.0025432445,-0.5711988,0.60615104,-0.14906397,-0.62276673,-0.9030964,-0.8847168,-0.7934992,-0.43320605,-0.13557342,0.7309161,0.17616487,1.0
-0.02671916,-0.39101323,-0.29646942,-0.84806263,-0.56985533,-0.3673011,-0.57871205,-1.105604,0.31529126,-1.1644311,0.4773206,0.14792846,0.66662264
-0.31452295,-0.28689232,0.52397114,0.46698618,0.339333,-1.052061,-1.1691447,-0.91348714,-0.27122223,0.32188073,1.5810972,0.2661971,0.46640536
0.23719825,0.38094398,-0.060585238,-0.620271,-0.3866024,-1.1138397,-0.04613903,-0.31067243,-0.29046613,-1.62067,-0.4313583,0.0104449745,1.0
2.1021392,-0.6400319,1.5739467,-0.97236925,-0.93371063,-1.5386337,-0.8173046,-0.62718225,-1.529686,-0.18607862,0.44441074,0.23100314,1.0
0.15695801,2.1439083,-1.2559623,-0.9217278,1.5389832,-0.80588245,-0.36398947,0.16208622,-0.24768582,-0.3032386,-1.0167587,0.26837683,0.57181054
0.87044585,-0.13496676,-0.2690427,0.12771036,0.8301013,-1.0702494,0.41782987,-0.017748302,-0.4451021,-0.23937672,-0.1802708,0.0,1.0
-1.7669599,0.49652886,-1.1834583,-0.86790437,-0.7074123,-0.79050463,0.041341763,-0.59228057,2.7518206,-0.5314906,0.19140574,0.021001851,0.8795931
0.4850188,1.3110769,-0.40341896,-0.9552848,-0.23842108,-1.0562748,-0.37179273,0.15783086,-0.12623988,-0.30791986,-1.2488723,0.047937766,0.793079
0.08406468,-0.16551486,1.3158869,1.7804936,-0.807251,-0.028202161,0.008275501,0.3950654,-1.6512392,-0.7496583,-0.15799089,0.07508973,1.0
-0.20594017,-0.19997609,-0.99858433,-0.8406944,-0.93371063,2.644428,1.5176145,-0.46658617,-0.03216486,0.8689234,-0.36475024,0.21723635,1.0
-0.94386584,-0.72471315,-0.14444625,0.014234596,-0.315702,-1.4623698,1.5580593,0.73130256,2.4668248,0.93605477,-0.548593,0.0,1.0
0.589919,0.6618845,2.2299054,2.1267874,-0.91735154,0.07445698,-0.68943095,0.13750944,-2.183889,-1.6747506,0.6242119,0.2755446,0.94366044
-0.360192,1.5061442,-1.1331004,0.014964254,2.1796608,-0.9104622,-0.7130447,0.47523236,0.5365457,0.8792391,-0.5840185,0.5429424,0.39207363
-0.9139692,0.56165385,-0.61769724,-0.5451288,0.36566678,-1.2591906,0.71459544,-0.24001834,-0.070767224,-0.6076187,-1.6990559,0.0,1.0
-0.46162695,0.9409132,-0.7040138,-0.5512246,-0.93371063,-1.2897494,-0.8828151,-0.6306979,-0.6362558,-0.6014511,0.41247448,0.15889138,1.0
-0.8745669,-0.4088631,0.22853836,-0.86261314,-0.07011102,-1.5240166,-0.11873799,-1.4130195,1.5764081,-0.942671,1.6281627,0.017507026,0.83856785
0.056300834,0.17217468,0.1767914,0.5234525,-0.93371063,0.78080535,0.06873252,-0.6606197,-0.54484147,-0.6034146,0.5982237,0.3823761,0.9749661
-0.56947434,3.5421147,-2.1634085,-0.4039088,-0.5118474,-1.1926122,-1.8263031,-0.3457,1.5719236,0.41695642,1.4445878,0.77949977,0.111446775
-0.572522,1.5458301,-0.6944696,-0.35619092,-0.43260372,-1.1334586,-1.1968746,-0.43547252,0.34124514,-0.19940184,0.33052862,0.052805096,0.44301182
-1.7122432,-1.0237588,-0.26700768,-0.81227964,0.09174964,-0.612523,1.0711883,-0.11930637,2.3718023,0.13307548,-0.75516135,0.0,1.0
0.9533297,-0.5840313,-0.34719032,-0.42369282,-0.32702357,-1.1268805,-0.63324314,-0.040832147,-1.1053126,-0.08359828,-0.4741715,0.20475693,0.81545043
0.8379313,1.3961617,0.5044234,-0.3013305,-0.42198914,-1.0595201,-0.23449183,0.4051825,0.40821123,0.85878354,0.28539902,0.14017239,0.6128623
1.1619507,-0.23796624,-1.7289822,-0.48554906,-0.21496046,1.1908869,0.41404969,-0.030751511,-0.1985745,-1.4524105,-0.4349897,0.0,1.0
-0.7810833,-0.010764377,-0.8472732,-0.97236925,-0.6456673,-0.6466217,-0.4719653,-1.1757151,1.3988754,-1.44362,0.949206,0.28325263,0.9387215
0.45700657,-0.011626456,0.5208124,0.28136086,-0.4311165,-0.71786714,-0.478132,-0.36782688,-1.5166949,-1.0517489,0.31898624,0.0,0.9953788
1.9433972,1.2104677,0.90092385,-0.4405198,-0.19995326,-0.73090315,-0.38213676,0.7176901,-1.2785003,-0.4102589,-0.9021113,0.19264708,0.79753935
-0.7518388,3.6251614,-2.1915398,-0.6492061,0.33261427,-1.0499502,-1.5566304,-0.1870444,0.77786434,-0.7916563,-0.46256402,0.70705706,0.40979147
0.07647352,-0.08414335,0.06543301,-0.5165044,-0.5357009,-1.273897,-0.4221946,-0.80304015,-0.5990114,-0.6141746,0.37132913,0.0,1.0
3.0545998,1.351883,2.8018205,-0.7363356,-0.93371063,-0.66804755,-0.6329317,0.3171098,-2.030579,0.30144092,0.38987982,0.3315235,0.77934116
-0.53024614,-0.55813605,0.36198783,-0.97236925,-0.93371063,0.64197016,1.5911553,-0.3348427,2.7518206,0.091352336,0.42678645,0.0,1.0
0.4588398,-0.7120112,-0.321199,-0.53520346,-0.46655738,-1.0316162,-0.54949677,-0.54710495,-0.953485,-0.59940636,-0.20101136,0.0,0.7180813
-0.34125546,1.3805073,-1.0409137,-0.773616,1.6639488,-1.1514728,-1.2931542,0.32810694,0.6594172,-0.16685234,-0.96555763,0.98356545,0.0
-0.8750526,-0.65212315,-1.4140021,0.27779847,-0.15790907,-0.61140734,0.40425915,0.016502474,0.52952445,1.380087,-0.21849352,0.0,0.9014128
0.03164306,0.4823955,-1.4729925,-0.50914854,-0.037615478,-0.8153405,-1.5726377,-0.38054568,-0.1434981,-0.789819,0.1709466,0.3354585,0.676347
1.2679166,-0.11511694,0.64192307,-0.3788323,-0.07364446,-0.57779557,-0.25197336,0.51567364,-0.84335655,0.2912964,-1.1467359,0.1762248,0.73062694
-1.8776025,-0.55182064,0.7955244,-0.4429275,-0.09751777,-1.2712524,-0.96222115,-1.3579175,2.7518206,1.0319083,1.8658206,0.2845943,1.0
-0.0498331,-0.080936916,-1.5402272,0.78080684,-0.108064376,0.465252,0.7049068,0.4522859,0.12428795,-0.8508802,-1.2307557,0.0,1.0
-1.3647696,0.77964115,2.8018205,2.1267874,0.34086502,3.9998932,2.317571,1.2176042,-2.183889,0.87779015,-1.7233845,0.0,1.0
0.4211751,-0.26319516,-0.32229668,-0.97236925,-0.53136855,0.023995355,-0.47318035,-0.910346,-0.25512117,-1.2019029,0.40694538,0.0,0.97383183
-1.3828708,-0.66580284,-0.021506852,-0.97236925,-0.36969298,-0.48055455,0.77307504,-0.5752434,2.709443,-0.40080112,0.17185174,0.0,0.95154953
1.7378753,1.3527919,0.7292455,2.110287,2.6824937,0.44753334,1.2595032,1.5096925,-0.30646238,2.2838242,0.8732703,1.0,0.122856855
-0.46033707,2.201882,-2.1915398,-0.97236925,2.5735228,-1.1838408,-1.8718446,0.36772814,1.7257056,0.623644,-0.55244225,1.0,0.0
-1.8776025,2.2060764,-1.8447367,-0.2495448,-0.7130776,-1.4217708,-1.2691783,-0.5889764,2.7518206,0.004913399,1.4946362,0.7578016,0.68543476
-0.48681572,0.9797132,-0.41386867,-0.71708965,-0.81060874,-1.5044355,-0.24689424,-0.89544386,-0.019967591,-1.6747506,-0.111911274,0.18128715,1.0
0.23632109,0.08078207,-0.94844216,-0.97236925,-0.42045552,-0.96769005,-1.1263626,-0.54957783,-0.772535,-0.9439972,-0.07495532,0.0,1.0
2.5925848,1.4107397,1.067146,-0.8300764,3.0601,-1.5007491,-1.8718446,1.7367737,0.06497711,0.70847464,-1.7593788,1.0,0.0
-0.90268886,0.37698773,-0.93114346,1.7316576,0.47961473,-0.0076390244,0.79513586,0.5385654,-1.605331,-0.97115207,-1.5360316,0.0,1.0
-0.5275979,-0.31292063,0.9091784,-0.97236925,-0.93371063,-1.5386337,-1.2580572,-1.5922731,-0.2999878,-0.7193164,1.8658206,0.1108296,1.0
-1.2122277,-1.0442101,-0.39177006,-0.57491994,-0.09844418,-0.71682125,1.2225076,0.36307514,2.3857446,0.15235595,-1.6566521,0.13776824,1.0
-0.70538026,0.17073421,-1.1309441,-0.33833355,0.5236646,-0.6890176,0.20025507,-0.15483378,0.23788391,-0.385117,-0.69336367,0.0,0.65279734
-0.3287795,0.57750815,0.51211345,-0.46884596,-0.89217275,-0.74464685,-0.33162385,-0.8523674,1.329339,-0.23813894,1.4869479,0.2682247,0.8401403
1.0582538,0.30668923,-0.9546282,-0.049866095,1.4823116,-0.7828622,-0.019457042,0.64736503,0.15373328,0.5268488,-0.42043272,0.21771981,0.07060403
-0.8700961,1.2735735,2.6637115,1.4774295,1.8538841,2.0126946,2.317571,0.85069424,-0.5524435,2.075968,0.009581553,0.0,1.0
-0.4595499,4.7222033,-2.1010754,-0.97236925,2.2525153,-1.5386337,-1.8718446,0.9418973,2.7518206,0.8497819,0.64826876,1.0,0.0
0.30374008,-0.44584662,-0.00010215491,-0.37674582,-0.62623733,-1.5386337,-1.3725073,-1.5922731,-1.9271972,-1.6747506,1.5854927,0.0,1.0
2.072239,1.2586333,1.5799531,-0.9181209,2.0481982,-0.40855035,-0.51747745,0.6354922,-0.013368802,1.4285405,-0.5308544,0.8533339,0.25452742
0.52773243,1.7294614,-0.12296389,1.4147793,-0.122153156,-0.89510673,0.50088215,0.8473515,-1.075579,-1.5968451,-0.15839152,0.1582495,0.85914886
1.9681425,-0.27754617,0.7825063,-0.75876784,1.0766926,-0.3139731,-1.3618237,0.7593671,-0.24715644,1.1037354,-1.0531524,0.8459373,0.0
-0.48637602,-1.0442101,1.004938,-0.5447964,0.12370169,1.5980574,2.317571,0.25795236,2.4833689,0.53152066,-0.6494553,0.0,1.0
0.69571835,0.20989062,-0.1999844,-0.97236925,-0.4649604,-1.1037285,-0.9564985,-0.7867227,-0.9218002,-1.3760219,0.018137703,0.0,1.0
1.2917638,-0.37912512,2.8018205,0.1337753,-0.74973285,-1.0768437,1.0769454,0.11812914,-0.4025959,-0.24861658,0.7725915,0.11429908,1.0
-1.0366973,0.8557889,-2.1915398,-0.08862094,0.66433024,-1.1083534,0.5366712,-0.13896431,-0.023385033,-0.80799246,-1.6054211,0.19686452,1.0
-0.04104865,-0.055840716,-0.96099293,-0.36811715,-0.28551325,0.308645,0.14330366,-0.19064191,-0.3708419,-0.55359524,-1.2755027,0.0,0.94165874
-0.12036611,-0.19900075,0.86309355,-0.3783327,-0.19060099,-0.98297083,0.37739754,-0.21854775,0.8464931,-0.03552099,0.30558994,0.0,0.7445465
2.092368,1.886464,2.038243,-0.64123315,1.5374569,-0.87304294,-0.8239915,1.2603619,0.053661738,0.8131349,-1.4077792,0.9841269,0.0
1.1598158,-0.41107336,0.18067986,0.5607827,-0.93371063,-0.67382723,1.3411016,0.84648603,0.45284945,-0.30957574,-0.5214406,0.0,1.0
-1.39623,-0.4592985,0.43877876,0.77309597,-0.31023267,1.3072201,0.80873525,0.4294205,0.103260726,0.8990484,-1.2760974,0.17826551,0.8936134
-1.1377456,1.1740187,-0.81142336,-0.21495384,0.66059834,1.5711555,1.7772527,0.25834826,0.021422366,0.7558294,-1.1156443,0.0,1.0
-0.081957,0.119978495,-1.1043833,0.42863226,0.10453336,-1.2241862,0.81636244,0.44262484,-0.9344405,-0.6813563,-1.1329397,0.0,1.0
-0.6598327,2.182198,-0.8479252,-0.97236925,-0.93371063,-1.4480366,-1.0180933,-1.5703138,0.9023978,-0.94343305,1.6377914,0.24033469,0.98582834
1.494829,-0.4308745,1.3577399,-0.016336864,-0.93371063,-1.5386337,-0.68995094,-0.65877974,-2.183889,-0.4238777,1.0341437,0.0,1.0
0.47966093,1.627473,-1.336591,-0.6785225,1.5315347,-1.2023785,-1.8718446,0.55482394,0.828445,-0.0667382,-0.25626218,1.0,0.0
2.5236819,-0.4352313,2.016272,-0.78689986,-0.006817894,-1.305521,-0.72737694,0.75385696,-0.9783215,0.9651085,-0.34569177,0.1959139,0.95159125
0.43467125,-0.29949805,-1.0613822,-0.97236925,0.08658056,-1.3284138,-1.5546438,-0.10916888,-0.02181035,-0.2613577,-0.4834611,0.9207643,0.41850585
-0.22545268,3.742094,-0.90198064,-0.21827164,0.66419834,-1.2524921,0.3255542,0.50530046,-0.11547418,-0.9862568,-1.5264654,0.0,1.0
-1.6187977,2.6303196,-1.9683008,-0.32923046,0.8827423,-1.2270485,-1.8718446,-0.009675329,2.7518206,-0.33709577,0.9046667,0.9848627,0.0097105205
-1.4524692,-0.74863154,-0.67757684,-0.74190813,0.1361725,-1.3207147,0.63963026,-0.6771174,0.94296175,-0.6444485,-0.48307502,0.1176079,1.0
-0.21914834,-0.6523595,0.15978712,0.85130084,-0.47218764,0.88417935,1.2354482,1.0211315,0.81476897,-0.8043807,-0.9985667,0.06946193,0.6407507
2.592635,0.029675074,1.8991244,-0.97236925,0.247513,-0.8213288,-1.4969963,1.1497939,-0.44133812,0.75102055,-1.1488851,0.72799814,0.40365058
0.51363164,-0.49699882,0.7706899,0.17846023,-0.6880795,-0.6696097,-0.30219597,-0.55962855,-0.22936286,-1.4627969,0.8099194,0.011535255,1.0
-1.2892445,0.37304136,-1.7786627,-0.97236925,-0.5397414,-0.5920398,-0.44064754,-0.67044395,2.566193,-0.38431224,0.48605877,0.03386788,0.8818583
0.5819,0.75499994,0.75583094,0.41089216,1.013082,-1.0866416,0.30916196,0.72248894,-0.55136275,-0.06844764,-0.9811624,0.21454948,0.77695525
0.66175914,-0.62269235,1.8427756,-0.06507245,-0.33479467,-0.39834356,-0.24269974,-1.1107023,-0.21818869,-1.6461483,1.539411,0.049218394,0.89127785
0.050903156,-0.3585129,-0.75062025,1.0047446,-0.69146043,-0.16261046,0.5420099,0.6371965,-0.4597299,-0.7699807,-0.63139886,0.049849235,0.74109167
-0.43005455,1.402988,-1.0899223,-0.40825605,-0.5783035,-1.1423472,-0.5377883,-0.46056047,-0.24949448,-1.259212,-0.7785428,0.02555135,0.9661461
-0.4519581,-0.703885,-0.6861553,-0.50088394,0.24481848,-0.9215931,-0.5657007,-0.47378176,0.86618525,-0.29176626,0.7453724,0.11303439,0.59211385
-0.26953104,4.7222033,-2.1915398,-0.97236925,-0.034588333,0.04674083,-1.730515,-0.38334236,2.7518206,0.69913125,1.2043508,1.0,0.015112938
0.22719811,0.38539615,0.51406467,-0.97236925,-0.74810016,-0.99285555,0.39522702,-0.83558357,-1.1056793,-0.08179283,0.26927692,0.052589282,1.0
0.39706534,-0.72455275,-0.8462542,1.267673,-0.19089404,-0.7995471,-0.4484818,0.8973141,-0.38369784,1.1620084,-0.9744694,0.10517689,0.82998794
1.6242111,-0.09457125,0.5682082,-0.45649016,-0.8209094,-1.5386337,-0.4308892,-0.5310789,-2.0010335,-0.78449535,-0.20899667,0.15666123,1.0
-0.18135017,-0.5800023,0.93784493,1.385695,-0.00853194,2.8303802,0.9996606,1.1201783,-0.5436301,-0.27211246,-1.7593788,0.32883474,0.65816635
0.70072424,2.7979066,0.10632544,-0.18224351,1.7606645,-0.4974235,-0.51869607,0.6819497,0.56514907,1.459368,-0.20955664,0.73461455,0.0
-1.5166428,0.6467586,-0.9986731,-0.97236925,-0.20531833,-1.0807055,-0.8656576,-0.44218656,1.0791126,-0.73814434,-0.66747785,0.18364711,0.85685605
0.8793107,-1.0174383,-0.685172,-0.11647726,-0.06967836,-0.6676127,-0.9898057,0.3268071,-0.63627887,0.10021308,-0.6229805,0.0,0.604631
-0.46581385,0.5108216,-1.233261,-0.97236925,-0.44517568,0.04265143,-0.038314696,-0.39525053,0.7478642,0.4393322,-0.23617412,0.17504677,0.8506528
-0.7235043,-0.33339995,0.0332746,0.35757697,0.43117896,-0.39621696,0.5794829,0.015500968,0.16515622,0.096792676,-0.56620044,0.0,0.54651105
-0.5092886,0.36343238,-0.5623199,0.32682645,0.03237082,0.11373284,0.6340168,-0.15296642,-1.2635492,0.06425425,-0.71142304,0.1485143,0.87798977
0.645748,0.17796163,0.20307735,0.55208516,-0.5826936,0.6426862,-0.31030768,-0.26516813,-1.4376109,-1.6747506,0.30490443,0.0,1.0
-0.30622014,-0.20798637,2.585308,1.8217119,-0.93371063,4.263491,1.877892,0.94954354,-1.1850035,0.72054726,-0.83337045,0.35045135,1.0
0.10361391,-0.199183,0.4503512,-0.76197565,-0.65831876,-1.5214946,-1.1316297,-1.5922731,-1.6088128,-1.6418078,1.5608045,0.0,1.0
-0.21851107,-0.20145762,0.10289786,-0.73881185,-0.6934367,-1.4457042,0.025497597,-0.49472383,1.100861,-0.047812287,0.42625675,0.008701911,1.0
0.17186373,0.422721,0.04273369,2.1267874,0.23628613,-0.3354103,1.5994887,1.7367737,-0.9766827,-1.0400728,-0.8141049,0.10023601,1.0
0.6192325,1.3080609,0.4711366,-0.68210596,0.042095013,-1.407196,-0.4293114,-0.5279282,-0.42856956,-0.3480359,0.5929147,0.0,0.8104948
-0.9201045,0.13940342,-1.5638373,-0.9600265,-0.1943652,-1.4708612,-0.99158555,-1.2429134,-1.1120824,-0.5865087,0.11619827,0.049945638,1.0
0.1931166,1.1142316,-1.373592,-0.52777004,0.12616098,-0.69143206,-0.6572847,0.019257877,-0.04503003,-0.4603519,-0.61887103,0.25953263,0.28034094
0.10889746,-0.45727485,-0.6017916,-0.68390036,-0.93371063,1.9276531,-0.3026396,-0.97904056,-0.93706936,-1.6747506,0.09416452,0.41080147,0.8455003
1.0982769,0.94246805,0.15954483,-0.12285896,-0.5320226,0.42560047,0.29850835,0.50132966,0.23166701,-0.003292963,0.18111566,0.0,0.5916295
-0.45848846,-0.051906202,0.11505025,0.6410504,-0.76702905,1.9244367,2.275613,0.4584449,0.9508426,0.5857716,-0.32844818,0.0,1.0
-0.30709106,-0.30819988,-0.63689184,2.1267874,-0.266491,0.04271324,1.9695827,1.6816657,-0.42540184,0.15718523,-1.0609592,0.0,1.0
0.5070291,-0.61701787,-0.9787644,1.2428782,0.16309729,0.2562724,0.7120981,0.7409715,-0.88815445,-0.36704215,-0.8580823,0.0020408314,0.66940236
-0.43741265,4.7222033,-2.1915398,-0.97236925,2.3057518,-1.5386337,-1.8718446,0.9786961,2.7518206,0.37624347,0.28639096,1.0,0.0
1.5820943,-0.6493295,1.2003657,-0.67860943,0.22766781,0.05732952,-1.5787525,0.49329275,0.15178332,0.44465527,-0.5760454,0.81246966,0.41328892
-0.95563066,0.14966665,-0.90166724,-0.5187773,-0.08306236,-1.3826411,0.1636246,-0.47063464,-0.39006287,-0.16132051,-0.56692994,0.018549828,0.8530621
0.010306209,0.044515908,-0.17021614,1.2478442,-0.29482278,-0.91198826,0.2558809,0.4914504,-1.048493,-0.9630424,-0.6195822,0.0,0.93183804
0.122089714,0.31092274,-0.3180853,-0.85326546,-0.53079903,-1.4453446,0.8519487,0.20665528,0.0013191972,-0.016620804,-1.6942555,0.1135655,1.0
-0.552101,-0.1288264,-0.034967165,2.1267874,-0.50657076,-1.0413661,1.4734498,1.1393698,-1.0252892,-0.26810125,-0.9925825,0.0,1.0
-0.21489578,-0.28779262,1.100488,0.0059533436,-0.93371063,1.0301995,0.65804034,-0.3016342,-0.3880047,0.966872,0.51291704,0.19847769,0.78066456
-0.6031885,-0.871719,0.41530722,-0.97236925,-0.22592565,-1.5386337,0.73676306,-0.31940225,2.7518206,-0.40403613,0.37707078,0.13921447,1.0
-0.069995955,0.37826282,-2.1627324,-0.70546216,0.36555934,-0.81025904,-1.8280965,-0.49027812,-0.11296665,-0.7940466,-0.22206473,0.36017305,0.47006768
0.04657794,-0.09103464,0.6569301,0.009767108,-0.1146574,-0.5204551,0.5068833,0.18077719,1.1401452,0.2524765,0.77389556,0.0,0.99664646
-0.84445804,-0.49079084,0.21451223,-0.97236925,0.14839646,-1.0512373,1.0339223,-0.8089394,2.5439012,-0.9402804,0.050269127,0.11242803,1.0
-0.16918862,-0.754329,-1.7670472,2.0333123,-0.06641427,0.5125092,0.77144957,0.931261,-1.0944139,-0.9334201,-1.6728036,0.08939078,0.9671905
-0.23361455,0.055253822,-0.15582931,0.897645,-0.80205584,-1.1035743,-0.17260371,0.46231887,-0.8240939,0.015062323,-0.41113314,0.0,1.0
-0.0041670054,-0.4806025,-1.0238037,0.23716703,-0.05240187,-0.9130012,0.5092849,0.5504591,-0.463095,-0.44978216,-1.6831806,0.0,1.0
1.9399282,3.0751283,2.8018205,2.1267874,1.7969699,0.6354405,0.4342969,1.7367737,0.91284895,2.2838242,1.8658206,1.0,0.24536613
-1.2112331,1.7601074,-0.0697134,-0.73782843,-0.93371063,-1.5386337,-1.1013461,-1.5922731,0.56736284,-1.2565192,1.8658206,0.021836715,1.0
0.74915415,-0.39528474,-1.0308183,-0.301979,0.71683055,-0.7530778,-1.3863467,0.6619283,-0.1669361,0.17236744,-0.6557088,0.67774683,0.10525985
-0.14688878,-0.20565286,-1.0398785,-0.23870203,-0.44983906,1.2564908,0.56087154,-0.347229,0.12450354,-0.569014,-1.0228772,0.12931854,0.9210582
-0.6847186,1.2948651,-0.9744815,-0.6066116,-0.89016896,-1.5386337,-1.2598711,-1.3989651,0.5657632,-1.4319068,1.6708817,0.14803027,1.0
0.65011984,2.5122244,-1.6723094,-0.97236925,0.82406855,-1.5386337,-1.3961897,0.7036555,0.7585581,-0.6439551,-1.1467791,1.0,0.3166372
-1.0294082,0.2588903,-0.9351075,-0.5734131,-0.71089774,-1.366134,-0.9375376,-1.4033339,-0.91264933,-0.9716682,1.0522542,0.0,0.83637214
-0.37259105,0.23953795,0.24838033,0.8843691,-0.5642881,1.9240079,1.6361669,0.6083612,0.7839284,0.88486904,-0.06850759,0.051987186,0.8714986
0.35218927,0.9516766,-0.8174333,-0.29004863,-0.3863519,-0.82942504,-0.80969346,-0.11967057,-0.4485636,0.42505404,-0.281813,0.0540478,0.3562001
0.091691464,-0.3773595,0.2572265,-0.87605566,-0.37860742,-0.82406765,-0.57106644,-0.89754033,-0.67272705,-1.641005,0.21897423,0.0,1.0
1.4190892,4.7222033,-2.1915398,-0.97236925,0.34984678,-1.3856422,-1.8718446,0.74525803,1.2001796,-0.82400393,-0.66559714,1.0,0.31564018
1.3326715,-0.37373248,-0.38398653,-0.28264463,0.36805853,-0.7949453,-0.7430613,-0.055861324,-0.7273222,-0.3116514,-0.06595184,0.15075617,0.67289007
0.034648485,0.88103294,-1.3098297,-0.41583434,-0.42978695,-0.79981506,0.48133433,-0.3352268,-0.06816026,-0.7772617,-0.29876173,0.0,0.9054721
0.46463108,0.065274745,0.7734112,-0.07989155,-0.93371063,1.4720107,1.1385993,0.05739444,-0.13078856,-0.11476179,0.2893974,0.17775096,1.0
-0.48210856,-0.50744194,-1.7538754,-0.78906965,0.13968387,0.48160002,-0.4104187,-0.5158064,-0.53513414,-1.6747506,-1.6339995,0.2077893,0.7606777
-0.2966826,0.9693298,-1.8667299,-0.52328926,0.859959,-0.5600222,0.016712073,-0.11065359,0.2562801,-0.3875596,-0.5724457,0.076994315,0.70315087
0.43947348,4.7222033,-2.1915398,-0.9109551,2.4624438,-1.5386337,-1.8718446,1.1835442,1.6325545,-1.207747,-1.6122108,1.0,0.0
-0.6256083,0.28579342,-0.14739992,-0.71091217,-0.45104215,-1.5161433,-0.458736,-1.1633804,0.40301675,-1.4721695,0.67121637,0.11871343,0.87992144
0.8234222,-0.1844312,0.42699012,-0.44604945,0.024275014,-0.8583486,-0.73139334,0.29245612,-0.30312535,-0.015959952,-0.24965069,0.05359199,0.0
-1.2591487,0.09625317,-0.10918455,-0.97236925,-0.34351447,-1.2804619,1.0276222,-0.65845853,2.7518206,-0.27964035,0.5346784,0.0,1.0
0.21178131,-0.43288487,-0.28635094,-0.79072696,-0.10832984,-1.0185237,-0.6990269,-0.5244207,-0.77020586,-0.5252191,0.21798973,0.0,1.0
2.299596,0.08175781,1.0615917,-0.6274953,-0.1139835,-0.74323064,-1.6699641,0.52883166,-0.94041157,-0.046348773,-0.22583635,0.87114596,0.04469597
-0.9476661,2.9823613,-2.1915398,-0.65577424,2.905805,-1.5386337,-1.8718446,0.5207242,2.371043,1.0494771,0.21205863,1.0,0.0
0.4853886,1.2657852,1.557324,-0.62181944,-0.102199145,-0.22272298,0.8051025,-0.61427337,0.80183744,0.9716901,1.8658206,0.03485147,0.61444736
0.19668487,0.02236534,1.7703009,-0.22213753,-0.60240364,-0.025833517,0.48358637,0.07466973,0.45742998,0.48245302,-0.18410096,0.0,0.9837276
0.7124588,0.8793053,-0.28984252,-0.42397058,1.5571617,-0.8056987,-1.1529709,0.48979032,0.37057543,0.027019134,-0.56887853,0.59536874,0.08316097
-1.3791322,-0.24168515,-1.6535026,1.5386606,-0.6040265,-1.5386337,1.7699623,1.205434,0.27152178,-0.5869644,-1.7593788,0.0,1.0
-0.3763135,-0.391411,0.63365036,-0.039888892,-0.45564958,0.6788253,0.62549436,0.13499369,1.3062749,-0.8509325,-0.42588136,0.38625556,0.9072625
-0.5615301,0.8586431,-0.96897584,-0.89520556,-0.5937499,-1.3698821,-1.827473,-1.2879317,-0.6422516,-1.6747506,0.52743286,0.014315544,0.9617547
1.5705327,0.40559655,0.7873441,-0.12283433,-0.4380091,-0.5835181,-1.2706456,0.1370444,-0.78975713,0.5410428,0.3880828,0.10616795,0.69879425
-0.74130505,-0.07847467,1.037598,-0.23365611,-0.93371063,0.044083253,0.9052378,-0.31984967,0.62302834,0.04852522,0.43517417,0.0,1.0
-0.49281594,0.0057545416,0.32915533,-0.473388,-0.25431553,-1.0338794,-0.43260443,-0.6388431,0.6548916,-0.4506704,0.526109,0.003087625,0.7506979
-0.86393756,-0.55384636,-0.058081515,2.1267874,0.10645577,-0.30630738,1.7344409,1.3130088,-1.4816763,0.46290204,-1.2201493,0.0,1.0
2.1533804,0.2870421,0.89568526,-0.97236925,0.2623564,-0.8627719,-1.0958924,0.3689901,-1.2500408,1.0699346,-0.84885883,0.7557257,0.5068994
-0.2629612,-0.88254744,-1.0069145,-0.97236925,-0.4591528,0.1992321,-0.5083871,-1.5287575,1.4658737,-1.6747506,0.4189892,0.0,0.99126434
1.2223905,-0.90358394,1.0760248,-0.52439755,0.15541252,-0.8446947,-1.2646456,-0.08132671,-1.1046456,-0.35118562,-0.02824122,0.37220916,0.64283955
0.012323005,2.2239852,0.68405306,0.96262664,-0.72938067,-0.48877662,0.7227826,0.4992797,-0.5183169,-0.9146404,-0.14682673,0.19535936,0.89990705
0.63443196,1.1729046,-1.0446509,2.1267874,3.4279597,0.54678124,2.1850677,1.7367737,-0.1964262,0.6707707,-0.8076963,0.36426523,0.8871017
-0.10178724,0.028191764,-0.53008926,-0.41151458,-0.27019048,-1.2725135,0.31185627,0.043986805,0.16043851,-0.42939815,-0.7765517,0.068362705,1.0
0.6799293,3.0637999,-0.7692274,-0.97236925,1.7872308,-1.2846689,-1.4080013,0.49866894,0.45488518,-0.14775382,-1.0339845,1.0,0.0
-0.1650495,1.8683195,-2.1915398,-0.24029753,0.46821988,-0.25043246,0.540991,0.40968177,0.9376897,-0.29162088,-0.76664686,0.0059559885,1.0
-1.5624583,2.0135462,-1.6525762,-0.50661033,2.1696746,-0.39428255,0.88171583,0.05689137,0.7795963,0.88600564,-1.3642623,0.30227298,0.99661684
-0.3897156,-0.1389238,-0.2398625,-0.5801471,-0.5408305,-1.3006809,-0.733993,-1.5425388,-1.325038,-1.4618455,0.81615543,0.0,1.0
-0.2738076,-0.02497039,-0.36496785,-0.97236925,-0.6458669,-0.9663836,-0.9031613,-1.4087617,-0.52519214,-1.6747506,0.8387612,0.0038813017,1.0
1.1572272,-0.6037803,1.2443086,0.1803336,-0.697704,1.762708,-0.041036762,-0.02584457,-0.5199636,-1.4538056,-0.29067627,0.060192294,0.9871671
-0.111228645,4.7222033,-1.9999379,-0.13734274,1.0715293,-1.1659253,0.09632761,0.35738516,0.96031463,-0.06832867,0.17460084,0.5705224,0.44123134
2.292523,1.4879323,0.9454919,-0.97236925,0.26116768,-0.63820505,-1.8718446,1.1622815,0.060180493,0.9855676,-1.5403537,1.0,0.0
-0.8749921,1.5459979,-2.1672053,-0.97236925,0.31389856,-1.4138334,0.9652819,0.18940988,2.2669065,0.93721306,-0.38503978,0.20857838,1.0
0.060099967,2.5386765,-1.1324369,-0.97236925,1.2007644,-1.4572704,-1.8718446,0.8056761,2.03278,0.33715057,-0.8971802,1.0,0.0
0.028998688,0.21893992,-0.19113332,2.1267874,-0.22947228,1.3303139,1.1976998,1.3745108,-1.5900275,-0.9896355,-1.4130372,0.20243524,1.0
0.36030325,3.2529967,-1.2726752,-0.13156839,-0.6204523,-1.0320791,-0.14608905,0.15084624,0.4745373,-0.30193806,-0.13623086,0.44869548,0.7155666
1.1747428,-0.061461497,1.5790668,2.1267874,-0.93371063,0.65908194,0.50205517,1.4323366,-2.0742295,0.00837688,-0.030595101,0.16198114,0.97508574
0.69147515,-0.1715617,0.95578206,-0.97236925,-0.54409945,1.7509052,0.72999436,-0.5479165,-0.29548442,0.22262019,0.2834144,0.0,0.71457136
0.8908906,-0.8161552,0.1991604,-0.59677196,-0.030192435,-1.005523,-0.42077678,-0.33416134,-1.1215719,-0.89850795,0.05481016,0.0,0.97503185
0.7913963,-0.4743831,0.34222838,-0.13547483,-0.3850832,-1.1190268,-0.35956758,-0.29590884,-0.7921035,-0.90318555,0.30123088,0.0,0.95537657
1.9130261,-0.15897582,2.004948,0.808534,-0.77430475,-0.83263683,-0.56135166,0.8453758,-1.20269,0.15543349,0.482809,0.051321022,0.88044167
0.9066511,-0.73854965,0.4545531,-0.97236925,-0.71139437,-0.4654676,0.2618599,-0.7397758,-0.13395758,-1.0256685,0.041324534,0.0,1.0
-0.89956135,0.9303157,0.050239503,-0.58197755,-0.93371063,0.6411972,0.95519274,-0.4546891,0.2929386,1.4184474,0.15275145,0.3041165,0.6754855
-0.27970067,-0.18876395,-0.3484358,-0.65198374,0.04875671,-1.1214923,0.24019127,0.028268915,0.70729417,0.58309776,-0.43342718,0.053522967,0.81872416
1.1133741,-0.6717269,1.518541,-0.97236925,-0.579979,-1.522192,0.95942795,0.51711947,0.4831174,0.9736257,-0.9415456,0.14230429,1.0
-1.0563812,3.8945646,-2.1915398,-0.8510335,0.4463541,-1.5386337,-1.8718446,-0.07003415,1.8004037,-0.039375167,0.024362637,1.0,0.3218902
1.207237,0.6096733,1.4360116,-0.42785507,-0.122358374,-0.49216384,-0.32405907,0.2675194,-1.0152546,-0.3638516,-0.6385138,0.05704905,0.51935184
-1.8776025,2.3880947,-1.2704694,-0.13770595,-0.6089492,-1.0216662,-1.8718446,-0.1318633,2.7518206,0.05222726,1.1945871,0.81540614,0.35780624
0.40085292,2.4160824,-1.6971915,-0.65797955,-0.11078374,-1.1884958,-0.49457884,0.15372184,0.059143957,-1.5609522,-0.22406627,0.0,1.0
-0.21075654,-0.22101316,2.8018205,0.2300972,-0.93371063,5.277437,2.317571,0.31815583,1.0333601,1.9829277,0.62788546,0.0,1.0
-0.6030776,0.29625326,-0.7535168,-0.97236925,-0.79813987,1.2033029,1.0414664,-0.35926378,2.4634757,0.4084987,0.16469213,0.16378352,0.93347675
-0.117156446,0.15588792,-1.3523209,-0.63632226,-0.40238857,-1.336089,-0.56256837,-0.79433644,-1.5449979,-1.547257,-0.009766635,0.0,1.0
-0.3302498,0.21435541,-0.81600976,-0.8523323,-0.21011367,-0.8450138,-1.7318724,0.16639763,0.9372157,-0.40549776,-0.32837176,0.76265323,0.0
0.11075759,4.7222033,-2.1915398,-0.97236925,2.5612788,-1.5386337,-1.8718446,1.2028567,2.1649232,0.04946875,-0.4630747,1.0,0.0
0.15425573,1.4908586,-1.697583,-0.97236925,-0.54684275,0.0017954782,0.31866914,-0.77602667,-0.47536224,-0.7881173,0.114918634,0.07943175,0.9894347
0.48141494,0.7755557,-1.5062426,1.9256648,0.63221675,-0.82820296,1.0931035,1.4153539,-0.99187803,-0.4827317,-1.3298043,0.0,1.0
-0.4627544,0.16032025,-0.8297379,-0.40466088,-0.030405361,-0.015155658,-0.15106712,-0.4933649,-1.4362718,-1.1856489,-1.1221389,0.0,0.9140971
-0.18295476,-0.84152716,0.8947659,-0.088559374,-0.93371063,-1.5386337,-1.1555862,-1.5922731,-1.8133993,-0.6436217,1.8658206,0.0,1.0
1.2558333,-0.18012592,-1.3169214,1.264401,0.50491965,-0.25967738,-0.009760602,0.85919034,-1.0497754,-1.3758807,-0.6721056,0.0,0.60574764
-0.5646011,1.8647772,-1.2577313,-0.32494107,-0.2064586,-0.9192697,-1.1558694,-0.7794178,0.9274568,-1.4330645,1.0117718,0.11483755,0.8227095
-0.3047186,-0.15350689,-0.78596324,-0.26212537,0.05242094,-0.485474,-0.40133506,0.32643598,0.044250295,-0.7277203,-0.761039,0.0,0.9622636
0.13049126,-0.4175892,0.18894812,-0.52538663,-0.060007233,-0.85387105,-0.12896484,-0.20789742,0.38884357,-0.57383436,0.24991465,0.1915072,0.87231576
-1.2656237,0.3482111,-0.030497229,2.1267874,-0.39891228,0.58423805,2.317571,1.7367737,-2.1596584,-0.30848777,-1.7593788,0.0,1.0
1.4551793,0.23486686,2.8018205,2.1267874,-0.93371063,3.0083835,1.5680443,1.2079079,-1.4335527,0.8585261,1.446348,0.0,1.0
-0.43410438,-0.79665,-0.8319452,0.79609585,-0.23599228,2.64187,2.317571,0.85176677,1.4288294,0.62694764,-1.3482169,0.0,1.0
0.7470094,-1.0442101,1.5439298,-0.22595386,-0.3793537,-1.4923847,0.12208238,-0.5424018,-0.32571724,0.068444744,0.9228811,0.08536181,1.0
0.71750176,0.7430546,-0.7535042,-0.7024078,0.024113055,-0.5519226,-0.8104494,0.11957155,-0.4073241,-0.6940631,-0.737087,0.26779047,0.6572776
1.1494973,-0.53732634,2.1886945,2.1267874,-0.93371063,3.5816016,1.6070036,1.7367737,-1.0737708,-1.2815064,-0.18291862,0.0061225947,1.0
0.2413981,-0.16940792,-0.9330906,-0.3094815,0.15739173,-1.1513951,-0.19184151,-0.35152718,-1.5746076,-0.291735,-0.6051952,0.0,1.0
1.7533317,2.6125576,-0.014325429,-0.748678,1.8715872,-0.86371845,-1.8718446,1.7367737,1.6405077,0.90167975,-1.6413529,1.0,0.0
0.47200274,-0.7972495,0.56033176,1.3805736,-0.89256686,1.6011988,1.2240031,0.46530935,-0.1279102,-0.64201117,0.37127963,0.0,1.0
-0.5331099,-0.31627622,-0.72809327,-0.97236925,-0.07798122,-0.75312567,0.42359704,-0.6243428,1.5981197,-1.1536443,-0.16325037,0.0,1.0
-1.0404745,-1.033271,1.8097483,-0.09739251,-0.52447724,-1.5386337,0.41900647,-1.5475011,1.6811515,0.31188455,1.8658206,0.098125584,1.0
-0.06428765,4.7222033,-2.1915398,-0.97236925,1.8755864,-1.456899,-0.6412792,0.64859974,1.8867872,0.11884889,-1.2564601,1.0,0.760567
0.40665898,2.3902833,-1.8793365,-0.7836262,0.6905697,-1.0882866,-1.8718446,0.7617601,0.803552,-1.052885,-1.1696448,1.0,0.0
0.74547327,-0.11225857,0.07070115,-0.34083936,0.50981647,-0.6643736,-1.4712071,0.0010902719,-0.25935885,-0.09509918,0.107121244,0.53584313,0.0
0.25700486,-0.5611858,-0.38988745,-0.557237,-0.16080087,-0.5746023,-0.64204836,-0.1488786,0.0039301347,-0.34236133,-0.25908762,0.19324136,0.4467597
-0.599219,0.27079785,-0.8333284,-0.97236925,-0.93371063,1.374235,1.1842464,-0.5040986,2.7518206,0.6454933,0.32244572,0.5405475,0.7089286
-0.59641916,0.47501457,1.8216089,1.8177398,-0.7161834,3.7585714,2.1175506,0.829183,-1.0460993,-0.2526765,-0.89213544,0.0,1.0
0.3214134,0.05828827,-0.54203314,-0.72154844,0.065606736,-0.7797467,-1.4479152,-0.5024484,-0.9764887,-0.45289648,-0.4342078,0.08935235,0.6704392
-0.6540054,1.6835603,-2.1915398,-0.10056916,-0.012823768,0.13054723,1.2054129,-0.16685683,0.14435701,-0.8703307,-1.3053807,0.0,1.0
-1.4268575,-1.0188365,0.65432537,-0.2852468,0.29933634,1.2405862,2.2016537,0.49327213,0.82374054,1.1764909,-0.96328884,0.0,0.83390373
2.694272,0.696416,1.2731165,-0.9434349,0.8853064,-1.2423676,-1.6427721,0.6091822,-1.4449874,0.64613736,-0.68564475,0.42781693,0.24614084
1.5044883,-0.19428168,1.0045532,-0.19799009,0.1584982,-0.70854837,-0.70425546,0.47610053,-0.84236777,0.8331714,-0.2339377,0.18515894,0.49786144
-0.86137927,1.1899713,-1.5155209,-0.008224844,-0.06145346,-1.170359,0.37725466,-0.036202185,0.21761279,-1.0211198,-1.1649331,0.049748562,1.0
-1.5412331,3.5061898,-2.1915398,0.342452,1.0547621,-1.1920846,-0.7500605,0.19975959,-0.018648729,-1.6747506,-1.5638856,0.29371548,1.0
0.85576636,-0.16627528,-0.8232404,-0.15992628,-0.24257553,-0.93456054,-0.8888226,-0.3125617,-1.3127499,-1.6747506,-0.12149728,0.0,0.83798784
-0.7058316,4.7222033,-2.1915398,-0.9172537,-0.21722087,-1.5386337,-1.739351,0.18220335,2.094057,-0.9729929,-0.26627654,1.0,0.39366335
-1.2033336,-0.81117785,0.026381623,-0.97236925,-0.29276025,-0.7508559,0.22505789,-1.2738987,2.6628156,-0.9039675,1.4523346,0.0,0.99241513
-1.5658258,-0.40569192,-1.0948852,-0.82432264,-0.24706098,-1.170718,0.17176373,-0.3402959,2.1946843,0.053614847,-0.62046206,0.12924723,1.0
-0.43262106,2.14101,-1.4834896,0.8538108,0.029734343,-0.7266738,0.40924644,0.3643682,-0.25780556,-0.29508743,-0.47932976,0.091990225,0.84881824
-1.3439889,-0.21402873,-0.84085643,1.6416262,0.9166787,-0.93228227,1.5843146,0.9655289,-0.6276944,-0.13001704,-1.6117795,0.0,1.0
0.539881,-0.4421817,0.36771607,-0.019243656,0.30155456,-0.56437,-0.85167056,-0.034457706,-0.33801207,0.08160895,-0.08303467,0.23040587,0.29628813
0.9916289,-0.8307511,0.48098996,-0.91660094,-0.6377797,0.26637042,0.42710024,-0.9751935,0.71425045,-1.1372865,0.62269884,0.2741467,1.0
0.3585655,0.51909786,-0.6292814,0.09876751,2.029564,-0.08006252,0.77838266,0.29612133,0.35839456,0.62249136,-0.2667914,0.0,0.7201283
-0.36293224,-0.30612925,1.536748,-0.97236925,-0.8275595,-1.381549,0.17692342,-1.2820024,0.59403545,-0.004715357,1.0964977,0.3338192,1.0
1.1665047,0.13256021,0.7210324,0.6539563,-0.81608313,-0.17934783,0.19651237,0.006461734,-1.3177502,-0.1850879,0.27152893,0.0,1.0
-0.40382692,-0.80347043,-0.86036587,-0.97236925,-0.6161447,0.870716,1.0545803,-0.62075335,1.0295289,-0.5597957,-1.0016418,0.112386115,1.0
-1.2360666,-0.0645313,-0.4686641,-0.22239885,-0.18795246,-1.3241466,-1.5862502,0.06498249,2.610295,0.19063099,0.434411,0.5650139,0.13717623
-0.9806164,-0.51820076,-1.329948,1.6859859,-0.170796,1.7164565,2.2088766,0.98506784,-0.14274159,0.6319243,-1.1551775,0.0,1.0
2.0809116,-0.4240186,2.2232091,0.045741856,1.5155814,-0.46247265,-1.538657,1.1673666,-0.21494327,1.6786819,-0.7021342,0.9320489,0.0
-0.46105838,-0.3263289,1.1504887,-0.34943727,-0.34116212,-1.0596051,0.70074666,-0.48883536,2.1383433,-0.24052963,0.866503,0.0,1.0
-0.0848726,-0.7102714,0.2545691,-0.8466532,-0.14991492,-0.8355368,-0.41635543,-0.7676895,-0.0016880815,-0.8529553,0.58625656,0.0,1.0
0.06690652,-0.4813236,-0.22428712,-0.76108295,-0.32428154,-1.2229923,-0.36854577,-1.1311364,-1.3399565,-0.15237445,0.81745636,0.0,1.0
0.33993903,1.4610852,-1.2412962,-0.97236925,1.6487505,-0.8960218,-1.8718446,0.99539554,1.8578897,0.9727984,-0.70151705,1.0,0.0
-0.25712585,1.6963995,-1.5271413,-0.732156,0.89034075,-1.421685,-1.1280719,0.29369104,1.1980306,0.3211247,-0.5979503,0.83251727,0.5225113
1.813139,-0.57901967,0.16176638,-0.8604819,-0.93371063,-1.5386337,-1.8718446,-0.8414837,-2.068501,-1.5485084,0.41005877,0.0,1.0
2.72456,0.28396016,2.7308002,1.5826669,-0.93371063,-1.3565259,-0.9226652,0.17913678,-2.183889,-0.8577888,1.6462471,0.0,1.0
0.045335513,-0.26505378,2.1490414,0.11933553,0.36174494,0.08130013,1.1495975,-0.2427889,0.660817,1.4032927,0.99016553,0.0,1.0
-0.46052334,-0.011372862,-1.2831324,-0.97236925,-0.916059,0.93300533,0.51357764,-1.3912517,0.52086616,-1.2925642,-0.48500773,0.1343297,1.0
0.2695247,0.25509733,-0.3307194,-0.4828813,0.849789,-0.5854836,-1.505851,0.42764515,-0.25502723,0.68841106,-1.1478833,0.49632958,0.16105732
3.3123217,1.1758045,2.4705381,-0.97236925,4.7462225,-1.1956416,-1.8718446,1.7367737,0.31320223,2.2838242,-1.7593788,1.0,0.0
-0.61259055,0.16715692,-0.99127454,-0.76549745,-0.5277889,-1.4978926,-0.5494306,-1.0638036,-0.90907633,-1.2179495,0.05488781,0.0,0.99711657
-0.30329204,0.3833585,0.5435864,-0.97236925,-0.93371063,0.6349018,0.16554707,-1.0945969,-0.47985017,-0.38924655,0.15897705,0.0,1.0
0.51075554,0.017887443,-0.90219533,-0.51841503,-0.45247075,-0.48134768,-0.29269212,-0.12746632,-0.099423595,-1.0138583,-0.5130932,0.0,0.91072136
2.8736472,0.29079217,2.7546144,-0.80222255,0.64054334,-1.0801282,-1.4673214,0.7535636,-1.4124006,1.0667503,-0.44836444,0.9085483,0.49741533
-0.15287413,-0.5880476,-0.84769374,-0.45025,-0.45812953,-1.5386337,0.2890635,-0.4335363,-0.52614564,-0.9064173,-0.574592,0.038155995,1.0
-0.43912438,0.12348422,-0.3181205,2.1267874,0.27941826,1.1548227,1.8921638,1.5290031,-0.6401701,0.0044862907,-1.2032909,0.0,1.0
1.7286298,-0.29124132,1.1541775,-0.577745,-0.9095672,-1.007517,-0.178743,-0.20812866,-1.9047692,0.3958583,0.12642169,0.1015457,0.96537846
1.5896457,3.47552,0.8219408,-0.35478956,2.1933992,-0.49883065,0.11603302,0.29453394,0.58333105,1.8554765,1.7698737,1.0,0.20802379
-0.29663098,-0.00566859,-1.8384405,-0.8161366,-0.47185144,0.6942129,0.9526747,-0.108629644,1.4219153,-0.467947,-0.74441046,0.0,1.0
-1.4205339,3.6524403,-1.5097452,-0.42295492,1.906072,-1.3739159,0.48678625,0.19054078,0.25055674,-0.20150118,-1.2068341,0.3867685,0.97910804
0.83911806,-0.26157,-1.5321897,0.021453911,-0.5127136,-1.0529333,-0.82037336,-0.14731117,-0.6814909,-1.6747506,-0.04601904,0.0,1.0
0.788238,-0.19305857,0.97708046,-0.00926908,-0.09785387,0.282562,0.03812907,-0.28059918,-0.7349778,0.8472263,0.99168116,0.0,0.27543956
2.6162894,0.7440588,2.0535495,-0.6409242,1.3763702,-0.6406819,-0.78290516,0.9927414,-0.069460236,1.3646283,0.1603315,0.9383751,0.12517798
0.7742298,0.9434627,-0.46187416,-0.02755164,-0.18119407,-0.72502995,-0.038325313,0.3346515,-0.63530415,-1.3148248,-0.8167995,0.0,0.9073014
2.599064,-0.35771695,1.2616966,-0.9403218,-0.82867193,-1.1217774,-1.2477139,0.43543378,-1.6223586,0.091224514,-0.83374494,0.35959455,1.0
0.086577885,0.40530008,-0.021101702,-0.2879079,-0.73508966,-0.39862502,0.547924,-0.025998956,1.9105185,0.37750393,0.099372834,0.15270564,1.0
0.47367,-0.85607123,0.34191746,-0.97236925,-0.93371063,4.628828,1.4253099,-0.20083818,2.6138341,-0.526856,-0.41859418,0.048432276,1.0
1.0057148,-0.1660452,0.7139005,-0.67386764,-0.57591087,-0.49360162,-1.4872516,0.20740338,-0.6671,-0.20951617,-0.38897082,0.3907313,0.41980648
0.67645776,-0.698892,-0.5672578,-0.6751848,-0.6054162,-0.9262995,-0.8623236,-0.658349,-1.3235431,-0.3699102,-0.09173645,0.0,0.9777335
-1.134366,0.07015716,-0.47948557,2.1267874,0.3909591,0.08612732,1.9064132,1.7367737,-0.61856693,-0.6260743,-1.7593788,0.10769493,1.0
0.93464994,-0.62961036,1.5374279,0.741561,-0.59290135,-1.1245011,-0.90483296,-0.88266313,-1.1379391,-1.6602165,1.1874388,0.0,0.94065505
-1.3771077,0.28992638,0.2654993,-0.5058368,-0.028859403,-0.5884972,-1.8247973,-0.17547327,1.5499638,1.9926988,0.64336175,0.7692942,0.31159687
-0.20367067,-0.48744017,0.69166636,-0.7409287,-0.57502854,-1.5386337,-0.47476387,-1.5922731,0.16003399,-1.3776867,1.5571078,0.031081812,1.0
1.5420682,-0.29718912,0.57548314,-0.8083289,-0.7412337,-1.0478325,-0.12515655,0.077506244,-0.9020011,-0.02023016,-1.1138487,0.35226953,0.8804572
-0.5330793,-0.610535,2.013533,1.8274828,-0.051439647,4.1099396,2.317571,1.3762126,0.2118357,1.6460322,-0.46007293,0.0,1.0
-0.22800718,-1.0442101,0.40845272,-0.97236925,-0.30387363,-1.5386337,-0.23789331,-1.5922731,0.62118745,-1.4507637,1.7566798,0.00093639083,1.0
-0.5729705,4.7222033,-2.1915398,-0.64445424,-0.022505764,-1.5386337,-1.8718446,0.949412,2.6721702,-0.7332333,-0.5750637,1.0,0.0
-0.50080717,1.1435367,-0.7737567,0.2758331,-0.16979623,3.2780213,2.317571,-0.046115026,0.7816225,0.44929278,-0.36190802,0.0,1.0
1.9424376,0.66563153,1.9237802,-0.22855316,-0.93371063,-1.241234,-0.22553287,-0.23249702,-1.9673821,-1.2746983,0.5018508,0.15408851,1.0
-0.022557203,-0.27505505,-1.496748,0.09102728,0.23071945,-0.8401222,-0.13279772,-0.1279309,-0.88809484,-0.65191185,-0.8283698,0.0,1.0
-0.06021325,-0.3039575,-1.1484648,0.25186667,-0.52331555,0.7716206,1.4961431,0.21239927,1.1393254,-0.06582768,-0.8156126,0.0,1.0
-0.42971006,-0.69518524,-0.44425896,-0.6701913,-0.16089448,-0.397487,0.72936594,-0.56782585,-0.24057148,-0.648971,-0.95401675,0.0,1.0
-0.57020944,0.22689715,-1.1914904,-0.97236925,0.11999411,-1.3680652,-0.09075778,-0.42213634,0.075224414,-0.6861267,-0.78312445,0.16126803,1.0
1.4251605,-0.41017666,1.1598635,-0.6174988,-0.8416631,-1.5386337,-0.22532709,-0.33130974,-0.9414071,-0.62645495,0.47050446,0.018346256,1.0
-0.17855585,2.3678246,-1.6474512,-0.89637434,1.9076431,-1.4178894,-1.1396561,0.27151346,1.0882545,0.7780942,-0.4547931,0.8047076,0.0
0.4315852,-0.44583026,-0.20254388,-0.6675451,-0.7441695,0.56267434,1.8380902,0.6096959,2.0699322,-0.23556043,-1.3380606,0.0,1.0
-0.76359034,3.2269223,-2.1915398,-0.4430895,0.22839972,-1.2681638,-1.6265976,0.2480853,1.3899125,-1.3860075,-0.87449527,0.6152869,0.5105431
1.1404985,0.23799573,0.27210632,-0.639997,0.69961214,-0.99783736,-1.8718446,0.7834126,0.2595936,0.65580106,-1.430049,1.0,0.0
-1.151989,-0.5473933,-0.30611435,-0.53351104,-0.4455841,-0.86536515,-0.52997303,-1.1171751,1.7538638,-1.0816617,1.5687184,0.12808815,0.6920612
-1.2133176,1.0126265,-1.6334311,-0.2380333,1.2853347,-1.5386337,0.055623382,0.33522454,1.5067989,0.24157423,-0.36904022,0.2644182,0.5051071
-0.18718888,0.15068726,-1.1403949,-0.33640635,-0.54537135,-0.5909395,0.040432848,-0.49446273,-0.22636583,-0.40390942,-0.041543193,0.0,1.0
-0.2558522,0.21753764,0.5907365,-0.13053057,-0.93371063,-0.74471146,-0.24080324,-0.55935633,-0.98536354,-0.5785315,0.67481977,0.0,0.7757605
0.12673603,-0.34693697,-0.4158758,-0.7732515,-0.3348164,-0.87246335,-0.56116474,-0.9753529,-1.3150702,-0.7822174,0.13968116,0.0,0.6880124
-0.79265356,0.64700925,-1.65861,-0.97236925,-0.29382527,-1.0597028,-0.45901513,-0.3137979,0.5232319,-1.6234791,-1.2292762,0.0496691,1.0
-0.29195592,4.7222033,-2.1915398,-0.26592898,1.831168,-1.2665486,-1.8330427,0.45803785,2.7518206,0.7783275,1.8447121,1.0,0.030138928
-0.5246553,2.3121438,-1.2523359,-0.89656115,0.9179722,0.4453415,-0.51011974,0.05663324,1.8139877,1.5698084,0.81297886,0.51394486,0.040326238
0.35037163,-0.20774956,-0.544061,-0.39181587,-0.42547333,-0.77511156,0.05428227,-0.22606358,-0.29775956,-0.9645725,-0.5758266,0.0050204266,0.8176059
-1.024723,0.6803424,-0.45752352,-0.7428683,-0.13220325,-1.4056299,-0.80530256,-1.0876364,2.3168685,-0.87519115,1.4991319,0.07193473,0.9214084
0.44617248,-0.11095094,-0.59636974,0.62509674,0.91926795,-0.46463937,0.79672873,0.56523156,-0.071455084,-0.48560613,-0.49754366,0.0,0.8515276
-0.7623922,0.047255643,-0.33910808,0.68512505,-0.44812268,3.3787513,2.317571,0.3799148,0.54237413,0.12123686,-1.2255354,0.0,1.0
-1.3883392,0.0105378125,-1.3463671,0.13283828,0.32958955,-0.6290563,0.89987046,0.15928195,-0.40301841,-0.4267807,-1.7593788,0.0,1.0
-0.75787807,-0.5058514,-0.05882956,-0.7444397,-0.47158018,0.7305708,1.0698773,-0.30927154,1.647875,-0.5717075,-0.74806505,0.24782044,0.8347918
0.9224549,-0.8386844,0.49824318,-0.97236925,-0.78226626,-0.1695028,-0.42093438,-0.47582704,-0.34232494,-1.3325337,0.1112019,0.15122326,0.8792708
-0.18356393,2.017905,-1.2657334,-0.8792314,0.14112037,-1.5249163,-0.8435874,0.027694397,0.16407749,-0.2571506,-1.0298071,0.43428576,0.6465149
-0.60850996,0.06617275,-0.42937002,1.7858244,0.7038167,1.5959009,2.139523,0.74828947,-0.70936984,0.1744477,-0.7290961,0.0,1.0
-0.6393372,3.8926113,-1.9697257,-0.97236925,-0.6534148,-1.2719599,-0.58678365,-0.4057994,0.38751647,-1.6512414,-1.101424,0.15224175,0.8292186
-0.86107606,0.47994244,-2.1915398,-0.9341628,-0.073691055,1.5165546,0.16645257,-0.33171672,2.7518206,-0.14282325,0.2024562,0.21704215,0.9231362
-0.8911703,-0.73422223,-0.100077875,-0.58933854,-0.15669039,-1.1034611,0.7592759,-0.47686598,1.825418,-0.500126,-0.37795913,0.15132026,0.92879045
-0.12118173,1.7364833,-1.2678925,-0.18536091,0.7137293,-0.3558231,1.108325,0.26650348,-0.23988669,-0.23905978,-0.6353136,0.0,1.0
0.9615094,3.6758773,-2.1915398,-0.6987908,-0.7126778,0.4642754,0.5232634,0.019572847,0.97767407,-1.05019,-0.6416867,0.0,1.0
-0.38715142,0.27620518,-0.3326305,-0.47372484,-0.35993308,-0.95211357,-1.7080173,-1.1541022,-0.4386845,-0.57394755,1.1794306,0.05417849,0.7750252
-0.14520074,-0.3178297,0.08942089,-0.97236925,-0.93371063,-0.063505985,-0.25616157,-1.4768504,-0.62059724,-0.17780778,0.8065116,0.24252006,1.0
3.3844666,1.165393,2.8018205,-0.5602587,0.8666172,-1.0649673,-1.345318,1.7367737,-1.3719306,0.5645222,-0.61715716,0.96850663,0.15434137
0.72339666,-0.36698765,0.5710543,-0.65343183,-0.93371063,-1.2245556,-1.1472267,-0.23958318,-1.4586871,-0.13180274,0.10367595,0.05211974,0.92866576
-0.8934357,-0.5905203,0.23795947,-0.97236925,-0.34943584,-0.82285666,0.7029608,-0.9610833,2.4896169,-0.07537848,0.43887645,0.0,1.0
-0.8410944,-0.69158804,-0.06540232,1.1515733,-0.46135527,3.1075501,2.317571,1.3063875,0.7738564,0.3297809,-1.7593788,0.15356615,1.0
-1.5917481,-1.041709,-1.8554124,2.1267874,0.78171617,-0.435461,2.093001,1.7367737,1.6843318,0.4223884,-1.7593788,0.0,1.0
1.3823096,1.909064,-0.9426609,-0.97236925,1.1051742,-1.0007067,-0.8981784,0.55405235,0.38962123,0.21382222,-1.0708942,0.89941156,0.18099377
0.3378026,0.7139433,-0.92871004,1.1374851,1.1371647,-1.316724,1.502316,0.8437165,0.18631072,-0.050821126,-0.47460413,0.0,1.0
-0.10272178,-0.4146208,-1.3693777,2.1267874,0.5528687,0.15939441,1.2205418,1.7367737,-1.6444011,-1.1183156,-1.7593788,0.0,0.9443265
1.761041,1.9774746,-0.17032537,-0.4934914,0.70498896,-0.77556646,-0.8173131,0.68220407,-0.43038207,-0.15244022,-1.1746548,0.6032731,0.17485204
0.79919046,-0.44507185,0.8798549,-0.06870549,-0.41871086,-0.38265446,-0.20646894,-0.740546,-1.0787141,-1.4112874,0.4927876,0.0,0.8833664
-1.3932047,4.584509,-2.1915398,-0.97236925,3.5090816,-1.5386337,-1.8718446,1.4157801,2.7518206,2.041191,-0.19788761,1.0,0.0
0.60657823,0.8298495,-0.3488632,1.0725131,0.15411532,-0.25047487,0.1004279,1.2051288,-0.5284333,-0.5233182,-1.2803282,0.15776305,1.0
0.24798705,0.64697623,1.140512,1.2918162,-0.7678042,-0.21894461,1.0561737,0.93913466,-0.33764276,0.42388907,-1.0310473,0.0,1.0
-0.038602035,0.08168632,-0.6574903,-0.7027665,-0.306362,-0.7991486,-0.8082842,-0.988301,0.20411721,-1.4573278,0.48427796,0.0,0.9091774
0.8012419,0.053204723,-0.30151907,0.42017335,0.21090749,-0.3612313,-0.31134707,0.64872897,-0.8099566,-1.0296271,-0.40675825,0.14873578,0.56694883
1.6417017,3.8232627,-1.1099474,-0.14045994,3.0738425,-0.97140723,-1.0146408,1.3544506,1.037905,1.0278312,-0.17174117,1.0,0.0
0.28746837,-0.3899757,-0.009942224,-0.5355761,-0.27629554,-0.8423438,0.626122,0.32470953,0.72219306,-0.66941494,-0.9639258,0.0,0.973509
1.105178,-0.50152636,0.88520825,1.1654682,-0.93371063,-1.150589,-0.32211858,0.31138948,-1.2511319,-0.5278286,0.36949363,0.0,1.0
2.7745008,0.91892034,2.4976687,-0.8872276,1.0235494,-0.50299203,-1.699274,0.95718664,-0.59210896,1.6377975,-0.25575784,1.0,0.0
-0.11542997,-0.17372923,0.48939183,-0.24746637,-0.3280116,0.14345896,-0.01032007,-0.58595437,-0.5417505,-0.47024703,0.26419625,0.0,0.81926954
-0.05512483,4.231974,-2.1915398,-0.97236925,0.6456119,-1.1426296,-1.8718446,0.4565237,1.7461938,-0.15088545,-0.42173466,1.0,0.039631102
0.1658034,3.998426,-1.3302286,-0.35260326,0.57239956,1.6755161,0.8319327,0.1006197,0.25464207,0.37875998,0.48838073,0.1429247,0.8336403
-0.2974513,-0.0729951,0.6376045,-0.4516546,-0.33520484,-1.3597769,-1.2742556,-0.9516742,0.9889343,-0.82255566,1.2696679,0.4945378,0.76945275
-0.13949034,0.11747867,0.03295199,-0.22380945,-0.6085219,-1.5217162,-0.2441391,-0.33134237,-0.92054373,0.10771082,0.17295238,0.0,1.0
-0.16920736,-0.7831556,1.3052728,-0.90597844,-0.47686154,-0.92475367,0.13238211,-1.5922731,-0.26435676,-0.6793735,1.8658206,0.01681302,1.0
1.047454,0.14466442,1.6058178,2.0093033,-0.93371063,0.34254354,0.90543205,0.7611849,-1.1514735,0.18712443,0.82059234,0.0,1.0
0.8179632,-0.19878939,0.035536565,-0.8708423,-0.31484133,-1.0884974,-1.0220476,-0.25726613,-1.0340118,-0.20740081,-0.6641206,0.113946535,1.0
0.10481906,0.015377485,-0.8359312,-0.78399533,-0.3619902,-1.3520231,-0.6730369,-1.2276063,-1.3667767,-1.4249535,-0.082460105,0.0,1.0
-0.6843388,-0.8058246,-1.3278902,1.5167639,0.044127632,1.7461478,2.317571,1.6198187,0.70714223,-0.0143783605,-1.7593788,0.0,1.0
-0.95378876,0.07978572,-0.69928944,-0.6126844,0.63730496,-0.39862457,0.9734596,0.030406961,0.044571806,-0.0092466995,-1.743311,0.0,1.0
-1.0958997,0.36130273,-0.33825698,-0.54584324,-0.5189824,-1.5196428,-0.9795814,-0.7423846,0.73533547,-0.53660184,0.25573528,0.14738497,1.0
1.6438173,-1.0442101,-0.35914767,-0.52738976,-0.16693982,-0.6486559,-0.5945106,0.19807877,-0.5032738,-0.6885848,-0.5456004,0.0,0.88702375
-0.21857958,0.9131773,-1.1033366,-0.3762615,-0.4899621,0.52022064,0.49904323,-0.19561477,-0.5464179,-1.4493412,-1.2338418,0.010768374,1.0
-0.63588506,0.1033451,-1.9430082,2.1267874,1.425139,0.7808826,1.904395,1.2531197,-0.9074238,-0.1082306,-1.3549346,0.0,1.0
0.4028173,0.42312822,-0.39313644,-0.73867536,-0.750339,-0.8707422,-0.19574748,-0.5100361,-0.55957067,-1.1365538,-0.1584377,0.0,1.0
0.5613161,4.7222033,-0.7805013,-0.5416794,4.320955,-1.5386337,-1.8718446,1.0659214,2.7518206,1.874421,1.0650641,1.0,0.0
0.07386859,1.2349863,-1.442058,-0.9041054,0.32759205,-0.6458803,-0.8528123,-0.7938791,-0.09788971,-0.90505505,0.17345762,0.0,1.0
0.32854068,0.37873083,-1.689419,0.29062513,1.6852233,-0.23288417,0.5271693,0.36553162,-0.53058434,-0.5390427,-1.359489,0.0,1.0
2.6110277,0.30861884,2.2581048,-0.083584905,-0.48315024,-1.3522598,-0.6814746,0.6097298,-1.5183089,0.14702575,-0.1993169,0.24217701,1.0
-0.41069087,1.9808469,0.21506009,0.13348632,-0.35964134,0.357767,0.46638674,-0.15197672,-0.18122102,-0.43044227,0.28455707,0.040658727,0.34590524
-0.7821478,1.8381591,-1.6134341,-0.36542156,1.196501,-0.67163295,-0.43519872,0.086315654,-0.44577792,-0.96078604,-1.7593788,0.21118216,0.6703542
1.0243206,0.13809861,-0.813849,-0.8371474,-0.93371063,1.3889931,0.8786491,-0.3130719,2.7518206,-0.4634609,0.13621725,0.0,1.0
0.6861681,0.36230686,-0.37963495,-0.97236925,-0.93371063,1.6621746,0.4005636,-0.56172615,-0.08984035,-1.1410047,0.0038902704,0.0,1.0
0.5184694,-0.21709208,0.72856843,-0.61691934,-0.590787,-0.42380235,-0.0026356028,-0.0072624823,-0.38489434,0.6554072,-0.5023418,0.20863122,0.92726785
-0.6170787,-0.071391664,-0.44985107,-0.6111485,1.6571164,-1.0410036,0.091346964,0.22387336,0.12050068,1.2971969,-1.1281997,0.49664316,0.1538596
-1.0214813,-0.18192004,0.20605403,-0.9070044,0.6474126,-1.5386337,1.416836,-0.41527018,0.46992937,0.92421424,-1.4920388,0.020594044,1.0
1.2312428,-0.8020976,0.5721845,-0.4398183,-0.2629316,-1.0331641,-0.304977,-0.4423753,-0.85018796,-0.42911398,0.20168433,0.0,1.0
1.0304712,-0.33849743,0.23536056,-0.574897,1.1533126,-0.76718724,-0.8994854,0.81804675,0.13376638,0.1538999,-1.5608181,0.45132393,0.3139025
-0.5623471,2.5057101,-1.4386141,-0.14754665,-0.004816868,-1.5386337,-1.5663453,-0.32605308,0.5325358,0.25879326,0.67135715,0.47466937,0.6205077
-0.6453189,-0.7379136,-0.07960028,-0.8019846,-0.03842193,-1.4940002,0.38070536,-1.0855163,0.3350381,-0.8866403,0.41861004,0.07897753,1.0
-0.38882825,0.29883537,1.0613909,1.5835936,-0.93371063,5.277437,2.317571,0.72019315,-0.47706375,0.60126567,-0.9034726,0.3269445,1.0
-0.9742375,1.399791,-2.1915398,-0.43940133,-0.104157664,-0.68911505,-1.2258145,0.36420408,2.6865754,-0.31938007,-0.13712758,0.38212872,1.0
0.44359592,-0.5422588,-0.69912845,0.08198004,0.2164329,-0.60650504,0.11353244,0.018795323,-0.68449706,0.009249555,-0.124248594,0.0,0.7222194
2.1573813,0.21372472,1.1803608,-0.41590118,0.6464324,-0.94513714,-0.23292264,0.81145996,-0.9083267,0.43938115,-0.5721084,0.10752868,0.43696722
0.6113125,-0.5309555,-0.5858476,-0.066689305,-0.8922545,-0.970388,-0.36994457,-0.12593427,-1.0430205,-0.6669776,-0.3608245,0.07547499,0.9053379
-1.285835,0.43309414,-1.2103844,-0.97236925,-0.56050855,-0.92708766,-1.2021544,-1.394547,1.0379357,-0.99631536,0.7270179,0.15512188,1.0
-1.2941536,1.2546452,-1.961562,-0.78632164,0.0032385185,-0.8636973,-0.6258877,-0.042820524,2.7518206,0.27334288,1.2682742,0.50507516,0.3310666
0.7236916,1.1654167,-0.51400566,-0.4840352,0.52998334,-0.58031327,-1.0646344,0.6345299,0.5069396,-0.21061961,-0.79793984,0.6068179,0.45324636
0.60344183,0.98743397,-1.0953761,-0.97236925,1.5267215,-0.8614905,-0.4805687,0.265312,-0.2350323,0.020114468,-1.1474667,0.6678292,0.79538167
0.705165,1.271742,-0.5556233,-0.66223603,-0.30801925,-0.7253678,-1.015915,0.71688527,0.12921034,0.380077,-0.6899358,0.5702442,0.25246635
0.45925903,0.98944765,0.7189524,0.20779778,1.5672157,-0.3980744,-0.96984744,0.74980074,0.21919967,0.672705,-0.7659423,0.81918645,0.0
-0.8641665,-0.5004922,-1.3612795,0.5669121,-0.5652898,0.2762009,1.0927364,0.6113078,0.6451758,-0.2966044,-1.2238793,0.0,1.0
1.3249379,4.7222033,-2.1915398,-0.97236925,0.9022537,-1.5386337,-1.8718446,1.1328198,1.4682308,-1.2213162,-1.3696845,1.0,0.71159244
0.6373581,4.1005344,-2.1915398,-0.97236925,1.5225242,-1.5386337,-1.8718446,1.1853867,1.9147733,-0.15683202,-1.0809226,1.0,0.0
0.83677226,0.798103,-0.8322144,0.7640319,1.5531994,-0.6854612,-0.36118788,1.5021772,0.01750599,0.27618498,-1.0570756,0.7016446,0.54782087
0.11304684,0.2236672,-0.14468592,-0.29387268,-0.6251522,-1.1944033,-0.49062848,-0.43055686,0.5177265,-0.15363823,0.54614776,0.0,0.93144864
2.3736913,-0.64611804,2.8018205,-0.69290656,-0.93371063,0.025754206,1.1575679,0.22917476,-0.47519392,1.144452,0.5804505,0.019308804,1.0
0.4848006,0.22031549,-0.35817644,-0.2910794,0.11043796,-0.31072912,-0.319014,0.26603743,-0.017178863,0.7087415,-0.5097782,0.21032321,0.6024115
1.4032347,-0.6492854,0.61556125,-0.55232567,-0.3566837,-1.3569604,-0.60407126,-0.024263125,-0.7149387,-0.48254374,0.46280625,0.1734924,0.843005
-0.39749286,4.186645,-2.1915398,-0.97236925,2.5994024,-1.3817136,-1.3366287,0.6347664,0.9720822,-0.06800292,-1.3870661,1.0,0.30515066
1.1905397,-0.86701196,-0.1814628,-0.95239234,-0.54612523,-1.499312,-1.6892201,-1.5922731,-2.183889,-1.6747506,1.2766107,0.0,1.0
-0.29470214,0.46091348,-1.2214648,-0.7544648,-0.2645195,-0.9741124,-1.5082337,-0.36988056,-0.40757626,-0.63373744,-0.4074791,0.36038417,0.43304777
0.8378068,2.7157578,-0.13526061,-0.9131371,0.37234145,-1.5386337,-0.60036695,0.34886247,0.20034564,-0.05698715,-0.26563796,0.4309929,0.50170726
0.95916206,1.4118506,-0.7059645,-0.97236925,2.4190085,-1.5386337,-1.8718446,0.42290106,0.5723396,0.2836266,-1.0714487,1.0,0.0
-0.33022916,-0.3522663,0.25598425,-0.59080553,-0.6962191,-1.1095748,-0.55226207,-1.0398588,-0.9479927,-0.5574494,0.7114243,0.0,1.0
-0.49904105,3.6091309,-2.1915398,-0.34314746,2.23447,-1.5386337,-1.8718446,-0.0969399,2.437089,0.5365182,1.6354998,1.0,0.0
1.1418126,-0.041447412,-0.4377331,-0.27511585,0.20048073,-0.31461474,-1.3220352,0.3020907,-0.4364592,-1.0459154,-0.8701687,0.4538838,0.70221496
-0.31777483,0.98350865,-0.014352882,-0.46471304,0.5007781,-1.1176864,-1.1130323,0.31533507,1.9609646,0.9093499,0.6691754,0.68064517,0.1452319
-0.19869417,-0.9353791,-1.3440711,1.1770518,0.9160891,-0.55474263,0.59712696,0.89568406,-1.2656451,-0.34841752,-1.2684907,0.0,0.8775583
3.0718648,2.6875691,2.8018205,-0.97236925,4.6234894,-1.3945084,-0.97949314,1.7367737,0.9632803,2.2838242,-1.2633398,1.0,0.0
1.3158311,1.0279024,1.6637633,-0.40984404,0.5276249,-0.95755875,-1.1907256,0.6400277,-0.5095689,0.06267639,-1.0809057,0.43964064,0.25417304
-0.2637606,1.5644649,-1.6688377,-0.97236925,0.51347566,-0.58321196,-1.8718446,0.34537292,1.5284017,0.42484388,0.06279179,1.0,0.0
1.1416415,0.511471,0.16502479,-0.97236925,-0.5655247,-1.5386337,-1.1935558,-0.3336789,-1.3928977,-1.0005457,-0.6761306,0.1407333,1.0
2.0132015,0.17227615,1.3312777,1.4932857,0.6245842,0.034583002,0.278786,1.7120558,-0.5358306,-0.36676744,-0.35114673,0.37089342,0.27971622
0.6135028,0.9608963,-1.3534039,-0.6730758,1.2678726,-1.1082541,-0.8703332,0.7246307,0.59533757,-0.61933315,-0.26113522,0.69764555,0.58211327
-0.038592663,1.0124042,-2.1915398,-0.37439585,1.5035986,-1.0146505,-0.73996586,0.81487566,1.1696796,0.27298564,-0.5695206,1.0,0.5329313
-0.17259124,0.9628353,-0.6518754,-0.36226112,0.066598736,-0.38883442,-0.35390037,-0.18654673,-0.071874544,-1.0182755,-0.5284698,0.0715192,0.6919343
-1.8776025,2.7610567,-2.1915398,-0.97236925,0.2899331,-1.5386337,-1.8718446,-1.5922731,2.3279274,-0.016340327,1.8658206,0.8635986,0.6395527
1.0913767,4.7222033,-1.8734273,-0.97236925,0.40546784,-1.5386337,-1.8718446,1.1115437,0.60507596,-1.6747506,-1.7593788,1.0,0.0
1.948884,-0.8814627,0.64400256,0.35928416,-0.47599572,-0.399478,-1.3877647,0.8474634,-1.2165489,0.56207794,-0.345891,0.5550105,0.4010468
-0.3996475,-0.8353412,1.2420673,-0.39791533,-0.6119794,-1.5386337,-0.91557854,-1.5922731,-0.9466354,-1.0913104,1.8658206,0.0,1.0
0.005636625,2.644066,0.030394182,-0.3856459,1.9921707,-0.3789012,-1.4124305,0.5674945,1.4239974,1.9607595,0.58752644,1.0,0.093642645
-0.48675433,0.420623,-0.26964274,0.30466026,-0.40300766,0.15940788,1.2905858,0.35814542,0.73043,0.57828426,-0.51252127,0.0,1.0
1.340565,-0.3795937,1.136706,0.4531482,-0.6808645,-0.92231226,-0.61494035,-0.12897132,-1.4961556,-0.65462136,0.55282104,0.0,0.8846313
0.9595598,-0.74894345,1.2651447,-0.49785125,-0.10147014,-1.3797562,0.19376224,0.22944207,0.36069298,-0.07312021,0.012252862,0.0,1.0
-0.46934643,-0.12002433,-1.1618866,2.1267874,0.53211737,1.4431363,2.0741365,1.7367737,-0.7623564,0.15904655,-1.7593788,0.04477849,1.0
0.088471025,1.609421,-2.1028783,-0.60000694,2.1787596,-1.3559284,-1.7863781,0.5655946,1.1825076,0.1878928,-0.94447374,1.0,0.0
0.20917213,4.7222033,-2.1915398,-0.97236925,-0.65413994,-0.16870648,-1.0895501,0.14712965,2.236835,0.12557565,1.3352445,0.9996129,0.28178075
-0.3750275,0.8341072,-0.14629751,-0.79277277,1.1471934,-0.49392298,1.6568073,-0.29904804,-0.09063587,0.3890367,-1.0539758,0.0,0.9505645
0.7108184,0.1705537,2.741886,1.3261528,-0.93371063,-0.3807445,-0.042052623,-1.3233544,-1.1448995,-1.3168057,1.8658206,0.103053354,1.0
0.6405313,0.060936645,-1.4688883,-0.58901095,0.71814847,-0.7854952,-0.4774853,0.018580245,-0.11959232,-1.061327,-0.723546,0.0,0.85373616
0.29186714,-0.21899447,0.22146007,-0.35870105,-0.83945197,-1.2603163,-0.66385543,-1.0021596,-0.86634105,0.09831199,1.7320668,0.0,1.0
-0.17495382,-0.4607852,-0.32512406,-0.97236925,-0.30263525,-1.5386337,-1.1459228,-1.5922731,-1.1478525,-1.6747506,1.6824898,0.0,1.0
1.3759193,0.12499174,1.096671,-0.8032589,-0.044577356,-1.1585494,-1.2270584,-0.3188222,-1.0372692,0.17176108,0.1943911,0.5452619,0.35976836
2.3938353,-0.42475423,0.2704454,-0.34193164,-0.42637625,-1.3009882,-0.80789316,0.06792469,-1.983618,-0.9255107,-0.10481146,0.07426725,0.7195743
0.385999,-0.8262904,0.6050222,-0.6549176,-0.0071674297,-1.149863,-0.099481106,-1.1349235,-0.53747785,-1.2418728,0.6210811,0.15013483,1.0
-0.058053765,-1.0442101,0.53332937,-0.70317006,-0.19966242,-0.59054613,-0.1276705,-1.2484007,0.68477887,-1.6747506,1.3346143,0.17954417,1.0
-1.154933,0.006287507,-0.64091814,-0.87715274,-0.1700624,-0.3228187,1.4184566,-0.2664534,1.6546869,0.019697694,-0.798911,0.0,0.9614422
0.15894048,0.09261397,0.5045749,-0.2641139,-0.7664264,-1.0929115,-0.69949126,-0.18764558,-0.9833675,-0.20912965,-0.11534762,0.0,0.9831758
-1.8776025,0.48918098,-0.77452004,-0.71968675,-0.93371063,-0.5301829,-0.2684961,-0.705122,2.7518206,0.29694358,1.8658206,0.17960685,0.78138417
0.03182034,2.2934122,-1.6993253,-0.19240145,1.1153188,-1.3452103,-0.83242834,-0.2123136,0.5473993,-0.33443928,-0.122366846,0.6590796,0.12690204
0.5754888,-0.45715323,0.8424298,-0.82361436,-0.69175535,-0.9624136,-0.77309406,-0.4793566,-0.43391427,-0.3867593,0.3200519,0.25989202,0.7679647
0.66866,-0.7465227,-0.6227379,-0.23274457,-0.4279649,-0.9434267,-0.5800108,-0.5890753,-1.3106631,-1.495124,0.18830062,0.0,0.9789187
1.9084845,4.7222033,-1.3169199,-0.97236925,1.6709101,-1.2666651,-1.8718446,1.7367737,2.7518206,0.90281224,-1.3257071,1.0,0.0
1.5129044,-0.56516904,0.05429188,-0.63216805,0.83556724,-0.49580166,-1.8718446,0.42998576,-0.009158274,0.17025031,-0.676241,0.8877282,0.06420593
-0.106793106,0.6880539,0.09199893,0.03167656,-0.5976258,-0.6670845,-0.8107955,-0.43820685,-0.38315699,1.0849216,0.43663007,0.24957618,0.7422391
0.6244173,0.088435434,0.992573,0.51767826,-0.7074288,-1.0357823,-0.26862544,0.041357294,-1.4496835,-0.4133834,0.28449932,0.009843085,0.8447026
1.3952336,-0.7494878,-0.62621135,-0.090537,0.7827422,-0.1516003,-0.99283475,0.62091905,-0.41298068,0.25212872,-1.0661744,0.23714077,0.0
0.22155693,-1.0224668,-0.21968654,-0.97236925,-0.34206578,1.2379893,1.9203178,0.13397479,2.7518206,0.25689647,-0.55503684,0.0,1.0
1.4265666,-0.30228353,0.8403857,-0.97236925,-0.576147,1.185058,0.489488,-0.7480519,1.6466233,-1.2009009,0.8879621,0.0,0.9017961
-0.97989315,0.20238891,-0.6123314,-0.23526849,-0.72235215,-1.052297,0.24844538,-0.5480138,0.14368185,0.48165068,0.27717,0.0,1.0
3.1831105,0.23704764,2.0055468,-0.97236925,0.08428059,-1.057835,-1.4622915,1.7367737,-0.58743745,1.1140045,-1.3183837,1.0,0.0010894984
-0.55194825,0.6411641,2.1911972,2.1267874,-0.93371063,2.3716326,1.1923594,1.4342911,-1.6160325,-0.45463136,-0.9260166,0.11786076,1.0
-0.07818429,-0.82289606,0.255835,-0.15691113,-0.0049009966,-0.66934615,-0.43129992,-0.33690724,-0.1802435,0.6084263,0.2868338,0.0,0.5709693
-0.4741846,1.3247366,-1.8401918,0.114023454,0.5335999,-1.2060695,-1.2570693,-0.16858886,0.6195201,-0.32787806,0.39451647,0.5083408,0.3232548
-0.05849396,0.30070543,-1.773097,-0.97236925,-0.07834942,-0.31637082,-0.22555153,-0.73258334,-0.48214075,-1.3856846,0.022203082,0.0,1.0
-1.7591012,-0.4409354,-0.57968193,-0.97236925,-0.19573492,-1.4628559,0.02011089,-0.7402954,2.7518206,-1.270365,0.22266436,0.0,1.0
0.4464396,-0.2478582,-0.49460492,-0.13644168,1.1894855,-0.7600469,-0.51240194,-0.16383365,-0.7197367,1.0629156,-0.13955611,0.39806202,0.40846696
-0.4997364,0.531998,-0.69033164,0.723832,-0.3618455,0.6642483,1.5118681,0.15532155,-0.8696715,-0.36788774,-0.79951125,0.10054422,1.0
1.1928629,2.2109146,-0.90371764,-0.97236925,2.1814885,-1.2918547,-1.8718446,1.1029501,1.1928421,0.19578683,-0.95955026,1.0,0.0
0.039684623,0.32862553,-0.8389124,0.15149376,0.955756,-1.0296519,0.14068006,0.10093445,-0.47251943,0.22774726,-0.9328462,0.0,0.9313487
-0.39638558,-0.48444512,0.61639184,-0.32258224,0.21924871,-0.643854,-0.7907188,-0.37143838,-0.34379658,-0.124607146,0.08335802,0.12379811,0.37649652
-0.7315609,0.2204038,-0.38903067,-0.97236925,-0.93371063,0.61838186,-0.14924219,-1.2950971,0.50822306,0.08223223,0.67342675,0.1919903,1.0
0.33779433,0.5848105,-0.19074282,-0.6567308,-0.68955046,-0.98739356,-1.2280992,-0.33217645,-1.0051794,-1.0541654,-0.57344913,0.0,0.9465137
0.35525054,-0.45321026,0.05642751,-0.7174085,-0.42921343,-1.1614003,-0.84454215,-0.8096819,-1.1660706,-1.2938355,0.5075121,0.12724505,0.9133284
0.7349428,0.63116854,0.11056701,-0.3820285,0.6163716,-0.78839195,-0.27422333,0.32586807,0.011091931,0.10052857,-0.29109627,0.2811569,0.39728424
-0.57597893,4.7222033,-2.1915398,-0.97236925,1.0814452,-0.41798,-0.8583729,-0.37356305,2.5388112,0.61721927,1.2547199,0.8334378,0.0
-0.1501713,1.8087207,-0.7514856,-0.6573728,0.9758764,-1.1723008,0.44160008,0.097498916,0.60029125,0.92486316,-0.531367,0.0,0.6214229
-0.38649052,0.8509183,-1.5026451,-0.2524109,1.0245402,-0.7559513,-0.73385566,0.31701332,0.52801925,-0.009390401,-0.68699914,0.51102054,0.22902966
3.323143,0.25227705,2.3043497,-0.97236925,-0.16180462,-1.3959821,-1.2805623,0.66138494,-1.8894056,0.99177486,-0.60093766,0.51524997,0.9449761
-0.88782156,0.29001698,-0.6273475,-0.6074959,0.08558934,-0.68397367,-0.62244356,-0.2514054,2.4935145,0.09539214,0.3892257,0.14161539,0.3822441
1.0620915,-0.9007266,2.1021826,-0.7078318,-0.39893657,-1.4111869,0.12559931,-0.80287915,0.4258559,-0.9103912,1.0536608,0.14515513,1.0
-0.33709896,0.7419079,-0.24610782,-0.10452757,0.18123105,-0.7801591,-1.8718446,0.20778103,0.78708524,-0.3037619,-0.19022827,0.7070203,0.29054454
-0.14730673,0.29006588,-0.29985616,2.1267874,-0.4692301,-0.020043753,0.89450777,1.3708059,-1.345737,-1.0774817,-1.4335963,0.0,1.0
-0.6663438,0.23110357,-1.1794506,-0.7694281,-0.2944275,-1.230863,0.1808284,-0.14706236,0.874498,-0.86862755,-0.9089115,0.15357216,0.9782391
-0.7844826,0.8098385,-1.70798,-0.40407515,0.85763454,-1.0937726,-0.50472903,-0.14159018,0.22485903,0.14010979,-0.5114598,0.27586988,0.56223387
-0.15799287,-0.8088388,-0.35577384,-0.8106316,-0.5381327,2.5556326,1.4220285,-0.11367419,1.3958852,-0.15031672,-0.7965438,0.09770442,0.803022
-0.5598469,0.32428747,-0.2674202,-0.0007596534,-0.6234608,-0.5657576,-1.6996821,-0.34599736,-0.028165266,-0.26338422,0.052731745,0.11901154,0.80662555
0.48497215,0.96410936,0.7903867,-0.681425,1.4977082,-0.57850015,-1.0775504,0.24704783,0.18642431,0.15585606,-1.0437286,0.6497436,0.13967577
-1.3326747,0.3193692,-1.5156066,-0.84008855,0.6225106,-0.8198222,0.75953823,-0.31617662,0.01093067,-0.84581834,-1.7593788,0.0,1.0
-0.82725674,3.4936419,-1.2472872,-0.65804935,0.21882445,-1.5386337,-0.711408,0.07736549,1.5814531,-0.31130233,-0.3834569,0.3222732,0.68260586
0.30099818,-0.5202509,-0.24013445,0.5674311,-0.5195162,-1.1319156,-0.66121453,-0.15979834,-1.6857275,-1.6747506,-0.122896105,0.0,1.0
2.4551587,0.24629775,1.3530266,2.1267874,0.36869287,-0.17136082,-0.04050402,1.7367737,-1.8880723,-0.25020275,-0.22723302,0.11567522,0.891075
0.18067016,-0.30436307,-0.8411914,2.1267874,-0.34829465,-0.5661266,0.41584635,1.1034501,-1.1355634,-1.5192069,-0.81497127,0.0,1.0
0.36594328,-1.0442101,0.6632559,-0.27369714,-0.93371063,3.048855,1.6739404,0.009679549,1.8199081,0.3674613,0.07418264,0.29170576,0.781322
0.43004286,-0.7468257,1.0222484,-0.27344027,-0.93371063,2.0656462,0.45092714,-0.5834819,-0.2786878,0.32917064,0.20670776,0.40686926,0.5587381
-1.8776025,3.829243,-2.1915398,-0.66979766,0.83602494,-1.5386337,-1.8718446,-0.07620392,2.7518206,0.35525045,1.6137123,1.0,0.0
1.2501732,-0.27039552,-0.6145179,-0.12820743,0.26503286,-0.45486668,-1.0691596,0.41762364,0.026099041,0.612406,0.030936928,0.22234207,0.0
3.005126,0.2805942,1.9022311,-0.77597135,0.18712857,-0.65628827,-1.8679348,1.5031515,0.045388803,0.93879694,-0.84908915,0.7495561,0.26438305
-0.7460422,0.25173917,-0.35728514,-0.7463114,-0.4010633,-1.3825561,0.19641727,-0.36249855,0.08844503,-0.38621187,-0.5987947,0.012576783,1.0
0.028501127,0.82784647,0.2467486,-0.380873,0.62242794,-1.3289087,-1.2160792,0.06553784,0.64939415,-0.1602437,-0.13468716,0.7901781,0.31575492
0.7045746,0.8499263,-0.95633376,-0.2622715,0.24160773,-1.5386337,-0.41473216,0.35245252,0.10314192,-0.4626266,-0.44374138,0.4848884,0.4454387
2.2581425,4.7222033,0.11588361,-0.97236925,3.3649898,-1.5386337,-1.8718446,1.7367737,2.7518206,1.1414303,-0.09893185,1.0,0.0
0.6283259,3.7011673,-2.123887,-0.97236925,2.8644023,-1.5386337,-1.8718446,1.3617464,2.140018,0.195054,-1.6431913,1.0,0.0
-1.0009396,0.9120383,-0.8260016,0.11354181,-0.11564179,-0.22179359,-0.8444088,-0.2128521,1.194404,0.71742994,0.72822994,0.37972203,0.36698943
0.79097116,0.40526217,0.2409125,-0.3125215,0.93321854,-0.83289725,0.33253098,0.2586208,-0.4966124,-0.24925171,-0.43338507,0.0,0.47460487
1.7374318,-0.19745967,0.6326373,2.1267874,0.13872227,0.2405451,0.6664994,1.6348063,-1.1856443,-1.0387472,-0.4548625,0.24463359,0.8121918
0.75632596,0.30435148,0.115645714,-0.21796644,0.7629043,-0.73117,-0.7621595,0.8151031,0.36396474,0.6221995,-0.24741976,0.59898764,0.0
1.5587332,-0.5947751,0.39356092,-0.97236925,-0.5379336,-1.3259528,-1.0912528,-0.7608882,-2.0699837,-0.69834524,0.11582564,0.15552925,1.0
1.061404,-0.91217357,0.6927041,-0.28927404,-0.2906699,-0.9325925,-0.37159342,-0.8905159,-1.146431,-0.48053992,0.6831877,0.036792397,1.0
-0.35528412,0.0599922,-0.54752487,-0.5604915,-0.37651825,-0.8771245,-0.80919653,-0.50228745,-0.5934306,-0.984139,0.055139408,0.0,0.84349394
-0.040558774,-0.7410141,-0.29805806,0.62270296,-0.55226034,3.0756896,1.4540482,0.6044794,-0.6008365,-0.2253924,-1.4579897,0.36663708,0.93133986
0.20738596,0.0072957342,-0.48251334,-0.2561356,-0.84022343,-1.5386337,-0.74475455,-1.5922731,-1.4241908,-1.5874773,1.4084433,0.0,1.0
-0.9169974,-0.16637462,-0.12380367,-0.97236925,-0.43964353,-1.2561892,-0.44490707,-1.5922731,1.0594238,-1.4262147,0.9442268,0.14010574,1.0
-0.05663616,-0.53259516,0.67839915,0.7552635,-0.93371063,3.5025206,2.0520675,0.6429858,0.68565637,0.4157403,-0.9164763,0.34669915,1.0
1.5663741,-0.71593255,-0.101715125,0.23840451,-0.8283961,-0.28102788,-0.28608286,-0.021254301,-1.6664623,-1.441901,-0.5991112,0.0,1.0
0.77306247,0.5044777,1.5801423,1.6626878,-0.6778644,-0.31110632,0.6481911,1.2400652,-1.0140337,0.2283965,-0.72470737,0.0,0.95680106
-0.11900121,-0.17921433,0.049885266,0.4529168,0.09456788,0.19378036,0.8350134,0.28926918,1.1772765,-0.22682449,-0.39282852,0.0,0.3466563
-0.49167088,3.4663837,-1.4063884,-0.71221524,-0.5568804,-1.5386337,-1.6962755,0.13246633,2.0137835,0.01076602,0.9355401,0.8865536,0.11157717
2.0347548,-0.7837171,1.1096923,-0.40687618,-0.36517742,-0.7281231,-0.60456944,0.72975934,0.12121813,0.63003755,-0.2648773,0.09469054,0.89705014
-1.1424326,0.23372181,-0.35349357,0.7450397,-0.52575535,-0.25994292,0.87635833,0.65011626,0.55182475,-0.9055457,-1.6844923,0.17204054,1.0
-0.3430018,0.82946295,0.002868019,2.1267874,-0.77025086,-0.17156643,0.86206883,0.9442211,-1.1272573,-1.0363578,-0.27502266,0.0,1.0
1.0172753,0.65233344,0.38826343,-0.8150963,-0.5337633,-0.7718048,-0.3041749,-0.010601034,-0.95644695,-0.4629112,-0.94344574,0.09353908,0.5321407
0.10108115,-0.042194005,-1.1087792,0.87256545,-0.04627347,-0.55990165,0.23293339,0.7236903,0.7518002,-0.16421486,-0.26081288,0.20863251,0.4216303
0.041784443,2.6405132,-1.4378848,-0.97236925,3.4206681,-1.5268781,-1.8718446,0.9850382,2.3743634,1.9636314,0.16367842,1.0,0.0
-0.95234925,0.5680438,0.47693357,-0.37135613,-0.17029318,-1.2831407,0.5392273,-0.39969534,1.0370169,0.2355049,0.4802854,0.0,1.0
-0.7458142,-0.8724945,-0.20119774,1.6605353,-0.004281124,1.4532601,1.4207244,1.0384274,-1.132831,0.15460737,-1.7593788,0.03561271,1.0
0.41803697,-0.042110212,-0.47585,-0.46206602,0.62099034,-0.36486098,-0.8079509,0.40531906,-0.0019274191,-0.11638627,-1.141304,0.3683119,0.40376925
-0.18021454,-0.36363104,-0.16508764,-0.44535032,-0.34179184,0.5581954,0.1743653,-0.4227354,0.34889114,-0.74234635,-0.994454,0.03388279,0.7677582
0.4364821,4.375379,-1.6254041,-0.9092023,2.6556609,-1.4484305,-1.0225008,0.78060144,1.5730102,0.7867279,-0.6210178,1.0,0.019030083
-0.2065842,0.18510127,2.8018205,2.1267874,-0.93371063,2.5284412,2.1928241,1.7367737,-1.1007919,0.8202189,-0.28246096,0.45127776,1.0
-1.8776025,-0.4286503,0.20981103,-0.97236925,-0.72316784,-1.5386337,-1.0506392,-1.5922731,2.527683,-1.1152487,1.8658206,0.0,1.0
1.9262145,0.78852355,0.3035298,-0.65623075,1.3325799,-0.79016876,-1.8718446,1.1200027,0.46885023,0.7732898,-0.22908585,1.0,0.0
-0.3009932,0.9807114,-1.040038,-0.74804294,-0.5165496,-1.3484063,-0.749129,-0.5578359,-0.4500284,-0.97523016,-0.08877279,0.03730715,0.9413668
-1.5588943,0.13449857,-0.2908964,-0.62517846,-0.22933066,-1.5386337,-0.24933119,-0.6325718,2.7518206,-0.18659024,1.4226235,0.5037091,1.0
-0.894106,-0.580514,0.42472056,-0.97236925,-0.2044411,0.9313248,1.07687,-0.7752128,1.3964924,-0.043562282,-0.018005079,0.0,0.9619917
-0.8006392,2.8971286,-2.1915398,-0.22494383,0.64573777,-0.4251057,0.59892184,-0.390325,0.60904837,-0.5431633,-0.68517417,0.0,1.0
-0.3517111,-0.17570144,0.6568633,-0.67292297,-0.17484549,-1.1897355,0.30218017,-0.6357235,-0.09513839,-0.6937281,-0.40070716,0.011669485,0.6931399
1.58156,-0.5561134,0.24996561,-0.4938317,-0.16315424,-0.6772519,-0.7480348,-0.23964839,-1.1775961,-0.7732018,-0.2405067,0.0,0.8325971
1.0042804,0.81155396,0.5578638,-0.56021273,1.071262,-0.28018582,-1.8718446,0.67188877,0.97404593,0.55403084,-0.13609813,1.0,0.0
-0.01799576,-0.39543,-0.19372135,-0.36826923,-0.4277266,-0.64035904,-0.13365734,-0.29025087,0.23075646,-1.0523725,0.20316167,0.037619658,0.9037211
-0.5601738,-0.35032865,0.0733181,-0.2932632,-0.93371063,-1.5386337,-1.2675902,-1.5922731,-0.347422,-1.6487194,1.8658206,0.0,1.0
0.44435194,-0.825549,-0.33862296,-0.45397207,0.2712104,-1.0868381,-0.37845665,0.5575654,-0.24606495,0.90344447,-1.1801797,0.35024273,0.733618
0.4779812,-0.8696705,0.32157615,-0.140996,-0.44825798,-0.43471143,0.935821,0.09944425,0.5717035,-0.80980265,-0.5413955,0.020227408,0.9391002
0.32202643,-0.18418925,-1.7006764,0.32469732,0.49436983,-0.6553637,0.17664689,0.5295777,-0.16409366,-0.3813101,-1.0267032,0.109904744,0.5218802
-1.1422035,0.0655519,-0.26739463,-0.8493861,-0.31705832,-1.1681181,0.67105526,-0.7686044,2.5742464,-1.0695087,-0.35239,0.0,1.0
0.32942468,-0.104672775,0.59231573,-0.40927774,-0.1455045,-1.1258234,-0.104277715,-0.8984062,-0.67597806,-1.1668493,0.73583,0.0,0.96292514
-1.5778793,0.09505097,-0.18319896,-0.7205432,-0.36707082,-1.1021299,-1.6969237,-1.5922731,1.5607601,-0.9752948,1.8658206,0.1898809,0.83444077
-0.74248046,0.40276155,-1.1742955,-0.97236925,-0.33734202,-0.2874974,0.21727149,-0.05542314,2.566911,-0.7381031,-0.8075773,0.0693858,0.84393585
-1.025528,0.12647775,-0.60734624,-0.83153564,-0.1511231,-1.0000709,-0.15613978,-0.6694603,0.73029554,-0.2328935,0.47472423,0.1360231,0.73369235
-1.743297,-0.9740297,0.60364485,-0.97236925,-0.60997105,0.37346524,1.6436087,-0.5571588,2.7518206,0.7259567,0.307279,0.1739724,1.0
0.2992611,-0.46829247,0.14465508,-0.97236925,-0.26228756,-0.74453104,-0.16199797,-1.2829778,0.5393916,-1.6747506,0.28657305,0.0,1.0
1.8343017,0.97646743,0.9468048,-0.97236925,-0.63813144,-1.5386337,-1.1647141,0.37568498,-0.93745875,1.0399308,-1.1587718,0.7382573,0.8127839
0.44486943,0.14439386,-0.76719314,-0.7614125,0.27362758,-0.841601,-0.39547873,-0.33497912,-0.610799,-1.4721733,-0.32593703,0.0,0.7633935
0.5793993,-0.14486705,-0.5730185,0.17017739,-0.31858665,-0.77905685,-0.16979001,0.11283526,-0.86853296,-1.5897431,-0.63218206,0.0,0.89300656
1.8504083,1.3851207,2.1268034,0.2533749,-0.93371063,0.38059267,2.0809286,0.81619316,0.120484844,0.8128661,-0.29866207,0.0,1.0
-0.54016733,1.3623703,-1.3100034,-0.9056925,2.6729608,-1.2674836,-1.2764827,0.47531345,1.1774516,0.8668992,-0.8223711,1.0,0.044430986
-0.3793906,0.019186389,-0.592116,-0.7968269,-0.11756326,-0.43649745,-1.3217258,-0.051211167,0.7237637,-0.13180685,-0.48648754,0.3356599,0.0
-0.8221163,-0.16728836,1.878247,2.1267874,-0.2262705,1.9225188,2.1701539,1.7367737,-0.92877233,-0.26829815,-1.3129624,0.2244946,1.0
-1.076207,0.91347325,-1.3547231,-0.82282645,-0.7491792,-1.1238469,-0.5009161,-0.50544053,1.5782601,-0.5952397,0.6791766,0.15662313,0.8013202
-0.069563165,1.9643766,-0.95245934,0.43435806,2.287973,-0.9296469,0.36272836,0.6587821,0.39291227,0.7489501,-0.13983774,0.5220214,0.33539942
-1.8776025,3.2280288,-2.1915398,-0.7271367,1.6414968,-1.5386337,-1.8718446,-0.17835288,2.7518206,0.21254493,1.8658206,1.0,0.0
0.9459667,-0.15904145,1.6468247,-0.15976936,-0.47905326,-0.8180194,0.16350465,-0.0031305156,-0.45201543,0.15371837,0.58243376,0.0,1.0
0.29167372,-0.33464745,0.12513372,1.9409506,1.2587155,-0.5896544,0.96872914,1.2379493,-1.4009982,1.2260517,-0.6823007,0.43588495,0.44804356
0.031006677,-0.5627418,-0.44489825,-0.97236925,0.016634252,0.34819844,0.32964224,0.2457747,1.6567111,0.04904048,-0.9254973,0.09737821,0.84191173
0.51803297,0.9953287,-0.09913847,-0.7478005,1.8306351,-0.93376726,0.5202414,0.006484949,-0.26268217,0.8958381,-0.94415337,0.11430436,0.5855807
0.5671813,-0.26045173,0.66643447,-0.9425146,-0.5656555,1.446888,0.21370296,-0.666706,0.5397226,-1.6179025,-0.040220857,0.27587792,0.83956915
3.3844666,-0.6941208,1.8340415,-0.7161107,-0.68454427,-1.4136093,-1.8718446,0.6886886,-1.2419622,0.5620815,-0.76648337,0.6314619,1.0
0.5256682,-0.1572794,0.94042265,-0.7153864,-0.93371063,-0.2805043,0.15535226,-1.0249137,-0.37139237,-0.38945794,0.4051919,0.223209,1.0
0.8435811,0.33632752,2.2496274,1.5702807,-0.44941866,2.5017734,1.5191561,1.271204,0.19382268,-0.20966722,-0.31804067,0.0,1.0
-0.8130028,-0.93188334,-0.7126781,-0.25657657,-0.229599,-0.9023148,0.61257607,0.24000344,0.94274366,-0.018950984,-1.0915654,0.0,1.0
0.50399345,-0.04967438,-0.12162235,1.2349733,1.4893793,-0.34462225,0.79668534,1.325139,0.34791902,0.26056838,-0.43665132,0.28885028,0.5199032
-0.55137,0.77292496,-0.5625266,-0.97236925,-0.93371063,1.7333316,1.0120937,-0.84281445,2.7518206,0.9457022,1.8658206,0.12690988,0.6986701
0.31431773,-0.54959786,-0.84448636,-0.41111073,-0.4111535,-0.9872978,0.23167014,0.10031935,-0.29408225,-1.0273513,-1.161346,0.08171989,1.0
-1.098506,0.18272728,0.60992384,-0.97236925,-0.5252217,-0.14803624,1.4763746,-0.44503844,2.7518206,-0.48894796,0.040603638,0.0,1.0
-0.33898035,-0.3560091,0.051321663,-0.908475,-0.118819356,0.521937,1.5810415,-0.15885015,2.372806,-0.45536286,-0.39521915,0.0,1.0
2.0203571,3.4198523,0.52040124,-0.26975042,0.3602944,-0.109261125,1.0127101,0.45178053,-0.6707379,-0.64406526,0.004087897,0.0,1.0
1.3118638,-0.5989348,0.08045951,-0.5379222,-0.10302423,-0.7703485,-1.5396224,-0.342842,-1.3839277,-0.2913344,0.3417087,0.101103455,0.43071222
0.74843234,-0.29508442,0.3777686,-0.44689137,-0.54552907,-0.7564974,-0.569941,-0.2518296,-0.64240617,-0.30713686,-0.022682875,0.10825076,0.89143175
-1.4758934,0.6207582,-1.7053711,-0.4718438,0.047177397,-0.9118681,0.19973493,-0.30298853,1.8391542,0.9882446,0.2401374,0.39849457,0.718927
-1.3605748,2.0155542,-2.1915398,-0.97236925,0.08431747,0.13973165,0.58610445,-0.86608905,1.0246028,-0.61349267,-1.0116589,0.17409447,1.0
2.4990938,4.7222033,0.64794385,-0.97236925,2.8986988,-1.5386337,-1.8718446,1.7367737,1.8242781,0.99298507,-1.2744665,1.0,0.0
1.3705251,0.0542158,1.3779906,-0.39908975,-0.6314563,-1.0941141,-1.6086915,-0.15756786,-1.2523878,0.25085998,-0.060824536,0.2889127,0.8803987
-0.47512344,0.3181481,-0.18426734,1.9844421,0.42181805,0.5994343,2.317571,1.4300283,0.38669544,0.4383333,-0.7482829,0.0,1.0
0.20066956,-0.19781777,0.60759693,-0.44960973,-0.6177098,-1.4811099,-0.35532415,-0.07865874,-0.52218837,0.29525438,0.11244629,0.11002984,1.0
-0.12495816,-0.6662215,0.41416174,-0.5774583,-0.7870802,-1.089073,-0.7646246,-1.1248453,-0.028638879,-0.9220539,1.657408,0.16195899,1.0
0.4560481,-0.24662371,0.022873376,1.6627381,-0.75271547,0.8745023,0.3314954,0.41205215,-1.1989255,-1.6747506,0.13199171,0.0,1.0
-0.1269431,4.7222033,-2.1915398,-0.97236925,-0.7798175,-0.0063415654,-0.6124797,-0.12103055,1.668359,0.52225137,0.74172705,0.7377275,0.2646568
0.84266245,0.09369639,0.8384936,0.22744504,-0.8799235,-0.3378829,1.4304506,0.22519942,1.013142,-0.5490288,0.00040705688,0.0,1.0
1.7276402,-0.29241055,1.0104058,-0.14965092,-0.6418198,-0.76006216,-0.69552195,0.4814891,-1.2886486,0.017188402,-0.29584283,0.3153935,0.86311156
1.2237709,0.43533596,0.18086883,-0.5273385,0.20347011,-0.7080577,-1.4824053,0.18849087,-0.86031526,-0.39099386,-0.16204782,0.511743,0.03950603
-0.5901069,-0.7322442,0.8681089,-0.97236925,-0.7033322,2.828119,2.1949635,-0.4816208,1.4629538,0.355699,-1.0222371,0.0,0.8312313
0.18965782,0.77597696,-0.79033345,-0.33802947,0.2694029,-0.8539557,-0.9233558,0.095452994,0.0631684,0.79687417,-0.24294502,0.22423619,0.0
0.99695677,4.4606686,-2.1915398,-0.97236925,1.7065728,-1.5386337,-1.8718446,1.0035737,1.3085835,0.023240821,-0.97879344,1.0,0.17886567
0.09518923,0.9693655,0.44585857,-0.17696628,-0.93371063,0.2210783,0.7336959,0.016413603,0.19074555,0.07808744,0.039849997,0.0,1.0
2.0889728,2.5689886,1.3090745,-0.97236925,0.077017054,-1.5386337,-0.92394644,1.0661027,-0.054461766,-0.7383728,-1.2179834,0.4370815,0.81881386
0.30454028,0.44550622,-0.18316424,-0.4761851,0.9122106,-0.7727239,-1.346929,0.44437373,-0.054706544,0.09635607,-1.3104059,0.518718,0.18861106
1.653281,1.100857,2.1294575,0.4134835,-0.089120954,-0.50940806,0.7757066,0.43435392,-0.8604681,-0.4477395,0.67716396,0.0,1.0
0.058600277,1.9103816,0.6345617,-0.7389583,-0.694955,1.2504843,1.219187,0.009659861,0.40412343,0.28443107,-0.530787,0.0,1.0
1.3364682,2.822117,-0.40292004,-0.8523128,-0.015877137,0.036424838,0.7595177,-0.14195427,-0.15132894,0.30707017,0.9659838,0.02470181,0.8890396
0.43658343,-0.9130873,0.43308502,0.17886294,-0.1564616,-1.0064306,-0.9012257,-0.53037167,-0.7377653,0.32377955,1.0110121,0.06670998,0.43086624
1.3215392,3.3861096,-0.98577297,-0.9505034,2.2249815,-1.5386337,-1.5754575,0.75538784,0.8593647,0.006582411,-0.72827435,0.9901016,0.0
1.842923,0.2308129,1.4320099,0.8912114,-0.21102464,-0.65075374,-0.44405007,0.38020828,-1.3934191,1.4898841,0.39611843,0.2164741,0.5491511
1.4829946,1.2534215,-0.22194144,-0.97236925,-0.8693465,-0.4092301,1.2282753,0.033387534,0.168347,-0.49358934,-1.187292,0.0,1.0
0.22903651,0.8298858,-1.0181668,-0.79623795,-0.51813155,-1.1811368,0.1503719,-0.21664594,0.27662125,-1.1608614,-0.6665521,0.07897812,1.0
0.21646652,-0.3855347,-0.23278248,-0.42326388,-0.5701737,-1.0379611,-0.05463524,-0.14265923,-0.48372358,-0.5472297,-0.4117032,0.0,0.82046324
-0.76409,-0.39771438,-0.5814767,-0.97236925,-0.2437411,-0.51802087,0.5277789,-0.6750092,0.51706827,-0.5195511,-0.65165496,0.18266918,0.9672986
0.45975453,-0.16997232,0.6098507,-0.45620117,-0.2478283,-1.1404893,-0.5794709,-0.8417259,-0.9880156,-1.4765751,1.4284575,0.056564093,1.0
-0.35134804,0.58558923,-1.2579149,-0.41327694,0.4192777,-0.4280864,-1.2003458,-0.09939698,0.24160625,0.015552206,-0.46927097,0.23645973,0.62254333
0.045773067,0.0059224255,0.86366624,1.577146,-0.28858668,-0.27391598,0.5847333,0.65166825,-1.4678658,0.065943666,-0.23905279,0.0,1.0
0.34824166,4.6777234,-2.1915398,-0.93095046,0.2841151,-1.5386337,-1.8718446,1.0086422,1.2504196,-0.9519952,-1.115787,1.0,0.0
-0.48313752,0.8015967,-1.8850386,-0.32866496,0.6273106,-0.68419266,-1.3943568,-0.005023312,0.25715995,-0.78611434,-0.52375793,0.35747346,0.19014114
-1.5580916,1.943246,-2.1915398,-0.9284074,0.06139177,-1.190576,-1.1765368,-0.34430286,1.970903,-0.43353984,-0.70674425,0.4551366,0.6918601
0.2089783,2.835473,-0.9646576,-0.68000716,1.3234046,-1.3625418,-1.5983555,0.45157662,0.96622604,-0.2595663,-0.80419433,1.0,0.0
-0.19506368,-0.8628543,0.31551698,-0.22354223,0.5006074,-0.7025019,-0.8452699,-0.04752338,0.18703808,0.457823,-0.20942405,0.58722526,0.18595785
2.4789732,2.2176354,1.6030017,-0.59717786,1.3269395,-0.6212086,-0.6927975,1.1201117,0.48375717,1.5526477,-0.08972774,0.90195906,0.030993773
1.1936564,1.4261432,2.6876123,0.86105865,-0.8264455,2.5702753,1.8768924,0.44013152,0.34734216,0.95976406,1.0969696,0.0,0.9848478
1.0907772,0.35777637,1.3915399,2.1267874,-0.93371063,0.14254186,1.4347726,1.447527,-1.2612276,0.505243,0.23152298,0.035745986,1.0
-0.4645572,0.5660337,1.2986621,2.1267874,-0.13724333,1.1471059,1.6850687,1.5206438,-0.6840873,0.62942606,-0.8970887,0.0,0.7758463
-0.4218327,-0.390541,-1.2889234,0.13554077,-0.1876677,-0.7890693,0.54147536,0.34574518,1.0378666,-0.36612412,-0.96400046,0.0,1.0
1.8330108,0.39227405,1.0642258,-0.91458,-0.28262395,-0.8616324,-0.4487478,0.5759839,-0.8686148,0.39084604,-1.1602536,0.3762741,0.6186505
-1.8113266,-0.21357884,-0.394244,-0.6192932,0.018700844,-1.116488,-0.5207377,-1.08495,1.8437549,-0.5507876,0.6336525,0.14193523,1.0
-0.021051392,2.7518685,-1.7077417,-0.97236925,-0.6254708,-0.9547004,-1.8718446,0.25367066,1.0011206,-1.4040581,-0.6029935,1.0,0.52923745
-0.033328544,3.6409914,-2.1915398,-0.59214467,1.2216222,-1.1166372,-1.6742951,0.8051495,1.7333723,0.13915327,-0.5664472,1.0,0.059858628
-0.7023711,-0.4461845,0.7944821,-0.35579488,-0.25086942,-1.5386337,0.40474313,-0.6079693,0.52350676,0.022675524,0.74406713,0.0,1.0
-1.0909141,-0.7182099,0.5381849,-0.6807001,-0.18134412,-1.0758569,0.046841953,-0.7343578,2.167151,-0.2878531,0.93407226,0.0,1.0
1.2997975,2.9027753,-0.8692543,-0.97236925,2.1720507,-1.5386337,-1.4734012,0.7616589,0.1623352,0.07176775,-1.1958337,0.95144093,0.07835098
0.2421557,0.79266715,1.7473876,0.0954995,-0.11585588,1.6224145,0.959003,0.25283083,0.0026983977,-0.37460086,0.21248366,0.0,0.8449032
0.08013493,0.7993385,0.8889634,-0.85276216,-0.93371063,0.313067,1.0343026,-0.41458762,1.8020045,0.94290096,0.5226947,0.0,1.0
-1.2619051,0.0725307,-0.8594753,-0.8261131,0.085980825,-1.3620825,0.279105,-0.7744242,0.44487897,-0.5532134,-0.37153253,0.0,0.7306082
1.7607294,3.6762629,-0.67433846,-0.31524852,1.9221599,-1.1692765,-0.047510475,1.0228479,0.17530327,0.3425533,0.63101625,0.8662857,0.09778801
1.72019,0.097140774,1.4584475,-0.8916424,0.32539418,-0.2929385,0.23575711,0.19916786,-0.7769922,1.2953947,-1.0326407,0.08617584,0.9843882
1.7152123,-0.8351397,1.0130919,-0.45796293,0.0126643125,-0.91781235,-1.0189517,-0.4217597,-1.0625429,-0.67112935,0.57030594,0.2605434,0.7320268
-0.1088521,0.28063175,-1.013425,-0.5814882,-0.13693517,-0.69219214,-0.48770803,-0.4808129,-0.6503815,-0.28320724,-0.43918264,0.036051787,0.599799
-0.039577503,-0.58131903,0.24448317,2.1267874,-0.6104247,0.6151506,1.4832541,1.7367737,0.19725111,-1.0065198,-1.5686597,0.0,1.0
-0.7355754,2.1041288,-2.1106114,-0.66429085,0.30398858,-1.3566071,-0.581642,-0.08477251,2.1899483,-0.27579656,0.07441076,0.6857965,0.6464137
-0.12998891,4.7222033,-2.0064225,-0.97236925,2.572787,-1.5386337,-1.8718446,0.25666034,2.2603002,0.38343725,-0.19443023,1.0,0.0
0.9692101,0.8051397,0.6989066,-0.47946578,1.0579838,-0.8358974,-0.4849593,1.008561,0.16067076,1.1588181,-0.19054554,0.62222373,0.0
2.5229638,-0.008246081,1.6002648,-0.43729058,-0.5280735,-0.5178995,-0.77290165,-0.10272323,-1.5650735,-1.6747506,0.016325025,0.0,1.0
-0.6684246,-0.20187648,-0.4653282,-0.97236925,-0.36483547,-1.0959297,0.07360833,-0.6929945,1.4506971,-1.4043734,-0.25556314,0.16919386,1.0
-0.6599212,-1.0442101,1.3965701,2.1267874,-0.6142153,3.7193274,2.317571,1.7367737,1.0231102,0.89469445,-1.7593788,0.0,1.0
0.026278706,-0.350456,-1.6868471,0.0146348765,1.3538184,-0.1850265,1.5747998,0.9818688,1.9169625,-0.4943473,-1.3719398,0.0,1.0
-0.16489424,1.8366553,-1.4279999,-0.82052433,-0.10273117,-0.35079575,-1.4786415,-0.045277555,-0.01756684,-1.2153807,-1.2931979,0.1401045,0.6567623
1.8708153,-0.10920438,1.6590898,-0.97236925,0.45864132,-0.7104764,-1.7884592,1.0696952,0.5096597,1.0213411,-1.0952367,0.93162996,0.28897178
1.896428,-0.70300716,0.48795834,0.061152082,0.26747212,-0.89598,-0.512407,0.350002,-1.6422881,-0.8269167,-0.5786454,0.0702248,0.7544784
1.5299592,3.5642135,-1.3088464,-0.97236925,0.5085098,-1.1901891,-1.8718446,0.33896387,0.47554246,-0.6509588,-1.2496803,0.9177717,0.3223131
0.11230615,-0.20768473,-1.0407583,0.3517746,0.691479,-0.8281257,-0.766337,0.43041837,-0.10974071,-0.13928679,-0.8602243,0.29921606,0.27593198
-1.0714825,-0.37574348,-0.73627377,2.1267874,-0.50827867,-0.62334424,2.0322363,1.7367737,-1.0051239,0.12671138,-1.7593788,0.0,1.0
0.14611173,0.6895003,-1.0130762,-0.8582471,1.4290787,-0.68361104,-0.57756615,0.50851107,2.0198574,1.0930878,0.4169878,0.6827968,0.018234758
-0.42848945,1.7993593,0.8019982,-0.47813982,2.4233372,-1.057063,-1.8718446,0.19831155,2.051348,1.9029349,0.8629408,1.0,0.0
0.050820857,0.6671656,-0.35148752,-0.9328516,-0.93371063,1.3214462,1.0733787,-0.755032,0.56363076,0.8774582,1.0018283,0.0,0.88132054
-0.1407725,2.0276012,-1.3344157,-0.64374065,-0.531371,-0.86587435,-0.9566723,-0.17827694,-0.30737048,-0.7092306,-0.65926665,0.11710925,0.46183965
-0.52763027,0.7177842,-1.5209466,-0.3554947,-0.1820657,-0.29989934,-0.08262852,-0.19592543,-0.36088058,-0.7652282,-0.8434655,0.0,0.75058955
-0.086081505,0.32141924,-0.15339857,-0.2539383,0.4266261,-0.6157241,0.08112607,0.37882048,0.41137233,0.2938296,-0.5301034,0.0,0.36959538
-0.7934586,1.1612123,-1.0775689,0.52555823,0.76759756,0.32312816,0.98548245,-0.044390075,-0.52953213,-0.22104034,-0.18648022,0.0,0.9445868
0.27918592,-0.2573672,0.06073022,0.37781328,-0.93371063,-0.4681684,-0.13188565,-0.55707437,-0.8220838,-1.1156857,0.76360434,0.0,1.0
-0.31420708,0.201052,-1.4294883,-0.97236925,0.59067124,-0.9597497,-0.37570542,0.2675238,0.5894493,-0.18882039,-1.2117435,0.30761233,0.56582475
0.91598564,-0.6063727,-0.42373934,1.1715798,-0.869131,2.5828047,1.3509945,0.70317614,-0.2200832,-0.83303773,-0.31633282,0.052115925,1.0
0.6421654,-0.15752538,0.41050193,2.1267874,0.02590889,-0.42375085,0.09891371,1.4477901,-1.2167646,-0.6657328,-0.69925255,0.0388823,0.8977352
-0.44087455,-0.47683915,-1.0158254,0.66445184,0.6194325,0.40700474,1.4662793,0.5835379,-0.3123941,-0.56875765,-1.7593788,0.0,1.0
-1.2900138,2.2232249,-2.1915398,-0.70233685,1.366913,-1.5386337,-1.8718446,-0.022418475,2.2737465,-0.18464972,0.49244863,1.0,0.0
1.4519593,-0.32355317,1.1637541,-0.603444,-0.12910852,-0.74149704,-0.79556024,0.31713316,-0.58678806,0.66396195,-0.64195263,0.24079514,0.6532623
0.20246045,-0.34108585,0.33291152,-0.5823826,0.4321681,-0.8034378,1.0718632,0.07479309,0.0784551,0.16798942,-1.0010957,0.0,0.89422
1.784878,3.4201941,0.2715244,0.5776119,4.055981,-1.4142494,0.96856195,1.7367737,0.25441664,0.55608296,-0.80062413,0.7945544,0.41146377
1.6699255,0.8254083,1.0597854,0.35357547,-0.6530946,0.45702335,0.56744564,0.71750116,-0.6931723,-1.3787389,-0.2100807,0.0,1.0
-0.69512063,0.25803843,-0.601442,1.7351824,0.003192482,-0.5614784,0.5146931,0.5386711,-1.4632796,-0.45292696,-1.0324554,0.0,0.74074656
3.3844666,-1.0313307,1.531794,-0.4903179,-0.93371063,-1.2386749,-1.6195045,0.24276453,-2.183889,-0.32659045,0.52306646,0.023769563,1.0
-1.1159049,4.7222033,-2.1915398,-0.27798983,0.012714897,-1.5386337,-1.8718446,-0.50362015,1.4096338,-1.2375108,-0.19875282,0.7881905,0.025174731
-0.13790116,-0.001860914,-0.1860953,-0.32913306,-0.6751404,-0.12434078,0.18193464,-0.3383549,0.2806137,-0.73993206,-0.09245797,0.0,0.9073746
-1.105779,-1.0442101,0.59869146,-0.97236925,-0.046416983,0.60998553,1.702179,-0.290527,2.7518206,-0.7093939,-0.19951947,0.0,1.0
-0.019861266,2.9108496,-1.9651135,-0.97236925,1.3489311,-1.4620259,-1.4123789,0.5698378,1.5691699,-0.06970503,-0.85029906,1.0,0.38299188
0.22434334,0.03421375,-1.5158348,-0.54551953,-0.49934,1.5637525,0.33311975,-0.8063613,-0.050877377,-1.6747506,-0.3663631,0.0,1.0
2.092482,0.7176883,0.73675966,1.0114582,3.314621,-0.42729658,0.23925291,1.3650753,-0.7524846,1.6125797,-0.41417438,0.71018535,0.3398068
-1.4879334,0.087338015,0.11526882,-0.81808454,-0.8608261,-1.5386337,-0.15838164,-1.5922731,1.5783858,-0.96016943,1.8658206,0.18540236,1.0
0.61804265,0.35379213,-0.57011896,-0.97236925,-0.49881953,-1.070428,0.13213648,-0.13598086,-0.11483391,-0.45745835,-1.6857059,0.15743685,1.0
-0.54041755,4.7222033,-2.1915398,-0.48292553,1.555319,-1.4884903,-1.8718446,-0.107035756,2.1868517,-0.12878117,0.9938262,1.0,0.0
-0.06872754,0.12840879,-0.69445515,-0.62367123,-0.38889363,-1.1062471,-0.72843486,-0.5240954,-0.16095941,-0.97639173,0.114546105,0.45178685,0.7868414
0.9807951,-0.56346774,0.8447446,1.9407172,-0.314817,-0.33938465,0.5649803,0.49104646,-1.6668843,0.82382196,0.35130334,0.0,1.0
-0.0036983117,-0.9893349,0.16980779,-0.47135067,-0.055095382,-1.1520567,-0.9235304,-1.2911249,-1.6955734,-1.48101,0.65636694,0.0,0.90269077
1.2022482,-0.42050976,1.2405704,2.1267874,-0.49731183,0.44258997,0.8255673,1.6318146,-0.8720231,-0.28246918,-0.3469542,0.061556168,1.0
0.59313524,0.68588114,0.6637002,0.20117997,-0.51785517,-0.25621533,0.8365361,0.2897543,0.01348963,0.62973326,0.56214863,0.0,0.86880916
0.36644965,4.0363665,-0.53246105,-0.78601956,0.37109876,-0.31664383,0.1954854,-0.37944353,0.18337415,0.18267323,0.442935,0.0,0.841246
-1.6968267,3.9636686,-2.1915398,-0.45845795,1.837173,-1.5386337,-1.8718446,0.3385191,2.7518206,0.09023151,0.5546491,1.0,0.0
2.5634296,0.73509914,2.4292936,-0.35525075,-0.61743003,-0.5408834,0.60588264,0.27688706,-0.9152712,1.545845,-0.37747142,0.06725797,1.0
0.781205,4.7222033,-2.1915398,-0.97236925,-0.001966585,-1.3290086,-1.8718446,1.5097021,1.9900136,-0.7272516,-1.152571,1.0,0.0
-0.74019426,4.7222033,-2.1915398,-0.9554228,0.5890603,-1.0831169,-1.8718446,-0.24796927,1.8293439,-0.5324825,-0.0015658755,0.8471912,0.06780535
0.28634474,0.26834002,0.35469973,1.238542,-0.93371063,-0.94138753,0.26812804,0.23525736,-0.58972263,-0.90435785,0.27352184,0.0,1.0
-0.11340918,-0.71882784,-0.22189769,-0.09356148,-0.651062,-1.1886523,-0.56448275,-0.3278639,-0.92809767,0.34067437,0.45354474,0.05964321,0.9704768
-0.23745094,-1.0442101,-0.67873925,-0.63207585,0.29828802,-0.14993894,0.33863175,-0.18387686,0.07326705,-0.021947494,-1.2510023,0.008517908,0.79505587
-0.9004166,0.7736383,-1.1911107,1.5392677,-0.03923443,-1.1840332,-0.05511012,1.1429033,0.1085925,-0.56182414,-1.5336294,0.21717057,0.6972398
0.22324553,1.4495958,-0.8132973,-0.46204424,-0.13910517,-0.9770057,-0.6426103,0.08769394,0.023393597,-0.7098269,-0.47916397,0.04004331,0.5887625
-0.996828,0.2923633,-0.8450287,-0.97236925,-0.22832543,-1.5386337,0.6516929,-0.6173413,0.7785616,-0.72568345,-0.81781715,0.0,1.0
0.61757326,1.1094007,0.03130553,-0.54624027,2.6920903,-0.5072541,0.03870413,0.54090583,0.9274552,1.8369509,0.22716147,0.61967427,0.020263582
-1.267085,-0.6461329,1.1406374,1.5235113,-0.93371063,1.1201217,2.317571,1.3870028,1.6883453,0.9361193,-1.3529569,0.0,1.0
1.9281309,1.4430807,2.2240014,-0.9263341,2.3911192,-0.74613094,-0.34095633,0.9868422,0.6432739,2.0195243,-0.11468603,1.0,0.1416368
0.14137648,-1.0442101,0.44072556,-0.6359961,-0.21027526,-0.42113182,-0.6818652,-0.2616866,-0.5806708,0.114445046,-0.014362849,0.05129289,0.6848457
-1.7563725,0.41278136,-1.5212567,-0.38957414,0.19546312,-0.75736046,0.5946459,-0.08128187,0.477269,0.3883125,-1.5657588,0.14257859,1.0
0.93636197,0.953349,0.16398895,-0.8116801,0.026813928,-0.6833633,-0.94281995,0.2111692,-0.5188641,0.5833717,-0.70661545,0.5181407,0.19425228
0.3142551,1.0631019,-1.9655484,-0.9563299,-0.1723252,-0.97643805,-1.2282865,-0.06312819,-0.076342605,-1.2682755,-0.50569487,0.2445626,1.0
-0.29832473,4.2301497,-2.1915398,-0.42567158,-0.055392187,-1.4153976,-1.6239464,-0.11194673,1.4114959,-0.27382898,0.5796436,0.7842481,0.0
1.36005,4.61783,-1.7253274,-0.97236925,1.528245,-1.5209241,-1.8718446,0.8282015,1.2576925,-0.22080304,-1.2379298,1.0,0.0043695383
2.534668,-0.28247228,2.0822954,-0.7168515,-0.6271913,-1.2036053,-1.1281844,0.08295683,-1.9808908,0.49763313,-0.14767423,0.23257819,1.0
-1.0081325,-0.47221822,0.2193734,-0.514661,0.14711428,-1.5386337,0.9763665,-0.38984782,1.5718234,0.31784308,-0.17912063,0.0,1.0
2.8031633,-0.23789561,2.2035542,0.55344594,0.23672953,-1.2222738,-1.0002865,1.1926914,-0.9080884,0.23554218,-0.64063185,0.437352,1.0
-0.28174216,0.9395771,0.08669336,0.07775522,0.19866943,-0.7850734,0.36457962,0.49305254,0.44965363,0.49957606,-0.4149627,0.0,0.42411292
1.6093541,3.9005153,-0.04704515,0.32625875,4.5841775,-0.26368704,0.650897,1.7367737,-0.08374967,2.2838242,0.3629774,0.9472721,0.15175325
1.4286534,1.0643574,-0.53318197,-0.66670144,1.222964,-0.5702362,-1.3955711,0.39794257,0.2937329,0.60081995,-0.48177278,0.841829,0.0
-0.3438968,0.5315272,-0.1993334,-0.53725576,-0.07494981,-0.44029358,-0.26669192,-0.034283984,0.6665611,1.2634982,0.45555538,0.084932014,0.6865096
-0.1354222,-0.20293774,-0.099138565,2.1267874,-0.20396143,-0.6676818,0.89235145,0.938778,-0.7739655,-0.14179741,-0.62998927,0.0,0.95051575
-1.554199,2.6933181,-1.591945,-0.5285927,-0.14353403,-1.1370546,-1.8718446,-0.9140329,1.1679668,-0.42343828,1.20003,0.77183497,0.3246236
0.54965776,-0.41805816,-0.25372308,-0.80373514,-0.8186507,-1.0424633,-0.12740567,-0.45597664,-1.2652509,-0.6188479,-0.39108133,0.20674527,1.0
-1.2614079,-0.3982933,0.74029297,-0.10064107,-0.5548854,-0.14944904,1.2454433,-0.19623163,2.449768,0.17586595,-0.026580766,0.13192193,0.9628017
0.12583078,0.35142356,-0.5475883,-0.97236925,-0.3623544,-0.4745626,-0.5477983,-0.4575995,-0.5261305,0.3239677,-0.6988221,0.2582425,0.9615105
-1.8776025,2.1492274,-0.44641903,-0.45379514,-0.5605216,-1.1825836,-0.5431988,-0.52747625,2.7518206,0.31946737,1.6141661,0.07768766,1.0
-0.29630914,0.6682829,-0.41575155,-0.55989707,-0.76412153,-1.1780336,-0.29262853,-0.59709924,-0.048999846,-0.88348454,0.6717579,0.17394118,0.89029014
-0.8484685,-0.2787454,1.3821552,0.06429511,-0.83403677,3.0746183,2.317571,0.017400904,-0.6385058,0.83375925,-1.3492609,0.29471028,1.0
-0.696022,0.39793932,-0.8353144,0.24586652,-0.24163407,-1.5386337,0.18123524,0.08501349,1.0298922,-0.9065474,-0.2960409,0.0,0.9043629
-0.8940506,0.31201935,-1.4885187,-0.97236925,-0.7096861,0.5222212,0.09054254,-1.4396938,-0.4402813,-1.1108994,-0.7596637,0.27010903,1.0
-1.8776025,0.3810294,-0.5242673,2.1267874,1.2580855,-0.16505498,2.317571,1.7367737,-2.0318677,-0.009245779,-1.7593788,0.12713386,1.0
1.3142968,2.637371,0.16289797,-0.13009308,3.8129733,-0.8018009,0.15948458,1.7215135,0.15810682,2.067548,0.03763642,1.0,0.10476555
-0.51526076,0.3047959,-0.22213468,-0.28879878,-0.58922035,-1.5386337,-1.2064453,-1.5922731,-1.0041951,-1.6747506,1.6927222,0.08681923,1.0
-0.8167422,0.95595676,-1.2199578,1.3866943,0.59931743,0.365677,1.0978104,0.7103773,0.6823841,-0.059604988,-0.77823275,0.26093706,1.0
-0.38809046,0.5635342,-1.0235837,-0.4571085,-0.23849073,-0.9329112,-0.52639425,-0.6410525,-0.67696416,-1.3655685,-0.45177752,0.0,0.798897
1.2914767,1.3451478,0.30224127,-0.82867163,2.0449357,-0.7661538,-1.1406128,0.9302083,0.609481,1.2094873,-0.62609786,0.8659498,0.0
-0.56553036,1.1973715,-1.7387431,-0.7965121,-0.74162036,-1.0496197,-0.76880246,-1.1818291,-1.3714427,-1.2354467,0.23935536,0.0,1.0
-0.0004539732,-0.6401435,-0.6993441,2.1267874,-0.15255001,0.70389754,0.842639,1.0648091,-1.0643792,-0.4498461,-0.98088205,0.097715795,0.79826105
-0.9148706,-0.27943838,0.9221829,0.0002731303,-0.11682321,1.1866812,0.5042009,-0.7513401,0.4450784,-0.15257451,0.63568896,0.0,0.90665007
-0.3454944,-0.41269487,-0.83524823,-0.43867952,-0.41226348,-1.1622221,-0.574665,-0.73007274,-0.93260914,-1.6356208,-0.22522333,0.0,0.92574376
0.06962774,0.10249364,0.029459521,-0.11857919,-0.88732105,-0.52713966,0.4625166,0.0423431,-0.75225806,-0.0033141598,-0.42981276,0.17790782,0.8012141
0.565412,-0.4663785,-0.043351933,0.57989484,0.6683987,-0.9522268,0.27354932,0.55867445,-1.0513186,0.2701578,-0.79938066,0.14150567,0.8249747
0.48526,3.7690265,-2.1915398,-0.6779394,1.1770284,-1.3615022,-1.8718446,0.6463302,1.3049179,-0.31627783,-0.7773742,1.0,0.0
-0.85673326,-0.31222382,-0.89925134,0.52262825,0.50660235,-0.51320523,1.2179228,0.8049437,0.52455914,-0.4138691,-1.5963935,0.0,0.96016425
-0.8391499,4.7222033,-1.957139,-0.3219649,1.2876214,-1.2586745,-1.8718446,0.7509553,2.7518206,1.2597673,1.1706935,1.0,0.0
0.002702335,-0.22468756,-0.6623917,-0.7950809,-0.34939587,0.015544683,0.120596066,-0.14518872,0.42008546,-1.1305279,-0.84026986,0.0,0.8804413
0.36383843,0.48699772,2.4772797,2.1267874,-0.93371063,1.5092905,1.9516692,1.6877339,-0.53736544,1.2995229,0.3530233,0.24468383,1.0
-0.91141754,0.47091883,-1.705508,-0.8036606,0.66377133,-1.2851084,-0.010659702,0.0741504,1.4676157,-0.09937269,-0.3006087,0.0,0.71846163
1.0954204,0.6130146,-1.1238803,-0.63704604,2.1214209,-1.1072137,-1.8718446,0.52784765,0.61299574,0.3850652,-0.2314112,1.0,0.0
3.3844666,-0.62303543,2.8018205,-0.53683907,-0.17949322,-1.211978,-1.818302,0.5906653,-1.052594,0.9748202,-0.073768705,0.4513741,1.0
-1.1475508,-0.45018128,-0.7282467,1.2380537,-0.012112273,0.36447346,1.008831,0.33435655,-1.3133329,-0.40662682,-0.9892658,0.12897772,0.8684674
1.1301055,0.41646156,-0.26593447,0.17694639,2.0363138,-0.57988983,-0.6808295,0.45789555,0.62969285,1.811438,0.7493553,0.9895921,0.0
-0.10979357,4.7222033,-2.1915398,-0.97236925,1.6204062,-1.5386337,-1.8718446,1.3643543,2.7518206,0.5924915,-0.54885864,1.0,0.0
1.2746731,-0.6384959,2.013467,-0.70288163,-0.8226952,-0.9605415,0.9896208,0.3177862,0.31143263,0.70955926,-0.348945,0.06720809,1.0
-0.55723405,-0.59452087,-0.6760957,0.8930528,-0.17104593,0.63013124,1.4520164,0.61457163,-0.37381285,-0.33227098,-1.4561104,0.0,1.0
0.4080186,0.41325492,-0.24460688,-0.7120096,-0.29466128,-0.43799147,-0.8019284,-1.1111343,-0.8037412,-1.6049377,0.2583338,0.0,0.7755997
0.24004102,-0.25059798,-0.95127416,-0.35284448,0.16460124,-1.0394453,0.7282209,-0.13034964,-0.6440159,0.36640218,-1.0255449,0.00948026,0.98865795
-0.42324746,3.064465,-1.6627603,-0.97236925,2.7265975,-1.5386337,-1.8718446,1.0281104,1.7706108,0.8348034,-0.41624415,1.0,0.0
-0.53857523,-1.0442101,1.5707277,-0.05020115,-0.35141894,-1.3870242,-0.53160053,-1.5922731,-0.98599917,-0.33623204,1.8658206,0.14789827,1.0
-1.4963188,-0.4241039,-1.2244802,0.13028401,0.54478,0.08892239,1.9592943,0.9135352,2.5760205,0.13329206,-1.7593788,0.0,1.0
-0.4831048,-0.124179415,-1.5616988,0.015025938,-0.19036534,-0.82401365,-0.4391256,-0.44687638,-0.19995072,-1.6320062,-0.672026,0.06928453,0.77501726
2.8125381,4.7222033,-1.1254632,-0.97236925,3.4378247,-1.5386337,-1.8718446,1.7367737,2.6655622,0.6649501,-1.7593788,1.0,0.0
-0.45916688,2.0787158,1.9548119,0.08352231,1.6795719,-0.40432003,1.9708763,0.30541718,-0.9355194,0.6473297,-0.8655081,0.0,1.0
-0.55855924,0.49155268,-0.7527023,-0.722065,-0.93371063,-1.2990634,-0.8398558,-1.2851182,0.05824449,-1.052795,1.2437663,0.0,1.0
-1.5005444,2.2317195,-2.1915398,-0.6809979,0.28612486,-1.0244039,-1.8015501,-0.20993418,1.9274188,0.16187488,-0.2074365,0.84911716,0.2533726
1.1582502,-0.13145404,-0.11612944,2.1267874,0.5256138,-0.817795,1.3481891,1.6435333,-0.7315054,0.6067554,-0.693102,0.0,0.6990754
-0.11814456,1.7057029,-0.9649936,-0.7659387,-0.019636672,-1.241627,-1.8718446,0.07185772,0.41144386,-0.30097046,0.028277023,0.53666764,0.4485576
0.8011644,-0.3006699,-0.1901291,0.9903977,-0.6047491,-1.2354441,-0.09500992,0.23993225,-1.919451,-1.6747506,-0.101146586,0.0,1.0
1.1268188,2.3000386,2.0544446,-0.32371843,-0.93371063,-0.18658917,0.91030616,-0.27848315,-1.1319413,0.2500827,1.5909407,0.38590798,1.0
0.5493782,0.12095701,-0.49141848,-0.39196938,0.32578376,-0.51079655,-1.1481127,0.170144,0.21457075,0.2471256,-0.3118223,0.60871553,0.105715856
-0.5716863,2.6972625,-1.4417218,-0.97236925,0.082038894,-1.0116322,-0.44986194,-0.35225356,1.5639652,0.40585485,0.30580273,0.62843955,0.2866826
-0.810626,0.045239694,-0.9295224,1.4724725,-0.5045239,0.13023257,0.95587176,1.0912987,-0.25452602,-0.8388126,-1.4354168,0.0,0.9554683
-0.026851922,0.35682917,-0.85131156,0.57222646,-0.2576271,-0.63036007,-0.1742761,0.0975473,-0.96954453,-0.058398284,-0.5853059,0.08290438,0.4461031
-0.6791994,0.54959744,-0.23754483,2.1267874,0.120724425,-0.58171296,2.317571,1.7367737,0.39347813,0.22396544,-0.5939059,0.0,1.0
0.08549446,2.77208,-1.1862031,-0.8463514,0.8188933,-0.75624156,0.20039938,0.28135276,-0.13891341,-0.024946848,-1.3372513,0.0,0.5151457
-0.017812278,-1.0071349,0.8023148,-0.31836045,-0.14730325,-0.7638972,0.8634588,-0.8286193,0.38757738,-0.12289491,0.457825,0.0,1.0
-0.6358953,0.252674,-1.7580832,2.1267874,0.22549054,-0.49362764,1.5696957,1.7367737,-1.1391097,-0.69323105,-1.7593788,0.0,1.0
-0.6726784,-0.4166177,-0.40213186,-0.66582763,-0.4051466,0.88931805,1.6931437,0.01752925,0.70097053,0.09192331,-1.6268232,0.0,1.0
0.47358727,-0.19593148,-0.91666764,-0.6926353,-0.19251159,-0.7618033,-0.47608322,-0.007801816,-0.6218894,-0.28272024,-0.87702686,0.08746505,0.74235094
0.708745,-0.5747426,-0.8873686,-0.97236925,-0.37634742,0.041452117,-0.4101053,-0.6044658,-0.06956105,-1.1754974,-0.72798187,0.18538843,1.0
0.004450118,0.040354837,1.017158,-0.17707503,-0.08866653,-0.38155848,0.6953213,-0.058949944,-0.6171901,-0.03612616,-0.5114846,0.0,0.84369147
-0.8734305,0.62800324,-0.43098167,2.1267874,0.655749,2.0075743,2.317571,1.667754,-0.73119026,-0.51570207,-1.5763866,0.0,1.0
-1.1056672,3.4778006,-0.25438333,-0.11657623,1.2470598,0.56972104,1.2688408,0.16024046,-0.26602942,0.2929449,-0.11302301,0.52521545,0.55680555
-1.3801045,1.7206563,-2.1915398,-0.97236925,-0.06319514,-0.5724951,-0.36527997,-0.4840966,1.3740118,0.1801479,0.0830325,0.24825934,0.58140534
0.6357478,1.2475201,-0.2823958,-0.591835,-0.3763601,-0.9587587,-0.6662041,0.32898644,-0.15779455,-0.03880134,-0.4037052,0.357085,0.33219743
-0.6145975,-0.71269,-0.12292103,-0.40285692,0.24659333,-1.1552558,0.021556374,0.24369283,0.5770977,0.49213907,-1.1515018,0.2262622,0.70089966
-0.6801123,2.0558004,-1.663466,-0.4191365,0.1767874,-1.0337611,-0.90050584,-0.386953,0.5005691,-1.014914,-0.14218907,0.29044965,0.53159475
-0.30945322,-0.35634297,-0.47462645,0.118902534,-0.23143509,-1.306644,-0.24892457,-0.36518443,-0.6243525,-0.76867557,-0.36450884,0.0,0.54303426
-0.036653873,-0.31829962,-0.02215786,-0.8953775,-0.11267066,-0.5962282,-0.19321264,-0.618424,0.5721894,-0.81179214,0.054743946,0.0,1.0
0.6740161,1.782106,-0.8566912,0.42458373,2.3952322,-1.1481928,-0.031424373,0.63172406,0.05433253,0.04884801,-0.27319306,0.8234714,0.0
0.3660916,-0.52391726,0.023786716,-0.5633459,-0.17600977,-1.0262797,-1.0397786,-0.6296687,-1.1854069,-0.52257144,0.2829203,0.07436794,0.7136697
-0.045765195,-0.0562712,0.049003392,1.6689343,-0.20183378,0.32035965,0.45440543,0.71256596,-0.7062271,-1.2272474,-0.6770315,0.21237083,0.6505856
0.66888267,-0.5653607,0.18088663,-0.55790406,-0.057221152,-0.6607236,-0.53457946,-0.20368524,-0.19774352,-0.48139617,-0.028030893,0.23323661,0.6400203
-1.0339396,-0.19916277,-0.42229998,-0.62304646,-0.21310121,-1.5306373,-0.012078333,-0.4671263,0.08799293,-0.8038234,-0.2823472,0.14203866,1.0
-1.8776025,1.7918968,-1.9765972,-0.32421485,1.3301067,-1.3927239,-1.8718446,-0.55098516,2.7518206,0.61431247,1.8658206,1.0,0.0
-0.0029967818,0.0045072655,-0.28215858,1.5298903,-0.39801398,-0.4560719,0.07083692,0.60793793,-1.2834167,-0.94099593,-0.5328345,0.0,0.6888615
-1.2291877,0.0032382528,-0.61640614,-0.97236925,-0.3622079,-1.072177,0.031546175,-0.73231876,0.57061654,-0.7803511,-0.36622798,0.21267731,0.7074626
-0.0011469722,-0.2198922,-1.8763057,1.256015,-0.2008487,-0.2818989,0.93409467,0.9758929,-0.31964844,-0.54416066,-1.1612862,0.0,1.0
0.56724834,0.13722652,0.6560812,1.1265986,-0.14839226,0.44575927,0.75390404,0.8319801,-0.1284338,-1.2370139,-0.21789362,0.0,1.0
0.106178045,0.8070008,-1.1368835,-0.58789337,1.2373527,-0.9940913,-1.8603153,0.521202,0.6036464,1.1074563,-0.8869169,1.0,0.0
0.4782575,3.381411,-0.70897394,-0.97236925,0.9449962,-1.5386337,-1.1680394,0.3871655,1.0227759,-0.44877598,-0.8268511,0.6722761,0.3537543
0.7795041,0.09362829,-0.11429151,0.15380374,0.30040836,-0.6895333,-0.38718206,0.45562315,-0.4956429,-0.70323664,0.4041761,0.050804183,0.3106122
0.83396184,1.6293632,-0.92359567,-0.8613348,-0.4387817,-0.6638169,-1.3390384,0.92720306,0.3881915,0.005111607,-0.46192098,0.80114365,0.20675519
0.34653243,-0.2576515,-1.5234514,-0.6653877,-0.61154,0.013311408,-0.09411013,-1.0477351,-1.2122545,-1.6747506,0.3469,0.0,1.0
0.534581,0.53097105,-0.97577345,-0.1388635,-0.7300313,-0.93821555,-0.44667417,-0.020166934,-0.48887995,-0.94470143,-0.47804958,0.1296108,0.84528744
0.40083936,0.8422749,-0.8862258,0.6140975,-0.30711815,-0.92834115,0.53216296,0.42666844,-0.78763086,-1.2733761,-0.52408195,0.0,0.94486666
-1.5886183,1.4472429,-0.9505976,-0.9212258,-0.7491175,-1.4433185,-1.5020002,-1.359648,0.6554554,-0.52540296,1.2581595,0.19718035,0.9100384
0.82756984,-0.44450447,0.5506836,-0.6047586,-0.88996685,-1.5386337,-1.1925138,-1.5922731,-1.7436109,-1.6747506,1.6584562,0.0,1.0
0.8069961,1.9683735,-0.46892557,-0.97236925,0.27749664,-1.2964835,-1.2337025,0.23778448,0.06570037,-0.3412966,0.043617345,0.26081744,1.0
0.38795805,1.963628,-0.28149086,0.49423409,1.2769668,-0.8435725,0.39264107,1.2674317,0.6714954,-0.01192921,-0.9302069,0.24942213,0.9177978
3.0531259,0.67318696,2.3272262,-0.97236925,1.6362826,-0.79719245,-1.8207586,1.1251321,0.17736517,1.163747,-0.66459024,1.0,0.0
-0.4114586,-0.017305732,-0.19982278,-0.5199461,0.09875809,-1.3131733,1.0500141,-0.08703163,-0.29734877,0.7371323,-0.9960177,0.0,1.0
2.2846158,0.3489136,2.3588686,-0.4118449,0.34019026,-0.84119624,-0.72553855,1.197469,0.152478,0.52625084,-0.27839777,0.46029824,0.29743502
-0.8996152,-0.4949148,-0.34901264,-0.97236925,-0.04981732,-1.5111953,0.46689957,-0.58855706,1.2743132,-1.0783302,-0.17469016,0.055236302,0.98007876
-0.8296756,-0.46484238,-0.5392555,0.855955,-0.09217529,-0.6827079,1.7585286,0.6931353,0.5833718,-0.267326,-1.6068312,0.0,1.0
1.4372835,3.7618992,-1.3411742,-0.97236925,2.9229653,-0.46721834,-1.8718446,1.6360784,2.3610694,1.1719983,-0.9670558,1.0,0.0
0.8601228,4.7222033,-2.1915398,-0.8826906,0.22691765,-1.4360832,-0.648947,0.8310131,1.4966792,-0.15047668,-0.36477834,0.8992118,0.34136683
1.2628533,0.37941357,0.26729253,-0.17009239,2.2352688,-1.0839019,-0.71631354,0.77811027,0.477224,0.9500755,-0.5227777,0.73637366,0.009246342
-1.3809788,1.4675777,0.34018233,-0.1287683,0.18580392,0.8174319,1.0795732,-0.48579603,-1.1217012,-0.38756827,-0.7100147,0.0,1.0
1.4246356,2.2014182,0.016809493,-0.21756257,1.0460114,-1.0593568,-1.1060718,1.3158811,0.7140218,0.36874357,-0.46070287,1.0,0.02057488
0.5257703,3.4257712,-1.4787692,-0.97236925,1.5243491,-1.5386337,-1.8718446,0.8319587,1.1161412,-0.52522993,-1.5262876,1.0,0.0
0.8613281,0.18435048,-1.393717,2.1267874,0.48644093,-0.56360024,0.5357761,1.5001214,-0.62983197,-0.70828134,-0.85339105,0.0,1.0
-0.69185865,-0.15713483,-0.81100506,-0.97236925,-0.4352393,0.16256246,1.13489,-0.056786254,2.3308318,0.27891648,-0.40532407,0.2997243,1.0
-0.24012353,0.15652646,0.17346969,0.44213846,-0.46571463,-0.2984371,0.13949452,0.13608839,-0.80234337,-0.82494885,-0.35283732,0.0,0.6357107
-0.22537808,-0.0818029,-0.15921518,-0.8465667,-0.78906506,0.95121586,0.7047275,-0.53477746,1.3125803,-0.005338274,0.50246286,0.0,0.669386
0.68937504,0.79298115,-0.9070981,0.03750525,-0.54215103,0.7081287,1.1715288,0.2645731,0.14231066,0.17517997,0.19938634,0.0,0.8865826
0.6609312,0.038862735,0.31574422,-0.7026062,-0.33479512,-1.2624617,-1.260658,-0.8886657,-1.0306351,0.1070513,1.0252951,0.37884164,1.0
3.3844666,1.4938645,1.4936717,0.89652324,1.0744685,-1.3320891,-0.3066814,1.7367737,-1.0508411,-0.59823865,-0.5084872,0.7107608,0.5073244
1.1415198,-0.1376576,0.5259229,0.9876128,0.30754417,0.32159886,1.0002533,0.81549346,-0.32725596,-0.34438458,-0.31660333,0.0,0.8992399
-1.1606566,0.567059,-0.9113282,-0.25908783,-0.58884513,-1.2416866,-1.416272,-0.9958264,1.2691722,-0.8865562,1.4248843,0.23952213,0.26130828
-0.20901088,-0.45448005,0.24901816,-0.8082412,-0.05424598,-0.12668502,-0.33341926,-1.0270247,0.5243793,-1.4396522,0.5015386,0.015234953,0.9595047
-0.65672386,0.29555836,1.6904464,2.1267874,-0.93371063,4.195266,2.317571,1.3514596,0.97374964,0.8254613,-0.85354525,0.2587435,1.0
-0.53879565,1.8409524,-0.21826887,-0.10842279,0.6092798,-0.9365428,-1.8718446,0.19927862,1.1217004,-0.47699395,0.5059746,0.855705,0.00826139
0.5727707,-0.44218656,-0.69048077,0.25985336,0.063054115,-0.30630064,-0.21334136,-0.00027108635,-1.1980983,-1.6747506,-0.6053396,0.0,0.9333914
0.8592865,-0.30271995,-0.18722713,1.3045945,-0.93371063,-0.7057517,1.0092565,1.209279,0.74121976,-0.7207575,-0.73844767,0.0,1.0
-0.99824625,2.4663796,-2.0090587,-0.93814003,1.1300917,-1.5386337,-1.8718446,0.55734,1.8453555,-0.05610675,-0.98342055,1.0,0.0
0.60592467,0.30033442,1.1213917,0.7648496,-0.018872092,-0.0066414215,1.1604532,0.64799637,-0.3108987,0.029288897,-0.10136796,0.0,0.6866028
-0.7814679,0.39642718,-0.4657461,-0.63879514,-0.73261315,-1.0951189,-0.5222257,-0.91638476,-0.3979374,-0.27603516,0.42326137,0.0,0.87305415
0.30812418,0.2929909,-0.92629695,-0.34374312,1.0148425,-0.6525824,-0.09926717,0.3476956,-0.4682021,0.36193445,-1.1093407,0.13165809,0.5147522
-0.5094228,0.030482851,0.19413349,-0.97236925,-0.93371063,0.11204093,-0.38074505,-0.51125854,0.6169544,0.7331024,0.65750015,0.30095887,0.72404695
1.3551781,1.1995609,0.7684031,-0.53722656,0.0883099,-0.7237261,0.5819316,0.7128558,-0.037698686,0.89266723,-0.047219172,0.24255526,0.5076393
0.5491014,0.61535406,1.135789,2.1267874,-0.93371063,0.99412787,0.3697698,0.8442784,-1.9905932,-1.6747506,-0.26642242,0.22045812,1.0
-1.228845,-0.21028225,-0.44537094,2.1267874,0.21228197,-0.12608032,2.0729408,1.5811142,-0.68286777,-0.45021117,-1.7593788,0.16044696,1.0
-0.23560761,-0.24441026,0.22592065,-0.97236925,-0.2570781,-0.98746973,-0.73739225,-1.5049136,0.6084547,-1.6747506,0.95643294,0.10376392,1.0
-0.04906993,0.9358861,-0.65758693,-0.4734953,-0.5442728,-0.73700947,0.22086667,0.09331301,0.44777015,-0.36273098,-0.069822714,0.0,0.9592312
-1.6925455,-0.33170107,-1.4585135,-0.8191312,-0.01819976,-1.2304854,0.6536302,0.07029296,1.5616682,-0.3624079,-1.0253369,0.0,1.0
-0.20868985,2.20494,-1.9663755,-0.74971074,-0.5418495,-1.0951334,-1.4603301,-0.38794678,0.046185646,-1.0045836,-0.25846642,0.48818395,0.5397469
1.3183993,-0.3507779,2.0196812,-0.06627011,1.0396293,-1.1845701,-0.16610564,0.14491192,-0.78814036,0.655474,0.5648452,0.0,0.9880299
-0.13957351,-0.08883284,-0.762545,-0.75462645,-0.22237843,0.30390334,0.69964045,-0.22852968,1.3759238,-0.39094183,-0.08496837,0.0,0.69582844
0.33322775,-0.08812059,0.3915521,-0.4473197,0.67130816,-0.7136427,-0.50589615,0.36592263,0.2730436,0.59269536,-0.2685354,0.46989906,0.44532698
-0.7068847,0.12184823,-0.751215,0.19142741,-0.027558051,0.10004785,0.9870326,0.057690527,-0.37821692,-0.3037879,-1.0487919,0.21011709,0.7575234
-0.25744495,0.042948544,-0.045010272,-0.18866213,-0.7112828,-1.0589274,-0.09800437,-0.44855255,0.38513464,-0.9838316,0.3888256,0.17447458,1.0
-0.32422793,-0.1853788,-0.2264941,-0.5690032,-0.03214216,-1.0813532,-0.59874094,-0.2628041,1.145592,-0.14564417,0.19985963,0.21686967,0.5041991
2.833561,3.811663,2.5248966,-0.73071194,1.7547807,-0.43700603,0.6417098,1.7367737,0.3810164,0.90640366,0.55667824,1.0,0.7734732
0.96103275,1.3661005,-0.13014849,-0.2917181,-0.5786413,0.72559595,1.3854539,-0.07153163,-0.3213046,-0.051704068,0.32938823,0.0,1.0
0.07963891,2.9311633,-1.4304793,-0.7827595,2.372676,-1.2358907,-1.3948425,0.77793634,1.361618,0.30297053,-1.0060756,1.0,0.0
-1.0697265,1.1341407,-0.12827668,2.1267874,0.72576344,0.5858878,2.317571,1.7367737,-1.1110681,-0.71176505,-1.7593788,0.0,1.0
0.14690876,-0.36791158,2.5730171,1.5581434,-0.69794005,1.4351991,0.41620374,0.21585472,-1.5382099,-0.7386683,-0.13223055,0.20933664,0.9057394
1.5850343,4.7222033,-2.1915398,-0.97236925,1.1195481,-1.5386337,-1.8718446,1.2665366,2.2172375,-0.1594143,-1.7540865,1.0,0.26825252
1.3824338,0.41211593,-0.066282585,-0.97236925,-0.83772665,-0.77784085,-0.72446746,-0.14731777,-1.6627394,-0.036257423,-1.4444495,0.45301837,0.96102124
-0.86653405,2.9342768,-2.1915398,-0.570637,-0.6730585,-1.2623167,-1.302788,-0.32426497,2.411696,-1.0885378,0.38278812,0.52207917,0.6188655
-0.7830652,-1.0442101,-0.19226903,-0.68476284,-0.43173233,1.9513311,1.516424,-0.05498145,1.3436476,0.17274274,-1.5784755,0.21614827,1.0
-1.1305795,3.4568322,-2.1915398,-0.5017805,0.107460484,-1.1561537,-1.8718446,-0.15433864,1.4821149,-0.6979806,-0.082994975,0.93176186,0.09584626
0.015182302,1.0925463,-1.5804454,-0.3665111,-0.37348852,-1.0357662,0.47688568,0.16587415,0.46118677,-0.9699807,-1.3308673,0.0,1.0
-0.64601666,0.93466026,-1.1425034,-0.38478866,-0.6089622,-1.2567234,0.20444629,-0.3674248,1.1229635,-1.0718056,-0.3640202,0.07001868,0.963121
-0.85951567,0.18796799,-1.3680581,-0.5346483,0.42771065,-0.7055142,0.6759099,0.21346839,1.4537947,-0.117696725,-0.8742264,0.002791658,1.0
0.31228498,-0.9814947,-1.3635706,0.10370129,-0.2636314,-0.16979711,0.80282944,0.67126614,1.0845673,-1.0900217,-1.449477,0.0,1.0
0.16129074,-0.18500264,-0.13457865,-0.11621397,-0.93371063,-1.5386337,-1.6797448,-1.5922731,-1.7675016,-1.1883464,1.8658206,0.15970857,1.0
0.031519495,0.33691537,-0.65498203,-0.2586,-0.47932965,-0.6861556,-0.081172615,-0.10649794,-0.020615902,-0.36969173,0.045893706,0.0,0.7646631
0.71258116,0.016411215,1.482873,-0.025505085,0.6050819,-0.21484685,-0.06400712,0.43374377,-0.4919601,1.1136354,-0.77718484,0.35438913,0.49455607
-0.13670482,0.5133773,0.1314326,-0.5051076,-0.35525945,-1.2068444,-0.1701625,-0.97342473,0.070484556,-0.3466108,1.1772817,0.1432238,0.76738673
-0.55067164,0.5412325,-2.1915398,-0.5592893,-0.31401935,-0.288449,-0.8450837,-0.2527223,0.75208706,-0.0599524,0.13564065,0.15628478,0.73138094
0.8416214,-0.7595713,0.17328516,-0.2783965,-0.25414607,0.116776116,-0.5882122,0.23257461,0.060011826,0.108533755,-0.042063758,0.12028373,0.6621373
3.113951,0.50587356,2.8018205,-0.97236925,-0.87361515,-1.5386337,-0.70596755,0.5388837,-1.5807862,0.56422645,-1.115247,0.54924196,1.0
-0.055422846,0.5221927,0.43101218,-0.50186557,-0.50764257,-0.022675041,0.7313407,-0.3033283,1.0543021,-0.6425935,0.35502177,0.0,0.99919575
-0.10704665,0.9468522,-0.049573533,-0.4688386,-0.6587334,-0.9922051,-0.29679936,-0.16653645,0.03383964,-0.5989656,-0.024911266,0.39879107,0.42574236
-1.1911597,0.30868617,0.04569187,1.6304647,0.34059644,-1.01008,2.016269,0.6879306,0.2847116,1.2554278,-0.060078196,0.0,1.0
0.47183257,1.0719727,-0.93121237,-0.62965494,0.06684896,-0.74537075,-0.7692333,0.2360395,0.44104037,-1.2531221,-0.9392755,0.5413372,0.6040996
-0.68954265,-0.042405427,1.1513672,1.2700493,-0.5640151,-1.1289756,1.7137078,0.70459926,-0.049086526,0.3324713,-0.14719236,0.18138792,1.0
-0.22026522,-0.73945075,-0.87379557,-0.652986,-0.2913418,-0.63234216,0.0396331,-0.37714309,-0.0328556,-0.832508,-0.82741594,0.0,1.0
-0.18145362,-0.40218395,-1.4657081,-0.46191123,1.0444773,-0.6148869,-0.6511507,-0.37937087,0.5207499,-0.4560072,0.20835729,0.21595638,0.37245375
0.26128218,-0.28461027,-0.6951861,0.13993713,-0.026499672,0.40335023,0.29246038,-0.13444617,-1.1977015,-1.3923752,-0.6658811,0.0,0.946172
-1.2660656,0.0912556,0.116013505,-0.65559715,-0.37510678,-1.2889837,0.5986881,-0.67607415,2.7518206,-0.5664769,1.1083891,0.294502,1.0
-0.6883656,-0.685634,-0.016511602,0.1697289,0.031454593,-0.47339424,0.99015355,0.16935955,1.1022408,0.62827396,0.018892867,0.08611995,0.8220926
0.38812664,-0.69462323,-0.18990898,-0.3556142,-0.8918651,-1.2659276,-0.8171982,-1.0227369,-1.0850391,-0.95589364,0.9741747,0.0,1.0
0.06740156,0.4775031,1.2790403,0.36230913,-0.92401063,0.40158913,0.752123,0.010965814,-0.58837193,-0.0066295955,0.6673394,0.0,0.67863566
0.8745996,4.722035,-0.52915883,-0.25382146,4.1112585,-1.5028136,-0.37699062,1.303677,1.0127687,1.0955293,0.14964308,1.0,0.0
-0.49344507,0.20584245,-0.2053014,-0.64465797,-0.29361024,-0.12605603,0.74655247,-0.4856829,-1.0335861,-0.013535782,-0.33231118,0.069935605,0.96710634
1.6330013,4.2002654,1.7021611,1.6734786,2.8074408,-0.7374086,2.0104842,1.7367737,-1.3831358,0.3237407,0.461173,0.59335524,0.54859006
-0.62655914,0.75317734,-0.548892,0.19474223,0.017001685,1.3086262,0.9892598,-0.07121525,-0.23301661,-0.36189938,-0.54233366,0.0,0.96481776
-0.27734524,2.0135217,-0.05951396,0.79501116,2.5524206,0.27327824,2.0227706,0.41655955,0.3681407,2.2433138,0.68640304,0.0,0.81704074
-1.1744472,1.6204351,-2.1915398,-0.93946373,0.26804492,-0.5107914,-0.91363716,-1.0242674,1.6303881,-0.4839041,0.69790596,0.25338504,0.6583169
0.25862405,2.5850794,-1.0131701,1.6126074,2.8286507,0.3065155,1.9185615,1.2543693,-0.4824018,0.7903808,-0.70957434,0.28176135,1.0
1.3428444,-0.56225395,1.5101188,-0.19776052,0.017480325,-1.3328847,0.32312012,0.32806882,-1.2332939,-0.081700996,-0.9338391,0.0,0.77423537
-0.9035196,0.16698794,-0.2019755,-0.8221962,-0.50255126,-0.8615062,-0.79327834,-0.59784365,0.660531,-1.1301572,-0.11692792,0.13650875,0.95193726
-0.444524,0.87864345,-1.4558563,-0.37772238,0.25364983,-1.0011953,-1.6266114,-0.024339814,0.82621205,-0.013368817,-0.32117295,0.28317907,0.0
1.4640405,1.0252385,0.45985213,-0.17627797,1.5873692,-1.0025474,-1.8718446,0.7701531,0.47061136,1.0041436,-0.8547835,1.0,0.0
-0.38546282,-0.35516343,-0.6543538,-0.8841754,-0.46652967,-0.82129884,-0.18024014,-0.4558054,-0.3003502,-1.325846,-0.883391,0.12594743,0.80403346
-0.62102777,-0.74897456,-0.64619046,-0.9602783,-0.31693986,-1.5323349,-1.2363414,-1.5922731,-1.4476259,-1.6747506,1.3949842,0.0,1.0
-0.2680756,-0.9092376,-0.8580502,0.12532128,-0.46192604,3.1576018,2.2410479,0.1706054,0.900467,1.4656061,-0.39251798,0.35234013,0.52990913
1.0915884,0.12505703,0.48919597,-0.97236925,-0.63440067,-1.2185713,0.018808553,-0.46809384,-1.0038944,-0.74175614,-0.56175596,0.018234244,1.0
2.5845246,2.3999805,1.6323184,-0.7061245,2.5348418,-0.90238273,0.20208777,1.5971582,0.40815628,2.0678298,-0.026855474,1.0,0.023842538
2.1442428,2.3553193,1.5456606,0.50413376,2.7712505,-0.9755495,0.97423553,1.3117096,-0.96635807,0.4463288,-0.7888917,0.5898609,0.97806334
1.374534,1.3533782,1.6371281,2.1267874,0.9030095,-0.51094556,0.9449602,1.4496386,-1.9380097,-0.5060296,-0.5116897,0.0,0.9691914
0.871871,-0.9165086,1.3739171,-0.4065511,-0.7466303,-0.34871855,-0.22230417,-1.1258014,-0.27681267,-1.6497315,0.92606866,0.115453355,1.0
0.81535053,-0.28781894,1.0012493,0.52860594,-0.74165934,0.56957304,-0.049028788,0.095151104,-1.4134184,-1.6747506,-0.2945367,0.0,1.0
0.075366125,2.1729515,-1.7512982,-0.20566766,0.8782202,-1.0334693,-0.95550853,-0.01847815,0.46339673,-0.7478842,-0.12287198,0.5296014,0.40748644
-0.92493796,0.28165054,-1.3557166,-0.97236925,-0.3817583,-0.6175552,-0.49079978,-0.6051867,1.4431378,-0.8423077,-0.34235486,0.24799845,0.9763742
2.13069,0.5181732,0.7692963,-0.97236925,1.7048074,-0.67584693,-1.8718446,1.2808574,0.73881197,0.8854047,-1.4985709,1.0,0.0
-0.31103793,0.8081851,-1.128258,-0.97236925,0.7461331,-1.0885512,-0.09456075,-0.5669792,0.33414578,-0.9290792,-0.4550093,0.12493921,0.95713
1.0559871,-0.18714248,-0.81751764,-0.42856786,-0.38994542,-1.4519998,-1.2738285,-0.45727554,-1.8672137,-1.6747506,-0.33333623,0.0,1.0
0.13562611,1.1389534,-1.1180537,-0.33037114,0.76867414,-0.96151245,-0.38490713,0.3589603,0.17097227,-0.24952617,-0.6311209,0.06920467,0.3267415
-0.060395885,0.22140402,0.32964334,-0.17493786,-0.040321045,-0.67645395,-0.31891882,0.34881395,0.48492998,0.9134597,-0.37689385,0.37783873,0.36086774
0.39776483,-0.43054414,-0.39295942,-0.97236925,-0.010392976,-0.14633435,0.5742117,-0.164621,2.1395772,-1.6747506,-0.36130834,0.010881083,1.0
1.154673,-0.44630077,0.0106887035,-0.67314994,0.068494014,-0.33061317,-1.3976536,-0.28250316,-0.97775835,-0.5206868,-0.3104049,0.2109578,0.3356661
1.4060315,1.1175529,0.3500677,0.8124417,1.426753,-1.5386337,1.2800589,0.9200895,-0.7086084,0.45985755,-0.08081725,0.12486876,0.5145023
0.25244707,0.2849877,1.6657673,0.7997438,-0.12328363,-0.11953498,1.0219858,0.25256678,-1.1578873,-0.21659379,0.26360452,0.074666865,0.86412364
-1.8308502,1.2450604,-2.1915398,-0.97236925,0.5725351,-0.9452725,-1.0061601,-0.506329,1.2949328,-0.6261642,-1.0376953,0.022818724,0.7724592
0.4467775,-0.29430765,0.54461545,-0.37767464,-0.32018572,-0.50741553,0.058081068,-0.26475686,-0.3489897,0.38010743,0.45118773,0.06570812,0.64150745
0.86838734,0.4885905,-0.31940225,-0.04018778,-0.39104736,-0.95210934,0.015972108,0.12867679,-0.30850342,-1.0029584,-0.13490142,0.0,0.79476416
0.16062102,-0.089357376,0.7707236,-0.07685695,-0.93371063,-0.9144017,0.5421465,-0.9709507,-0.7890831,1.1116252,1.116908,0.0,1.0
1.0316905,2.7100837,-0.4827333,-0.97236925,1.6595587,-1.2756581,-1.8718446,1.383093,1.4430482,0.45895812,-1.4163977,1.0,0.0
0.0021970887,0.2886286,0.9546436,1.0046268,-0.9166446,0.53968686,1.0781229,0.365874,-0.6445367,0.48836222,-0.10917248,0.17964832,0.8515689
-0.44988716,-0.79158133,-0.4149138,-0.06490424,0.6562437,-0.83252424,-0.015868284,-0.3710188,-1.1253804,-0.13518398,-0.46242374,0.0,0.5798939
-0.40370077,1.0770726,2.250761,0.47505176,0.46857238,0.25216487,0.714869,0.535361,-1.0317503,0.26756302,-0.0453011,0.34449318,0.5442146
-0.11439268,0.4537461,-1.2384397,-0.31034896,-0.09286163,-1.1134958,0.6510386,-0.17382379,-0.39444938,-1.2836314,-0.8390914,0.0,1.0
-1.011154,0.5739196,-0.11842558,-0.30367532,-0.5227493,-1.5386337,-1.8718446,-1.5922731,-0.657367,-1.3052007,1.8658206,0.07022817,1.0
-0.07450913,-0.26454526,-1.1354659,-0.7722225,-0.27701655,-0.73689425,0.2684343,-0.2200128,-0.025343472,-0.71552044,-0.9847108,0.0,0.959358
0.38901085,-0.22677617,-0.19536906,0.82560295,0.61591387,1.5437077,1.625554,0.94210327,-0.3634518,0.38266626,-0.52631235,0.0,1.0
-0.25939924,0.9254035,-1.0894632,-0.97236925,-0.3232568,-1.1252444,-0.42716974,-0.19291994,0.101672955,-0.31066334,-0.488668,0.14439666,0.6823818
-0.66789067,4.7222033,-2.1915398,-0.9163877,-0.8439532,-0.851376,-1.6198206,-0.3764942,2.7518206,-0.5361324,0.9906159,1.0,0.37493047
-1.6459435,1.920113,-2.1915398,-0.7509234,2.2116156,-1.5386337,-1.8718446,0.49202892,2.7518206,0.79159313,0.65448636,1.0,0.0
0.7464545,-0.748354,1.119272,-0.30284125,-0.14065713,-0.53786665,0.28436142,-0.3119039,0.28726363,-0.13831525,0.83377326,0.0,1.0
-0.6392215,-0.33198646,-0.17854023,-0.5652363,-0.51950616,-1.2838881,0.19734922,-0.70083123,1.143306,-0.5703977,0.45403677,0.09510454,0.8674674
0.15605924,-0.059259057,0.20426172,-0.7697153,-0.54617345,-0.8420426,-0.43463302,-1.093489,1.0155648,-1.6747506,1.0553261,0.0,1.0
1.8607428,-0.5557333,1.2046778,-0.518322,-0.50522953,-0.8506921,-0.7580073,0.81376743,-0.7460861,0.7785509,-0.8341343,0.10418648,0.9934406
2.8233137,0.9430197,2.755274,1.6123221,-0.93371063,0.63929725,0.8927707,0.6640714,-1.4575237,-0.77656704,0.8186184,0.17730276,1.0
0.162636,-0.062326387,0.031904705,-0.5060777,-0.5938846,-1.3673908,-0.90120447,-1.1978823,-1.482649,-1.5105969,0.70326144,0.0,1.0
-0.31849492,0.11627673,0.2166929,-0.67867553,-0.29038218,-1.0350047,-0.35346788,-0.5504467,0.7373882,-0.54517484,0.16281472,0.1318557,0.9365227
-0.7431846,0.18852668,0.6216868,0.27109027,0.20517957,-1.2323146,1.6203703,0.716255,0.74858916,0.45952377,-1.1886147,0.0,1.0
0.13983284,0.95325094,-0.7980101,-0.78890425,-0.93371063,2.9974968,1.0434071,-1.0050896,-0.3545096,-0.5430816,0.94704276,0.0,1.0
0.93034554,4.4846215,-2.1915398,-0.68343604,0.82587844,-1.4682075,-1.7975743,0.28222185,1.1097169,-1.0660025,-0.010242971,1.0,0.011103079
-0.43380174,0.6976485,0.5281619,1.5555384,-0.5909156,-0.34566283,0.99252975,1.115433,-0.39386842,-0.27298555,-1.0961051,0.0,1.0
-0.36620113,0.59599495,-1.5934741,-0.6144274,-0.6412963,2.7140508,2.317571,0.41678563,1.6762419,1.0124242,-0.8605507,0.0,1.0
-0.0038044974,2.2570634,-0.42857212,0.14986695,1.6013447,-1.1637827,0.449637,0.45346484,-0.9407431,-0.030480951,-1.31755,0.13915084,1.0
-0.71723413,0.9031395,-0.72946864,-0.8183464,-0.3381264,-1.259943,-0.86082155,-0.5725045,0.16365397,-0.99187857,0.35455012,0.09576412,0.80420303
1.2677215,-0.21037018,0.14246505,-0.48490664,0.23319459,-1.1997907,-0.40912086,-0.49671173,-1.8174325,-0.205101,-0.22846176,0.0,1.0
-1.3439771,1.9793011,-2.1915398,-0.97236925,0.40549296,-1.4554976,-0.3427058,-0.023380462,2.39452,-0.14984973,-0.50218004,0.633046,0.8223544
0.676053,-0.33289185,-0.39213455,-0.2138436,0.008588876,-0.8403989,-1.1056359,-0.28228167,-0.7468893,-0.804862,0.6079037,0.23712426,0.266411
0.2863346,-0.24207255,-1.3750579,0.13315031,-0.20748478,-1.0901926,-0.20609081,0.076227516,-0.8333228,-1.6747506,-0.6197414,0.0,1.0
1.3944323,-0.57778174,0.06958674,-0.6426668,-0.370131,-1.0019941,-0.96135706,0.17323847,-1.1940545,0.095876805,-0.6144074,0.33651993,0.77866673
0.82453537,-1.0442101,2.6849995,0.5718561,-0.90930545,2.7117832,1.1144309,-0.2711317,0.19625759,-0.43474165,0.36249223,0.0,0.8099188
0.035232965,-0.57704425,-1.7533616,0.9153473,0.094516896,-0.3803742,0.4153058,0.3265641,-1.1793509,-1.2699938,-1.6384935,0.0,1.0
-1.5578672,0.26006043,-2.1915398,-0.38039213,0.7406954,-1.0488787,1.1556146,0.25335693,0.8161602,-0.89354515,-1.7593788,0.05098699,1.0
-0.12785545,-0.165035,0.0022006184,-0.22198965,-0.47919086,-0.7882164,-0.2455352,0.07854126,-0.53066885,0.15343663,-0.5765828,0.0,0.857242
0.83591884,-0.52422106,0.7924464,1.1918594,-0.93371063,1.8173734,1.2132887,1.1327652,0.36413953,-0.7812956,-0.03977773,0.0,0.9571204
-0.5674014,-0.7926556,1.4745995,0.9858724,-0.30504087,2.8803623,1.8102266,0.86531955,0.48366636,-0.33269668,-1.3402358,0.35653338,0.8621888
0.6566634,1.7585576,-1.1722355,-0.6821885,-0.08182342,1.1208472,0.8321111,-0.16262849,0.35190037,0.11405127,-0.1440217,0.0,1.0
-0.107634455,0.8913522,-0.22082281,-0.6911003,0.105513856,-1.0610461,-1.0422868,0.2540765,1.3119967,0.2828375,-0.0005828142,0.5082134,0.40891892
0.5212232,1.0799482,-0.22127438,-0.2631228,0.57139355,-0.45442605,-1.1008763,0.23097558,-0.11636464,0.72703725,-0.13308409,0.61291075,0.08600071
-0.29796422,0.89518905,-1.0813088,-0.97236925,-0.93371063,0.20208377,0.41751373,-1.1516443,1.1597496,0.21253243,1.4305015,0.02728198,1.0
-0.12680487,4.7222033,-2.1915398,-0.46198577,0.84483486,-1.5386337,-1.8718446,0.43543893,1.7590483,-0.57492423,-0.024295706,1.0,0.0
0.39163437,-0.53981996,-0.053295422,-0.75836575,-0.121357575,-1.1637814,-0.15722439,0.20113444,-0.38468552,0.030552661,-0.42129928,0.16134802,0.80171627
0.44824907,0.41643354,0.80098015,0.10064185,0.5220596,-0.63397455,0.4549572,0.2615252,-0.5450128,-0.41044924,-0.18156698,0.0,0.5659652
0.6795825,0.19659798,0.7678023,-0.75126374,-0.93371063,-0.19313723,0.63533723,-0.87803453,-0.5074911,1.1122156,1.0485396,0.01866995,1.0
-0.28023276,0.17816971,0.8423674,-0.50009704,-0.46539423,0.43036243,1.3633633,0.15093066,0.93475455,-0.18472962,-0.7268501,0.0,1.0
0.545917,1.4455124,1.0699335,1.3441856,-0.44895974,-0.0075991377,-0.14212896,0.9940523,-0.8440068,0.7640621,0.24090362,0.19741464,0.4458126
1.7810845,-0.15007979,0.8324764,-0.59963316,0.24976006,-0.25675774,-1.0561321,0.43458578,-0.45608097,0.8893152,-0.3813922,0.39986458,0.2946465
-1.1872815,-0.02809336,0.45089683,-0.24884574,-0.2634216,-1.0703449,0.6509321,-0.22942612,0.24625842,0.86266804,0.039111115,0.0,1.0
-0.23400937,-0.7544774,-0.52867544,-0.6064847,-0.25414416,-1.0119306,-0.511494,-1.0967535,-0.9216574,-0.75488544,0.3476184,0.027178166,0.9530741
1.3261435,0.5935572,1.7095511,-0.45863932,-0.93371063,-0.9970767,0.21149649,0.0063156355,-1.0364978,0.630285,0.47567832,0.03418351,1.0
-0.7301998,0.5490965,-0.48692778,-0.46674138,0.649135,-1.230573,0.3353762,-0.33009523,1.3943024,-0.0035806932,0.38749298,0.20968904,0.5649053
0.029846523,-0.7579259,0.29601514,-0.7143188,-0.5126535,-0.026702732,-0.09499938,-0.99057525,0.13362397,-1.0628692,0.1648739,0.0,1.0
-1.3163954,-1.0442101,-0.40069038,-0.38378283,0.22328654,-0.8300116,1.901063,0.45270395,2.166084,0.11689815,-1.7593788,0.0,1.0
-0.8609444,4.7222033,-2.1915398,-0.97236925,1.8072854,-1.5386337,-1.8718446,0.8536139,2.7518206,0.8545839,0.4022001,1.0,0.0
0.9569085,-0.08581077,0.12081919,-0.5810804,-0.5068806,-1.1463668,-1.4524285,-0.17585973,-1.3963474,-1.0047778,-0.5653636,0.12857845,0.7637208
-0.34085965,0.3115899,-0.744102,-0.5911502,0.11399942,-1.2779087,-0.5643798,-0.21949661,1.133689,-0.86218435,-0.121830516,0.16439134,0.6687107
-1.5601033,-0.9381532,0.074983425,-0.97236925,-0.93371063,0.6817247,0.74559975,-0.91313624,2.3876011,0.41561347,1.8317184,0.05234012,0.7824444
0.51322037,-0.4051451,-0.4057461,-0.54166853,-0.82763135,-1.3757783,-0.5114697,-0.821891,-1.7280335,-0.60568744,0.003694011,0.16427599,1.0
0.4547626,4.7222033,-1.3522503,-0.97236925,0.5589856,-0.6465384,-0.9977952,0.39950094,1.2123585,-0.12554328,0.025746187,1.0,0.26449785
-1.2500399,-0.67176324,-1.0030686,-0.97236925,-0.09521296,-1.241952,0.6308135,-0.49693307,2.7518206,-1.1248559,-0.47004998,0.13166884,1.0
1.6486924,1.2562802,0.9579163,0.7637246,-0.23946705,-0.16496012,1.2240187,0.8233925,-0.13589577,0.8663004,0.7735593,0.0,0.97996265
-0.84729296,0.78609884,-0.80057,1.1158538,0.24652463,1.9039654,2.317571,0.66874397,-0.2984002,0.5766602,-0.8684048,0.0,1.0
0.68315226,1.8831594,-1.2504056,-0.97236925,0.7441252,-0.7998269,-1.7111335,0.2978645,0.57649976,0.1320377,-0.32901207,0.90097475,0.0
1.4679332,-0.4056088,0.3029685,0.12648258,-0.5456587,-0.76114607,-0.9348706,0.052176446,-2.183889,-0.7814905,0.20120144,0.0,0.9250671
-0.13402821,1.1840725,-0.85571164,1.1094545,2.667769,-1.0252442,1.2467945,0.7399759,-0.822253,-0.16855724,-0.9494219,0.10170122,1.0
1.053936,3.586708,-0.63631606,-0.85666645,3.0472455,-1.523253,-1.8718446,1.3115127,1.6195902,1.0781378,-0.86541176,1.0,0.0
0.25945336,-0.4514079,0.30801496,-0.875449,-0.66966265,-1.5386337,-0.6335466,-1.5922731,-1.5622568,-1.6385702,1.1751419,0.03283672,1.0
0.9508989,3.4754918,-1.3836286,-0.97236925,3.2104297,-1.363402,-1.8718446,1.3644875,2.0201244,0.95223093,-0.94721705,1.0,0.0
0.63962567,2.7510085,-1.5430539,-0.97236925,2.5771816,-1.0208294,-1.8718446,1.2201835,2.139445,0.48801216,-0.48792326,1.0,0.0
-0.8137676,4.7222033,-2.1915398,-0.97236925,0.1829932,-1.5386337,-1.8718446,1.2264327,2.7518206,-0.1539496,0.007465964,1.0,0.0
0.24003108,-0.7222319,0.20393467,-0.97236925,-0.93371063,2.5788097,1.7344779,-0.24074256,2.6868558,-0.26728156,0.08980988,0.1392395,1.0
-0.6896663,2.9452586,-1.6965778,-0.34565905,-0.93371063,-0.9276085,-0.632888,-0.6095889,0.30994397,-0.8698253,0.34619507,0.054987006,0.9905828
1.4559513,-0.2781437,-0.082063146,0.74349445,-0.59541833,-0.2006762,-0.35377598,0.4805759,-1.02201,-1.6747506,-0.6162446,0.0,0.84046495
-0.026581429,1.1142337,-0.6549906,-0.2492814,-0.39025545,-0.97257257,0.8267663,0.07543456,0.3890884,-0.49147907,-0.697706,0.0,1.0
-0.44867316,-0.24849653,-0.25199196,-0.965497,-0.48480955,-1.5386337,-0.6103139,-0.954433,0.13362446,-0.79667246,0.7383596,0.0,1.0
0.3595281,0.7815725,-2.1915398,1.3686061,0.19246796,0.070542805,0.32284254,1.1129985,-0.34218594,-0.63088006,-0.765876,0.0,1.0
0.7697483,4.7222033,-2.1915398,-0.97236925,0.81007296,-1.5386337,-1.3651603,0.8597562,1.5622643,-0.48490235,-0.45972377,1.0,0.30604312
2.9461305,1.0314933,2.8018205,-0.18560208,-0.8622125,-1.3925775,-0.7245702,0.07305714,-0.85863644,1.0698379,1.7876699,0.13623951,1.0
-0.3533651,0.040370576,-0.22955832,-0.54101723,-0.48537448,-1.5386337,-0.68190724,-0.9836762,-0.82585835,-1.0193745,0.7606039,0.0639062,1.0
-0.87578046,0.2107834,1.6437079,-0.40326232,-0.11212739,-0.046381675,0.21422058,-0.22766832,-0.38194028,0.32356384,-0.2010631,0.0,0.7008308
0.20735103,0.04850343,-0.16689375,-0.31127486,-0.41026732,-0.74297297,-0.8954899,-0.5834807,-1.0735862,-1.0943577,0.45394784,0.0,0.89224124
-1.0369618,1.4675225,-1.5839783,-0.42563564,0.55446035,-0.64710915,0.53546524,-0.08198518,0.103201464,-0.53584754,-1.148271,0.0,1.0
-0.42611775,0.28494126,-0.81732166,-0.97236925,-0.30166656,-0.86234707,-0.5918054,-0.5584486,0.35810515,-0.75875896,-0.34572875,0.0,0.93897486
-1.4617761,4.7222033,-2.1915398,-0.56731856,3.8591712,-1.5386337,-1.8718446,1.3361651,2.7518206,0.8053746,0.3552948,1.0,0.0
1.8034154,0.16105689,1.1354307,-0.1710496,-0.28930122,-0.8805798,-0.610485,0.9078269,-1.0116774,0.48360738,-0.8445654,0.5289783,0.4838049
-0.8691559,0.44159406,-0.5596571,0.5998746,-0.6577706,-0.80510664,0.42348838,0.1860594,0.4801886,-0.376077,-0.35022342,0.42926788,0.592594
0.24137062,-0.054651275,-0.8022198,-0.5939887,-0.5782763,-0.17939673,0.34072804,-0.15968712,0.272361,-1.2593695,-0.55440986,0.0,0.98189867
-0.46518004,-0.60294944,-0.64602476,2.1267874,-0.6924116,1.5032843,2.317571,1.7367737,-0.8019813,0.090118326,-1.7593788,0.1588348,1.0
-1.1742669,3.1192315,-2.1915398,-0.46533403,0.8088451,-1.0352596,-1.8718446,0.08414868,1.4651451,-0.67071635,-0.004703721,1.0,0.19283167
-0.20068946,0.93662226,-0.38815168,-0.16244237,-0.31866106,-1.3332765,-0.9409204,-0.99356323,0.11339385,-0.6661649,1.1515301,0.25090423,0.9613829
0.11661248,-0.13292205,-1.6509773,2.1267874,0.12821287,0.7019607,2.317571,1.7367737,-0.69673246,-0.34059817,-1.7593788,0.0,1.0
-1.2840914,-1.0442101,0.70413774,-0.7778095,0.2591889,-1.5386337,-0.21476728,-1.5922731,0.6743449,-1.4208423,1.8658206,0.0,1.0
1.7975998,1.7738991,-0.3538554,-0.89028966,2.4513638,-0.7110502,-1.8718446,1.422829,0.8963676,0.7399086,-1.3718204,1.0,0.0
0.035480104,0.18128741,0.2010585,-0.27435583,-0.8723951,-1.5386337,-0.96100867,-1.0232539,-1.6300981,-1.155254,0.8710697,0.0,0.7533539
1.0521028,4.7222033,-1.2721795,-0.97236925,3.5110517,-1.5386337,-1.8718446,1.7367737,2.7518206,1.4510527,-0.8509156,1.0,0.0
-1.2639945,0.6784565,-1.1696423,2.1267874,1.7344135,-0.4270967,2.317571,1.6930007,-1.3209431,-0.28024787,-1.7593788,0.0,1.0
-0.7638643,4.7222033,-2.1915398,-0.97236925,1.077056,-1.5386337,-1.8718446,0.42279384,2.7518206,0.7934092,0.7474628,1.0,0.0
-0.8156891,0.29408312,-0.3358042,-0.97236925,-0.6999065,-1.1747313,-0.46396518,-0.96120673,-0.27521902,-0.5411107,0.16760354,0.030324155,0.881974
-0.49535868,0.043333136,-0.023138374,0.24055323,-0.3264651,-0.60860085,0.4985695,-0.01950383,0.6526703,-1.4858167,-0.6693656,0.0,1.0
1.7213318,0.016324975,1.4617918,-0.7349791,-0.93371063,-1.5386337,-0.70038825,-0.43060467,-1.7311064,-1.0468546,-0.016869668,0.45627102,1.0
1.1858013,1.596112,0.7696102,-0.97236925,-0.7946297,2.3806498,2.122517,-0.295235,1.317806,0.1492644,0.3368552,0.0,1.0
-0.49509266,0.7628683,-1.145552,0.040225524,-0.40672937,0.76323855,0.8285704,-0.1447865,-0.38145155,-0.65640634,-0.9615198,0.1130022,0.82964844
-0.33695418,-0.68130714,-0.92633736,-0.94788724,-0.7819598,0.53350633,1.0732316,0.053949036,1.9787655,-0.26566607,-0.44817677,0.0,0.9375932
0.5905577,-0.8694378,0.22037381,1.0458494,-0.93371063,-0.18825719,0.8407629,0.8525743,0.30890152,1.0037514,-0.054303892,0.09873934,0.7900431
-0.7497309,1.4275826,-2.1915398,-0.4059146,1.7439204,-1.2394012,-0.93735343,0.112068914,1.9313765,0.14184901,0.38341397,0.95150054,0.0
0.22242507,0.18028809,0.00034519657,-0.60963553,-0.60403293,-0.74215484,-0.030486243,-0.3600553,-0.33792606,-0.30624267,-0.23507348,0.0,0.9737735
-1.1859716,1.5364115,-0.13409658,0.9903768,1.3646078,-0.11596024,2.317571,0.7846974,1.1838536,1.0941039,-0.40894207,0.0,1.0
0.79595846,-0.6432243,-0.33380497,0.24390215,-0.35704285,-0.7798962,-0.28582472,0.15609474,-1.2215687,0.2598464,-0.51202434,0.18464574,0.7630779
0.6408541,-1.017798,-0.5969983,-0.97236925,-0.93371063,2.7117426,0.3360886,-1.2031832,0.24181238,-1.1342545,-0.07522245,0.0,1.0
0.6712839,1.3006223,-0.4427783,-0.48544148,-0.675838,-1.4231524,-1.1839665,0.10626698,-0.40870377,0.0013816487,0.2652447,0.45573708,0.6269434
0.7773553,-1.0442101,0.9022022,-0.8494164,-0.93371063,-0.97247475,0.31945717,-0.9294687,0.035844516,-0.5462223,1.0645057,0.2395182,1.0
1.1855286,-0.59866625,0.98379385,-0.40147832,-0.78603417,-1.4880755,-0.6572837,-0.7361663,-1.5451584,-0.2293601,0.7854652,0.13239615,1.0
1.1626529,0.306499,1.0444235,0.8290084,-0.14287409,-1.1967417,-0.28603852,0.02236552,-1.9898291,-0.6807407,0.6503337,0.0,1.0
-1.3003559,0.4794541,-0.06540548,1.7603203,-0.8217457,-0.77054894,1.5824832,1.341862,1.2116352,0.3370472,-1.136145,0.0,1.0
-0.81794864,0.8687447,-2.1915398,-0.12173018,1.7074853,-0.58396053,0.6210556,0.32634258,0.46025255,0.101956725,-1.1079118,0.0,0.913257
-1.3014156,1.3572727,-1.7676369,-0.7917138,2.59119,-1.3448821,-1.4710553,0.26070797,1.7312362,0.92178726,-1.1152674,1.0,0.3277729
-0.12622769,-0.519438,-0.19241491,1.4318113,-0.36802518,-0.69038975,0.98860484,1.0371364,0.12709951,-0.24255928,-1.0349745,0.0,1.0
-0.02191884,1.810858,-1.8469366,-0.81133044,-0.077552006,-0.64699256,0.045906328,0.058751047,0.9470621,-0.31815675,-0.025734562,0.10383609,0.76764905
0.55228597,0.64855045,-0.43912312,2.1267874,0.8663794,0.43793705,0.83102894,1.4230524,-0.6601837,0.78381616,-0.45372257,0.6771761,0.5767652
3.18161,4.7222033,2.3412342,-0.13242108,4.288815,-1.5386337,0.7393577,1.7367737,1.5918924,2.0077744,1.1691843,1.0,0.044186834
0.9925447,-0.83862495,0.74512726,-0.97236925,-0.6495177,-0.64827,0.3681926,-0.7027067,0.30446982,-0.9947572,-0.3753035,0.0,1.0
0.56014234,-0.89169824,-0.20932811,-0.06466499,-0.21477222,-0.9011371,0.15840016,0.62700087,-0.2677287,-0.3953265,-1.4192557,0.019270832,1.0
0.02894615,-0.6093803,0.07923352,-0.97236925,-0.23585734,-0.6105155,0.06420778,-1.2580844,0.91350675,-0.86682683,0.6529966,0.0061173756,1.0
-1.8776025,1.255312,0.49035046,1.1398934,1.9053929,-0.5531712,2.317571,1.0753266,0.7732442,1.156507,-0.75392574,0.30040568,1.0
0.19266444,0.18376927,-0.33829367,-0.97236925,-0.93371063,-0.9706823,-0.70883346,-1.5922731,-1.5601882,-1.2885387,0.7427646,0.107089646,1.0
1.7833247,0.99207413,1.4926981,-0.9077533,0.74159855,-1.0778081,-0.2453347,0.51561487,-0.52678347,0.646985,-0.94644123,0.22854024,0.51207244
0.5145193,2.1483278,-1.87544,-0.74244887,1.9190638,-0.9076952,-1.7669288,0.6967789,1.2200869,0.2159384,-0.8678534,1.0,0.0
0.08129161,-0.29941162,-0.086829215,-0.26385874,-0.2672502,-0.77879655,-0.48386103,-0.289672,-0.42751664,-0.80394626,-0.3719542,0.0,0.6684665
0.43154573,-0.2067545,0.064160116,0.5299619,-0.4336002,-1.0399818,-0.7751438,0.14839455,-1.0898275,-1.1906483,-0.031485874,0.0,0.82811785
1.022778,4.6154537,-1.7150452,-0.5859551,2.6885777,-1.2419499,-0.29617268,0.7197447,0.55823284,0.36211437,-0.25766537,0.41206792,0.28934714
1.9901673,3.1891952,2.6533682,0.28861567,2.0292559,-0.8366006,0.8823743,1.3851507,-0.25798932,1.1523522,0.4782769,0.6074813,0.58359456
-0.1945181,-0.50357246,-0.27227932,0.02248854,-0.6188606,-0.30378997,1.41972,0.6137145,0.8640528,-0.5374735,-0.9977767,0.0,1.0
-0.6234102,-0.43493286,-1.4540372,0.82326525,0.3649143,1.1263629,0.81572485,0.2614193,-0.4910264,-0.91302794,-1.711206,0.16583773,0.8982839
-1.1849216,-0.33698702,-0.008147385,-0.82093906,-0.661845,-1.3393265,-0.50168365,-0.86194605,1.4398197,-0.7505935,0.6263732,0.17362931,1.0
-0.45428002,-0.40732834,-0.6357938,2.1267874,0.33169526,1.6983382,2.317571,1.7367737,-0.48606923,0.13492388,-1.7593788,0.06340859,1.0
0.2126436,2.919807,-0.72320586,-0.38402534,0.14877301,-0.8101023,-1.8718446,0.23828302,0.59577066,-0.9926962,0.04989449,1.0,0.060122043
-0.0688342,0.4884275,-0.95891416,-0.44785956,-0.31543744,-0.8275759,-0.711929,-0.74209934,-1.1249197,-1.060115,-0.23683915,0.0,0.91234976
0.20457707,0.21469763,-0.5232799,-0.9021907,-0.6138082,-1.5386337,-0.8415463,-0.89027065,-1.3786578,-1.6747506,0.26697063,0.0,1.0
-1.3938996,-0.4366465,-0.8323033,-0.9028717,0.07399059,-1.5386337,0.533641,-0.9740523,-0.081800945,0.090381436,-0.70298725,0.0,0.86604863
-0.16928461,1.5953561,-1.7957693,0.48581886,1.7401963,-0.9353796,-1.8718446,0.5354271,1.9064611,0.5538971,1.2183633,1.0,0.0
2.2741375,-0.39837098,0.33931616,0.095433064,-0.018746147,-0.453021,-0.8543988,0.8865738,-0.707949,-0.2539786,-1.2199663,0.36241388,0.8914953
-1.1781203,-0.12628275,-1.3546144,0.9732437,0.96171755,-0.41957423,1.0955633,0.36592516,-0.0020098481,0.092762366,-1.1132926,0.025704285,0.88207227
1.702152,-0.6595769,1.7135259,-0.7635695,-0.2631101,-1.381011,-0.62888956,0.11109976,-0.8365573,0.3098825,0.0959409,0.56754375,0.9777323
-0.8361795,2.972199,-2.1761642,-0.97236925,-0.93371063,1.393084,-0.21192335,-0.85176456,2.1235178,0.2743344,1.4652586,0.54763234,0.771829
0.19155586,-0.61099064,0.70808125,-0.21829021,-0.79840237,0.62022984,-0.31415558,-0.4996008,-0.74574137,-1.0836749,-0.25469294,0.0,1.0
-0.24536003,0.09356506,0.79068404,-0.160939,-0.6277033,-1.4647832,0.7082573,-0.40868562,0.2928064,-0.010632558,0.34731472,0.0,1.0
3.3844666,1.3781368,2.8018205,-0.97236925,1.108672,-1.0743551,-0.7976185,1.5076447,-0.63236344,0.92669404,-1.260943,1.0,0.12855431
0.590198,4.7222033,-2.1915398,-0.97236925,1.1397179,-1.5386337,-1.8718446,1.5717244,2.2808268,-1.0434985,-1.2018987,1.0,0.50063944
-0.010929808,0.27534735,-0.013497135,-0.5606889,-0.32522064,-0.9609275,0.6880587,-0.08024921,0.95988774,0.33445355,-0.13232873,0.0,1.0
-1.1352572,0.8553762,-1.4582694,-0.39953092,1.3941228,-1.1023787,0.46917987,-0.09692508,0.30175385,0.107445195,-0.8013793,0.0,0.88140213
1.8610206,1.6589215,-0.74046236,-0.932045,1.2949647,-1.1084325,-1.2795838,0.6662018,0.11198927,0.050517127,-1.3316256,0.721688,0.14545587
-1.8776025,0.19194578,0.80974054,-0.97236925,-0.056171194,-0.5303637,1.7746619,-0.75977015,2.7518206,0.37793422,0.558011,0.18011351,1.0
-0.545224,-0.2513639,-1.14855,-0.97236925,-0.2537786,-0.8174842,-0.89079744,-1.2149193,-0.73218423,-1.5151429,0.066401176,0.0,1.0
2.7731063,-0.3726419,1.6484027,-0.92055124,-0.8600219,-1.3596808,-1.4682261,0.3032755,-1.5822612,-0.091675036,-0.6579303,0.5186439,1.0
-1.8776025,2.0415726,-1.6586262,-0.79967904,0.4151518,-0.40328798,-1.8718446,-0.05788041,2.7518206,1.0723841,1.8658206,1.0,0.0
-0.6538649,0.28634697,-1.5355283,-0.97236925,-0.28841537,-0.77532727,-0.3023793,-0.06808021,0.5639416,-0.09943114,-0.90037423,0.20041077,0.60411966
2.9498572,-0.19625041,1.0390337,-0.4346907,0.5602692,-0.7914005,-1.6584545,0.82747877,-1.5612918,-0.65330565,-0.99712676,0.6481527,0.24333954
-0.8409846,2.3153336,-2.1007588,-0.66156757,2.0663507,-0.6749925,-1.8718446,0.27269858,2.3228457,1.3510455,0.8570411,1.0,0.0
-1.180683,4.7222033,-2.1915398,-0.48762962,0.16588312,-1.2539318,-1.8718446,0.22537291,2.1717527,-0.6493543,0.026027659,1.0,0.0
0.07401867,-0.92608184,-1.6484786,-0.6354179,-0.71118116,0.47814474,0.8240262,0.6881408,2.3916788,-0.6513903,-1.1342022,0.0,1.0
-1.1099468,1.9147686,-2.1915398,-0.97236925,-0.87713295,-0.90434015,-1.5459353,-0.8388929,0.88986796,-0.40236586,0.078210026,0.11057197,0.8381427
-1.244262,-0.2608781,0.433043,-0.4760413,-0.79584897,-1.5386337,-0.95592046,-1.5922731,0.52330905,-0.9897176,1.8658206,0.16050886,1.0
0.70426244,-0.2504384,0.9350267,2.1267874,-0.78371537,1.6192344,2.0229194,1.7367737,-0.57152146,-0.9637645,-1.5058681,0.0,1.0
-0.60225666,4.7222033,-2.0871928,-0.6069164,1.6687114,-1.5386337,-1.8718446,0.33077407,2.7518206,-0.25630265,0.5405969,1.0,0.0
-0.51479954,-0.7469762,-0.9356561,-0.13015333,0.32092702,-0.6622339,0.44627434,-0.31181708,-0.46176308,-0.49413857,-0.893475,0.0,1.0
0.04346861,0.71149707,0.124416225,-0.3110832,0.0731165,-0.8054707,-1.8718446,0.52407813,1.0508143,0.21641517,0.0745418,0.9387804,0.0
0.046254303,4.7222033,-2.1840966,-0.97236925,3.8571296,-1.5386337,-1.8718446,1.7367737,2.7518206,1.3683928,-0.4246446,1.0,0.0
-0.44749078,0.16421917,-1.2564903,-0.28603563,0.15659347,0.002509579,0.14560579,-0.30486917,-0.106056936,0.10608098,-0.95141417,0.18462235,0.7517974
0.69588155,-0.42528954,0.25778022,-0.8869431,-0.93371063,0.32942963,0.3223316,-1.0524455,-0.3898574,0.24140936,0.62650675,0.0080657005,1.0
-0.13884084,4.2228613,-2.1915398,-0.7158605,0.93095785,-0.8183476,-1.8718446,0.19940335,2.277178,1.1914688,1.7240391,1.0,0.0
0.44119173,-0.099567674,-0.3024511,-0.045318108,-0.34854728,-0.49725488,-0.33594847,0.2548271,-0.61594385,0.5057622,-0.6344386,0.20733185,0.5595558
-1.3603134,-0.2225131,-0.45146194,1.0714277,-0.019953864,0.72174495,2.1618285,0.9693774,0.21239024,-0.45220962,-1.7593788,0.0,1.0
-0.7485063,-0.21161903,-1.033283,0.44922194,0.20533714,0.8978914,0.83559775,0.33899048,-0.93628436,-0.5097218,-1.3226705,0.06977326,1.0
0.2796016,1.2728552,1.8666334,1.5243976,-0.7592524,2.7998252,1.9733595,1.0971011,-0.9914002,0.5085008,-0.14386408,0.0,1.0
-0.7723135,0.29262552,-1.3809205,0.15685636,0.24037397,-0.44877505,0.40299386,0.0074316366,-1.0049263,-0.7922478,-1.2806088,0.046668112,0.80516016
-0.1708468,0.41470164,0.16004312,0.033091024,-0.5258551,-1.1737788,-0.7266719,-0.19038688,-0.10522002,-0.03581708,0.7806354,0.0,0.33090562
-1.6814513,2.1938677,-2.1915398,-0.69986075,0.49926746,-1.367922,-1.8718446,-0.29339603,2.7518206,-0.2131215,0.42875287,1.0,0.0
-0.27875936,2.097847,-2.189484,-0.97236925,0.048559804,-0.9719419,0.5285837,-0.41916355,0.3060612,-0.7279302,-1.016868,0.17226568,1.0
-0.51890355,-0.35878545,0.40327856,1.9522704,-0.1394364,1.3440434,1.4790536,0.91419786,-1.4558953,-0.15384693,-1.3409461,0.12211118,1.0
-0.23499824,0.57824826,0.020643435,0.95224804,-0.45338097,4.705259,2.317571,0.96429586,0.39398688,1.1749457,-1.2198977,0.0,1.0
-0.7484835,-0.30877537,-1.3379756,-0.7733038,-0.2451548,-1.0138439,-0.37176144,-0.68784696,-0.61691976,-0.7045985,-0.21546188,0.0,1.0
-0.04487713,0.32103157,-1.2167027,-0.44267744,0.15937454,-0.53319967,-0.3146891,-0.36599532,-0.7038175,-0.71334577,-0.4255982,0.0,0.7021952
-0.4544662,1.8853229,-1.2504872,-0.7442785,-0.059287604,-0.8492134,-0.24126452,-0.33303532,0.5315962,-0.8945682,-0.71597815,0.022891073,1.0
0.3308874,4.103265,-2.1915398,-0.746843,1.7964981,-1.4075292,-1.8718446,0.75012815,1.5446576,0.06929737,-0.6959591,1.0,0.0
0.56779945,0.7286955,-0.8237751,-0.97236925,-0.738018,1.0685676,0.9659768,-0.42062604,-0.42103285,-0.51953906,-0.6212179,0.0,0.96384484
0.31802756,0.8339883,0.39970547,-0.80468047,-0.11090108,-0.9370472,-0.8832187,0.11036994,-0.14620939,0.1508447,-0.41095725,0.4473006,0.37368506
-0.70373917,0.7558952,-0.45616674,-0.8942843,-0.12427955,-0.33969107,0.5630503,-0.1528647,1.4309552,0.26161584,-0.07008008,0.19013782,0.86110264
-0.8526067,-0.6682133,0.2937398,-0.26340356,-0.3501152,-1.071738,0.40976608,0.2849518,1.6377375,0.3972194,0.030790871,0.15655677,1.0
-0.08496839,3.279092,-1.1923484,-0.8986426,0.52328193,0.64953536,1.0451424,0.41448018,0.85751736,0.45110896,-0.23022641,0.12258365,0.5948868
-0.54076594,2.5426745,-1.9284774,-0.6135218,0.69299835,-1.4414028,-1.4416416,0.1140495,1.4283116,-0.22063586,-0.07061616,0.7819809,0.12748952
-0.6367113,0.3537082,-0.5346293,-0.8512848,-0.7280626,1.9996185,1.2598121,-0.41533974,-0.085712604,-0.05067599,-0.54074186,0.0,0.8665184
2.090248,0.54269564,1.5360367,-0.97236925,-0.80362934,-1.2394496,-0.62839425,0.56481665,-1.0269775,0.21150991,-0.84253,0.2833102,0.7736625
-0.49426457,0.057823926,-0.6207108,-0.3607621,-0.1502409,-1.044092,-0.95474386,-0.27329803,0.54592454,0.1194769,0.54872376,0.20352802,0.4437453
-0.7742051,0.07241294,0.20356083,0.8589831,0.15204686,-0.23081276,1.8561758,0.60761553,0.05430784,0.16085744,-0.49277756,0.0,1.0
0.67197794,-0.7626477,-0.3101568,0.15355948,-0.17602962,-0.9196759,-0.0015833974,0.079033755,0.33335423,-1.6747506,-0.45668763,0.03530132,1.0
-1.0370387,-0.32974237,-1.2275151,-0.014787389,-0.055489816,-1.2687173,-0.76770556,-0.5952846,0.35071206,-1.0370814,0.12241714,0.24819288,0.70494246
0.089472696,0.05460939,1.0424161,-0.41939974,0.15763128,-1.5386337,0.57041323,-0.74603295,0.07279683,0.24168679,0.85948116,0.005387116,0.9101837
-0.18486513,-0.5953178,-1.34706,0.16291864,-0.571091,0.17820993,0.38530165,-0.11663663,0.3700669,-1.1574783,-0.8127162,0.0,1.0
1.3432678,-0.9996598,1.1063274,-0.69283897,-0.7234293,-0.92874634,-0.2533696,0.30863693,0.35211372,0.8885073,-0.048665382,0.0,1.0
1.2471161,-0.00551378,-0.34538808,-0.3980473,0.80215114,-0.36288607,-1.2933873,0.5795323,-0.16629227,-0.21482448,-0.8544949,0.775078,0.2771688
0.6125841,0.10866156,0.9163505,-0.009814194,-0.93371063,-1.2358793,0.4098273,-0.52557373,-1.4390944,0.41133323,1.1374638,0.0,1.0
-0.11659612,-0.47618264,-1.0005342,-0.97236925,-0.93371063,0.2524626,-0.49830884,-1.5922731,-0.3335535,-0.7572813,0.9879859,0.18084452,0.9911029
-1.465111,-0.63933104,0.78551537,0.030302119,0.38044694,-0.8304446,-0.1302877,-0.41270983,1.9385014,1.2119298,0.8380239,0.19080669,0.59130424
-1.5234795,0.7829585,-1.622666,0.8386435,1.3506721,-0.5964362,1.6853663,0.4576582,-0.012472898,0.004580872,-1.7554759,0.0,1.0
-1.2996,-0.9097008,-0.3908803,-0.97236925,0.114976056,-1.1950564,1.3684894,0.12568131,2.7518206,-0.4235759,-1.1990064,0.23433673,1.0
1.0702931,-0.21606576,0.22427785,1.4738901,-0.93371063,0.35515115,-0.01360451,0.6959577,-1.3829219,-1.6747506,-0.7054797,0.0049071703,1.0
-0.6510799,-0.86050135,-0.17663106,-0.855743,-0.040933862,-0.23179647,0.28385824,-0.55796397,-0.1448651,-0.65322614,-0.7425837,0.14234583,0.9745173
0.78046805,-0.9332617,-0.44534475,-0.02058746,0.55559325,-0.5257064,-0.089614004,0.58190674,-0.74782395,-0.003938161,-1.3888501,0.14380522,0.7601367
-0.8459597,0.43773824,-0.31344345,-0.34074217,0.61059356,-1.4292312,-0.22685535,-0.11419692,0.7710138,0.32257968,-0.11437028,0.5165586,0.44084597
0.14497669,0.13957651,-0.15786433,-0.8576439,-0.16809562,-0.92764425,-0.9023453,-0.42701316,-1.2479582,-0.60673064,-0.09943141,0.11228395,0.83839643
-1.1696903,-0.5934633,0.38615713,-0.97236925,-0.32386395,-1.0884968,1.0393076,-0.9431174,2.7518206,-1.1704484,0.7006835,0.0,1.0
-0.060797263,2.0635588,-1.6674507,-0.97236925,-0.93371063,0.84463173,0.19943294,-0.47424957,0.9229325,-1.1344897,0.033650883,0.0,1.0
-0.31795338,0.19156142,-0.11794466,-0.07613449,-0.58028895,2.5594099,1.4371258,-0.1313398,0.59435534,-0.27456957,-0.35972407,0.12282079,0.87298125
-1.5867292,3.233282,-2.1915398,-0.6119272,0.56921315,-1.5386337,-1.8718446,0.20901023,2.7518206,-0.064922646,0.50899786,1.0,0.0
1.1760287,0.11932339,0.016141355,-0.1787158,-0.93371063,-0.23948476,0.68937004,-0.44376156,-0.7419613,0.046473406,0.19166392,0.0,1.0
1.7388884,4.3109145,1.2483219,-0.44102865,2.0796034,-1.3563142,-0.0040832204,1.38599,0.7578886,0.46227136,-0.4563025,0.99155617,0.24586493
-0.4003078,3.9006565,-2.1915398,-0.8486338,-0.75542593,-0.6849922,-0.8815233,-0.8017898,0.69145155,-0.9451061,0.06375291,0.66211355,0.7465142
-0.69786656,2.3220901,-1.4724734,-0.97236925,-0.7331076,-0.33430445,-1.2518265,-0.33596122,1.158929,-0.20033653,-0.659766,0.69007164,0.46868065
0.040028464,-0.5827716,0.3068276,0.54771703,-0.17916831,-0.55584604,0.53567094,0.5399453,0.29681873,-0.4599031,-0.45831728,0.0,0.34077346
2.066627,-0.24194752,2.1972098,-0.97236925,0.45498008,-0.675932,-1.183822,0.6569868,-0.3396468,1.3385965,-1.1018752,0.5243358,0.4188462
0.50748056,3.1501338,-0.9946238,-0.81662375,0.88781124,-0.98639005,0.30704236,0.28297102,0.03330712,-0.3375916,-0.59891564,0.119135626,0.91710526
1.1467621,1.352771,-0.40309334,-0.97236925,-0.60862637,-0.9601197,0.46783906,0.29031423,0.0591693,-0.259313,-0.60656434,0.25726083,1.0
-0.4676149,0.10058104,-0.5171055,0.49566936,0.0023051682,-0.531407,0.8554108,0.6773045,0.8107591,-0.026997421,-0.5186627,0.0,1.0
1.1149892,0.6695964,0.8314654,0.25595963,0.035734147,-0.787822,-0.5337451,0.3288714,-1.1614729,-1.1519783,-0.5278647,0.1648142,0.79002655
1.5611778,-0.30121985,0.43544853,-0.6993019,-0.93371063,-1.2166904,-1.0808159,-0.33711144,-1.5317463,-0.74336773,-0.054448977,0.007026134,1.0
-0.4676563,1.9222615,-0.13449517,-0.50249064,-0.25847393,-0.927172,-0.41046917,0.07071573,1.1309823,-0.4487536,0.63079673,0.6092247,0.6514805
-0.89080787,2.2442427,-1.7519076,-0.50125885,0.36833283,-0.45884794,-1.5965779,-0.45245597,2.3724697,0.19805019,0.66809934,0.81760955,0.0
0.47123724,-0.74452513,0.86038864,-0.47086465,-0.23056868,-1.4697926,0.123010576,-0.7216357,-0.012124324,-0.43035972,0.60630494,0.017480781,1.0
-0.57448334,0.2022244,-0.75539005,-0.5260869,-0.093506195,-1.0645294,0.1982574,-0.014260474,0.81610864,-1.3440442,-0.99696785,0.1120115,0.85750645
-0.23882167,2.079928,-1.4070028,-0.97236925,-0.048423465,-0.1892336,-0.9833254,0.4743589,2.7518206,0.24227029,0.43787473,0.67516756,0.015637785
-0.78684855,-0.23243356,-1.6027262,-0.97236925,0.16469976,-0.8183333,-0.34057754,-0.41190445,0.1445696,-0.9128241,-1.5652407,0.06436126,0.94416755
0.86295605,0.766712,2.2319791,-0.240453,-0.22366005,-1.2137408,0.8746069,0.24941756,-0.076396435,0.10172558,0.25796288,0.0,0.9353458
0.39400956,0.70645577,0.008457709,-0.096872576,-0.6274431,-1.5386337,-0.9048602,-0.58125156,-0.9016481,-1.6747506,0.7153673,0.0,1.0
0.15527652,0.37855402,-1.0736749,-0.93907446,0.92687714,-0.9458255,-1.525719,0.35824782,0.7063866,-0.0635735,-1.3287991,0.96927524,0.10081695
0.78181624,0.43051457,0.18843293,0.2413526,1.8677189,-1.2892624,-0.32679975,0.6518357,-0.5013858,-0.07269446,-1.1119983,0.2585406,0.5619443
3.3844666,1.0748042,2.8018205,-0.09822556,-0.93371063,-1.5386337,-0.64776754,1.2927358,-1.9947459,0.83640605,-0.5158539,0.13542604,1.0
-0.018435407,-0.7420313,-1.2215927,1.739534,-0.09801185,-0.5401925,0.22626545,1.367025,-0.4158687,-0.33501768,-1.2543184,0.0,1.0
0.3067614,0.5699456,0.3788029,-0.08308913,0.9178545,-0.46926713,0.08723273,0.59884953,0.27544707,0.675402,-0.14419149,0.20598748,0.030044686
-0.03773841,-0.003911281,-1.8505391,0.43053645,0.4607613,-1.0149455,-0.7272261,0.50278735,0.14965649,0.10940887,-1.1846814,0.23525396,0.5022244
1.7178224,0.5349816,1.4322946,-0.4055177,-0.3536583,-0.8903951,-0.68557245,1.1621215,-0.3604578,0.44754228,-1.2654952,0.5780826,0.64902765
0.6328919,-0.75460064,0.07642955,1.4809316,-0.0014426582,-0.32475585,0.42179084,0.9367263,-0.71551704,0.4685902,-0.53680885,0.1254546,0.8063692
-0.119278505,0.2274071,-0.27125376,-0.20163995,-0.5657814,-1.2706352,-0.94309866,-1.11565,-1.2165428,-1.1817639,0.6460543,0.0,1.0
1.447653,-0.45914856,1.0554949,-0.1491978,-0.34446505,-1.0343779,-0.6563732,-0.043464746,-1.4659624,-0.49592587,0.15356916,0.0,0.9234114
-1.1182858,1.0679995,-1.3994187,1.9430536,1.7590541,-0.7055075,2.317571,1.5030209,1.1009384,0.15038478,-1.0743611,0.0,1.0
-0.69024694,-0.5729994,-1.2285674,-0.79577065,0.1273182,-0.32788864,0.10565713,-0.3715538,0.38509053,-0.8912745,-0.92910695,0.0,0.9839688
-0.56371826,0.27517822,-2.1915398,-0.97236925,-0.105420664,0.15759861,-0.6651401,-0.9388228,-1.1802317,-1.6747506,-1.0289843,0.0,1.0
-0.7627038,-0.41307423,0.07353041,-0.28434986,-0.43946382,-1.5386337,-1.010584,-1.3697226,-0.58851284,-0.8806371,1.4404299,0.046547987,1.0
3.0689175,1.1771519,2.0205839,-0.9238244,0.111002885,-1.0444596,-1.3990198,1.0487949,-1.0166429,0.9845771,-0.6507073,0.6036912,0.4144593
-0.39649227,2.1677375,-0.37760606,-0.13275476,-0.5019892,-0.9360077,-0.39022565,-0.012299358,2.7518206,-0.14817904,1.7582427,0.3826738,0.47714075
-0.20715144,0.9518206,-0.16644004,0.54709846,-0.93371063,0.19211718,0.7371917,0.3849904,-0.91267866,-0.15141648,-0.45250973,0.31003484,0.78884315
0.2322921,1.4023074,1.3093351,0.3275522,-0.49313402,1.0160453,1.4876859,0.10269676,-0.2677231,-0.03820319,0.5060893,0.0,1.0
-1.1434641,0.19756038,-0.66973567,-0.6800363,-0.06731974,-1.3148347,-0.34225816,-0.005167286,0.99089694,0.64021116,-0.44397366,0.09069272,0.826481
0.39595735,-0.49525955,-0.5686734,-0.97236925,-0.27283514,-0.82540244,-1.2032491,-0.7451595,-0.95866203,-1.3169214,-0.2903868,0.0,1.0
-0.19168967,-0.94331783,1.2576832,-0.97236925,-0.36667717,-0.74304,1.894605,-0.40038133,2.7518206,0.15401441,0.5540668,0.0,1.0
-0.9824857,0.70246875,-0.5543156,-0.21474521,0.41219437,0.7424587,0.9933442,-0.27935132,-0.6444707,-0.31201515,-0.89099795,0.0,1.0
0.14536849,1.7818334,-1.3900981,-0.63945055,-0.6885547,-1.1020628,-1.4654267,0.014733113,-0.26777896,-0.8583585,-0.65302175,0.3787637,0.64463514
-1.2994986,4.7222033,-2.1915398,-0.97236925,0.6971483,-1.5386337,-1.8718446,0.3732581,2.7518206,-1.071418,0.27125153,1.0,0.0
-0.29008302,-0.51653135,-0.65617,-0.97236925,-0.42709765,-0.25441235,1.1428967,-0.06733099,2.7518206,-0.6937347,-0.5691922,0.0,1.0
-0.043779444,-0.35449398,-1.1344757,0.6914003,-0.34330302,-0.7986968,0.8532646,0.6857143,0.6051957,-0.20940964,-0.78789127,0.0,1.0
-0.7585615,0.04095973,-1.7189971,0.03855571,-0.272258,-0.3370495,1.1312312,0.47456127,0.19551775,-0.3599695,-1.4114215,0.0,1.0
-1.2946268,-0.28676352,0.5044739,-0.93267924,-0.3758169,-0.2938591,0.82823026,-0.72500515,2.4936771,-0.4122333,0.3135699,0.0,1.0
-0.89670664,0.47770476,-1.2453818,-0.5418961,-0.36670128,-0.86480296,-1.4787745,-0.11771104,0.88263226,0.1158725,-0.21884213,0.24523133,0.19030765
-0.14579983,-0.8491153,0.4149058,-0.5720611,-0.63327557,-0.65575266,1.1362277,0.32682604,2.4554355,0.0377099,-0.32644156,0.1797223,1.0
1.090173,-0.31206533,0.54252356,-0.40172997,-0.09145166,-0.8035216,-0.44051778,-0.2745297,-1.208317,-0.6211537,0.049244985,0.08832906,0.6440906
-0.95184124,-0.09187496,-0.8836443,-0.97236925,-0.18749979,-1.0435991,0.010073859,-0.4705662,1.6866721,-0.9754912,-0.32999212,0.06913594,1.0
1.8818089,4.7222033,-0.85149026,-0.97236925,3.7613869,-1.5386337,-1.8718446,1.7367737,2.1897418,1.2770218,-1.7593788,1.0,0.0
2.07109,-0.41177717,1.4143217,2.0661116,-0.19581017,-0.5092991,-0.7105451,1.331637,-1.3751101,0.19861738,0.52405745,0.1422784,0.45109752
0.40816343,-0.90708727,0.6993395,2.1267874,-0.28230408,-0.17980644,0.91179246,1.1859701,-2.1000397,0.073713385,-0.57580626,0.06885698,0.8190219
-0.040419426,-0.1514997,-1.4644301,0.6248528,0.54778844,-0.9051072,0.34473807,0.7014862,0.057117093,-0.8629399,-1.4351499,0.029183695,1.0
2.1781206,0.8609472,0.5860954,-0.22093482,3.037863,-1.2637366,-0.5821413,1.00309,-0.082989514,1.3500947,-0.7539047,0.52486,0.41027692
0.4730717,-0.8822106,2.3841615,-0.25942534,-0.93371063,-1.4584203,-0.8947104,-0.943901,-0.5987394,0.7557918,1.8658206,0.30284953,1.0
0.66415536,-0.085228294,0.061017394,-0.97236925,-0.35266256,-1.2037255,-1.1419296,-0.11781187,-1.0250658,-0.10719121,-1.2623994,0.4845722,0.7425066
-0.73977625,1.7944014,-1.2435317,-0.97236925,-0.6221276,-0.8612617,0.49985343,-0.32997376,2.3046422,0.19379243,0.27733237,0.20731333,1.0
0.8642932,-0.3809173,0.84825265,-0.20196725,0.7999967,-0.40319678,0.0024802703,0.4460428,-0.53154844,1.2692533,-1.2028762,0.29274523,0.8708271
0.14690813,3.8309572,-1.2160633,-0.97236925,2.1071856,-1.5386337,-1.8718446,1.2055249,2.451118,0.58525753,-0.81526774,1.0,0.0
1.3864458,0.38049597,1.0665853,-0.46696526,-0.49589777,-0.915259,-0.9628305,0.2863568,-1.1747303,0.5219382,-0.12087348,0.2557427,0.5358198
-1.2513757,0.23543945,-0.92873657,-0.97236925,-0.4219582,-1.4632888,0.3219967,-0.31968874,1.2258472,-0.6113145,-0.9377482,0.0,1.0
0.8602154,2.725666,-1.3153855,-0.83601606,-0.1542322,-0.7717396,-0.6678685,0.21547575,-0.43563822,-1.470084,-0.94328976,0.020814193,1.0
0.03470033,2.8140254,-2.1304328,-0.97236925,0.46028328,-1.0218732,-1.234004,0.87373036,1.7181742,0.14176947,-0.63219345,0.87864953,0.0
-0.7231952,0.24968734,-0.53738487,-0.90633607,-0.21893635,-0.9559339,-0.2613929,-0.15039854,0.6506326,-0.038898773,-0.43283546,0.040703,0.88800734
-0.7960234,-1.0442101,0.4078195,-0.63027227,-0.26065114,-1.5386337,-1.8718446,-1.5922731,-2.183889,-1.6747506,1.8658206,0.0,1.0
-0.73365104,-0.4905867,-2.1829844,0.38827717,0.11519806,-0.17625085,0.6092711,1.1069984,0.3257376,-0.65418935,-1.7593788,0.017480483,1.0
1.0606493,-0.9730721,0.14839998,0.425238,0.092084065,0.30759424,-0.028396022,-0.0023803473,-0.4776304,0.826864,0.2635437,0.0,0.49783835
-0.86265296,2.0069392,-1.3632272,-0.5098809,-0.7673026,-1.2850345,-1.6267598,-0.3897753,0.93502325,-0.6932141,0.44440544,0.39490148,0.47339243
-0.6493131,2.5044475,-2.1915398,-0.97236925,0.30693144,-1.0131482,-1.0223246,-0.26896918,0.8340074,-1.2034659,-1.4226273,0.0922263,0.97694737
0.6850671,0.24765743,1.820009,1.1892139,-0.93371063,-1.3884469,-0.6267557,-0.4304733,-1.9056306,-1.42381,1.8658206,0.0,1.0
-0.2724929,-0.09545906,-0.5528856,-0.4383259,-0.17155942,-1.1002207,0.8879044,-0.16634488,1.5434358,-1.169945,-0.6272268,0.0,1.0
0.28144774,0.14556402,-0.43324476,1.0753863,-0.86418474,0.07758356,0.7242372,1.188171,0.22925265,-0.4447839,-1.2628804,0.0,1.0
-0.31783918,0.22849749,0.79998875,-0.18126498,-0.93371063,-0.017220538,1.2831578,0.32633716,2.7518206,0.87887096,0.9311927,0.1611735,1.0
-0.37212637,-0.58042586,-0.12761572,-0.1192651,-0.06356241,0.5502934,1.34366,0.25887534,0.036510803,0.11955069,-0.8131197,0.0,0.7136736
-1.0006943,-0.5179291,0.28917608,-0.7064396,-0.48993725,-1.3491253,-0.19159226,-0.96166897,1.1847426,-0.5026397,1.0942456,0.14643613,0.9239754
0.8819817,-0.413259,0.110084586,0.059079856,-0.59341234,-1.2669643,-0.48053867,-0.21286951,-0.84519327,-0.6422576,0.056212455,0.0,0.8074947
0.46357432,-0.22258839,2.2976947,0.0154554965,-0.10585275,-1.0545923,0.056811966,0.4834303,-0.037128065,1.2162665,0.49525,0.65504175,0.8631344
0.9628149,-1.0271112,1.0141793,-0.4392027,-0.7898204,-1.0890785,-0.71375954,-0.19938788,-1.0003303,0.5369514,0.38063908,0.07291424,1.0
1.2277496,1.6314867,-0.9063173,-0.5288685,0.5606628,-1.0363393,-1.0859363,0.79773724,-0.118550844,0.011357924,-0.9153949,0.7304597,0.043038007
-0.77562654,-0.30290824,-0.53681445,-0.97236925,-0.93371063,-1.0697265,-0.9723464,-1.5922731,-0.6866506,-1.084547,1.8658206,0.03481745,1.0
0.06053139,0.8909308,-0.8654998,-0.97236925,-0.4458011,-0.6451821,-1.7422347,-0.4619121,0.25206563,-0.5605988,-0.1974535,0.48647055,0.58144104
1.8673345,2.4385724,0.55644655,-0.3505126,1.3466792,-1.2381257,-1.8718446,1.4408944,0.52069306,0.054089278,-0.5963724,1.0,0.0
0.75070494,2.4332585,-1.7955394,-0.31154376,1.4318941,-1.4288648,-1.8718446,0.39720497,0.38353592,-0.97973335,-1.6363863,1.0,0.0
-0.2704475,-0.602644,-1.0081525,-0.18445756,0.22390372,0.5022172,1.085047,0.42810264,1.2720771,-0.54948634,-1.2544972,0.0,1.0
0.54391044,4.7222033,-1.525308,-0.92870325,2.1355293,-1.5386337,-1.6314341,0.9722721,1.2905331,-0.57731247,-1.1146547,1.0,0.0
-0.61363494,0.22131312,-1.1659465,-0.6355131,-0.59386706,-1.0041528,-1.2990552,-1.4987736,1.8945721,-1.5795087,1.8658206,0.16389261,0.90336424
-0.86934054,-0.20031089,-1.0713582,-0.8906257,-0.062133208,-1.2947065,-0.20245805,-0.87628335,-0.15382832,-1.5064756,-0.5256962,0.0,1.0
0.18477133,1.4040086,-0.21093842,-0.083872795,-0.1140805,-0.88461524,-0.701187,-0.2070446,0.1634701,-0.2867763,0.51908445,0.23475581,0.5607849
0.15108651,-0.5042971,0.10549755,-0.97236925,-0.37316203,-0.8977634,0.16788529,-0.5705169,1.8860264,-1.6747506,-0.05375679,0.060049318,1.0
1.054264,-0.51035506,-0.97099024,-0.07305945,-0.8850727,-1.5386337,-0.7647885,-0.5064163,-1.3521216,-0.5689376,0.4313848,0.038071714,0.9145551
-0.062275466,-0.60860515,-1.0443074,0.9460178,-0.4724349,-0.45700082,0.23197728,0.5493826,-1.05805,-0.7131093,-1.2954161,0.0,1.0
-0.14929132,-0.106447704,-0.5905579,-0.76649576,-0.23177525,-0.33217278,1.6658847,-0.019707697,1.0191333,0.12164496,-0.7470152,0.0,1.0
1.2469307,0.7456181,0.58490807,0.32628995,0.60972166,-0.29916584,0.8157078,0.34431598,-0.582351,0.8329305,-0.15123394,0.3465715,0.73280716
0.043382213,1.402988,-1.3020711,-0.8657733,1.106605,-0.74055535,-1.1829373,0.18546182,1.0530672,0.67293704,-0.24055448,0.9200318,0.0
1.5062436,0.6774015,0.25964588,-0.86362284,0.36538348,-0.34775865,-1.6661372,0.9544814,-0.15638617,0.07781616,-1.2687544,0.6761805,0.18880516
0.8503925,-0.8889443,1.0820285,-0.20045982,-0.084564954,-0.9926135,-0.78559625,-0.50061536,-1.0127708,0.26314843,0.7461082,0.07804439,1.0
0.2314033,-0.16839041,0.25105923,0.04759134,-0.93371063,-0.55571824,-0.15282707,-0.50110835,-0.73691416,-0.8498747,0.5310163,0.0,1.0
2.6701725,-0.09438608,2.8018205,0.14090073,-0.93371063,-1.5386337,-1.1805165,0.86230606,-2.0567114,0.62625414,0.63179475,0.3711854,1.0
0.8655864,-0.22737339,-0.75790447,-0.6572008,-0.6625803,-0.7570635,-1.0065235,-0.53943557,-1.5746888,-0.15128426,-0.25933605,0.24749255,0.8797911
0.030977696,1.0973345,0.7470287,-0.321337,-0.93371063,-0.20679036,-0.18294294,-1.299796,-0.024459718,-0.12995164,1.8658206,0.42925346,1.0
-0.26155663,-0.3359354,-1.6769112,-0.97236925,-0.37202793,1.7807851,1.5014952,-0.20534188,0.6152618,0.072431475,-0.8580583,0.0,1.0
-0.63427293,-0.077442,-0.11044029,0.57987946,-0.3065382,1.2634845,2.0359864,1.1933105,2.3596988,-0.20023768,-1.3034126,0.0,1.0
0.10353577,0.28569,-0.37632442,-0.23779804,-0.93371063,0.013698861,0.0212362,-0.44013605,-0.3726807,-0.91059995,0.34045732,0.01282827,0.9288403
1.9042611,-0.77569616,-0.55171096,1.7610997,-0.8119403,-0.27889606,0.064580455,1.2327311,-0.875151,-1.6474861,-0.41117582,0.11290217,0.97272515
0.70342755,3.0008764,-0.44832867,-0.71992064,1.2586409,-1.4177098,0.56284076,0.49181888,0.62544173,0.01742752,0.06545394,0.3779024,0.495299
0.7192387,0.59952277,-0.43066624,-0.9451762,-0.74942154,-0.72629046,-0.8494467,-0.18740983,-0.3219353,0.57170945,-0.030703606,0.341397,0.97748226
3.1735394,-0.29882568,2.5267942,-0.97236925,0.29955024,-0.6153007,-1.6270279,1.0279143,-0.7299358,1.5533676,-1.708994,0.2936696,0.8013227
0.51758385,4.045754,-2.188645,-0.97236925,1.9300777,-1.4744178,-1.5614488,0.83758926,1.3282541,0.15695275,-0.8690056,1.0,0.0
1.1904684,0.24235594,-0.44742933,-0.81397915,-0.3863586,1.7825853,0.70674974,0.07554495,0.6733038,0.35462818,0.18424164,0.0,1.0
-0.20204704,-0.31778294,-0.38433793,-0.31057906,-0.25737906,-1.0282345,-0.4434902,-1.1758417,-1.4870603,-1.2493511,0.5904797,0.0,0.9694091
1.565362,-0.018132031,0.9024275,-0.2887737,1.771987,-0.5371569,-0.51039964,0.833735,-0.25785774,1.030787,-1.0507252,0.73489994,0.119019955
-0.862547,-0.6646423,-1.1666143,-0.12348772,0.6086423,0.011636928,0.6200458,0.28194648,-0.083484486,0.5799792,-1.3367344,0.0,0.98656166
1.8324339,0.023939066,1.9663155,-0.40126383,-0.93371063,-1.5386337,-0.85283047,-0.39853102,-1.6280606,-0.64385015,1.1238542,0.0,1.0
2.2670774,0.040537614,1.7140974,-0.10877399,-0.93371063,-0.19097966,0.63789624,-0.19065446,-0.79177254,0.48409668,0.75754803,0.0,1.0
-0.26556826,-0.47317895,0.5244256,-0.38846081,-0.77489287,-1.2185924,-0.24796675,-1.1830535,-0.77820075,-0.2655696,1.1796267,0.0,1.0
-0.6572348,-0.43452394,0.0012863092,2.1267874,-0.21327522,0.83917874,1.8558184,1.7367737,-2.183889,-0.27614543,-1.7593788,0.13579334,1.0
0.33235198,-0.22410269,0.34530777,-0.39062715,-0.36857972,-0.9545323,-0.18702903,0.049238935,-0.16395797,0.1446316,-0.0915009,0.21648957,0.7223414
-0.342534,0.94943017,2.8018205,2.1267874,-0.65746486,0.905129,1.4012579,1.1375388,-1.3233207,0.22103314,0.3173661,0.19613296,0.9263674
-0.51762164,2.9857981,-1.0630308,-0.56190497,1.5955478,-1.1404176,-1.438989,-0.4831216,2.018853,0.11541836,1.6265979,0.7150219,0.0
1.2667897,0.018370029,0.74348015,0.16180108,-0.8168599,-0.95161074,0.22899033,-0.25537467,-1.6752775,-0.5986529,0.5395178,0.0,0.8993013
-0.15973194,0.23186354,0.40596926,0.8970106,0.30000442,-0.3067732,1.0315242,0.6260691,0.18131238,0.04148344,-0.54778695,0.0,1.0
-0.14573295,-0.1579105,-0.013620591,-0.63538754,-0.32373354,-1.3111831,0.50627345,-0.27301958,-1.2624562,-0.192619,-0.95813954,0.10768347,0.91059124
-0.75556946,1.4997792,-1.8182993,-0.15721971,0.8987269,0.32920352,1.210209,0.022822214,1.8995551,1.16051,0.7289038,0.34425214,0.5866027
0.45585477,-0.08398677,0.05379612,-0.3199761,-0.5506317,-1.3340605,-0.8021409,-0.79547644,-1.5063576,-1.2955065,0.596796,0.0,0.864775
-0.6956673,-0.57233,-2.1801505,2.1267874,0.17018744,-0.7065808,1.4967384,1.4456426,-1.3509375,-0.7818312,-1.7593788,0.0,1.0
0.08226452,-0.41511074,0.28003436,-0.8670785,-0.39947996,-1.5386337,-0.20779459,-0.7426232,-0.69966096,-1.538408,0.09961626,0.03925468,1.0
-0.17239265,-1.0442101,0.5165677,-0.97236925,-0.6454446,2.1410553,1.3486743,-0.37264773,2.7518206,-0.5515002,-0.28630617,0.0,0.93040675
0.5340458,-0.8006397,0.3713495,-0.25116077,-0.08297175,-1.3672575,-0.4872737,-0.80278254,-0.28689048,-0.57621807,1.0722665,0.044181414,1.0
-1.054384,-0.0524366,1.1865522,0.41157675,-0.5586465,0.36411586,1.2000145,0.268389,1.8820238,0.11115779,0.7598112,0.0,0.9334108
-0.9348829,-0.7022956,-0.6566617,-0.97236925,-0.0035468857,-0.1893979,0.52208084,0.36271927,2.7518206,-1.1317285,-1.2512697,0.037660316,0.9101427
0.29969513,1.7546403,1.4540099,0.7624453,-0.61229074,0.66875356,0.5137559,0.42250368,0.509185,2.037002,1.2125578,0.37005293,0.72009206
0.39694175,-0.58852077,-0.9561223,0.7967799,0.45398283,0.14821428,0.5596198,0.5219468,-0.31830114,-0.26311547,-0.7493021,0.02600103,0.9467803
-0.43437266,0.4277516,-1.709511,-0.42448378,-0.16881728,-0.4018889,0.8424666,-0.43217227,-0.6642897,-0.79547685,-1.0175915,0.0,1.0
0.9254942,0.6563052,-0.8232589,-0.35844612,1.0122825,-0.8179741,-0.98571783,0.44205382,0.36493483,0.2560665,-0.26327932,0.4269078,0.0
-0.3760215,0.38026646,-0.035700742,-0.0784755,-0.32379928,-0.8507349,-0.73902047,-0.9252999,0.6208296,0.18669662,1.8518678,0.03572415,0.68459666
0.15130219,-0.9789179,-1.352459,-0.015335189,-0.124098025,-0.81938505,-0.47894174,-0.15986566,-0.06923307,-1.3487895,-0.2973779,0.0,1.0
-0.010729972,0.55918646,0.3363431,-0.8960458,-0.93371063,0.96755373,0.48294663,-0.9543894,-1.1084051,0.056178987,0.12894826,0.074332245,1.0
0.4367537,-0.82488906,-0.04983197,-0.44908854,-0.62577754,-1.5386337,0.51741374,-0.1952802,-0.46375144,-0.09214944,-0.44684806,0.028024847,1.0
-1.5887606,0.5242406,1.3772105,0.07291316,-0.93371063,1.4743503,2.1429915,0.17300278,2.451305,1.1342963,-0.3908402,0.10334021,1.0
-0.19047518,0.56799644,-0.45340353,-0.97236925,-0.52772963,-0.27277645,-0.14834458,-0.9067431,0.65741336,-1.3108375,-0.058288112,0.07187112,1.0
-0.3747112,-0.2838769,-1.8169736,0.9571128,0.32854924,1.1806126,1.4003175,0.4502805,0.24153037,-0.202931,-1.4162209,0.0,1.0
0.6788553,4.7222033,-2.0321136,-0.9254845,0.78120977,-1.436789,-0.67670864,0.75343984,1.4480861,-0.3516346,-0.10137122,0.8500312,0.4212717
-0.21118684,-0.58914065,-1.1619961,0.066084385,0.28853393,-0.78611827,0.4001721,0.19318359,-0.2554391,-0.7985752,-1.1072692,0.0,1.0
-0.70283,-0.19080375,0.9570115,2.1267874,-0.4591223,1.5664105,1.8338957,1.7367737,-1.8199133,0.62883615,-1.7593788,0.33825177,1.0
-0.26928777,1.5742693,-1.8627766,-0.8725436,0.2680145,-1.217776,-0.6120144,0.02071392,1.1035444,-0.4354228,-0.5998487,0.49856558,0.60314757
-0.0679266,-0.17134424,2.1894712,0.16491076,-0.68015265,1.2937899,1.3117045,0.31727463,0.28745964,1.2218459,0.20080909,0.0,0.72985506
1.2876959,1.473086,-0.22670606,-0.97236925,0.008722473,-0.44560853,-0.24264468,0.5185607,0.46621543,0.25072086,-0.39573336,0.5516925,0.45002425
1.288805,0.35754722,0.76984155,-0.41639817,-0.087619305,-0.6162193,-1.2831907,0.8986039,0.16370901,1.0547746,-0.22027951,0.5129067,0.13865818
0.36142972,2.830288,0.93007255,-0.17425574,0.809046,0.20298931,1.4470947,-0.0049121594,0.9840807,2.2838242,1.8658206,0.0,0.7448962
2.2122643,0.034716073,2.5888944,-0.17549,-0.3662877,-1.327527,0.2531296,0.5914393,-0.6323204,0.34241742,0.15872096,0.0,1.0
0.51633,-0.15078337,0.3382895,-0.23430325,0.80745286,-0.7096157,0.18888651,0.34368283,-0.44650066,0.17328204,-0.9823659,0.0,0.8024085
-1.1484536,-0.100700855,0.25774643,-0.46809262,-0.13235977,-0.8798717,-1.8718446,-0.072564304,1.9849173,-0.07909614,1.0460975,0.73673236,0.0
-0.35341594,0.07305308,-1.3137778,-0.88687944,-0.55860776,-0.13017489,0.17326441,-0.59604603,0.8301252,-1.4836506,0.106243104,0.0,1.0
-0.499485,-0.023169253,0.17896253,-0.5597228,-0.6539106,-0.67137176,0.612264,0.25765607,1.1852345,0.4318402,-0.2529806,0.0,1.0
0.66374475,-0.031526927,2.8018205,-0.103654444,-0.93371063,0.9355203,1.2616385,-0.09073408,-0.7468432,0.64088935,0.8235307,0.009406263,0.958395
-0.7162236,1.5018767,-2.1915398,-0.79974306,-0.22714078,-0.33136263,-0.56843203,-0.57201636,0.26691628,-0.87334335,-0.42083558,0.117292605,0.8477098
-0.9254419,0.5151526,-0.08827999,-0.057190623,-0.07836018,-0.5643523,-0.40887713,-0.4324986,0.91846603,0.17907585,0.3613051,0.0,0.60683537
1.0527017,1.3806509,-0.11635466,-0.28380862,-0.23311123,-0.8414853,-0.70145786,0.3502758,-0.13362256,-0.32561553,-0.12453899,0.24898502,0.14579037
0.688298,1.5806968,-1.5857294,-0.35163742,0.7859226,-1.1766585,-0.033114575,0.5953225,0.20728223,-0.43795222,-1.0878443,0.45023587,0.81857115
-0.9454337,0.070673555,0.17038354,0.4927586,-0.47565553,-1.2576996,0.63098556,0.0011685034,-0.34734866,0.280878,-0.5116945,0.13186806,1.0
0.93769264,0.8083084,1.4847287,1.2628043,-0.93371063,2.1925557,2.317571,1.273288,-0.057991948,0.31884876,-0.41930935,0.0,1.0
0.25956786,-0.7029923,-0.6156588,-0.122856826,-0.22386852,-0.8380637,0.17260873,-0.18624929,-0.75037634,0.11673087,-0.3753907,0.0,0.67443204
-0.92051756,-0.44424495,-1.21776,0.26420003,0.09230447,0.30053565,2.0295224,1.2975135,1.490384,-0.3776011,-1.7593788,0.0,1.0
-0.72520113,0.28010872,-1.0631456,-0.97236925,-0.46297285,-0.7513373,0.9343226,-0.214305,0.9431597,0.12062216,-0.9709598,0.197581,1.0
-0.22846384,0.19437164,-0.16824174,2.1267874,-0.5328831,2.5511255,2.235191,1.6726816,-0.49624443,-0.7995577,-1.7593788,0.0,1.0
3.3844666,-0.05362657,2.5227408,-0.55772644,0.28047705,-0.9625706,-1.6544147,0.6978031,-0.95728195,0.1284644,-0.42219177,0.37197548,0.9005687
-0.16220357,0.27417383,0.22771287,0.7829001,-0.93371063,-1.0022907,0.4733023,0.33395252,-0.8217403,-0.16385375,-0.2031956,0.0,1.0
1.6786742,-0.3421998,0.6412572,-0.2267609,-0.93371063,-1.2784419,-0.71867615,0.21812922,-1.7356408,-0.4236857,0.17935234,0.08873948,1.0
-0.020371005,-0.22679886,-0.245585,-0.8569434,-0.50091535,-1.078566,-1.034469,-1.1645871,-1.0332091,-1.2148737,0.14333963,0.13337749,1.0
0.6613835,2.3749874,-1.4640124,-0.4942997,0.8318315,-1.2797455,-1.8718446,0.8517608,1.4879984,0.056865677,0.1357756,1.0,0.0
-0.42510903,0.18654561,-1.0799906,-0.4602339,-0.1773831,-1.1076686,-0.39685678,-0.52051,-0.57197946,-1.1031482,-0.2779657,0.0,0.9887181
-0.107191145,2.3917875,-1.7883625,-0.69597834,0.7523026,-1.0906607,-1.8718446,0.48023373,1.0729762,-0.8539034,-0.7970475,0.82996494,0.5360806
-0.6648884,0.38212702,-0.21586645,2.1069186,0.19737178,2.4921794,2.317571,1.4407827,-0.48174474,0.17729715,-1.7593788,0.0,1.0
-0.56130624,-0.5297776,0.33831483,-0.97236925,-0.38742703,-1.5386337,-1.0528187,-1.5922731,-0.65100044,-1.6134278,1.8658206,0.04051935,1.0
1.7717443,0.22395857,1.8325864,-0.7798012,0.15145904,-1.1257397,-1.1592406,0.6999835,-0.5967887,0.27031407,-1.2517585,0.55498254,0.21004558
-0.7719925,-0.45477456,-1.3309846,-0.5335267,-0.68468386,-0.076686636,0.5773189,0.073079616,1.9605659,-0.37262195,-0.7844495,0.25945333,0.8822532
-0.51048714,4.073117,-2.1915398,-0.44334677,0.98501104,-0.9139114,-1.8718446,0.17821343,2.1628644,0.24281502,1.0018013,1.0,0.0
0.6197543,-0.6777798,0.769791,-0.6454026,0.0012727687,-0.5240047,0.30643606,0.18567456,-0.28369123,-0.103827365,-1.0992987,0.08332717,0.78419715
-0.0581885,1.8337177,-2.1915398,-0.84488475,0.37805402,-1.2462138,-1.8613396,0.44618034,1.1512215,0.082507834,-0.70888674,0.92023116,0.0
-0.030738927,1.0503525,-1.8436803,-0.17310849,0.6664625,-0.97960204,-1.5900109,0.18510742,0.84466344,0.3941486,0.41727737,1.0,0.0
-0.19122636,0.47791138,0.16342387,-0.97236925,0.8507739,2.1656685,1.4926715,0.03618547,0.22367534,-0.18518206,-0.61598134,0.0,1.0
-0.7526035,-0.51653063,0.11919955,-0.97236925,-0.36575586,-1.5386337,0.940182,-0.4234916,1.9464833,-0.21851902,-0.07475384,0.0,1.0
-0.26984102,1.9479775,-1.3131902,-0.74708664,-0.54677993,-0.8224165,-1.2111428,-0.30217668,2.0243537,0.26710334,0.6430942,0.46665338,0.54153836
-0.015742261,-0.6963406,-0.53230697,-0.46020064,-0.58690196,0.26659146,0.80331814,-0.19376922,0.17956221,-0.40275237,-1.3112993,0.0,0.9426601
-0.24908663,1.6063142,-0.5157535,0.09917309,0.16507328,1.1264392,1.8966529,0.18605901,-0.009874804,0.023483535,-0.6879295,0.0,0.9684732
-0.39054272,-0.666245,-0.7289846,-0.9610198,-0.73271805,0.5605609,1.6176281,0.26271293,2.7518206,0.07019886,-0.056010414,0.0,1.0
-1.1174694,-0.6204927,2.1524985,2.1267874,-0.93371063,5.277437,2.317571,1.7367737,1.3595946,1.1838968,-1.7593788,0.34797308,1.0
-0.15781441,1.2152675,-1.3135347,-0.9490113,-0.37985235,-1.1299168,-0.43949878,0.40239057,1.1005586,-0.8191651,-1.0876318,0.23183385,0.97185296
-0.5350549,3.1299238,0.71997446,0.04626275,1.5880387,-0.6762854,2.0959952,0.027015451,-0.46315163,0.49262014,-0.3472793,0.0,1.0
0.6857443,3.3120804,-1.2146945,-0.97236925,-0.44037852,-1.0059491,-1.8718446,1.1206335,2.0409493,0.14703734,-0.3861905,1.0,0.0
-0.25264436,2.374779,-2.0294135,-0.7863497,1.1201806,-1.1405301,-1.8718446,0.4290359,1.1337751,0.6395042,-0.48974144,1.0,0.0
0.24428833,-0.25620142,0.25156206,-0.4802195,-0.29534495,-0.069764666,-0.25276902,-0.6405111,0.53970873,-1.5345339,0.06783992,0.0,0.6818769
3.280039,-0.1380201,1.9023917,-0.97236925,3.451534,-0.5617387,-1.8718446,1.7367737,1.1066039,1.869828,-1.7593788,1.0,0.0
-0.67461956,2.5289724,-1.26428,-0.18924363,0.33230832,-1.1916748,-1.8718446,-0.5954855,1.807811,-0.6783576,1.1848116,0.7553143,0.0
-1.404249,1.3331298,-1.2633679,-0.45905748,-0.28737143,-1.0248522,-1.3350271,-0.5059734,1.7450633,-0.18514825,0.7539639,0.35381934,0.69581234
0.9857039,0.45185363,1.3068333,0.86918443,1.0097005,-0.6423746,0.18548632,1.2009245,-1.1017445,0.08302504,-0.32289997,0.27164316,0.6947789
2.7820354,4.7222033,0.98926175,-0.97236925,1.9585233,-1.3890213,-1.8718446,1.7367737,2.2513416,2.2838242,-1.3333563,1.0,0.0
-0.8622208,-0.5040815,1.2100602,0.13403842,-0.93371063,-1.1637344,-0.3835361,-1.3313115,-0.27324936,-0.5071059,1.8658206,0.0,1.0
0.32328075,-0.9026126,-0.32515013,-0.77379656,0.08569037,-0.79757416,-0.4691025,-0.92901516,-0.5268645,-1.6747506,0.12958881,0.0,1.0
0.52934724,1.7009776,-0.5222547,-0.40547296,-0.32359388,-1.2250943,-0.99252295,0.08057855,0.31784537,-1.016832,0.019117234,0.5155354,0.7008102
-1.2695011,1.2477518,-0.9664339,0.39250508,-0.113526374,-1.0684137,-1.8718446,-1.3015416,1.1248367,0.41222337,1.8658206,0.40552187,0.0
-0.13540775,3.3427227,-1.4052747,-0.6475668,2.1197672,-1.4140059,-0.31779653,0.09313069,0.29078346,-0.40918195,-1.0985426,0.45218286,0.36045897
0.22828235,4.6027865,-0.78972673,-0.41931787,2.0757854,-0.031996798,0.9426916,0.24505083,-0.25356647,0.18210849,0.09721357,0.0,1.0
-0.5635387,1.7911074,-1.6441256,-0.45869178,0.8356567,-1.0525175,-0.83855563,-0.4312117,-0.31493092,-0.8804319,-0.9990773,0.28675285,0.21425942
0.71989644,1.0402814,-0.16130918,-0.63575554,-0.8335911,-0.5867349,-0.34000206,0.11733495,-0.10640469,-0.23167881,-0.4967536,0.46008554,0.9776395
0.6680515,-0.75470823,-0.620363,0.04306079,0.22632286,-0.6899866,-0.3863091,0.06457727,-1.062061,-0.855399,-0.4416773,0.0,0.71912163
0.9081856,-0.5481354,0.6115954,-0.5806422,-0.5613997,-0.9969364,-0.89066017,-0.8474945,-0.9316972,-1.1883523,0.5694376,0.05780267,1.0
-0.14321484,4.7222033,-2.1915398,-0.97236925,-0.93371063,-0.99583554,-1.6683162,-0.33283836,1.2188168,-1.6747506,-0.09690928,0.6768888,0.8221649
-1.4638411,1.4118292,-1.9224403,-0.18864287,0.36405125,-0.93583804,-1.8718446,-0.69686574,1.125254,-0.99517876,0.75039446,0.69382083,0.0
-0.10693237,-0.07444289,-0.41998717,-0.34504053,-0.38445055,-1.1527698,-1.1303285,-0.9621499,-0.35198352,-1.0335213,0.61416745,0.120326735,0.9135091
0.530732,-0.4105864,0.840682,-0.08041952,-0.069730915,-0.84886396,-0.29148525,0.162385,-0.3222092,0.9948501,-0.040314868,0.037716746,0.7561021
-0.13058083,-0.078058936,2.486166,2.1267874,-0.93371063,3.3198042,2.0589976,1.4940835,-0.786615,0.30961925,-0.3581187,0.2261783,0.9076849
1.7647271,0.56326395,2.0219855,1.4207999,-0.93371063,-1.0421257,-0.5183375,0.00034823315,-2.183889,-1.5395064,1.2152964,0.0,1.0
-0.16490816,0.7563702,-0.25386488,-0.73892134,-0.93371063,-1.5386337,-0.78624237,-1.3846098,0.06397133,-1.2975978,1.864945,0.17155804,1.0
-0.4160523,-0.47578067,-0.66327596,-0.97236925,-0.4158562,0.56680644,0.63745505,-0.4156616,0.7941665,-0.47586575,-0.7921777,0.0,0.8550352
-0.26188478,3.4228888,-1.421118,0.17682388,-0.6694433,0.118186705,0.17348842,0.32256413,0.1854176,-0.547838,0.20785609,0.6184644,0.74534065
0.19453126,3.9140425,-1.442488,-0.56852823,1.6158853,-1.4439793,-0.9190498,0.31599325,1.8486072,0.93130183,0.9270178,0.91721416,0.0
0.3423121,1.7864617,-1.7306392,-0.97236925,-0.93371063,-0.2922001,-0.15859579,-0.0052718236,1.1448764,-0.5952507,-0.46711916,0.058832124,0.747742
0.8052609,-0.20736313,0.64172566,0.90550905,-0.93371063,-0.7493514,-0.08336096,0.7443343,-0.04926953,0.09150673,0.17083058,0.057217643,0.75787693
-0.4035187,-0.28435174,-0.17603537,-0.4408712,0.20219204,-1.5386337,-1.1429341,-0.43803388,1.2746857,-0.40047798,0.8726861,0.44627675,0.4216558
0.32346806,-0.4604654,-1.0600204,1.7992167,0.08999758,0.9357014,1.7558775,1.4903343,0.1631814,-1.5027666,-1.5820469,0.0,1.0
-0.10221125,-0.17657176,-0.5456316,-0.9463837,-0.123642154,-1.1176813,-1.4830552,-1.1227807,-1.2234764,-0.47747663,0.10081062,0.15344489,0.76431614
1.3107944,0.45471418,0.3580647,-0.8599411,0.1354914,-0.9391022,-1.0208988,0.39163166,-0.57084805,0.56199324,-0.91656363,0.15727168,0.54470015
-0.47810933,-0.2211994,-0.3087041,1.6028438,-0.30719143,0.21308094,0.6128733,0.46156836,-1.4048634,-0.62224716,-0.9212036,0.0,1.0
1.4433542,0.86403143,2.1436028,-0.8251407,0.40624177,-1.5386337,-0.085631095,1.1187135,0.55776894,1.471081,-0.32328594,0.52356476,0.72207546
0.2823267,-0.37919396,0.3002219,-0.46179613,-0.30175373,-1.1188468,-0.6175971,-1.3187842,-0.80197215,-1.6747506,1.027602,0.08169575,1.0
0.3080381,-0.5713741,0.8108629,0.9093204,0.33220994,-1.5386337,0.576108,0.23795286,0.025784533,-0.18602693,0.02981378,0.0,1.0
-1.4553239,0.031240989,0.38874954,-0.97236925,-0.61011285,-1.5386337,-0.9600088,-1.2819722,1.0742407,-0.519797,1.1362538,0.17423098,1.0
-0.805479,0.77148604,-1.4021829,-0.97236925,-0.728847,-0.4235581,-0.13239717,-0.93454766,1.0738707,-0.5989757,0.42637607,0.16930221,0.77622825
0.7346088,-0.13919792,0.5512222,-0.506509,-0.6589046,-1.4507352,-1.4132075,-1.4639837,-1.9799794,-1.0593922,1.0847135,0.17864832,0.9968952
0.29887986,-0.783595,-1.0768453,-0.32709986,0.19758156,-0.7363725,-0.36941594,-0.08398231,-0.18891677,-0.67478985,-0.4457379,0.0,0.5980713
-1.0382054,-0.07487238,-0.13022493,-0.31530342,-0.33110815,-0.7911726,-0.2996837,-0.34444675,0.7351467,-0.05739132,0.030020079,0.10723754,0.85981095
-0.44304278,1.049666,-0.88045996,-0.88717663,-0.53250885,-1.5386337,-0.57887316,-0.83643156,-0.21568252,-1.3214338,0.4772976,0.30206808,1.0
-1.1426682,0.1745954,-0.5570233,-0.88268083,-0.2537171,1.699106,1.7697735,0.24618904,1.4700003,0.5533652,-1.4622713,0.0,1.0
3.3844666,0.52495456,2.8018205,-0.49929276,1.2090124,-0.9323606,-1.1040837,1.3304563,-1.2599516,0.33511272,-1.1443192,1.0,0.0
2.3013718,0.05559685,1.7876577,0.97670585,-0.40512288,-0.80561584,-0.8392356,0.6721815,-1.8027507,-0.30795667,0.3170618,0.3057867,0.7664596
0.95498365,0.96230197,0.21930763,-0.2657534,1.075814,-1.2582023,-1.2893895,1.0024576,-0.08990219,0.29487032,-0.7349635,0.9365367,0.0
0.9930704,3.0087614,-1.0503659,-0.6465318,0.7386761,-1.1276269,-1.8718446,1.0221711,1.2155848,0.07043719,-0.90106016,1.0,0.0
0.18681048,2.6192255,-1.3611184,-0.61860377,1.3704515,-0.9395886,-1.5287797,0.35879022,1.5382595,0.04954712,0.32417616,1.0,0.0
-0.52068967,-0.35297552,0.55464584,-0.45874286,0.061511643,-0.74894655,-0.05038648,-1.0846113,0.094140165,-0.14954846,0.91254145,0.0,0.9541848
0.21011333,4.7222033,-1.8747562,-0.97236925,0.83920795,-1.5386337,-1.8718446,0.69183093,2.3480039,-0.4443224,0.6511733,1.0,0.0
0.8984235,0.14993198,0.3421231,-0.43667942,1.072534,-0.6885481,-1.5673867,0.630346,0.4278384,0.7658106,-0.52465737,1.0,0.057123743
0.76006305,-0.43546948,0.15440884,-0.8558378,-0.93371063,-0.7603268,0.04702479,-0.9215922,-0.9091953,-0.81115437,0.1975684,0.0,0.78817105
0.054548495,-0.27885497,2.4528909,-0.4027596,-0.5522898,-0.92927855,0.99437606,0.0299853,0.46728626,1.0060884,0.56714416,0.09252542,1.0
0.039426956,-0.28945398,-0.47060177,-0.381748,-0.25839043,-1.0316187,-0.06845826,0.23954622,-0.11009296,-0.35023805,-0.99112827,0.22573207,1.0
-0.85632336,-0.9655503,-0.82914376,-0.97236925,-0.6617448,0.5675568,1.576211,0.21940456,2.7518206,0.02880442,-0.7641545,0.0,1.0
1.523567,2.016525,-0.33870864,-0.32049134,2.919532,-1.4250377,-1.2071058,1.1381552,0.47422192,0.54901314,-0.74995536,1.0,0.0
-1.4264929,3.5859172,-2.1915398,-0.15922011,0.27737412,-1.3241409,-1.8718446,-0.5346227,1.370538,-0.6712364,0.37165424,0.8561902,0.0
0.66707927,-0.16284607,-0.017901424,-0.7207807,-0.93371063,-1.3635048,-0.8927569,-0.38407463,-0.83032846,-1.6296045,-0.39596266,0.16760494,1.0
3.3844666,0.8306469,2.8018205,-0.97236925,0.25797412,-1.0076984,-1.536667,1.2518137,-0.5120039,1.4670831,-1.1384612,1.0,0.1687612
-0.108717725,0.27269483,0.13487473,-0.81701875,-0.93371063,-1.446968,-0.36713672,-0.8902657,-0.999156,-0.03495181,0.56692547,0.17151408,1.0
-0.68244964,1.6024747,-2.094287,-0.6873039,2.8345249,-0.72574013,-0.7043947,0.22833851,1.2786965,0.91194046,-0.4962468,0.78470933,0.3856131
-1.0244771,0.6928236,-2.1915398,-0.46299186,0.78002346,-0.7613181,1.3479779,0.48690042,1.9079448,-0.0026094466,-1.3520328,0.2516281,1.0
-0.3384258,-0.1624001,-1.2389266,-0.46214172,0.1360214,-0.7644519,0.47650552,-0.02279589,0.17210986,-1.0679172,-0.94600654,0.0,1.0
-0.28428316,0.5216009,-0.4574074,-0.9693921,-0.2699501,0.15377071,1.254514,0.09300907,1.606352,-1.0190668,-1.1710279,0.0,1.0
-0.54352254,-1.0442101,-1.1748962,-0.50835496,-0.086385734,-0.3488525,0.5433977,-0.37438613,-0.5023036,-0.021460138,-1.0797517,0.0,0.8698079
0.4949198,-0.21846844,0.20790568,-0.30697265,-0.38183722,-1.135574,-0.5436171,-0.74947023,-1.508875,-0.82069415,0.3922989,0.0,0.8615722
3.0787077,-0.02591743,2.1736765,0.42595637,-0.93371063,-0.62131995,0.0604954,0.7436452,-1.266272,-0.21136525,0.42495927,0.08632877,1.0
0.047466576,-0.3587599,-1.1155256,-0.38286522,-0.93371063,-0.15578425,0.25091046,-0.9401254,-0.0018640764,-0.5815967,0.5369453,0.0,1.0
-0.15501046,0.38513875,0.2949215,-0.38941607,-0.93371063,-1.5386337,-0.39643526,-1.2278025,-0.6009317,-0.13909337,1.5656099,0.0,1.0
0.29764456,2.8795276,-2.1915398,-0.6252088,1.3017237,-0.8045625,-1.6722606,1.0550373,1.155953,-0.4087391,-0.6417232,1.0,0.2946262
0.81860083,-0.5422352,-0.37781963,-0.52536565,-0.42571986,-0.64423585,-0.7789826,-0.8899809,-1.2955356,-1.2129687,0.22029638,0.0,1.0
-0.7245688,-0.40063784,0.15760544,-0.54632205,-0.17506257,-0.8108154,-0.39682913,-0.34790167,1.9507964,-0.8260176,0.4380382,0.5639857,0.95477575
-0.7334958,0.43800125,-0.22689682,-0.64813054,-0.8428438,-0.79458886,-0.45623976,-0.34491485,1.1010139,0.28501475,0.5498534,0.10383271,1.0
0.93987525,-0.59750646,0.42290035,-0.32048556,-0.54174,-1.456174,-0.17763697,-0.17552637,-1.5714062,0.00991174,-0.18809618,0.058638126,1.0
0.51840013,4.7222033,-0.7739326,-0.34749186,1.4895753,-1.5386337,-1.8718446,1.2425853,2.0441093,1.3568115,0.7277986,1.0,0.0
1.7540536,0.34974608,0.84920084,-0.97236925,1.5180905,-0.88557506,-1.8718446,1.4998894,0.6102563,1.7075709,-1.1481893,1.0,0.0
0.098146945,-0.1391759,1.829545,2.1267874,-0.93371063,0.24925822,1.4842747,0.9548815,-0.54291177,-0.3354002,-0.41371942,0.19412488,1.0
0.1413332,-0.091470554,0.50578946,-0.45793158,2.0969462,-1.5386337,1.2068046,0.9669911,1.767943,0.7778626,-1.1811674,0.6679206,0.9347403
-0.2892927,-0.12931213,-0.68083346,-0.2759542,-0.5025148,0.10706445,0.1722605,0.003597886,-0.04879675,-0.17193313,-0.854526,0.0,0.79345846
-1.8776025,0.0829078,0.28423592,-0.39461878,-0.64619094,-0.99764144,0.15157408,-0.7736828,2.7518206,0.090665504,1.8658206,0.15215884,1.0
-0.66225785,1.4601299,-2.1165767,-0.7420802,0.24203184,-0.76425993,-0.40135038,-0.24303913,-0.033198252,-0.7128426,-1.1052289,0.0,0.8803796
-0.05557544,0.9455169,-1.565152,-0.647319,0.9324738,-1.1862395,-1.8314764,0.58248925,1.1853434,-0.050152317,-0.6135198,1.0,0.0
-0.9047248,-0.26356184,-0.6863351,-0.21415433,0.044326566,-1.4128075,-0.28519237,-0.4755482,1.9402705,-1.0451003,0.5586559,0.35096082,0.7398406
1.7218368,-0.05862504,1.6276627,0.555841,-0.7339541,-1.3366536,-0.005131958,0.05451307,-1.2019683,-0.5271047,0.3727978,0.0,1.0
3.1859472,-0.035404515,2.6447635,-0.97236925,0.19708204,-1.0841781,-0.65125674,0.66529197,-0.70048845,0.8760652,-1.0467403,0.6020305,0.67172253
1.4868435,0.26165977,2.137278,-0.7427551,0.13943571,-0.90494514,-1.3311918,0.88129115,-0.7847907,0.96823466,-0.66917235,0.84350723,0.33875078
-0.89361846,0.7065974,-2.1915398,-0.8552978,-0.15723085,1.0290806,-0.7071206,-0.9626399,2.7518206,-0.2095921,0.9019007,0.3962081,0.5656931
-0.13642187,-0.040010296,0.1358299,0.1222694,-0.87611055,0.30260596,1.4844277,0.15240881,0.6244615,0.062258802,-0.8149288,0.0,1.0
0.82888293,0.71939325,0.29915485,-0.6930882,0.21982786,-0.63017666,-0.1968474,0.065767884,-0.15853776,-0.649852,-0.2165976,0.5251788,0.6071318
-0.013097577,0.51295775,2.137308,1.464355,-0.93371063,3.2998714,0.99049866,0.82801,-0.8849839,-0.7626166,-0.83172804,0.25561553,0.9224418
0.2303493,1.1472065,-1.2903218,-0.97236925,3.1303344,-0.9838976,-0.85147613,1.0451989,1.3592895,1.1300361,-1.605768,1.0,0.0
-0.7973669,2.3837912,-1.2730216,-0.8002778,-0.93371063,-1.1041473,-0.9062807,-1.1133423,0.9213435,-1.0781089,0.85309505,0.26362672,1.0
-0.48652002,0.07968843,-1.0337223,-0.34512395,0.055213038,-0.5164154,-0.086176015,0.3286661,1.3046267,0.15283446,-0.46486133,0.2368466,0.37040934
-1.8776025,-1.0442101,-0.7538693,-0.97236925,0.31787702,-1.441881,1.9915407,-0.035587743,2.7518206,0.17639747,-1.5907966,0.19717799,1.0
0.66852254,2.6992621,-1.4841826,-0.5325091,-0.2640754,-0.40664172,-0.67563945,0.11271211,0.27150875,-0.4773027,0.26784876,0.2581532,0.6982584
0.22218627,2.362073,-1.5903063,-0.97236925,0.013087065,-0.6662789,-0.96557224,0.1497351,0.5074528,-0.8530054,-0.9793029,0.21422005,0.7113884
0.70922303,0.30687952,1.8395602,-0.60706276,0.37513977,-0.85361075,-1.0687703,-0.51926583,-0.7339452,0.3342933,-0.006673664,0.44042876,0.9414303
-0.01904795,-0.110903054,-0.59950143,2.1267874,-0.93371063,-0.6772969,1.2611583,1.7367737,-0.38895795,-0.4991672,-0.98364705,0.010873375,1.0
-1.3381635,-0.2802101,-0.30374917,-0.97236925,-0.5220023,-1.5386337,0.28331125,-0.77592295,1.7346172,-0.23926564,0.3428081,0.0,1.0
0.2850163,1.5722102,-1.8593826,-0.65724456,0.7340358,-0.5869806,-0.63107824,0.097943,0.3736425,-0.42179298,-1.3661032,0.4021765,0.6085713
-0.34622148,-0.19203873,-0.48017508,-0.97236925,-0.3072759,-0.7931779,0.38200372,-0.4742444,2.7518206,-0.3311261,0.67219067,0.0,0.7828954
1.0911682,0.83292055,1.7848649,1.2877991,-0.6469223,0.692201,0.990227,0.86641115,-1.207085,-0.58979756,-0.057442702,0.0,1.0
-0.38118944,0.5997666,-0.86328363,-0.97236925,-0.6479977,-1.2871244,-1.276772,-1.3460313,1.0091647,-1.205847,1.3888688,0.16598071,1.0
0.8827153,-0.21607742,-0.667814,-0.33948907,0.6817961,-0.5340564,-0.81996167,0.49923036,-0.101519056,0.0068043116,-0.5005751,0.015389236,0.21931642
-0.21663216,-0.51323974,0.7539348,-0.5852876,-0.0703571,-1.0723239,-0.42029417,-0.6748244,-0.34952495,-0.17230868,0.59018505,0.24753463,0.7579944
2.8516488,3.4331505,0.1419093,-0.97236925,1.6603731,-1.0994402,-1.8718446,1.7367737,1.0706629,0.9004627,-0.8352079,1.0,0.0
0.913569,2.0332036,-1.1188265,-0.1291596,1.8740747,-0.92079747,-0.6991522,1.1135489,1.2666982,0.97718483,-0.5339435,0.8656775,0.11337383
-0.7364293,-0.04919517,-0.7548611,0.2742379,1.3434519,-0.5610213,1.9638388,0.5945886,1.6949062,0.77829665,-0.12849888,0.0,0.6091762
0.13665985,2.3551931,-0.09180838,0.385009,-0.50574756,-0.027288966,0.9351591,0.2613529,0.6107023,-0.21156214,0.33379754,0.0,1.0
0.58729,-0.54607713,-0.24285573,-0.97236925,-0.88155043,-0.99033296,-1.1124059,-1.4217689,-1.4962757,-1.5221409,0.9851044,0.01050484,0.90924776
-0.4518209,1.3119677,-0.24577212,0.11137975,-0.18440992,-1.1206019,-0.73425984,-0.09509351,1.1584398,0.4846495,0.97476155,0.3726494,0.1839245
-1.6557542,0.12985913,-1.2333537,-0.97236925,-0.30058643,-1.5386337,-0.115644716,-0.9884502,0.91179657,-1.0433118,-0.41788125,0.0,1.0
1.0149686,-0.4347904,0.4816889,0.049121484,-0.40427542,-0.7556723,-0.5797366,-0.23341021,-1.9143643,-1.640871,0.060429655,0.04071953,0.9134553
-0.76447546,1.8535554,-1.8840096,0.020480217,1.6938902,-1.4191507,0.40975088,0.39503708,0.23509498,-0.49413666,-1.3795471,0.38937527,0.92849207
0.8986809,-0.357102,0.7435234,-0.3760393,-0.42821658,-0.9232243,-0.54439723,0.0014237883,-0.8341189,-0.27254954,0.0024584401,0.07215657,0.80696094
0.7201811,2.971498,-0.31288245,-0.5197387,0.45013273,-1.5386337,-0.8512205,0.55210936,0.25730988,-0.78608847,-1.2100356,0.6983946,0.36533323
-0.35665533,2.321703,-1.2553788,-0.52463764,-0.27623704,-1.5386337,-1.3078554,-0.25877398,0.5759127,-0.321614,0.11119361,0.54390466,0.8116158
0.19863415,4.7222033,-2.1915398,-0.9524922,0.56862384,-0.3161529,-0.6080796,-0.31914523,1.1841213,-0.5259255,0.2731398,0.6711986,0.69217217
0.70139194,-0.6321346,-1.2094958,-0.2796767,-0.42531228,0.10551693,-0.1920913,-0.32257515,-0.0935237,-1.1355106,-0.20571136,0.0,0.8564718
0.35403845,2.1771762,-2.0563211,-0.97236925,-0.11038023,-0.98281944,-1.4012711,0.63034314,1.0861009,-0.35301727,-0.8574429,0.7269086,0.542606
1.6770017,4.7222033,0.25174677,-0.19086237,4.365829,-1.5386337,-0.5873176,1.7367737,0.7339423,1.2053223,0.017728442,1.0,0.0
0.34921685,0.12130849,-0.03558103,1.4946256,-0.42907113,-0.4671508,0.76715344,1.0441408,-0.8680984,-0.7506831,-0.39227957,0.0,0.8004685
0.8455446,0.060051963,0.30110577,0.34913617,-0.29113027,-0.9156356,-0.72310305,0.28343743,-0.74223524,-0.5095524,0.052136272,0.10004662,0.4866078
0.110953346,1.6096212,-1.0245364,-0.346658,-0.30507097,-1.2881008,-1.027949,-0.25280568,-0.14557873,-1.1218783,0.028087346,0.3595836,0.6365381
-0.93223566,0.4561225,-0.82491547,0.37707296,-0.11353212,2.2091286,1.3450826,-0.06706813,-0.26250827,-0.5391609,-1.0650712,0.07862761,0.9018204
-0.6815867,-0.17570712,-0.002196543,2.1267874,-0.52921134,0.82831985,1.8395307,1.4029713,-1.0731163,-0.33579573,-1.7420794,0.19006376,1.0
0.046861924,0.6071742,-1.864095,-0.728843,0.8818885,-0.82202387,-0.86750025,-0.21790877,-0.5922096,-0.45149872,-0.331135,0.5351904,0.6338578
-0.27037603,-1.0442101,-1.5938435,0.28302026,0.22641158,0.6594219,1.1168108,0.9157441,0.7712966,0.48266593,-1.6931506,0.0,1.0
1.4372698,0.27836913,2.1301768,1.1840203,-0.91484684,-0.30259866,0.7335543,0.49156368,-0.004296553,-0.072526455,0.9361815,0.0,1.0
0.4242236,-0.29966328,-0.042062562,-0.9598815,-0.8553979,-1.1670222,-0.28087187,-0.59225225,-1.2652043,-0.25541532,-0.1535546,0.008698989,1.0
-0.05551688,-0.466487,-0.20920938,-0.97236925,-0.38561213,-1.5386337,-1.0896032,-1.5922731,-0.7586816,-1.6747506,1.8658206,0.0,1.0
-0.3933737,1.6169981,-1.6882025,-0.19094403,-0.21900862,-0.96349305,-1.3224461,-0.1561639,0.39303878,-0.86132383,0.415968,0.46710733,0.42380908
0.6631981,-0.7506759,0.92123026,-0.6902031,-0.20634091,-1.5386337,0.042787056,-0.70833755,0.6971467,-0.64521366,0.42357624,0.0,1.0
-0.24147506,0.79187524,-0.77179533,0.80142546,-0.5484537,0.2943155,0.14570823,-0.033227388,-1.200907,-1.657128,-0.8567045,0.07357,0.95803154
-0.062493112,0.6358694,-0.5219669,-0.5275718,-0.383054,-0.6072877,-0.4714073,0.54663754,0.63344693,0.30908066,-0.09483987,0.45389524,0.6883212
-0.70818955,1.3504524,-1.597127,-0.82697856,-0.3751866,-1.2166601,-1.0955046,0.083533056,1.5137422,-0.53656334,-0.18849644,0.5588838,0.4350579
0.572936,0.44902098,-0.5968507,-0.19476926,-0.31292135,-1.091977,0.053868353,0.1527156,-0.74319977,-0.42483997,-0.99763554,0.0,0.9092198
1.9102359,-1.0442101,-0.24688634,2.1267874,0.9873562,-0.3896625,-0.041717842,1.1628941,-1.7343869,0.08832485,-0.68812954,0.0,0.857343
-1.1414412,-0.39168662,0.2708945,0.26077193,-0.10742313,-0.70713973,1.761596,0.07160152,1.819679,0.07356461,-0.122752234,0.0,1.0
-0.61621433,-0.3203001,-0.28733498,-0.25280303,-0.74776405,-0.8324747,1.0225127,0.23252143,1.9954604,-0.074497245,-0.9077397,0.06787209,1.0
0.13004325,0.66473037,-0.778969,-0.97236925,-0.5264783,-0.61782175,-0.9097681,-1.5922731,-0.37361777,-1.6747506,1.3820163,0.32881775,1.0
0.5354431,-1.0442101,0.98437774,-0.69578344,-0.7984961,-1.5386337,-0.34226638,-1.5922731,-1.0056057,-1.6682143,1.4837712,0.3733063,1.0
-0.21947609,-0.44866997,-0.14876583,-0.97236925,-0.4102105,-1.3476603,0.43862247,-0.39156207,-0.08129327,-0.46698603,-0.78090477,0.2539491,0.91495764
1.3414488,4.7222033,-0.74525803,-0.97236925,2.6501946,-1.5386337,-1.8718446,1.7367737,2.6969917,1.0000186,-1.2589271,1.0,0.0
0.09956059,0.16471425,-1.1504967,0.2735088,0.24268788,-1.4203434,0.37718463,0.014491424,-0.16804384,-1.0063208,-0.37446597,0.0,1.0
-0.80636925,1.2017769,-2.1915398,-0.8077887,0.27484685,-0.11694133,0.5566275,-0.6818919,0.54291636,-0.71631616,-0.80768186,0.0,1.0
1.7541236,0.43267602,0.45737815,-0.72504675,2.365715,-0.36256206,-1.8718446,1.2791913,0.88263667,0.82773864,-0.9565082,1.0,0.0
0.06101542,-0.17646085,-1.0940024,-0.32852632,-0.4279533,-0.8720337,-0.82375413,-0.15676704,-0.4162,-1.3837674,-0.47866118,0.0,0.5696454
1.596998,1.1740941,-0.2104783,-0.97236925,-0.25307804,-0.83818525,-1.1499821,0.6196991,-0.77366406,-0.23789172,-1.5757754,0.6860796,0.5456468
1.3252302,0.16278242,-0.013931293,-0.80128026,0.21519607,-0.6446477,-1.8718446,0.5359808,-0.3533824,0.6623129,-0.9082487,0.5474776,0.15031746
-0.22251317,-1.0442101,0.55444,1.9024686,-0.66693604,1.8459504,2.317571,1.671158,1.0412437,0.30186087,-1.513863,0.1673341,1.0
-0.20475502,0.38783464,1.1523647,0.81184876,-0.93371063,-0.19286057,-0.19481237,-0.28329596,-0.4844495,-0.021399908,1.101864,0.1729668,0.89521134
-1.0607767,0.5939282,1.1923,1.0533938,-0.8002675,1.8683332,1.9214498,0.4434959,-0.3712374,0.10435569,-0.7509862,0.0,1.0
-0.85019135,1.4446422,-1.927736,-0.97236925,-0.23935223,-0.91200644,-1.6363356,-0.5309188,-0.14678964,-1.4623389,-0.8098212,0.06357089,0.9161928
0.80512625,-0.17773655,0.24188876,-0.7455718,-0.62456316,-0.84617764,-0.284621,-0.64352083,-1.0047536,-0.90187997,0.29675263,0.0,1.0
-0.57376504,-0.6577955,-0.41916668,-0.97236925,-0.76163346,0.55161655,0.26576823,-0.62094504,0.7226914,-0.2534967,-0.19579841,0.14630657,0.8603565
-0.6276773,4.370928,-1.9422735,-0.23194748,2.034194,-1.5386337,-1.8718446,0.47033113,1.9285591,0.60477734,0.41329762,1.0,0.0
-0.34071922,0.33989054,0.5097547,-0.25454906,-0.8402453,-1.5386337,-1.3488609,-1.5922731,-2.153572,-0.38330212,1.8658206,0.0369509,1.0
-0.47427407,0.21078864,-0.78402627,1.8403487,-0.93371063,0.523057,1.7953975,1.5131161,-0.5272165,-1.3951029,-1.7593788,0.0,1.0
1.4514016,0.38817048,0.960873,0.9452452,-0.34038997,-0.52591455,-0.16029696,1.2572249,-1.1513433,0.17269114,-0.39604086,0.35626233,0.4966943
0.31828922,-0.12303422,1.0200108,-0.7705143,-0.93371063,-0.37328872,-0.45340574,-1.5922731,-0.8688144,-1.0479878,1.7694622,0.19984426,1.0
0.2385994,-0.23858485,-0.8699161,0.27934504,-0.30042526,-0.46826792,-0.1177126,0.55734086,-0.43182054,-0.043885875,-1.0802302,0.0,0.69486845
0.30556482,-0.83828574,-0.9333667,-0.7883598,-0.2552867,-1.163042,-1.245351,-1.359991,-1.6929382,-1.6747506,0.69179934,0.055238225,1.0
-0.5976339,-0.7308449,-0.5131237,-0.6065566,0.067657754,-1.1185832,0.109747685,-0.036201756,0.9509751,-0.39300108,-0.5604927,0.16325083,1.0
0.6989801,0.34649435,1.6933128,1.7458673,-0.93371063,0.87596107,0.6890669,0.7773623,-1.3173524,-0.9035027,0.29024494,0.011464743,1.0
0.71291906,1.5328313,0.19115746,-0.97236925,1.9269782,-1.02399,-0.24871477,0.37758547,0.38576645,0.8843161,-0.54736316,0.6748613,0.35657328
0.30634722,-0.50821835,1.050131,0.10201619,-0.93371063,1.6782538,1.6626614,0.5154042,1.4364042,0.383072,-0.66810447,0.107146196,1.0
0.897562,1.3609242,0.8622668,-0.62952137,0.45538557,-1.2307693,0.008844098,0.8200708,0.81493133,1.0510345,-0.51632345,0.7323862,0.29390514
0.1479747,-0.17791682,-0.52220917,-0.39795637,-0.45379603,-0.7250911,-0.93133205,-0.47482756,-0.30379766,-1.3322693,-0.12564476,0.20437996,0.7087778
-0.13567299,0.41893625,0.12521374,-0.70327795,-0.93371063,0.83778614,1.2045625,-0.2942391,-0.1378414,-0.32794914,-0.9657101,0.08876463,1.0
0.045300186,0.4499143,-2.1915398,-0.09272296,0.16455707,-0.9516281,-0.44594926,0.43395817,-0.0046681846,-1.276093,-0.8704005,0.24368262,0.83172935
-0.68050325,1.9402934,-1.8757812,-0.49027252,2.0074003,-1.4672112,-1.8718446,0.6781964,1.6471505,0.23032594,-1.1281066,1.0,0.0
1.6864417,2.4428759,0.62170184,-0.97236925,2.43013,-1.145885,-0.3686223,1.173098,0.6803143,1.0233359,-0.6285295,0.9857464,0.061026573
1.0518855,0.78763545,0.14998278,0.10603241,0.37978595,-0.6625541,-1.4210757,0.72893363,-0.0659083,-0.44784033,-0.56787276,0.4875433,0.11774334
1.0485635,0.15695328,0.18114048,-0.67207617,0.98865104,-0.37515706,-0.82567704,0.08256149,-0.56224966,-0.30815518,-0.47816473,0.46374708,0.176846
1.0713403,4.194438,-2.1915398,-0.95731926,0.5447008,-1.2735769,-1.5320393,0.66692066,1.125129,-1.2175661,-1.2484053,0.60030174,0.3397317
-0.9997782,-0.259703,0.31034055,-0.49298683,-0.2211662,-1.4391966,-0.13111451,-1.1450993,0.14574672,-0.77437824,1.0774714,0.009973047,1.0
-0.42219323,-1.0442101,0.3734865,-0.3255952,-0.39762452,0.6098021,1.2903423,0.09486141,2.3143067,1.0542715,-0.67741054,0.15401904,0.9485573
1.1251158,-0.3765975,0.58991843,-0.26856145,-0.44842154,-0.73860675,-0.2676612,-0.07152928,-0.9561196,0.2982058,-0.18109636,0.0,0.78283286
0.6389317,0.18169904,1.6906455,0.9097702,-0.8532143,-1.3511771,-0.6118705,-0.62505865,-1.7820388,-1.4175882,1.1742388,0.0,1.0
-1.2358816,0.18889387,-0.29040816,-0.30392686,-0.65231925,-0.58532107,0.85964817,0.0030740409,2.4774072,-0.18863407,-0.75945723,0.0,0.913523
1.8038976,0.88695556,1.0346841,-0.387219,1.449549,-0.7201734,-1.8718446,1.5992126,0.8777177,0.5168302,-1.3209832,1.0,0.0
-0.32149288,1.9930227,-2.0383284,-0.97236925,2.3938885,-1.2194452,-1.8718446,0.74965185,1.7266929,0.31574124,-1.1491772,1.0,0.0
-0.9200587,0.027582306,-0.89303905,-0.97236925,-0.638306,-1.2636071,-0.33843797,-1.0358981,0.2658759,-1.5081415,-0.1688535,0.0,0.9848169
0.5616079,-0.12997091,-0.7656421,2.1267874,-0.2432355,-0.7014361,0.08922401,1.2812744,-2.1052325,-1.429132,-0.9433648,0.0,1.0
2.767282,0.5534387,0.9874923,-0.7640777,0.20229656,-0.8279443,-0.8359058,1.009445,-1.0029144,1.1106601,-1.1415591,0.24063274,0.6672096
-1.5489464,-0.8673314,-0.9013827,-0.97236925,0.34298572,-1.1605673,1.4716876,0.31558233,2.706927,-0.47755465,-1.7124058,0.107674964,1.0
0.83963794,-0.34730804,-0.8268731,-0.7928297,-0.43655723,-0.9124831,-0.80088586,-0.75719845,-1.443048,-1.6747506,-0.20694518,0.0,1.0
-0.20345584,2.298181,-2.1915398,-0.65078145,0.42237103,-1.2112412,-0.8321215,-0.13207339,0.84546256,-0.5552294,-0.96470594,0.44083282,0.52132857
0.06689997,-0.49363953,0.09911504,-0.97236925,-0.51863176,-1.5386337,-0.16765969,-0.5914813,-0.5921049,-0.6714898,-0.4855744,0.1431443,0.84225607
0.12811932,-0.66549265,-0.6057121,-0.7910914,-0.48381025,-1.5386337,-1.2102532,-1.5922731,-1.9825292,-1.6747506,1.0097032,0.0,1.0
-0.20918678,0.8658872,0.19595677,-0.73931855,-0.78428817,-1.3465049,-1.7544593,-1.5922731,-0.26515275,-0.4015332,1.8658206,0.17762333,0.9159807
0.5216296,0.92264813,-0.36232296,-0.7974207,-0.48154137,-0.650347,-0.11487075,-0.1708938,-0.19926156,-0.28378797,0.12836362,0.28264815,0.57304686
-0.714796,-0.13007666,-1.0838069,-0.13487865,0.1017459,-0.86624205,0.8200228,0.16567513,0.77977735,-0.8831766,-0.9508559,0.0,1.0
-0.83932996,0.711176,-1.0001642,-0.56144553,-0.7476584,-1.3576514,-1.2954369,-1.5118071,-0.037656233,-1.6747506,1.3075844,0.32075435,1.0
-1.3354214,0.3324093,-0.76433074,1.3706264,0.49431884,0.09264702,1.2925975,0.8591569,-0.73700583,-0.42842987,-1.3605107,0.009817619,1.0
0.31993178,0.28423703,1.0966064,2.1267874,-0.75874877,1.6710354,2.2272465,1.4873272,-1.0455356,-0.16671811,-0.720815,0.0,1.0
-0.12329568,0.18627211,-0.60293794,-0.97236925,-0.93371063,1.1558082,0.34246957,-1.2231686,-0.6736301,-0.38444942,-0.3721179,0.26205403,1.0
-0.2507147,4.228012,-2.1915398,-0.7280227,1.9321631,-1.0775683,-1.8718446,0.7173038,2.2428653,-0.5854706,-0.29981995,1.0,0.0
0.13339287,0.2570358,-0.16529739,-0.14073591,0.8134007,-1.013874,-0.820059,-0.064399675,-0.37603083,0.036386438,-0.2950943,0.31296426,0.36710405
-0.17432432,0.98811334,-0.17266917,-0.41022334,0.46639043,-0.07489407,1.2332146,0.19929548,0.75120336,0.48506758,0.12136771,0.0,0.8498771
-0.39860433,-0.46429935,-0.1754108,-0.97236925,-0.26170197,-1.5386337,-0.98624223,-1.5922731,-0.20264366,-1.6747506,1.3990002,0.037820846,1.0
0.9314963,-0.39934337,0.123558275,-0.33261794,-0.49437365,-1.4631491,-0.21959522,0.22517443,-1.1390314,-0.16343747,-0.94122916,0.21970843,0.94425386
-0.24841051,2.620038,-2.1915398,-0.74834174,1.4198008,-1.3182709,-1.7180583,0.006336692,1.2647033,0.26851243,-0.0038020685,1.0,0.0
-1.1034659,0.56289464,-1.3817284,-0.7691633,-0.019612413,-0.7534266,-1.2937508,-0.12389142,1.7687978,-0.265154,0.115167096,0.25471315,0.61093926
1.6273162,-0.34603992,0.903181,-0.7376709,-0.7552806,-1.231509,-1.5100949,-0.24525887,-0.9931978,0.41622728,-0.18538558,0.044229694,1.0
-1.7193367,1.7524819,-0.33086437,2.1267874,3.6661716,0.022655822,2.317571,1.7367737,-1.007906,1.0596316,-1.5283983,0.024527965,1.0
-0.982189,-1.0442101,0.2347193,-0.55062467,-0.43146658,-1.5386337,-1.143392,-1.5922731,0.3100672,-1.1414657,1.8658206,0.1675783,1.0
1.3401008,-0.46707502,0.9947388,-0.70428354,1.5028387,-0.9537118,-0.9477783,0.6043581,-0.60046124,0.163734,-1.1604552,0.6460484,0.15245229
-0.731064,4.7222033,-2.1915398,0.66820663,0.44099852,-1.4594209,-1.0979192,0.69632894,1.5485388,-0.27950627,0.28277665,1.0,0.32517707
0.7208217,-0.5535399,0.9200841,-0.9151113,-0.20354298,3.4752152,0.9681278,-0.53066,-0.3916315,-0.62280047,0.15628257,0.0,0.80363125
-0.87611854,0.57464546,0.26930374,-0.35616702,1.5331079,1.041409,2.317571,-0.2653567,-0.77120316,0.87185264,-0.87658876,0.0,1.0
-0.66543037,-0.62260056,0.22943729,-0.86181414,-0.38766965,-1.5386337,-0.1052609,-1.2864041,0.06989421,-0.5372776,1.0320878,0.0,1.0
0.38340652,0.40569758,-0.16665933,-0.41783902,-0.09302033,-0.5080224,0.069393456,-0.25341782,-0.6640573,-0.5418984,-0.5943732,0.0,0.68037426
1.0830764,1.1739532,-0.44523278,0.07786283,0.20568427,-0.45442536,-0.2560839,0.7478797,-0.51768404,-0.3101522,-1.2540579,0.010925746,0.6979761
-0.34934768,-0.80492985,-0.15013187,-0.47551996,-0.3583184,-1.2935233,-0.4927755,-1.5500417,-0.7384917,-1.5729758,1.2975527,0.09784469,1.0
0.3678766,-0.045890823,0.84989417,0.5810209,-0.81635666,-1.1764795,0.26380557,0.3420354,-1.3899617,-0.49959758,-0.5239333,0.1617907,1.0
0.02627346,-0.08128718,0.26164463,2.1267874,-0.38909128,0.19976407,1.3705305,1.7367737,0.33227217,-0.6116831,-1.3292383,0.0,1.0
-1.0147789,0.2051654,-0.015183812,1.1759982,-0.5551045,-0.7864201,0.21128999,0.40524125,-0.6498302,-0.10937323,-0.5057464,0.16639559,0.7171331
-1.0487137,1.0152465,-1.4830848,-0.97236925,-0.06331286,-1.3671837,-0.892476,-0.18349028,1.5985789,-0.47984156,-0.8193714,0.39410594,0.79120815
1.4518573,-0.8152929,1.1486332,-0.17833044,-0.71737576,-1.5086207,-0.21657667,0.13004485,-1.7320484,-0.06776085,-0.61519814,0.24666631,1.0
0.4448006,-0.8426615,0.9177459,-0.10772274,0.36001825,-1.0069046,-0.29349977,-0.8058834,-0.6752835,-0.36426607,1.1959099,0.06372372,1.0
0.43281132,-0.535001,-0.48756567,-0.44054636,-0.1281364,-1.016121,-0.3120345,-0.3035028,-0.19460751,-1.1632624,-0.030477908,0.12771615,0.60796964
0.50115085,0.18773365,-0.23461598,1.517087,1.7123164,-0.54469943,0.54733056,1.4466826,-0.290684,1.219924,-0.36516246,0.6700574,0.31737316
0.5437107,-0.1885548,1.245125,-0.31910458,-0.15765536,-0.9150097,-0.6755381,-0.022777725,-0.072505035,0.2008321,0.26872268,0.452877,0.5123491
-0.05756929,-0.7634047,0.780995,-0.66774064,-0.26542735,-1.4099015,0.3616435,-0.24133404,1.1874976,-0.35104057,-0.44917765,0.24530351,1.0
-0.78633267,-0.42236334,0.5668776,-0.8676078,-0.058650933,-1.2874415,-0.6856135,-1.2321079,1.3009886,-0.872655,1.2703861,0.0,1.0
-0.029604457,-0.010919884,-0.44049442,0.35100096,-0.3087447,0.27383792,1.6057514,0.726116,1.7021664,0.5693584,0.0071389396,0.0,1.0
1.8290291,-1.0442101,-0.2074261,0.85042185,0.089725696,-0.14620823,-0.7133263,0.72120523,-1.8242444,-1.2983751,-0.6767471,0.22005144,0.66082364
0.030068832,-0.12013532,-0.85697705,-0.4061476,-0.5163515,-1.2226642,-0.9969294,-1.2636586,-2.0332217,-1.6747506,0.30784428,0.0,1.0
-1.0551231,4.7222033,-2.1915398,-0.95149535,3.1682065,-1.5386337,-1.3808405,0.6499088,2.0219815,0.10279076,-0.8695066,1.0,0.79759824
0.64137,3.2804291,-1.7511065,-0.97236925,2.8123739,-1.3512173,-1.8718446,1.2193532,1.7297959,0.41518903,-1.0718354,1.0,0.0
-0.64934224,-0.06441663,-0.5561232,-0.97236925,-0.5024563,-0.60536146,-0.13433737,-0.73508114,-0.5664103,-0.4414012,-0.67764664,0.21613686,0.87862587
0.65705985,0.661076,-0.031221142,-0.8242809,-0.6141585,-0.98445314,-1.0823585,0.09904828,-0.88854665,0.93094856,-0.8373062,0.17310907,0.95190257
0.5793144,-0.9081262,-0.4051968,0.07272597,0.14365399,-1.1973974,-0.6771936,-0.082290605,-1.041578,-1.1892096,-0.042007577,0.0,0.7510677
-0.7234774,-0.22213587,-1.617509,-0.84532106,-0.1500541,-1.0587726,0.84474367,0.11166674,0.5063375,-1.1043146,-1.6879567,0.0,1.0
0.44467977,-0.18836828,0.23285726,-0.97236925,-0.8303626,-0.40060836,0.040674824,-0.46336254,1.0782007,-0.04617247,0.615969,0.048257023,0.7504975
-0.9867254,1.2293394,-0.20163369,-0.729681,0.23014864,-1.4146693,-1.1710104,0.4111711,2.389599,1.1209222,0.44695333,1.0,0.0
-0.47173855,2.7217376,-2.1915398,-0.94129074,1.2085438,-1.03596,-1.8718446,-0.0592219,1.7884831,0.3186208,0.20174047,1.0,0.0
-0.003417587,-1.0442101,0.07753307,-0.52725464,0.13979799,-0.13681719,0.40315974,-0.6328958,0.73001593,-1.2374626,-0.11145302,0.0,1.0
-0.33227283,3.3581321,-1.7768261,-0.97236925,2.2244966,-1.2641453,-1.1890439,0.37872326,1.7890142,1.2000589,0.32106823,1.0,0.0
0.0911503,1.1222773,-0.8622595,-0.17748663,-0.025716713,-0.37872508,-0.97840804,0.32467404,0.41141313,-0.8959349,-0.7598458,0.47482497,0.7053127
-0.037472133,2.272576,-2.1915398,-0.97236925,-0.24927518,-0.73485005,-1.4611783,0.50809234,1.0752977,-0.9594007,-1.19999,0.4406586,0.8940463
1.5228555,1.3522112,1.346555,-0.42575818,3.630622,-1.06575,0.4052099,1.031223,0.021759141,1.6674571,-0.8272965,0.49222836,0.0
-0.39363605,-0.6515988,-0.68188626,2.1267874,-0.44710612,0.8047009,1.9467669,1.7367737,0.41579327,-1.1203076,-1.7593788,0.14737599,1.0
-1.0659724,1.8905504,-2.1915398,-0.81588554,-0.036948483,-1.2021235,-0.6139727,-0.5146082,0.17258742,-1.0884997,-1.1328559,0.117332764,1.0
-0.65947366,0.8050734,-0.78970444,-0.7721283,-0.577423,-1.427805,-0.37690783,-0.7696621,0.23421288,-1.1403766,-0.059944242,0.16753566,1.0
-0.18035018,1.7010286,-1.5290908,-0.97236925,0.24330369,-1.4407008,-0.27900147,-0.05546764,0.8601831,-0.38475895,-0.9942684,0.42494833,0.55540955
-0.79743177,3.72758,-2.1915398,-0.97236925,2.9804823,-1.5386337,-1.373105,0.19574584,2.7518206,1.0046031,0.64042807,1.0,0.0
-1.3398392,3.330421,-1.5680181,-0.7236873,2.2115362,-1.5386337,-1.8718446,0.83642536,2.7518206,1.3891045,0.4138213,1.0,0.0
0.77508473,-0.37358385,0.1812801,-0.36970612,-0.22625667,-0.72591436,-0.25192112,-0.67986256,-0.87858313,-1.1506618,0.7092621,0.0,0.79035044
0.3373753,-0.37432855,-0.39640072,-0.48281905,-0.4891469,-1.0091437,-0.9223043,-0.53092647,-1.7029307,0.009807816,-0.45793468,0.0,0.9206786
0.076938905,-0.32928693,-1.0739349,-0.6048335,-0.35794732,-0.43631467,-0.3686611,-0.4073416,-1.3690711,-0.33068624,-0.5804361,0.17982462,0.6699952
1.02523,0.56619334,0.99162066,0.31917438,-0.8460534,-1.4382476,-0.8908354,-0.8664201,-2.0479248,-1.6747506,1.6295394,0.0,1.0
1.2215321,-0.7339174,-0.8836331,-0.13707542,0.15399474,-0.25951663,-0.8910702,0.3554193,-0.8233359,-0.38519347,-1.0265388,0.044088908,0.56417435
-0.09515487,-0.3914888,1.1391834,-0.97236925,-0.4296666,-0.52111655,0.33721602,-1.0744088,1.9379619,-1.343442,0.78696424,0.0,1.0
0.19245051,0.9342263,-0.11153651,-0.82809335,-0.27098656,-1.1134095,-0.98466235,0.38936552,0.24340323,0.68829185,-0.6408682,0.5693022,0.24251464
0.79691565,0.29069963,-0.645992,-0.97236925,-0.32776818,-1.1917213,-0.7388282,-0.9819543,-1.111908,-0.5465663,0.056707554,0.08098609,0.82108396
0.33847088,1.2206942,-0.25403163,-0.69703484,1.5848547,-1.1835952,-1.4155192,1.1758837,1.586316,1.3787692,-0.48923767,1.0,0.0
-0.085632905,0.37735817,-1.7783252,0.0825253,0.12725818,-0.8308713,0.40315717,0.40369806,0.5730879,-1.0904928,-1.2503501,0.0,1.0
-0.287124,-0.43944696,-0.46444786,0.7753539,-0.46418768,0.32550934,0.6113383,0.28350264,-0.2565927,-1.6747506,-1.5640411,0.0,1.0
-1.2629282,-0.68063444,-2.1915398,0.10567513,0.39542452,-0.11305945,0.8207172,0.42854613,0.67368317,-0.57991725,-1.7593788,0.0007082559,1.0
0.43578577,-0.54556626,0.5516614,-0.8560609,-0.34545028,-1.5386337,-1.062771,-1.5922731,-1.8701701,-1.6747506,1.6193755,0.0,1.0
-0.7895928,3.463989,-1.6124324,-0.16098489,1.048009,-0.80273753,-0.567314,0.20009793,0.61385095,0.70138186,-0.14377384,0.78637934,0.059580892
-0.3101633,2.947347,-2.1915398,-0.7952376,-0.93371063,-0.6034878,-0.57677346,-0.4880168,0.33811006,-0.9609077,-0.23733123,0.56653553,0.7775074
-0.9165139,0.15584005,-0.8387577,2.1267874,0.41615424,2.2175503,2.317571,1.7367737,-1.6587405,-0.24257801,-1.7593788,0.0,1.0
-0.46574885,4.7222033,-0.62261766,1.1635433,3.1512003,-1.269575,-0.07355922,1.2621111,0.71616143,1.1509098,0.9199443,1.0,0.0
-0.3825076,0.70964265,-0.89538914,-0.97236925,-0.93371063,-1.3572826,-0.593806,-1.486711,-0.95201635,-0.44994777,0.937386,0.09851032,1.0
0.41317523,-0.9866614,0.20693868,-0.46101427,-0.5872378,0.55012685,0.45128208,-0.26063538,0.9106658,-0.6094822,0.0595247,0.0,0.8022881
1.5957891,4.7222033,-1.0484731,-0.7415996,4.0364375,-1.5386337,-1.8718446,1.7367737,1.2933887,0.0030488893,-1.5391717,1.0,0.0
0.82737404,-0.56513506,0.10719129,0.23474903,-0.44970968,-0.9596973,-0.10379464,-0.068932116,-0.9025941,-1.3718657,0.077365324,0.0,1.0
-0.04522116,0.108118355,-1.6211381,-0.20515327,1.2120442,-0.7818931,-1.0364689,-0.047308594,0.5921698,0.21145226,0.13668999,0.23704553,0.17476842
-1.4470396,-0.7305553,-0.25204208,-0.97236925,-0.052960705,-1.1995846,0.25116915,-0.61645526,1.0095576,-0.5975757,-0.5092758,0.026698535,1.0
0.71632695,0.82210165,0.3878064,-0.97236925,0.43310577,-1.014831,-0.18488072,0.013676276,-0.61227006,-0.39415714,-0.3814115,0.19597118,0.45082492
0.31977707,-0.431924,0.59128034,0.4699157,0.4115549,-0.587859,0.4322492,0.5817949,-0.81881374,-0.2656757,-0.8884815,0.0,0.9729314
-0.4515143,-0.3746346,-0.90329164,-0.97236925,-0.83673847,0.60969883,0.17520943,-0.75233305,2.6084597,-0.7664499,0.09214506,0.17552769,1.0
-1.2756457,-0.49561247,0.68913996,-0.91285926,-0.4842018,-1.3903441,-0.19116443,-1.035725,2.3099992,-0.44572628,1.5431286,0.18359204,1.0
-1.0887164,0.20599647,-0.7036148,-0.9594188,-0.5490351,-0.9668594,-0.5347616,-0.95460254,1.6133711,-0.38821408,0.7443463,0.14197284,0.7621784
-0.81416833,0.27534088,-0.49520656,-0.15389268,-0.7750022,-1.0641118,-0.5673491,-1.3809276,0.14044839,-1.0707413,0.9414766,0.27412605,1.0
-0.4769276,-0.070572816,-0.75703996,-0.71061456,0.32208246,1.7291019,0.9500595,-0.2005586,0.83285475,-0.25333023,-0.5493826,0.0,0.9904232
0.8773615,-0.55780643,0.6357867,-0.44422618,-0.93371063,0.5976298,0.056187734,0.2041823,0.14961402,0.04349619,0.09986873,0.33462858,0.7499663
-1.2276698,1.5824914,-1.8774593,-0.5177577,0.9175248,-1.0776345,0.759011,-0.44735214,0.17812161,0.16663769,-0.4176186,0.10970735,0.86181694
-0.0003726445,1.2053313,-1.0559121,-0.90319526,-0.6463882,2.0601752,1.484367,0.14498518,0.9414328,-0.19963603,-1.1506214,0.058347523,1.0
-0.2887954,0.233355,2.6787727,2.1267874,-0.93371063,3.4602535,2.317571,1.7367737,0.49664018,0.4149466,-0.8820295,0.11899904,1.0
-0.5379678,0.10781077,-0.19622386,-0.040493656,-0.18903327,-1.5386337,0.5225291,-0.15973604,0.1109628,-0.5723432,-0.4708321,0.0,1.0
0.509176,-0.5448738,0.79874575,-0.5657996,-0.58585113,-1.5260487,-0.6421144,-1.2871089,-1.2771878,-1.3095857,1.1037159,0.1268452,1.0
0.15972137,0.4735118,0.12930271,-0.24508569,-0.93371063,-0.24881959,0.28388387,-0.29097286,-0.6214847,0.13220376,-0.05466994,0.19490528,0.8243633
0.59732044,3.692825,-2.1915398,-0.9690245,1.440748,-1.1171427,-1.8718446,1.0026457,1.2459652,0.20866732,-0.805108,1.0,0.0
0.9162268,-0.010848118,-0.30252764,-0.7584437,-0.1827457,-0.97722423,-0.7847705,0.19221883,-0.52015245,-0.40211225,-1.014806,0.35046136,0.82837707
-0.19088808,-0.312915,0.4369059,-0.97236925,-0.6915389,-1.5386337,-0.07655098,-1.0423354,0.20602508,-0.40187106,0.7978029,0.14474759,1.0
0.43196285,1.4838959,-0.4931054,2.1267874,1.3687819,-0.2949887,1.8680438,1.7367737,-0.28002346,-0.29367936,-0.7987806,0.0,0.90040934
0.008070003,-0.12597714,-0.30329922,-0.59193206,-0.14788371,-1.0879736,-0.21644068,-0.2735502,0.13254505,-0.314816,-0.7987999,0.17771447,0.8632997
-0.06532052,0.41556793,-0.6316503,-0.04900173,-0.42676738,-0.78933364,0.10646968,-0.105878055,-0.17492796,-1.2766753,-0.7125233,0.0,1.0
1.9069332,2.61951,0.3900133,-0.7416419,2.2468119,-1.5386337,0.11362602,1.034954,0.5094442,0.5688299,-0.37470812,0.6263125,0.3328376
-0.50080216,0.18009412,-1.274749,-0.97236925,-0.62943053,-1.5035912,-0.72860026,-1.5922731,-1.3567109,-1.6747506,0.5808714,0.0,1.0
1.5981045,4.7222033,-2.1915398,-0.97236925,5.6453533,-1.5386337,-1.8718446,1.7367737,2.7518206,1.2216563,-1.6096033,1.0,0.0
1.2164016,0.778996,1.4447376,0.5907495,-0.37490052,-1.0954443,-0.40139097,0.20721722,-1.5597647,0.03782834,0.16709974,0.0,0.6746041
-0.7256067,0.8146584,-1.2724581,-0.5939443,-0.93371063,-0.87398976,-0.7469126,-0.997981,0.17351754,-0.86748093,0.8146617,0.34179094,0.94336855
-0.46038768,-0.23802117,-1.0214947,-0.71191704,-0.18454415,0.10619985,0.5833953,0.09598403,0.8099488,-0.6667295,-1.0613852,0.036467962,0.93880737
0.044139482,0.43661493,-0.7807932,2.1267874,-0.3455387,1.8399941,2.3014853,1.4035051,0.24872729,-0.29617184,-1.1807451,0.0,1.0
-0.078314245,-0.60029364,0.35326687,-0.3853143,-0.05716355,-1.5386337,0.06997267,-0.00826981,0.07931877,-0.39992762,-0.2400116,0.09472562,1.0
0.8227498,2.059634,-0.7408844,-0.64595294,0.6710018,-1.3129177,0.12649769,0.29353908,-0.43424782,-0.74474746,-0.8049959,0.041145116,0.77009237
0.4985764,-0.5972037,-0.8405751,-0.6601346,-0.3191,0.57471216,-0.8826602,-1.1063405,-1.5323834,-1.6747506,-0.4028572,0.0,1.0
1.0265915,0.31401688,0.55400395,-0.29450613,0.14424175,-0.8480365,0.27709788,-0.21138717,-1.1059023,0.5672243,-0.6527894,0.0,0.5310235
1.1407367,1.5736225,2.1850603,1.1283675,-0.93371063,0.7534207,0.16582061,0.40030038,-1.5495919,-0.6684729,1.8173792,0.0,0.9057916
1.1365693,0.45926028,2.0278132,0.81108904,-0.37823367,-0.87615114,1.4882609,0.89717585,-0.26847965,-0.3444993,-0.3622393,0.0,1.0
-0.035561595,1.2911391,0.44879356,0.36446777,-0.40779197,-0.01683331,1.3346494,0.6079779,0.13346858,0.20496026,-0.713119,0.0,1.0
0.61305434,0.3264116,0.0897979,-0.6245255,0.4892663,-0.9523402,-1.7527982,0.5494149,0.5610612,0.27200344,-0.7923943,1.0,0.041102193
-0.7845969,1.6436247,-2.1271517,-0.97236925,-0.2981288,-1.1528796,-0.13667387,-0.12836595,2.2876384,-0.66805923,-0.48701355,0.43835652,1.0
-0.0023910478,-0.14160077,0.86192596,2.1267874,0.07603585,0.42196724,1.8575064,1.7367737,-0.37128037,0.25515133,-1.109807,0.0,1.0
-0.8710078,4.7222033,-2.1915398,-0.97236925,0.9188203,-1.5386337,-1.8718446,0.72148055,2.7518206,-0.27282107,-0.024938677,1.0,0.0
0.42290556,2.5536222,0.50456285,-0.72860193,0.8217424,-1.1890883,-0.14324588,1.0946811,2.1185668,1.5443354,0.5366367,0.6305061,0.25361392
0.7755937,-0.38837108,1.1811728,0.012217087,0.4853989,-1.0250636,-0.6516853,0.2776692,0.3333685,0.25333583,0.09887786,0.741083,0.26633003
0.15621756,-0.90851074,-0.96017,0.6272023,0.87008834,-0.09735124,0.12995341,0.7499605,-0.38239443,-0.071236394,-1.0798384,0.05132378,0.60758656
1.2748798,-0.10886807,1.2013257,-0.48854926,0.62863356,-0.32471612,-0.13278642,0.12316967,-0.47448894,1.2292238,-0.22797059,0.32049152,0.38368386
-0.546974,2.198984,-1.5100614,-0.6157517,-0.93371063,-0.28089175,-0.026991703,-0.5770447,0.91230214,0.15255834,0.87048143,0.050910726,0.95537204
1.3430314,0.74712276,0.54468197,-0.71287304,1.0755829,-1.0895363,-0.23021318,0.78553534,-0.48126566,-0.083105505,-1.2690072,0.18553741,0.6673388
-0.5310733,0.9854213,-1.6577282,-0.8471132,-0.73001015,-0.6185663,0.6211683,-0.18210888,1.1200082,-0.72085696,-0.9253431,0.0,1.0
-0.37855148,0.6697658,-1.8653398,-0.97236925,-0.93371063,1.1874843,0.84944403,-0.8372638,-0.1186952,-0.5926525,-0.009396074,0.0,1.0
-0.80224156,-0.35415548,-0.21392936,-0.8651481,-0.48596373,-1.4052088,-0.48385572,-0.99405205,0.9410411,-0.7206383,1.0289787,0.0,0.8905601
-0.4912711,1.1653106,-0.109697536,-0.9135338,0.8485909,-0.49837795,0.30025637,-0.24533078,1.4852518,1.5582668,0.8498472,0.3192271,0.14702284
-0.17326674,-0.11509123,0.6006109,0.98469394,-0.5842913,0.24734598,0.6866558,0.7577286,-0.6004906,-0.19055052,-0.94103867,0.20239916,0.82752573
0.24705146,-0.4418451,-0.48657873,-0.97236925,-0.93371063,-0.5611647,-0.7032205,-1.5922731,-0.48358005,-1.1028068,1.8658206,0.04633058,1.0
-0.48852018,0.35152268,0.95424366,-0.62715584,0.72392344,-0.5574037,0.6371589,0.8501886,2.1498315,0.9379637,0.09667082,0.1922138,0.60718304
0.50233525,0.21895438,0.9126236,-0.017476568,0.05963648,-0.6687737,0.97491896,0.151565,-0.49786833,-0.37704325,0.13838041,0.0,1.0
1.825026,0.22575884,2.0532155,-0.42030692,-0.38487998,-0.80025965,0.36379373,0.4395373,-0.96907043,1.3580239,-0.33512017,0.0,1.0
-0.18209815,-0.30681106,-0.5597098,-0.97236925,-0.4095792,-1.1780187,-0.33850116,-1.5208178,0.023506511,-1.6747506,0.81690717,0.0,1.0
1.0730169,-0.37215912,0.54895914,1.5289326,-0.6617034,0.23030898,1.0867065,1.4825572,0.4328279,-0.6799933,-0.77101487,0.0,0.93151534
-0.11561684,2.0980284,1.004993,-0.84180254,3.755106,-1.5023657,-1.8718446,1.7367737,2.7518206,2.2838242,-0.07294686,1.0,0.0
2.6335785,0.9507845,2.8018205,1.921918,0.8476403,-0.199595,0.33380586,1.7348574,-1.8977243,0.02587753,0.30628005,0.0,0.70480967
0.7251393,1.5991428,-0.63343716,-0.97236925,-0.3707698,-1.5386337,-0.6910529,0.057128225,0.037206426,-0.36758292,-0.08978272,0.35918865,0.80315876
2.2813714,0.7312759,1.788036,-0.97236925,0.58141345,-1.0078484,-1.8081876,0.87831324,-0.058176186,1.3628495,-0.9021132,1.0,0.11382625
-1.0854012,4.7222033,-2.1915398,-0.97236925,0.7434755,-1.5386337,-1.8718446,0.3076521,2.7518206,-0.98840636,0.43926564,1.0,0.0
0.50702506,3.0599005,-1.1028969,-0.81360734,1.116382,-1.5386337,-0.38568747,0.8719415,1.1980369,-0.46415287,-1.1134728,0.82794225,0.4924584
-1.013775,-0.5515464,-0.72949934,-0.42404214,0.50994766,-1.1221343,0.43148524,-0.41162944,-0.6211311,-0.13136828,-1.0868042,0.0,0.8259461
1.1978433,0.15565677,-0.83527523,-0.8825544,0.023455173,-0.35814652,-0.7422834,0.1514509,-0.3767678,-0.2048772,-0.76344776,0.015032047,0.77720064
-0.57507753,0.18613848,-0.4360605,-0.7882334,-0.68548846,-0.2858832,0.47131312,-0.8217532,1.7192827,-0.8803342,0.06966479,0.1144309,0.9538522
0.1537806,-0.8426285,-0.32350335,-0.97236925,-0.6104851,2.7685142,1.9902909,0.42572844,2.2738144,-0.114689164,-1.736199,0.0,1.0
-1.1549121,1.8988879,-2.1915398,0.40844974,-0.46649522,-0.86994374,-1.5076598,-0.07737581,2.7518206,0.25268507,1.8658206,0.79295594,0.04390051
-0.6701864,4.7222033,-2.1915398,0.41036305,2.7195942,-1.5386337,-1.8718446,1.2800924,2.7518206,0.209562,0.66733366,1.0,0.0
-0.7480737,0.0404724,-0.7701363,-0.6376827,-0.31639954,-1.1061782,0.0024952367,-0.7631486,0.3481102,0.017059362,0.34783918,0.0,0.93560433
0.9145958,2.3442097,-0.38082874,-0.97236925,3.7127051,-1.0057056,-1.8718446,1.2304893,1.689086,1.7412487,-1.0556957,1.0,0.0
1.4825486,-0.962512,-0.38429332,-0.11089664,0.862838,-0.34178522,-0.20465703,0.4873035,-0.16063389,-0.77585304,-0.75550467,0.0,0.56633115
-0.28376588,0.06393455,-0.90978014,-0.7821064,-0.1059401,0.2570339,-0.2421541,-1.1188146,-1.3485725,-1.1879886,-0.25202546,0.0,0.9345145
1.1274409,-0.060326282,0.86350256,-0.08233856,-0.69588274,-0.68120843,-0.6771386,-0.26042378,-1.0651361,-1.2659703,0.6910837,0.0,0.755291
-1.3102791,-0.3776922,-1.8104109,0.3300563,0.06797245,-0.7774136,0.40611988,-0.109935775,-1.2022955,-0.3820996,-1.1995819,0.056563944,1.0
-0.5925199,0.82364386,-0.34142822,-0.91761345,-0.93371063,3.1027806,1.9942863,-0.48780233,1.2228192,0.13378933,-0.116467506,0.0,0.67428046
-0.45046103,1.7805258,-1.0052574,-0.5012499,2.87568,-1.5386337,-1.0960567,0.1449916,1.1015712,0.8265544,-0.1703171,0.8154726,0.0
0.01595024,0.8708186,-0.6535015,-0.57886434,-0.71314013,-1.3751335,-0.6999184,-1.0429547,-0.99616486,-1.5651829,0.8138378,0.0,1.0
0.0051013324,0.038846895,0.42946395,-0.35314137,-0.017395325,-1.418925,-0.3506801,0.13802525,0.4468048,0.04364515,0.6092532,0.118898995,0.56677574
-1.0796857,1.3389823,-0.22630629,0.22452244,-0.43358597,-0.55946255,-1.6396495,-0.7036582,1.1240731,-0.73720247,1.4712934,0.54035294,0.49006528
1.5906123,0.16327175,1.5248085,-0.31176597,-0.08537047,-1.5386337,0.29676777,0.7681392,-0.5966179,0.939758,-0.33865085,0.035890214,0.8201775
-1.7266707,3.5567749,-2.1915398,-0.5107015,0.8018848,-1.3847136,-1.8718446,-0.31161556,0.9040062,-1.3221194,-0.38381842,1.0,0.10111777
0.57812494,-0.4390178,-0.094896525,-0.28150302,-0.5523416,-0.8543949,-1.7915088,0.020058438,-0.82269925,0.55578196,0.26834932,0.21521734,0.73175526
2.7171593,0.8512102,1.6275984,-0.6483011,-0.44050035,-0.48310363,-0.8966521,0.96813685,-0.5568067,0.0071221124,-0.99974936,0.66516274,0.5393254
0.36076757,0.104260616,-0.7464411,-0.15418653,-0.693262,-0.8058566,-0.37694275,-0.39829716,-0.8033553,-1.3974009,-0.20375721,0.0,0.87808716
-1.2951965,3.0466812,-2.1915398,-0.8838971,0.6101778,-1.5256577,-1.4614329,-0.10416595,2.276186,-0.2120754,-0.3968377,0.7649469,0.19072935
0.76088154,-0.5988313,1.214654,-0.45185572,-0.56623375,-1.5386337,0.2284325,-0.79826146,-0.23799327,-0.7195292,0.6575166,0.17381783,1.0
0.38492844,0.05886196,-0.7668789,1.7915168,-0.30079448,-0.27328157,1.1517438,1.1440164,-0.35663825,-1.5456258,-1.117836,0.0,1.0
0.87000793,1.3388258,-0.14033881,-0.83407533,1.5533863,-1.0125455,-1.4075282,0.35043848,0.007555253,0.783548,-0.87039167,1.0,0.0
-0.8567857,1.3722044,-1.1428668,-0.97236925,-0.93371063,-0.2493658,-0.09340857,-1.3711007,-0.46640515,-0.3879443,0.7956654,0.18093249,1.0
-0.1927664,-0.07675411,-0.6961496,0.8261334,-0.238083,0.07684802,0.42188758,0.27760985,-0.33156034,-0.7560657,-0.64628226,0.03680446,0.8736802
-0.7262074,0.15859589,-2.1222007,0.5069635,0.57824224,0.30513996,0.4247986,0.22298068,0.35684502,-0.08755393,-0.7655765,0.0,0.76530087
1.3059438,1.1973747,0.6769921,0.77083945,-0.438492,-0.51091325,0.3575781,0.8822963,-0.31574845,0.26615492,0.33752584,0.26583365,0.7924573
1.7213261,-0.51449907,1.0192517,-0.46522897,0.72198004,-0.46738088,-1.8718446,0.32724357,-1.3768164,0.3535819,-0.56894034,0.672386,0.1298711
-1.3449951,-0.08650061,-1.1459728,-0.5028575,-0.018927393,-1.092518,-0.7319725,-0.32516617,1.3405423,-0.7278044,-0.37192115,0.20165631,0.5394342
1.5869044,-0.63554764,0.89058584,-0.22389533,-0.87537026,-1.5196992,-1.6400359,-1.4199053,-2.183889,-0.98611706,1.3087289,0.0,1.0
0.35418916,0.5033458,-0.68270373,1.1481786,-0.5211949,-0.26955324,0.82292867,0.79463446,-1.5594869,-1.4924436,-0.7072883,0.0,1.0
-0.0662287,-0.7856843,-1.6817847,0.808449,0.15993306,-0.354033,0.32293743,0.41785786,-0.2522272,-1.182128,-0.9489024,0.0,1.0
0.9397349,0.35689053,0.6007828,-0.5134808,-0.7607777,-1.4796319,0.80447733,0.29712486,-0.0884506,-0.2397536,-0.9367058,0.17519097,1.0
-0.60087204,0.103306696,-0.65403634,1.1689764,-0.021846674,-0.47978184,0.24684222,0.75699604,-0.37811163,-1.5227313,-1.7593788,0.0,1.0
-0.4378139,3.5579407,-1.690044,-0.61456037,3.6394737,-1.5386337,-1.6699935,0.8757084,2.7518206,1.379595,0.35291958,1.0,0.0
0.28326195,-0.008017716,0.43105274,-0.64860535,-0.77823496,-1.2291765,-0.592671,-0.60039824,-0.24522229,-0.34350803,0.60171455,0.26949865,0.8592922
-0.2595706,-0.0026960038,-0.9049115,-0.97236925,-0.7206967,-1.349823,-1.0344808,-1.5922731,-1.3722984,-1.6747506,0.8955788,0.08660378,1.0
-1.1320413,-0.31804562,-1.4016335,-0.39276403,0.6299071,-0.97091085,0.80510205,-0.07021568,-0.1533498,-0.2721943,-1.3657795,0.0,1.0
2.5176787,1.8049834,1.4749413,-0.97236925,1.0906249,-0.46712458,-1.8718446,1.7367737,1.6531271,0.7081973,-1.2111542,1.0,0.0
-0.021979414,4.7222033,-2.1915398,-0.97236925,4.490648,-1.5386337,-1.8718446,1.7367737,2.7518206,1.7273566,-0.36718735,1.0,0.0
-0.63318056,-0.45834377,0.32408342,-0.20002088,-0.14352831,-1.4740222,0.031579483,-0.5978349,-0.17294802,0.14343838,0.0444339,0.0,0.7461401
1.1235721,2.81168,-1.9225264,-0.97236925,1.605923,-0.9941235,-1.7030579,0.6654399,0.98536247,0.3450332,-0.79144186,1.0,0.0
-0.9816486,0.16481423,-1.9436816,-0.14977092,0.21216977,1.1681746,1.2844219,-0.0012113017,-0.15898897,-0.6852012,-1.5905515,0.0,1.0
-1.773711,0.73394376,-0.6439613,-0.117792316,-0.16529885,-1.5308883,-0.8491828,-0.9620673,1.7940279,0.27542204,1.8658206,0.5341389,0.62514687
-0.28375167,1.175281,-0.21580672,2.1267874,0.4264387,0.36293823,1.599401,1.7367737,-0.05964023,0.15662432,-0.7707859,0.12516786,1.0
-0.6807921,0.2692808,-0.46332234,-0.1957366,0.43330476,-1.0522301,-1.1806368,-0.57473624,1.5572981,0.32174093,1.4985445,0.43413976,0.06420362
-1.346694,1.2174064,-2.1868515,-0.6494244,2.415552,-1.5386337,-0.40202475,0.5029109,1.3582966,0.90774804,-1.2845285,0.5630661,1.0
0.033934437,-0.63679504,0.056725554,-0.6259443,-0.8256771,-1.0800823,-0.737591,-1.2782446,0.02103689,-1.4124916,1.540486,0.05311165,0.77923787
-0.21686731,0.8490366,-1.1680399,-0.6262725,-0.06454559,-1.0993649,-0.734745,-0.09443967,0.13410291,-0.7076837,-0.37519887,0.282804,0.8993456
-0.78456587,0.21495582,0.62930644,0.1838715,-0.4925919,-0.62186813,0.7601539,0.2893201,0.8802081,0.07097424,-0.64203835,0.057551958,0.79353774
1.6187558,4.7222033,-0.72427255,-0.97236925,-0.15876126,-0.7057762,-0.56408787,0.5172258,-0.17150222,-0.71755785,-0.89653736,0.36253786,0.9434089
-0.11221804,-0.32671967,-0.8127984,-0.09160602,-0.75555515,0.3281621,0.29887968,-0.0046639354,1.7564613,-0.3310559,-0.44895068,0.053946234,0.8570162
-1.4415317,2.011588,-0.43631557,-0.19046071,0.50523245,-1.2591851,-1.8718446,0.43370715,2.7518206,0.25467992,0.73236364,0.9252235,0.0
0.22307926,0.04714076,-0.7709705,-0.92306644,-0.48999962,-1.1484439,-1.0337394,-0.91164964,-1.318885,-0.9972956,-0.20871016,0.0,1.0
0.28870392,1.0801716,-0.8509021,-0.55296266,-0.50087035,-0.7100143,-0.5308743,-0.5895188,-0.3765805,-1.3720579,0.12819996,0.0,1.0
-0.6004353,0.78717923,0.3366518,-0.20840794,0.50587475,-1.4414606,-1.4594731,-0.43340987,0.4181715,0.2528359,0.9273026,0.49816516,0.21696624
-0.16175163,-0.8948862,0.038014404,-0.74477184,-0.31196705,1.9375052,0.20838808,-0.25652626,0.37922096,-1.2936543,-1.043648,0.28296298,0.42233977
0.5228078,-0.04374583,0.078246914,-0.29691347,-0.18638527,-1.4038994,-0.7212464,-1.2496339,-1.1668712,-0.90783644,1.6804428,0.1235581,1.0
-0.337936,1.0624973,-1.3902334,-0.97236925,1.0754976,-1.0594815,-1.8601055,-0.0011062659,0.8365585,0.008138249,-0.99419093,1.0,0.32186276
1.2467238,-0.5808858,1.1106037,-0.19995548,-0.652766,-1.0616652,-0.89830333,-0.7216897,-1.5102108,-1.269118,1.0889524,0.0,1.0
-0.27653864,1.1842268,-0.7125382,-0.3569322,0.055347234,-0.9627036,-0.7994192,-0.32247353,-0.093677364,-0.115009926,-0.12026748,0.12762874,0.46514016
0.1319652,-0.80249983,-0.29560015,-0.97236925,-0.11544769,1.0625322,-0.0994512,-1.4672372,-0.3207368,-1.6747506,0.48221004,0.0,0.84760267
-0.8053441,0.3702703,-0.9976743,-0.44231802,-0.42197657,-0.974792,-1.0944026,-0.50202364,1.9464562,-0.1160937,0.9264319,0.154317,0.86661917
2.173056,-0.2970175,1.6059331,-0.5026401,0.70277584,-0.59889334,-0.5380904,0.5433841,-1.3448287,-0.3788657,-0.64141446,0.45401472,0.414418
-0.6204355,0.6226539,-1.2806809,-0.97236925,-0.40575823,-0.50127995,-0.5580145,-1.1444416,-1.0455792,-0.30869672,0.1995937,0.0,0.867943
0.84225017,-0.57613176,-0.2335811,-0.2516915,-0.48216102,-0.7099141,-0.34852284,0.035181656,-0.4856311,-0.28997478,-0.42680767,0.0,0.8000836
-0.11690275,0.3302625,-0.43480355,1.4475559,-0.47515345,-0.09202821,1.6681911,1.3264807,0.47251594,-0.88072014,-0.9030292,0.0,1.0
1.09627,-0.49788374,0.0036886744,-0.013736018,-0.07100888,-0.86044854,-0.37664342,-0.03138499,-1.466212,-0.1077112,-0.41230825,0.0,0.92627376
-1.2175387,0.7331578,-2.1915398,-0.97236925,-0.54428583,0.19839805,0.35169655,-0.98717934,-0.5983125,-1.0208348,-0.48612252,0.23009983,1.0
0.6293977,3.4758148,-0.9159746,-0.97236925,2.599162,-1.52262,-1.8718446,0.75310874,1.2694507,0.21342103,-0.50116557,1.0,0.0
0.6598013,3.3281715,-1.7950106,0.9963221,-0.16800076,-1.3096019,-0.8699853,1.172061,-0.09165822,-1.226221,-1.0369778,0.63564837,1.0
0.98438424,4.7222033,-1.3725486,-0.97236925,1.0713713,-0.8387755,-0.89016265,0.3983399,1.3397163,0.36517176,0.0045885537,0.87548566,0.43138146
-0.15588741,3.0064719,-1.1663454,-0.64615,0.9399733,-0.7324688,-1.1035429,-0.15349081,0.8367405,0.87667507,0.62657607,0.6485384,0.1432487
-0.6469898,-0.5965572,1.4975889,-0.86845225,-0.93371063,1.3722368,2.0787518,0.17520007,2.7518206,0.7970692,0.023144478,0.29751667,1.0
-0.9938832,0.7859706,-0.09808616,-0.7140597,0.014256169,-0.2615701,0.6481104,-0.52335835,-0.3868939,-0.9355039,-1.3344471,0.0,1.0
1.0014769,-0.6136144,1.2151725,-0.25409657,-0.93371063,-1.5386337,-1.2819092,-1.3994137,-2.183889,-0.8010708,1.634719,0.19599658,1.0
0.87078595,0.7680289,2.8018205,2.1267874,-0.93371063,4.5095143,2.317571,1.7367737,-1.0670823,1.3367326,0.12288366,0.124512754,1.0
-0.17540793,0.5044033,-0.69467,1.494833,0.15988976,-0.69358283,0.57894254,0.6238573,-0.9884821,-1.1634022,-0.7138514,0.031756975,0.78929603
-0.04255488,-0.11226059,0.22638974,-0.38086396,-0.478354,-1.0859843,-0.4511832,-0.6572014,-0.5632092,-0.70243,0.573684,6.788038e-05,0.5820546
-0.058248896,0.8515161,0.022248708,1.2415546,0.9770899,-0.39956897,0.5690878,0.6894738,-1.0129585,-0.21844105,-0.2488985,0.0,0.49319354
-0.24426244,0.21247555,1.8333411,2.1267874,-0.8983023,2.5447247,2.1210654,1.505706,-1.6193767,0.42711288,-0.58249766,0.45088637,1.0
2.1703358,0.38045713,1.423793,1.117654,-0.8502619,-1.5386337,-0.11409211,0.61611784,-1.2235478,0.54026574,0.5017904,0.0,0.9978257
0.9911671,0.9366656,-0.0060207006,-0.4853055,0.14998147,-0.5807109,-1.14798,0.12845154,-0.73404974,-0.25890827,-0.8008112,0.4179819,0.29578146
0.7012283,4.682378,-0.897389,-0.97236925,3.441464,-1.5386337,-1.0808147,1.1176295,1.1299524,0.7845792,-1.1939048,1.0,0.0
-0.16234878,0.85928804,-1.7742859,-0.91425896,-0.5607787,0.0015826151,-0.25348315,-0.63272166,0.5059717,-0.036410607,0.7195647,0.0,0.74621475
2.3986819,0.26267,0.48603192,-0.92736006,-0.56401414,-1.2600775,-1.6099077,0.7495349,-0.99326503,-0.16558692,-1.3989387,0.48609284,0.75065863
-0.25494668,1.8961108,2.8018205,1.9446018,-0.93371063,1.1848109,1.0067195,1.2442927,0.050211288,0.5637529,0.5788633,0.13787463,0.96024257
-0.038392935,-0.061603043,-0.042560447,-0.01911759,1.1128999,-0.77591753,0.5159112,0.40734616,0.6344724,1.3296583,-0.17912115,0.0,0.5980121
-0.11126153,-0.41343758,-0.50186473,-0.08678843,-0.93371063,-1.144403,-0.4279086,-0.13434397,0.30938601,-0.50985014,0.09000236,0.16212645,0.5663932
-0.9929512,-0.55591846,-0.7218612,2.1267874,-0.21254712,-0.31323537,1.4988912,1.5293201,-1.1313413,-0.32630208,-1.7593788,0.059959084,1.0
0.1672677,3.2834914,-2.1915398,-0.97236925,0.545898,-1.343637,-0.8381951,0.34311506,0.82370585,0.23574924,-0.21613479,1.0,0.21626422
0.61596197,-0.6934462,0.26972076,-0.53502345,-0.6145897,-1.5386337,-1.2667783,-1.5922731,-2.0821562,-1.6747506,1.843259,0.0,1.0
-1.0067972,-1.0442101,-0.60953057,0.19309118,0.113553554,0.5439701,1.5852334,1.0806632,1.2482809,-0.3620215,-1.7593788,0.13962814,1.0
-1.0532151,0.62961894,-0.60913765,-0.014144503,-0.09329883,-1.2150645,0.86943,0.19371168,0.07735203,-0.39812994,-0.71971583,0.0,1.0
-0.31096643,-0.852756,-1.3124158,1.9254293,-0.020637963,0.048486143,1.3445702,1.734809,0.6473975,1.3064127,-1.250419,0.081629924,1.0
0.5254274,-0.5338415,0.39691955,-0.4509867,-0.5636437,-1.4397671,-0.9275515,-1.4676473,-1.4550759,-1.6659437,1.2879171,0.0,1.0
-0.3305124,-0.6206503,-0.103107475,1.4321005,-0.10128251,0.06897449,0.87034506,1.1045157,-0.028489104,0.20332113,-1.1998396,0.13383235,0.74472505
0.69578654,0.69183356,-0.49894825,-0.97236925,-0.4827281,-0.9639715,-0.54236156,-0.2631273,-1.1864941,0.30867937,-0.91876155,0.27669805,0.46082425
-1.2506973,0.81402314,-1.566942,-0.0027416865,0.8204617,-0.31100032,1.4441746,0.71480477,1.9733212,0.0058795977,-1.2591728,0.3592532,1.0
0.7677787,1.941993,-1.3123535,-0.97236925,2.0829806,-1.3638117,-1.8718446,1.1630272,1.4337867,0.40987888,-0.97792363,1.0,0.05700368
0.05804831,0.20506518,-1.2098385,-0.14459462,-0.20897323,-0.59321845,-0.16353591,-0.18787251,-0.1460106,-0.23854047,-0.38302955,0.0,0.46231067
-0.9796342,4.7222033,-2.1915398,-0.6433412,1.9785769,-1.5386337,-1.8718446,0.448473,2.7518206,-0.4495039,1.1183583,1.0,0.0
0.55502445,0.030519307,0.5641167,-0.19350946,-0.93371063,2.8878367,1.0209149,-0.64990294,0.34007376,-0.09742483,0.91457874,0.10226639,1.0
0.712399,0.73000824,1.3633965,1.5354575,-0.93371063,3.0956588,1.776017,1.0684431,-0.7100703,-0.69903684,-0.17751996,0.0114827845,1.0
-0.6261858,-0.96825475,0.6060848,-0.664995,0.28656968,-1.4562955,-0.23001282,-1.2495375,0.6290119,-0.67437625,1.3775109,0.0,1.0
-1.0227479,1.1509827,-2.1915398,-0.50100076,1.8875943,-1.2787497,-0.31629926,0.74586284,0.73557085,0.47527072,-1.4310476,0.41279674,0.5567865
0.9617728,-0.27472016,0.14315668,-0.6159647,-0.48019803,-1.3595533,-0.94794124,-1.0885869,-1.4758307,-1.5438122,0.78686607,0.0,1.0
0.88381153,0.044089153,0.24836904,-0.97236925,-0.8323868,0.11275559,0.48171192,-0.6744854,-0.20137265,-0.49680832,-0.70645434,0.48881307,1.0
0.3362051,-1.0442101,-0.63451934,-0.54133856,-0.19653842,-1.0631618,-1.2640865,-0.8705497,0.00075181475,-1.3634326,0.8964809,0.19666034,0.6611422
-0.5267043,-0.3101135,-0.81715584,-0.97236925,-0.52017057,-1.2229717,-0.60274297,-1.4471183,-0.39207026,-1.1462364,1.3978535,0.16747372,1.0
-0.31827083,-0.6177896,0.61800605,-0.06660887,-0.4599396,-1.245152,-0.16970876,-1.1171052,0.2918588,-1.1546667,1.3967679,0.0,0.79494953
-0.31743246,-0.07045461,1.0297855,0.60290045,-0.6096759,0.31550545,0.6017025,0.2877818,-0.7974387,-0.2956668,-0.29261842,0.20833717,0.81696296
-0.47266474,2.4262412,-1.136981,-0.15269923,2.125113,-0.61568904,-1.8718446,0.52808475,1.5820948,-0.17474101,-0.029130224,1.0,0.0
-0.026907366,-0.30916288,1.1622508,-0.40031168,-0.77066314,-0.7405906,0.41155082,-0.7510017,-0.45964906,-0.3821996,1.0513911,0.0,1.0
0.25139862,0.59478855,-0.046037067,0.020115403,-0.5346078,-0.84206986,0.48030567,0.09242792,-0.25710618,-0.56107235,0.17162149,0.21803929,0.90990347
-0.9426089,0.41843525,0.9299099,-0.15408885,-0.93371063,0.13830692,0.30412346,-0.5045983,0.9486385,0.26585642,0.7199871,0.0,0.5784719
-0.0675707,-0.5348756,-0.11978664,-0.97236925,-0.66738707,-0.575622,-0.16267222,-1.1923912,0.8948469,-0.77698725,0.6085113,0.036571123,1.0
-0.1878885,4.7222033,-2.1915398,-0.92665535,1.3802938,-1.5386337,-0.97164947,0.039015908,0.66331387,-0.50921965,-0.4981601,1.0,0.32551244
-0.9365481,-0.2573897,-0.7944455,-0.9181147,-0.10749074,-1.0003521,0.4970945,-0.03234946,1.4233292,-0.21375479,-0.658736,0.052738942,1.0
1.8791877,0.49720076,1.0435591,-0.42061776,-0.1845091,-1.1348133,-1.7340186,0.37470862,-0.67464274,0.7937014,-0.0938658,0.15568489,0.89244413
-0.88134956,0.13015243,0.2874285,2.1267874,-0.93371063,0.757647,2.317571,1.7367737,0.48599598,-0.009032231,-1.7593788,0.14936648,1.0
-0.57037944,2.5363414,-0.9404013,-0.6910022,0.13814664,-1.5207746,-1.8718446,0.151712,1.4941193,-0.51520157,-0.20660375,1.0,0.0
0.63679206,-0.28800377,0.30785558,-0.8148005,-0.93371063,-1.0587039,-1.2107148,-0.4810581,-1.0544513,-0.33116433,-0.17017516,0.24049604,0.68367565
0.094928116,4.7222033,-1.942464,-0.7584541,2.0711074,-1.3716955,-1.540546,0.75418705,1.5971311,-0.407978,-0.80370927,1.0,0.0
0.16309388,0.4281595,-1.9906322,-0.87506926,0.39810345,-0.47751927,-0.47597277,0.3198172,0.014058422,-0.68525624,-1.4460299,0.3570966,0.93382144
0.014267692,2.7765214,-0.7732446,-0.85891575,3.0397823,-1.3093936,-1.8718446,0.72388244,0.94548345,0.560552,-1.3004534,1.0,0.0
0.75945514,0.46040356,-1.7672459,-0.8284391,0.23536137,-0.9479325,-0.9657229,0.46381503,-0.24086438,-0.75604033,-1.5678899,0.83291066,0.29702693
-0.39130065,1.5866653,-2.0806897,-0.114147216,0.42565987,-1.2289402,-0.25178868,-0.06506775,0.70121413,-1.0260508,-0.44454208,0.0014942493,0.8687615
-0.22990648,-0.40138167,0.278884,-0.61309534,-0.25783005,-0.8517927,-0.52082646,-1.5922731,-0.45325506,-0.9570806,1.4746269,0.04319679,0.9339687
1.2924653,-0.29956225,0.37920856,0.62939596,-0.93371063,-0.7346322,0.16599028,-0.32109267,-1.3754903,0.17958334,0.5822543,0.0,1.0
-0.32133108,0.6270703,-0.74949205,-0.65775317,-0.45105442,-0.7600352,-0.36247444,-0.39674804,0.53389704,-0.6271972,0.17228036,0.17957845,0.85510767
0.73894733,1.0329255,0.76757437,0.09416034,-0.42603344,-0.78489226,0.2094832,0.1442572,-0.5152138,1.5929736,0.6173097,0.0298632,0.70627224
-0.5136917,-0.7855791,-0.39400068,-0.18017456,0.22329888,-1.1467638,-0.015286816,0.20013149,-0.020452403,-0.21691641,-0.85972536,0.0,1.0
1.1679764,-0.6234678,-1.5214974,2.1267874,-0.4331065,-0.19058946,0.045114014,1.202031,-1.7553438,-1.6255403,-1.0390222,0.0,1.0
-0.6693205,-0.8198196,1.3266844,-0.31350642,-0.608199,-0.14414991,1.7660075,0.41979942,0.37433097,0.4132849,-1.7593788,0.057423867,1.0
1.5023239,0.20073654,0.5400923,-0.19080283,-0.93371063,-1.2589877,-1.0203593,0.8432369,-0.8425862,-0.034912474,-1.0827233,0.58046675,0.628738
0.66264206,-0.7746824,-0.27397212,-0.46290988,-0.71273327,-0.6285283,-0.039700862,0.030560466,-0.50333875,-0.33607462,-0.456459,0.12025591,0.90401864
0.88725746,0.35611066,0.50938565,-0.925184,-0.2725083,-0.57088447,-0.5703728,0.5794354,0.07013488,0.41403678,-1.1614671,0.27542108,0.39694083
-0.54675746,4.258744,0.47759452,-0.02374447,0.8601746,0.20170653,1.2814537,0.20753925,0.07132748,0.6950071,0.38211697,0.0,0.6654095
0.6971547,-0.94003683,-0.6357629,0.21691202,-0.063632704,-1.1419086,-0.7861228,-0.15241012,-0.703902,-0.6935413,0.35392582,0.021413961,0.7616538
1.7065997,0.44879904,2.5483236,-0.076819845,-0.24345309,-1.146271,-0.49747163,0.051138837,-0.9465107,-0.48615298,1.074206,0.19265394,0.60978955
-0.26423505,0.18307835,-1.1971579,0.2099552,-0.19846895,-0.799231,0.03670336,-0.019538872,-0.6343568,-0.8853749,-0.6752077,0.032669,1.0
0.16482101,2.2820768,-1.6684635,-0.76132876,0.58825356,-1.0521232,-1.8718446,0.50809157,0.8896465,-0.06880141,-0.8929403,0.9651598,0.0
0.48521936,-0.7979986,-0.5468872,-0.5477118,-0.27431282,-1.332096,-0.9712735,-1.0465921,-1.3100199,-1.2949513,0.44412023,0.0,0.93628365
-0.16328758,-1.0442101,-1.0363514,0.65291727,0.39541358,-0.48494837,0.7861355,0.39801902,-0.3882139,-0.22963218,-1.0011638,0.0,0.9909271
-1.4110836,0.22906575,-0.14426969,1.5836607,1.1760767,1.0515152,1.9725536,0.6344222,-1.60111,0.55471355,-1.4922463,0.0,1.0
0.115814164,-0.3135102,0.4969789,1.4271289,-0.77774,3.3392756,2.2085018,1.3665129,1.040273,-0.4657367,-1.2932994,0.19903548,1.0
0.09820661,1.6869628,-0.32518503,0.0014841766,-0.1247411,-0.80960584,0.39622384,0.23929219,0.8870727,0.054747954,0.35609192,0.0,1.0
0.6127789,-0.42175502,-1.3995979,-0.013537816,0.116238736,-1.0015925,-1.3530631,0.5571483,-0.0059591825,-0.22051534,-0.74580085,0.558172,0.71827996
-0.8092808,0.15260337,-0.076817095,-0.3248391,-0.49398234,-1.0555917,0.13918479,-0.91545504,1.0143924,-1.1708149,0.8740928,0.0,1.0
-0.1715751,-0.28278133,0.038690478,-0.712134,-0.6466809,-1.1701114,-0.87510186,-1.3379931,-0.95867527,-1.3474855,0.9489075,0.0,0.93135536
1.0013528,1.3951141,0.5482977,1.3198798,3.517235,-0.034493465,0.8836071,1.6044133,0.32375547,1.9391603,0.5730613,0.92823315,0.0974329
-1.1105615,0.8253324,-1.1219387,0.6227374,1.1028214,0.22013015,1.0541489,0.25551984,0.41548964,0.21832342,-0.2896852,0.03842885,0.7990442
-0.19472168,-0.41063276,0.033818938,-0.8337362,-0.19349429,-0.7141679,0.3086244,-1.0887017,0.6196784,-1.0102297,0.91036123,0.0,1.0
0.77200824,-0.34232232,0.2924119,-0.090457246,-0.5933182,-0.17909366,-0.52562904,-0.47832832,-1.3162953,-1.1402366,0.18293189,0.0,0.6295096
-1.3331405,-1.0442101,0.46930912,-0.20812193,-0.71610165,2.4949622,2.317571,0.36618024,2.65761,1.1587148,-1.0900185,0.0473701,1.0
-0.910504,0.879071,-0.16560066,2.1267874,0.13216835,0.4027044,1.1537548,0.62031996,-2.183889,-1.2166109,-1.3269933,0.0,1.0
0.02819585,0.89933544,0.7217155,0.8398698,-0.93371063,3.212673,1.3717633,1.1113507,1.3385695,1.7508783,0.07483169,0.10245576,1.0
-0.22657062,0.15820253,-1.5562496,-0.20391239,0.83119845,-0.24438897,-0.0119331535,0.07647181,-0.5990843,0.4341677,-0.64500886,0.0,0.75597906
-1.1525118,0.5550458,-1.8098989,-0.97236925,0.16044003,-1.2398618,0.74901664,-0.13673581,0.8096926,-0.8796401,-1.7593788,0.0,1.0
-0.50228864,1.2190515,-0.87909824,-0.020620577,0.032118484,-1.0632995,-0.19380632,-0.041536108,-0.30303052,-0.8593611,-0.41062725,0.24467173,0.4554642
-0.9047058,2.868823,-2.1915398,-0.5195914,-0.49490812,-0.95680124,-1.4979101,0.36735675,2.7518206,-0.2948004,0.7946602,0.7741603,0.18514585
0.87888867,0.63079846,0.9249043,-0.24283911,-0.40534377,-0.9634937,-0.31127733,0.0089656785,-1.725746,-0.3011772,0.008679917,0.092588425,0.6501122
0.5195386,-0.14647537,0.031353332,0.16607268,-0.6653247,-1.1240138,-0.6250595,0.27113026,-1.2768025,-0.4306638,-0.60983396,0.0,0.8012645
-0.15368943,0.38532886,-1.8697479,0.4870903,-0.20807368,-0.87860435,0.5529742,0.40700388,0.011601223,-0.6002517,-0.7772714,0.0,1.0
-1.1807855,-0.40071413,-0.6109852,-0.97236925,-0.38870484,-0.6522428,0.21296404,-1.1239086,2.1357977,-1.4315921,-0.34646493,0.18350735,0.92187554
0.33872446,0.20594628,-0.9500535,0.35808268,0.3997671,-0.8808337,-0.16764136,0.39172703,-0.8809003,-0.17156917,-0.8942866,0.17705327,0.6430282
-1.2580882,0.38297668,-0.38096097,-0.97236925,-0.61432785,2.195025,2.317571,-0.76432604,1.5494841,-0.40013543,-0.76620406,0.0,1.0
0.7730963,-0.50296295,0.20763478,0.636835,-0.66012603,-0.62221605,-0.57826114,-0.0034136157,-1.0049095,0.33811674,0.16522977,0.07553185,0.626787
0.4788516,-0.76042014,-0.65402246,-0.83344454,-0.30275708,-1.0667259,-0.796699,-0.81628233,-1.0873723,0.30876958,0.45198536,0.0,1.0
0.53173125,0.009215595,-0.48969528,-0.11798563,0.229781,0.11295945,0.54416555,-0.26859146,-0.9693546,-0.090253,-0.13369173,0.0,0.83090293
-0.47937933,-0.39593568,0.13021311,-0.6467717,-0.6988692,-0.3476792,0.7263129,-0.4664657,1.7374381,-0.34442207,0.3823788,0.0,1.0
-0.0060820356,4.3056946,-0.75950474,0.24997179,4.152676,-1.069393,0.052243203,1.0186883,0.7847582,0.71309954,-0.13446072,0.86721265,0.23733684
0.3939377,2.3096416,-0.8102644,-0.5879399,-0.15601903,-0.9488215,-1.1832507,0.0999177,-0.19581372,-0.77517974,-0.52291363,0.5905627,0.41979596
-0.83114845,2.463581,-1.7392795,-0.66466576,-0.8714678,-1.5386337,-1.5708971,-1.4577079,0.12928732,-1.2264318,1.5269506,0.38711286,0.93887144
-0.020238627,0.47099644,-1.1658418,-0.7545337,-0.10351347,-0.6335362,-0.15148914,-0.14329517,-0.44750965,-0.5614121,-1.0899616,0.0,0.9440641
-0.5750584,0.19154564,0.34636143,-0.07690324,-0.81881714,-0.12694132,0.8022747,0.0043889154,0.22024922,0.57169074,-0.14973013,0.0,0.93053967
-0.27951047,-0.43591952,-1.0265204,0.16006473,0.1918461,-0.9989267,-0.42528045,-0.26333845,-0.7736425,-1.146026,-0.23709804,0.12135101,0.78154844
-0.00899284,2.2437017,-0.96933126,-0.97236925,-0.93371063,-0.27497265,1.0668575,-0.33376697,1.8026297,-0.33994028,-0.18247293,0.17973332,1.0
2.5517285,-1.0019993,1.0017772,-0.97236925,-0.93371063,-1.5039685,-1.8639286,-0.4206266,-2.183889,-0.95208454,0.1724544,0.3338862,1.0
1.995836,0.6089325,2.3416874,-0.29329297,-0.29262865,-0.9521787,0.30164593,0.42020628,-0.6592339,2.2506683,0.01589186,0.18442097,1.0
0.82690424,3.7401092,-0.63795763,0.51387393,1.5319318,-0.96597344,0.12738374,1.0930914,0.44455943,-0.41964749,-0.13033688,0.42825556,0.9686435
-0.38442677,-0.7395324,-1.4926591,0.118312985,0.70298135,-0.0010056943,0.51699847,0.08497856,-0.5569404,-0.45202675,-1.1291227,0.0,1.0
0.5933514,4.7222033,-1.4106939,-0.97236925,1.8552327,-1.5386337,-1.4539878,0.7592017,0.8605671,-0.59097177,-1.4109001,0.9948747,0.047388054
-0.341448,0.6259203,1.7628982,1.5415751,0.02731158,0.95928943,1.8403856,0.64156634,-1.1954312,1.1076472,0.0076596495,0.0,1.0
0.44637853,2.568891,0.04201278,-0.24308445,0.25026438,-1.1465914,0.9889791,0.0500245,-0.84434956,-0.7746997,-0.8652898,0.0,1.0
-1.1977693,-0.8899785,0.38077357,-0.70826864,0.5288432,-0.5673501,0.9096681,-0.82362413,1.8589174,-0.34618482,1.1034518,0.0,0.73501205
0.6358174,-0.35183674,0.61715144,-0.056465026,0.62995154,-1.0253556,-0.7559882,0.87953156,-0.35454756,1.3755165,-0.77702296,0.6797984,0.3589091
-0.6823734,0.35788226,-1.8733941,0.32488728,0.15089172,-1.0104387,0.37577456,0.293824,-0.21501823,-0.43446216,-1.4442861,0.0,1.0
-0.086061314,-0.40687877,0.1714544,-0.7416494,-0.38581055,-1.4800187,-0.22926657,-1.0895315,-0.01176277,-0.88472795,0.4856354,0.04163248,1.0
-1.0507001,4.426917,-2.1915398,-0.8935769,2.2386713,-1.5386337,-1.8718446,0.3535685,2.1703713,-0.34156746,-0.5524495,1.0,0.13928713
-0.46073866,1.5978947,-1.0491674,-0.6729258,-0.03972532,-1.2224568,-1.0387596,-0.043213133,0.43036503,-0.3787127,-0.41720507,0.5006641,0.65420544
0.6388524,0.764576,0.0067084245,-0.6827599,1.0266223,-0.70127153,-1.6251566,0.78164595,0.7355757,1.0986067,-0.41149673,1.0,0.0
2.0237768,-0.72453344,0.856683,-0.017141275,-0.8314448,-1.5386337,-1.6477059,-0.5693639,-2.183889,-1.4917194,1.07397,0.0,1.0
-0.8921193,0.7168517,-2.1915398,-0.5264659,0.21777678,-0.8893772,-0.6528769,0.14612211,1.3903064,-0.96892506,-0.7015084,0.067509815,0.97799253
1.5694366,-0.43477768,1.7092214,-0.4803688,-0.70545876,-1.5386337,-0.4388355,0.7282119,-0.47497547,0.7545377,-0.2627658,0.53986824,0.60591996
1.3070542,0.5460114,2.0323727,0.3720771,0.232811,-1.0844473,1.6075524,0.8288944,-0.21887866,0.61624545,-0.11679104,0.0,1.0
0.6218151,0.42901197,-1.3266337,0.9493443,0.559611,-0.3920335,0.34741038,1.1604786,-0.46250224,-0.97344846,-1.3347604,0.3451232,0.83331734
0.157243,4.7222033,-2.1915398,-0.72320014,3.292298,-1.5386337,-1.8718446,1.482898,2.7518206,0.89901406,0.08507826,1.0,0.0
0.3599542,-0.73421395,-0.30164075,-0.6489753,-0.29988155,1.5978578,-0.16289434,-0.79343724,-0.6132064,-1.0631238,-0.87324125,0.0,1.0
0.1871075,-0.54297936,0.23768067,-0.04619512,0.0090384465,-1.1407633,-1.0728545,-0.19082633,-0.9580487,-0.49282017,0.04861568,0.021814266,0.7356491
-0.49495777,-0.80441177,0.6918692,-0.47498518,-0.22466776,-1.1135187,0.012622407,-1.1275225,-0.15414028,-0.7131385,0.6079929,0.04468345,1.0
0.47283247,0.1849448,0.09497429,0.17395596,-0.441748,-0.44613585,-0.62903273,0.0094790775,-0.18477155,-0.5512217,-0.007684214,0.19817677,0.85184175
-0.26377824,2.2490864,-1.0450506,-0.94795275,2.2182443,-1.3366197,-1.8718446,0.6640815,1.9860169,0.467765,-0.67600596,1.0,0.0
1.0183201,-0.6101238,-0.8028512,1.6193383,-0.49123302,-0.63790786,-0.10256919,0.68124723,-1.90138,-0.98958224,-0.37056604,0.0,0.94062394
0.45684683,1.7460016,-0.44150895,0.07427467,-0.6167033,1.1626478,0.7831716,0.04952494,-0.2185571,-0.66293013,-0.25018322,0.020407742,1.0
-0.5980474,0.435539,-1.0742097,-0.97236925,-0.44364932,-1.1468568,-0.16168448,-0.7220636,-0.6990899,-0.62000555,-0.5364657,0.16948853,0.94875187
-0.2352074,-0.17838539,-1.181561,-0.40948638,-0.44016972,-0.6400072,-0.81396186,-0.5310555,-0.9687698,-1.6747506,-0.23085535,0.0,1.0
-0.17373142,0.2373107,1.5645819,1.606063,-0.45363215,0.954697,0.7069867,0.7261752,-0.6945485,-0.885634,-0.65481097,0.20480415,0.87466943
0.06477366,-0.9260203,-0.5153601,-0.13610278,0.33603543,-1.0446032,0.17190011,-0.39631352,-0.86512107,-0.598731,-0.16155282,0.0,0.79155314
-0.490392,0.87679696,0.9176492,0.4314784,0.13362074,-0.95812887,0.7382854,0.2607844,-1.0857887,-0.2757529,-0.6784058,0.0,0.9700152
1.2974241,-0.61431926,-0.8667443,-0.4225525,-0.5630879,-1.2442571,-1.0614382,-0.47143555,-1.8211555,-1.6128534,-0.09945219,0.0,1.0
-0.18159446,0.46553627,-1.516377,2.1267874,1.5054656,-0.61624384,1.5233741,1.7367737,-0.68576604,-0.33964238,-1.744514,0.32116315,1.0
0.45718408,2.959508,-1.5012631,-0.5997136,2.4321065,-1.5386337,-1.7747549,0.69113,0.70903045,-0.12113284,-1.0946145,1.0,0.0
-0.39448062,1.1875073,-0.09769539,-0.09420201,0.7735103,-0.5189805,-1.0719815,-0.27448252,0.7466746,0.1827572,0.60047835,0.4648299,0.0
-0.25768188,0.46245274,-0.98754007,-0.5177771,0.5558334,-1.0766493,0.2777496,-0.011765378,-0.25761628,-0.521636,-1.0828896,0.10874183,0.73283285
0.60817665,1.2225728,0.3965906,0.2738573,-0.93371063,3.8700693,1.6879376,0.0909027,0.021830326,-0.21985437,0.32982776,0.37173593,1.0
-0.04298375,2.5348341,-1.8465708,-0.8487715,-0.25480273,-0.65310985,-0.28861564,-0.5962073,1.2814282,0.21995297,0.7543198,0.30205485,0.5863112
-1.5330775,-0.5012859,-1.6037486,-0.13137059,0.62692356,-0.1425326,1.0184516,0.10823505,0.47921443,-0.22220004,-1.5738591,0.0,0.98951024
1.7923052,1.1508217,0.36037835,-0.34556618,1.2342395,-0.7383421,-1.4947193,1.2336428,0.2841927,0.59613097,-0.8447466,0.9245011,0.0
0.6121685,-0.1243984,-0.55451405,-0.97236925,-0.48970443,-1.2725917,-0.63865864,-0.26874563,-0.81069106,-1.1031456,-0.9832157,0.18454392,1.0
0.790046,-0.30607575,0.08020036,-0.35986274,-0.6322885,-0.7020936,-0.6644143,-0.37584424,-0.89289755,-0.7450426,0.4063373,0.0,0.7186611
0.83741343,4.7222033,-2.1915398,-0.51154965,3.3320725,-1.3456202,-1.8718446,1.5376216,1.9937629,-0.024705758,-1.03691,1.0,0.0
-0.39580148,-0.5133798,0.1015046,0.21775436,-0.54785985,-1.0311049,1.3246924,0.833095,1.0095878,0.53902364,-0.87285674,0.025111513,1.0
-0.5412301,-0.18676525,-0.6719816,0.69312114,-0.18096524,1.9222677,1.5377289,0.45670915,-0.47113556,-0.46753553,-1.5348188,0.0,1.0
-1.0071796,2.0257368,-1.5672622,-0.5997233,0.8495487,-1.448476,-1.7831632,0.115305886,1.8002949,0.18351078,0.109521106,1.0,0.0
1.6101352,-0.3497135,1.6374191,-0.12520477,-0.93371063,-1.3183889,-0.9855215,-0.89052194,-2.0319898,-0.11111582,1.4892057,0.046514124,1.0
1.5514365,-0.19660611,1.3469057,-0.32799542,-0.24757668,-1.3894343,-1.0346364,-0.015669776,-1.8361217,0.09507583,-0.22107543,0.0,1.0
-0.24634786,1.4666249,2.038546,1.4554569,2.7372017,-0.47001123,1.5060523,1.3156908,-0.16479145,0.8030674,-0.68208194,0.14812128,0.8684521
1.2164822,-0.11954814,-0.050986566,-0.668607,0.7143073,-0.9351844,-1.4794749,0.47482574,-0.58103025,0.7849168,-0.622427,0.5929504,0.37291247
0.6317736,-0.4553337,0.14919633,0.020165712,-0.45232165,-1.0502092,-1.2102284,-0.84814566,-1.8591533,-0.71873385,1.0369109,0.0,0.83106863
0.10621655,-0.47753924,-0.17492321,-0.81803,-0.50645727,-1.4967103,-1.0789384,-1.4291394,-1.1443036,-1.6747506,0.9948222,0.0,1.0
0.09038237,1.1452426,-1.7638239,-0.9529532,-0.7663394,-0.75294363,-0.29532433,0.2640994,1.9043392,0.34658813,0.18396834,0.55008453,0.57882106
1.2530625,-0.26280883,-0.07075448,-0.37401998,-0.4529632,-1.4651567,-1.1581595,-1.3157729,-2.141332,-1.6747506,1.1827384,0.0,1.0
-0.2378995,0.72734374,-0.09478406,0.09079246,-0.5710125,-0.7527131,0.01763924,-0.22036032,-0.7881275,-0.2744992,-0.08833171,0.0,0.9083419
3.0692348,1.8534319,2.4679132,-0.82550937,2.4272268,-1.3381288,-1.0767069,1.4806266,-0.8952264,0.7691702,-0.87794524,0.7854633,0.0
-0.22027981,1.7048514,-1.994128,-0.4425461,0.66445625,-0.4049532,-0.41385496,0.19971843,0.1717987,-0.9972751,-1.0940477,0.062938705,0.8021409
-0.5719926,0.10413781,0.84670764,0.6525856,-0.5634635,1.7853583,1.5644503,1.0651081,1.0628138,0.85588443,-0.21303049,0.0,0.98615295
0.2788798,1.5339966,-0.7792113,-0.9150932,-0.62503296,-1.3134234,-0.124369614,-0.4657949,-0.7792683,-1.221205,-0.36033255,0.0,1.0
0.90584147,-0.6769481,-0.0039930604,-0.5917231,-0.6328168,-0.9978078,-0.4333545,-0.9165969,-0.21818607,-1.502657,0.5513793,0.0,1.0
0.6002106,2.0289557,-1.4139687,-0.6494776,1.5332319,-0.88010454,-1.1440234,0.95119447,0.8448624,0.03236574,-0.9289948,1.0,0.0
-0.48256698,-0.045591805,-0.6069812,-0.7734252,-0.078294046,-1.0210568,-0.57497483,-0.20195042,0.12285314,-0.04441087,-0.31904587,0.31882888,0.8130198
-0.39769232,0.06153734,-1.7349046,-0.71897745,-0.3648436,-1.0375729,-0.8549021,-0.67598426,-0.40761745,-1.1899253,-0.49704486,0.033999026,0.8574534
-0.726189,-0.6236465,-0.010364387,-0.95888495,-0.23249179,-1.2107393,-0.78587437,-1.3871622,1.3888134,-1.6604698,1.4097515,0.24462003,0.9234585
-0.35718307,0.21106006,-0.82684857,-0.5870463,-0.46121955,-0.92753613,-0.41444182,-0.5935181,0.08550053,-0.968436,-0.24532449,0.11470372,0.51761436
-0.026046172,0.3470423,0.018096965,-0.16814172,-0.27633756,-0.81565726,-0.030386927,-0.17299679,-0.43654412,0.2608137,-0.40635008,0.0,0.69488096
2.5819378,0.7901583,1.4151001,1.9003297,2.309887,-0.8505986,-0.65040344,1.6917528,-0.40489924,0.7543626,-0.663844,0.978617,0.13128996
-1.3083429,-0.5268178,-0.11200761,-0.8851461,0.012014993,0.12992159,1.3736885,-1.0429366,2.1007981,-0.0381331,0.6801038,0.0,0.89692694
1.6696067,1.6348587,0.63088155,-0.37424877,0.24939898,-0.4094335,-1.4989084,0.7309445,1.2164626,1.9871238,0.4160373,1.0,0.0
1.1230505,0.38630998,0.9322503,0.026527574,-0.23948759,-0.70914733,0.044348184,0.18443774,-0.7145522,-0.9575825,-0.09938121,0.05180841,0.7608504
-0.4494237,2.2863321,-1.3566319,-0.76395637,0.27722403,-1.1380917,-1.246114,0.4311141,1.1285934,-0.20964861,-0.59143674,0.69801146,0.3191945
0.7371372,-0.35287994,-0.504561,-0.67164814,-0.5443076,-1.2071782,-0.5992878,-0.3291085,0.16185178,-1.3880833,-0.12102643,0.032673582,1.0
-0.71401143,0.33820564,-1.275765,0.7381819,0.7949103,-0.43284985,1.2829529,0.7912922,0.36294308,-0.7583714,-1.4219403,0.0,0.9334722
0.018454036,-0.010999536,-1.7641894,0.26645988,-0.64822775,1.8885999,1.420573,0.75988,2.5090816,0.21119398,-0.30756393,0.0,1.0
-1.063119,0.44056526,-0.40499106,0.57201266,0.86415255,-1.0263087,1.2742746,0.57625943,0.10242111,-0.058212362,-0.64780873,0.0,1.0
-0.6324915,-0.0058117444,-0.11287371,-0.818746,-0.44345322,-1.378257,-0.18042399,-0.27634284,1.4824435,-1.300657,-0.1373416,0.13054474,1.0
0.80896676,0.25872687,1.2683983,0.28277296,-0.93371063,0.43459377,0.72023946,-0.8859811,-1.1000429,1.1107912,1.8658206,0.0,1.0
1.2368953,-0.26893535,1.4080822,-0.6943042,-0.41439247,-0.37191993,0.49086058,-0.41473526,-0.6066462,0.20450109,0.2073582,0.0,1.0
-0.17034918,4.1791577,-2.1915398,-0.3276391,0.90831035,-1.1977425,-1.8718446,0.2769716,1.4591827,-1.1000626,-0.18301964,1.0,0.0
-0.7549756,1.2885182,0.8956714,1.2798996,-0.48511475,0.5241556,1.121377,0.30085993,-1.0125605,-0.17761852,-0.29309088,0.052292876,0.7769316
-0.42094126,-0.46836028,-0.39038768,-0.43447953,-0.21329352,-1.1218015,-0.45057416,-0.8538013,0.63215226,-0.996268,0.81094444,0.016852805,0.9247955
-0.61713177,0.27242744,-1.2445968,-0.97236925,-0.696839,-1.5386337,-1.0946,-1.5922731,-0.8653007,-1.6747506,0.5254661,0.0,1.0
-0.630187,2.956599,-2.0302544,-0.50853235,0.27550855,-1.2834773,-1.8718446,-0.031185105,2.0520742,-0.4201611,0.7236834,0.8633583,0.02199865
-1.0559205,-0.044990018,-0.40875384,2.1267874,0.09243748,0.5758525,1.5931278,1.1487839,-1.1376163,-0.3902195,-1.5411665,0.067407064,1.0
1.4020803,0.6600559,2.5127156,1.5417292,-0.93371063,-1.1185633,0.07140953,0.27132115,-1.5580007,-0.89067113,1.4286281,0.0,1.0
-0.18000251,2.390908,-1.5013901,-0.7746017,0.7303528,-0.8078325,-1.6222078,0.016130041,1.0615251,0.007969072,0.06249509,0.6672872,0.0
0.081604615,0.60716665,0.3153188,-0.22957781,-0.54825747,-1.0317801,-0.4224522,-0.3313867,-0.29682913,-0.15081614,0.31666002,0.079956636,0.4465303
-0.68071276,-0.48803768,-0.8806818,-0.49318364,0.12104698,0.13474876,0.8060713,-0.030667929,0.1050748,-0.28741837,-1.371982,0.0,0.81790364
-1.0266151,-0.08743048,-0.92751336,-0.97236925,-0.2757788,0.7767321,0.8975589,-0.41769436,1.3741838,0.05176861,-0.84254414,0.09156034,0.6249101
0.20649806,0.05292572,-1.3755865,1.1233274,0.3195753,-1.1223629,0.8748738,1.2233106,-0.014282221,-0.74652654,-1.4915246,0.3680313,1.0
-0.37057716,0.15410292,-1.3401722,-0.10377889,-0.03812208,-0.6505658,0.043038893,0.35411847,0.21040902,-0.12826411,-0.76392305,0.05385898,0.8855031
-0.5509649,-0.28135023,-0.26911256,-0.97236925,-0.93371063,1.1644619,0.9984205,-0.73650855,2.7518206,0.6685239,0.30541888,0.21860702,0.6607724
-1.086875,0.08953236,-0.86787003,1.7696186,0.6631641,0.20734325,1.4950305,1.1385849,-1.00944,-0.25804314,-1.5442967,0.0,1.0
2.3126233,-0.36157253,0.5933927,0.78615814,2.7238643,-0.29325935,-0.58581465,1.7334142,0.119914345,1.0558664,-0.65634584,1.0,0.0902144
0.20198889,-0.1924065,0.289361,-0.679202,-0.6459046,-0.3149008,1.0247048,-0.29879043,1.6951329,-0.5763642,0.11032435,0.0,1.0
-0.6653,-0.4186173,-1.6492405,0.037817284,-0.32321256,0.1259253,0.97183603,0.4025309,0.11935039,-0.8433979,-1.7593788,0.0,1.0
0.23421966,-0.025097542,0.86935407,0.337801,-0.42211655,0.1442588,-0.4491604,-0.33804977,-0.6983112,-1.3035225,0.45153943,0.0,0.8395356
0.36866334,1.1224849,0.9512143,-0.29767868,1.2064885,-0.99395716,-0.12549207,0.102825105,0.34324905,0.022501526,0.09827016,0.24865335,0.3752653
0.20687973,1.100827,-1.3061118,-0.41098478,0.5515817,-1.4858117,-0.3349086,0.02776143,0.49548468,-0.751569,0.23687181,0.3592276,0.7571632
0.8775309,-0.4596026,0.18877733,0.38952652,-0.55937046,-0.7782162,-0.91509825,0.49715605,-0.840506,-0.22158803,-0.8517139,0.0,1.0
0.18862377,-0.20481847,0.53483385,-0.29938367,-0.46174318,-1.1694485,-0.96805954,-0.9297552,-1.0794661,-0.89849705,0.6214257,0.20274998,0.8498459
0.08315761,0.69500256,1.2744584,2.0024142,-0.10386271,-0.7158457,0.8033326,0.8709211,-1.2793187,-0.30062592,0.4068706,0.0,0.948075
-0.7199627,-0.022395954,-0.61932075,-0.97236925,-0.7384273,-1.1439345,-0.48100537,-1.2332569,-0.69654024,-0.9759642,0.6971839,0.08995474,1.0
1.5168182,-0.525928,0.50829756,0.010687921,0.7874833,-0.5982603,-0.4680159,0.8446576,-0.51573426,0.20849964,-1.145363,0.047731735,0.815685
0.014383766,-0.33157712,-1.5880624,-0.8896717,-0.61535674,1.245536,0.53931963,-0.39273834,-0.41877925,-0.37581834,-0.52416426,0.05683148,0.92421204
-1.5932119,0.25068322,-0.110071845,2.1267874,-0.35613286,0.39368844,2.317571,1.7367737,0.4033396,-0.4805971,-1.7593788,0.0,1.0
0.30207473,0.008926803,-0.36117864,-0.083621465,0.52911377,-0.7255723,-0.7534849,0.614681,-0.30047512,-0.035356425,-0.75601786,0.5833015,0.30465707
-0.92182237,-0.68841475,1.1958705,2.1267874,-0.0017854092,0.45005313,2.317571,1.7367737,-0.6271455,0.17278299,-1.7593788,0.0,1.0
-0.84495956,-1.0442101,-1.0546937,-0.97236925,-0.01627777,-0.16883022,0.74983287,-0.61604303,1.2852521,-0.0082559865,-0.6130052,0.17167307,0.7847985
1.0445805,0.7794664,-0.17625347,-0.62090963,-0.84611005,-1.0639787,-0.29552895,-0.29836333,-0.83723325,-0.35951614,0.039508097,0.42683116,0.6865157
-0.014900584,0.21254286,1.6957115,0.65248,-0.45391425,-0.12827264,1.7412957,0.6828123,-0.2734003,0.27449444,-0.7440811,0.0,1.0
1.7115436,-0.09175353,2.1063962,1.0580583,-0.93371063,-1.5386337,-0.7781422,0.46869558,-2.183889,-0.408043,0.8443346,0.0058103334,1.0
-0.34413517,2.3353467,-2.0046782,-0.97236925,1.366383,-1.388239,-1.8718446,0.9269903,1.7748088,0.2071752,-1.1806229,1.0,0.0
-0.46875426,-0.19185404,-1.2798303,-0.97236925,-0.47791544,-0.55052024,1.0519981,-0.04919669,0.72808105,-0.37822115,-1.7593788,0.2265363,1.0
-1.3666703,-0.9749323,-0.40625647,-0.7825104,-0.04982325,0.5662747,0.8083494,-0.7087094,0.9301452,-0.9259299,-0.59211147,0.0,0.62200695
0.12981108,0.8098794,1.1891022,2.1267874,0.7265614,0.82563305,2.317571,1.313797,-0.13216317,1.2083788,-0.19365722,0.12347778,1.0
0.6075299,-0.6629852,-0.68428665,0.15739575,-0.3788316,-0.8758494,-0.18161514,0.12944323,-0.02591907,-0.98183936,0.11909823,0.0,1.0
0.89831173,4.4465685,-2.0582702,-0.67352515,1.4078547,-1.2523651,-1.1136849,0.5498386,0.46260512,-0.9145089,-0.8364179,0.85426646,0.3748585
-0.5948367,0.79027504,-0.48367977,1.7188058,1.6210889,-0.20276555,2.1880107,1.2728994,-0.54547495,-0.23480584,-1.4333628,0.0,1.0
3.220441,1.0269378,1.8579326,0.5734582,-0.20467198,-0.5404532,-0.23199926,1.067279,-1.324986,0.7637133,0.07324646,0.20883957,0.8348233
-0.61858505,2.2984104,0.49095026,2.1267874,1.717696,-0.9850899,1.2683449,1.384674,-1.0791163,-0.34146446,-0.1726673,0.053845204,0.77081954
0.7724469,-0.20757572,1.0394337,0.66756904,-0.5603396,-1.0589148,0.42381305,0.5485882,-0.09517086,0.0106064845,-0.15259188,0.0,0.9681692
0.7698642,2.508543,0.1707528,-0.97236925,1.3622278,-0.5968815,-0.8038413,0.3002107,0.9153982,0.5873501,0.07360464,0.7876127,0.15967914
-0.9901741,2.496875,-2.1762435,-0.46468425,-0.027402781,-0.75600094,-1.1752623,-0.66739565,1.3826071,-0.11794509,0.9147427,0.65504056,0.2683846
-0.2787301,4.7222033,-1.6760902,-0.77233756,2.3226793,-1.5386337,-1.8718446,0.7931503,2.658943,0.6302668,-0.075206764,1.0,0.0
-0.47504076,0.9648182,-1.028221,-0.7285533,-0.56856114,-1.1501395,-0.8057345,0.03172552,2.2052367,-0.5090659,0.36540458,0.67810893,0.48736674
0.10493779,-0.5549796,-0.80839944,0.21957849,-0.2593537,-0.45083177,-0.26278204,0.03812694,-0.8213342,-0.5326997,-0.63524836,0.0,0.9232073
0.08147552,-0.4260963,0.21280381,-0.68747365,-0.2163705,-1.2445668,-0.2333583,-0.89996636,-0.088759534,-1.1521759,0.5912869,0.0,0.8501295
0.9792185,1.3882133,0.09934073,-0.043413535,-0.50219595,-0.5448634,-0.19481196,0.17405961,-0.58552974,-0.60775524,-0.17988868,0.033558503,0.46300292
-0.36183447,0.060573928,-0.020343866,2.1267874,-0.41682768,1.1327937,1.7650101,1.301466,-0.16779935,-0.7549571,-0.37316906,0.0033821985,0.9357051
-0.58994454,-0.41192743,0.2344603,-0.97236925,-0.542247,-0.45690444,1.4408766,-0.044005804,2.7518206,-0.2069684,-0.5751092,0.2826065,1.0
-0.36941034,-0.35641474,-1.16838,-0.8764247,-0.3287834,0.36150172,0.71835315,-0.0033686215,1.9021789,-0.34358066,-0.53474826,0.0,1.0
0.8258821,0.38702932,1.758514,0.1182496,-0.43902943,-1.1355515,-0.21931574,-0.46622846,-1.6431761,-0.16958916,0.614903,0.052513212,0.8917677
0.3964019,-0.21354635,-0.6066569,0.27160627,-0.569541,2.3905568,2.317571,0.8049496,2.0792413,0.22022323,-0.7617146,0.0,1.0
-0.069471434,-0.35351428,0.23565653,-0.6134596,-0.7306277,-1.2814304,-0.58034015,-1.0975648,-0.20619173,-1.0048853,0.91561073,0.050105818,1.0
-1.5398253,-0.1469922,-1.2592614,-0.3669226,1.231896,-1.219133,-0.639932,-0.17991932,1.1683242,0.8096719,-0.22671472,0.47808367,0.23259023
-0.20385928,0.48033294,-0.67832744,-0.64798355,-0.10488931,-1.2695763,-1.0645719,0.1347965,0.41823024,-0.056900807,-0.4907618,0.30915648,0.66477907
-0.46854308,-0.50980806,0.42042527,-0.97236925,-0.29603678,-0.771489,-0.11134465,-1.0692732,0.47086233,-0.97141755,0.32170594,0.0,1.0
-0.6288272,0.4419969,-0.9283809,-0.34353006,-0.2813962,-0.663132,-0.096429534,-0.37301195,-0.5061008,0.86643386,-0.26084813,0.0,0.71486723
-0.71344316,1.6255122,0.31281388,0.49297297,0.2332125,0.025658675,1.7680835,0.0032114203,-0.9355608,-0.32233235,-0.5528089,0.0,1.0
1.5413159,0.6705201,2.8018205,2.1267874,-0.93371063,0.6080141,0.6783427,0.9645808,-0.7833191,0.00013960712,1.2975394,0.0,0.77197224
-0.29116702,3.8986514,-2.1915398,-0.6363287,1.4150205,-1.5386337,-1.6541669,0.27546832,1.6792849,0.038094833,0.18251579,1.0,0.0
-0.7520554,-0.17623097,-2.1915398,-0.14003251,1.4013972,-0.45810792,0.2977152,0.07394226,-0.0019899707,0.028284071,-0.8864573,0.052881718,1.0
-0.13944077,-0.6696888,0.6539685,-0.97236925,-0.512476,-1.1950185,-0.16277893,-0.6768165,-0.07585498,-0.45400015,0.6088007,0.0,0.9788965
-0.25820854,0.7640705,-1.699384,-0.9499729,-0.38939723,-1.0484985,-0.39451182,-0.18620755,0.85411704,-1.0721664,-0.9708084,0.0,0.7603318
-0.36586177,-0.29360226,-1.236878,-0.97236925,-0.72552913,-1.3407618,-0.91394264,-1.4637337,-1.0360694,-1.6747506,0.14427856,0.096315674,1.0
0.23215224,-0.5275869,0.15563008,0.8434215,-0.72807735,-1.4303573,0.28943986,0.49760982,-1.2816163,-0.37342575,-0.7520877,0.042104222,1.0
-0.019734807,-0.3964269,0.007510226,0.9765647,-0.32403293,-0.07234449,0.5332755,0.4061929,-0.6573871,-0.84016585,-0.823883,0.0038914122,0.8611393
0.09181368,-0.15642813,0.0903048,-0.7325022,-0.10622852,-0.9972746,-0.86485326,-0.8099266,0.16342248,-1.2965304,0.5482615,0.17673364,0.6861456
1.8556263,-0.3920514,0.82438654,2.0655632,0.33325803,-0.24847415,-0.3789783,1.6520298,-0.45812988,0.5895266,-0.7680912,0.31871992,0.44757986
0.15413402,2.7678378,-1.3016237,-0.97236925,0.20711544,-0.9148788,-0.06541211,0.51408815,0.3543379,-0.7271651,-0.9162429,0.30317226,0.9262305
1.5652342,1.0273205,0.89600945,-0.97236925,-0.93371063,0.46617255,1.212832,-0.3944381,0.70022684,0.1466684,0.026192734,0.0,1.0
-1.1870798,0.6221294,-1.0140722,-0.57907,-0.61960703,-1.2788198,-1.6778574,-0.28195685,2.7518206,-0.3565852,1.3945931,0.59833205,0.13267258
-0.36273643,-0.32797864,-0.88389975,-0.97236925,-0.38203397,-0.16970016,-0.14299154,-1.02774,-0.091082364,-1.237398,-0.0948469,0.063581154,1.0
0.15603647,-0.1307816,0.59520096,-0.5542489,-0.7073468,-1.3917444,-0.30913347,-0.5569814,0.20906204,-0.059398197,0.8713021,0.19169064,0.85818547
0.43273863,0.19561629,0.055606894,-0.7300405,0.062434223,-0.85319495,-0.52299863,-0.27276176,-0.71453255,-0.43495843,0.18886349,0.39459136,0.7040087
0.088761434,0.7663427,0.289135,-0.8872511,-0.93371063,-1.5386337,-0.59876496,-0.86381704,-0.8042371,-0.16910267,0.981525,0.0,1.0
-0.53376937,0.87794685,-1.4274822,-0.97236925,-0.31247246,-0.6907646,-0.9490161,-1.353157,-0.32405868,-1.6747506,0.10247098,0.0,1.0
0.30827662,-0.48993805,-0.088229015,-0.97236925,-0.7502912,0.5623903,1.1792663,-0.107543714,2.7518206,-0.54450184,-0.59221745,0.1250853,1.0
-0.8339744,0.13546132,-0.6654848,-0.4741103,-0.7899527,-1.5237036,-0.9818583,-1.5922731,-0.9008549,-1.3102179,1.0580022,0.007981941,1.0
1.266056,1.463209,0.0013734847,2.1267874,-0.13548803,-0.9309654,1.3533229,1.64873,-1.4673603,-0.3136399,0.47068012,0.0,0.9137027
0.10696325,-0.25311226,-1.2485406,-0.41274467,-0.09304322,-1.2352602,-0.79484034,-0.29071802,-1.3027786,-1.1372075,-0.87409705,0.0,1.0
0.19125645,2.7903204,-2.1915398,0.24214268,3.4043932,-1.2913816,-0.67967147,0.8012562,2.0860598,0.9021523,0.35513148,1.0,0.0
-0.16879025,3.2824552,-2.0892792,-0.28940314,2.7699013,-1.1812156,-0.4174608,0.6125604,1.2709073,0.3867444,-0.3488641,0.62668335,0.3843015
0.26314634,4.7222033,-1.7559396,-0.63748276,2.7245896,-1.5386337,-1.8718446,1.4833449,1.8441491,-0.037816923,-0.43306124,1.0,0.0
-0.058491964,1.4978861,0.77066785,-0.12508997,0.5871995,-0.87638044,-0.5963062,0.20986646,0.23121093,0.36026004,0.03587544,0.1177469,0.24751455
-0.14771679,1.3886093,-0.7413644,-0.46414995,-0.93371063,-1.1116571,-0.79277915,-1.2032291,-0.68718743,-1.0303395,1.0051056,0.43919855,1.0
-0.03199994,1.2577703,-1.7299021,-0.34946978,0.34229946,-0.59589756,0.10254301,-0.23389593,-0.35937047,0.2056965,-0.19120927,0.27207875,0.53416294
-0.3018709,-0.0006857028,-0.68159217,-0.5979101,-0.26012543,-1.2052126,-0.6236006,-0.6490282,-0.45206785,-0.6857104,-0.123348184,0.0,0.9597461
-0.26203817,-0.37814552,1.1541327,-0.31187826,-0.35210854,-0.796341,-0.45934236,-1.0274413,0.8836842,-1.1024679,1.1487252,0.051738136,0.97405845
-0.4977592,0.017527953,-0.86910987,-0.76238924,-0.43595362,-0.973229,0.28577602,-0.576007,-0.3439627,-0.7229793,-1.2770574,0.0,0.66818947
0.14767048,4.7222033,-2.1915398,-0.97236925,1.0065571,-1.5386337,-1.8718446,0.87067777,2.2442157,-1.4744875,-1.7593788,1.0,0.2441676
0.3614423,-0.27987456,-0.18472284,1.9927932,0.268177,2.7139592,2.0821638,1.5619103,-0.17060049,0.35190615,-0.47683695,0.0,0.9511029
0.84899914,0.99616593,-0.0280708,0.63346094,0.044471227,-1.1335635,1.3448027,0.6010224,0.10346421,0.037202105,0.011668721,0.0,0.8823737
-0.40378177,0.32673082,-0.6217188,-0.63249594,0.2420803,-0.7567598,-0.4402327,0.11920761,0.4135539,0.12032449,-0.56335557,0.0,0.5034961
0.8890545,-0.48340863,-0.032677997,-0.1344249,0.32525516,-0.383869,-1.2680616,0.699584,-0.270669,-0.1923303,-1.0688901,0.36352324,0.46269053
2.0813007,0.799441,2.8018205,2.1267874,0.9494875,1.5189552,2.106107,1.7367737,-1.4335835,0.24756852,-0.0712724,0.12608182,1.0
1.4184988,0.5039696,1.197748,-0.97236925,-0.1146872,-0.82679677,-0.3240574,-0.22540262,-0.72792625,0.24034956,0.57990444,0.17898588,0.7451615
-0.36185792,-0.10114484,0.51935697,-0.1251997,-0.93371063,1.0992802,0.3278734,-0.5332855,-1.0116321,-0.12140611,-0.23241705,0.32206795,0.75141823
1.2759379,3.0275247,-0.3900521,-0.6192657,1.4119754,-1.1847354,-0.18622412,1.2197176,0.4638252,-0.5958493,-0.37630957,0.87098837,0.0
-0.7214229,-0.48646295,0.19177061,1.664574,0.3067353,1.0069513,2.317571,1.3716486,0.25275397,-0.3547969,-1.7593788,0.0,1.0
-0.013286274,-0.83833957,0.1870633,-0.66247666,-0.92742354,-1.5386337,-1.4502404,-1.5922731,-1.8555307,-1.6747506,1.7954556,0.12888682,1.0
-1.1313844,1.2508575,-1.6692041,-0.6731588,-0.8657763,-1.5386337,-1.4307486,-1.5922731,2.054262,-1.6747506,1.8658206,0.018889615,1.0
-0.39431053,2.3183854,-2.1915398,-0.7081236,-0.8086368,-0.9247952,-1.6191759,-0.84982526,0.054055236,-1.6747506,-0.23057178,0.27922556,1.0
2.6188483,1.435163,1.4927512,-0.5618652,-0.15098965,-1.0509288,-1.6007745,1.1550577,-1.1911166,-0.277255,-1.2708495,0.9000565,0.13202243
1.439386,0.6124311,2.8018205,2.1267874,-0.15338042,0.72081006,1.3803397,1.7367737,-2.1027446,-0.14889781,0.1527601,0.0,1.0
0.7447493,2.0029292,2.1723695,1.768798,-0.48160425,2.8823714,2.317571,1.4535474,0.4342328,2.2838242,0.590199,0.0,1.0
-1.2328876,1.5536587,-2.0423934,-0.58838195,1.8901031,-1.4198921,-1.8718446,0.17812023,1.8755351,-0.0138340555,0.25690177,1.0,0.09546858
0.18131939,-0.30418983,-0.87686884,-0.97236925,-0.56826323,-1.01693,-1.1424799,-0.91306263,-1.5680184,-0.34160024,0.07257051,0.0,1.0
-0.42307386,1.2053115,-1.3083317,-0.780063,-0.5148375,-0.3821553,-1.4863709,-0.46779144,-0.73749256,-1.2897278,-1.1646215,0.06621642,1.0
1.558093,4.259791,1.7700058,-0.024067808,2.2108142,0.07284472,0.55340904,1.023603,0.21185125,1.612985,0.8704775,0.26229784,0.5709985
-0.29710594,-0.5829945,-0.5819194,-0.85537654,-0.25586176,-0.09667776,-0.63389784,-1.3253472,-0.6344008,-1.2816651,0.16478208,0.09829899,0.7871148
-1.5111629,0.28992268,0.28484663,2.1267874,0.3972787,0.27587593,2.0166283,1.0238066,-0.3644277,0.4145972,-0.7527662,0.0,1.0
0.11085084,1.2178241,-1.1109416,-0.63794714,0.6446326,-0.77880716,-1.8718446,0.8491792,1.0699176,-0.22227244,-0.9286894,1.0,0.0
0.46487892,-0.7506535,1.7996866,0.1411639,-0.73632735,3.1268318,0.2173816,-0.49923867,0.19945636,-1.4692578,-0.34661037,0.20004204,0.8931292
-0.1770813,-0.112148784,-0.5984374,1.4115145,-0.06345794,-0.37010336,0.5723223,0.7655737,-0.29828143,-1.6747506,-1.2842238,0.16257593,1.0
-1.7621446,-0.7826356,1.0348483,1.4150574,-0.5430149,1.4537909,2.317571,0.9995646,0.45631337,1.0292071,-1.1069121,0.0,1.0
1.4945681,4.7222033,-2.0082185,-0.97236925,2.0561278,-1.4597594,-1.7860315,1.0390127,2.3536172,1.1711634,1.3135129,1.0,0.0
-0.9500444,0.30807588,0.16688746,2.1267874,-0.6311917,1.0580415,1.4815782,1.2768838,-1.0346268,-0.4563967,-1.3995669,0.0,1.0
-0.73983896,-0.11529945,-0.21325046,0.3288719,0.10887405,-0.14564204,0.7102288,0.24281518,-0.3207252,-0.06595038,-0.9871082,0.0,0.7225622
0.27205127,2.432817,-1.2561315,-0.6042952,1.0910714,-1.2123802,-0.23779546,0.87329894,0.47325873,0.14875852,-0.77225596,0.65452427,0.43228042
0.058790095,0.51689345,-0.325852,-0.71952385,-0.9131018,-1.4802753,-0.41454738,-1.0407618,0.032113966,-1.1955134,0.73162746,0.052690953,1.0
0.1899326,-0.7101855,0.08763104,0.10025144,0.14858395,-1.080467,-0.5352034,-0.08871741,-0.8488546,-0.072830014,0.025567515,0.0,0.6384213
-1.6498535,0.9486348,-2.0793004,-0.97236925,0.3120232,-1.1839843,0.5254799,-0.7140868,1.3304839,-0.9730061,-1.2442225,0.0,1.0
-0.19496681,0.35678625,-1.4535115,1.459872,-0.75113505,-1.1355462,-0.18682931,0.85643995,-0.89435273,-1.0017122,-1.0039339,0.12484946,1.0
-0.45526525,0.4089471,-0.7357588,-0.77723265,-0.102993116,-1.2777841,0.13890529,-0.13875797,1.536155,-0.48257008,-0.66655064,0.2666339,0.7701638
-0.19201396,0.34482783,-0.67901206,0.12990563,0.2626563,-0.9830294,-0.327802,0.2710107,0.21024683,0.72195673,-0.2069699,0.11947807,0.5645811
0.029254498,2.6978958,-2.1915398,-0.52297896,0.29101092,-0.79246783,-1.3456575,0.3589202,-0.13960071,-1.5531201,-1.1853837,0.34934533,0.9708297
1.0659503,0.9293788,0.5467973,-0.66927207,-0.4877526,-0.45542178,0.41182756,0.020847507,-0.17880034,0.42520803,-0.67482686,0.131925,0.9445882
0.861232,-0.6694378,0.54041237,-0.68874073,-0.403076,-1.1272687,-0.6196245,-1.1971936,-1.652152,-1.1530415,0.70555395,0.0,0.8895145
-0.69912773,-0.68584144,-1.4929808,0.5087982,0.42215276,-0.95611066,0.010094408,0.11283415,-0.7470188,0.034537584,-0.7901869,0.19797248,0.74324304
-0.6654163,0.17010053,-1.3843904,-0.21823213,0.35198912,-0.33121267,0.68829334,-0.2755493,-0.49147362,-0.22907104,-1.3980193,0.01280549,0.93349624
0.6283619,0.17321262,-0.07413913,-0.7379761,1.9346752,-1.2777117,-1.8718446,0.5682988,0.24376991,0.5688148,-0.77601284,1.0,0.0
-0.3178892,-0.14746107,-0.17079169,-0.684708,-0.65949327,0.40799868,0.6039795,-0.08012411,2.5863988,0.7143235,0.6615745,0.009334819,0.7944775
-0.32929575,2.3098626,-1.2480489,-0.88483983,0.20869383,-1.1251037,-1.8718446,0.7242172,1.3979644,-0.03173357,-0.9334427,1.0,0.0
-0.13332728,3.8304,-2.1915398,-0.655796,0.64460856,-0.9971093,-0.8066125,0.0060475757,0.9392692,-0.80099607,-0.09702526,0.48869488,0.646452
0.995779,0.020139586,-0.4838238,-0.7078319,-0.15844181,-0.85084283,-0.5671294,0.20086117,0.10184412,-0.94802064,-0.5713604,0.2117883,0.8027788
1.1007317,0.076228686,2.2290184,-0.97236925,-0.93371063,-0.1605951,0.17613156,-0.11747239,-0.48105898,0.22724903,0.002966525,0.14421274,0.8953212
-0.5736437,-0.07239103,-0.476061,-0.08447694,-0.13456377,-1.1069117,-0.025618797,-0.13694051,-0.81199604,0.22014956,-0.6125568,0.0,0.9230597
1.918036,-0.33462453,1.8390299,-0.77243197,-0.93371063,-1.5386337,-0.47575212,-0.31657842,-1.77351,0.3735305,0.27291352,0.115430556,1.0
-1.5683572,2.3515677,-2.1915398,-0.56793594,-0.7823585,-0.90527767,-1.8328933,-0.9090982,2.7518206,0.10403682,1.8658206,0.71001583,0.38803032
-0.30829972,1.8044021,-0.2368598,-0.19895473,-0.04297875,-1.0139304,-0.99585915,-0.051535413,0.09095516,0.45633164,0.09638779,0.27721977,0.3157297
0.26211807,0.5831167,-0.74828,0.11607212,-0.47121322,-0.87762755,-0.421683,-0.22905545,-1.113611,-1.4449693,0.24790725,0.013096647,0.78178626
0.47225806,3.7896245,-1.2474047,-0.6760909,-0.087363295,-0.36203408,-0.9699031,0.23096876,0.88803357,0.059646197,0.093609,0.59756064,0.12425873
0.8598899,1.2950764,-1.4446027,-0.92947364,0.23171657,-1.5386337,-1.6170132,0.72453946,-0.42289734,-0.17761087,-1.1705582,0.6564363,0.69842136
0.5704697,-0.7812327,0.4374506,-0.97236925,-0.46326026,0.7928555,0.42959404,-0.914016,0.26568,-0.2629361,0.26911968,0.0,0.6173844
-0.7521409,2.378139,-1.8829151,-0.5781207,1.399364,-1.382346,-1.8718446,0.99999744,2.7518206,0.644742,-0.18304154,1.0,0.0
-0.12199968,-0.20051445,0.2353999,-0.37290108,-0.54917276,-1.2256669,-0.60998756,-0.9899238,-0.7729423,-1.0555421,0.7149038,0.0,0.9725813
-1.3029772,0.6907379,0.053527847,-0.84421736,0.15450022,2.4219875,2.2519789,-0.2675364,0.24640782,0.8333509,-1.0600269,0.0,1.0
-0.7170561,-0.021699317,-1.8084604,-0.64951235,0.4112014,1.2540625,0.62018275,-0.5751942,-0.06251964,-0.93297255,-0.97902185,0.0,1.0
-0.4222732,1.4422456,0.6563174,-0.34691074,-0.51653713,-1.4402602,-0.5627391,-1.4081945,0.5005777,-0.38123202,1.8658206,0.03214357,0.8502756
-0.38824815,0.2096197,-1.1153307,2.1267874,-0.43535465,-0.52045673,0.8805349,1.2097028,-0.9942313,-0.6160189,-1.4154323,0.0,1.0
-0.76497644,0.8016428,-1.194339,-0.56826156,1.1255655,-1.3217081,1.1827896,0.25634208,1.6698946,0.5975944,-0.57664645,0.36984295,0.75248075
-0.5685937,1.3281152,-0.8032931,-0.5771537,-0.93371063,-1.5386337,-1.1341808,-1.5922731,-0.5968151,-0.49908996,1.8658206,0.0,1.0
-0.7190887,0.15610613,-1.171055,-0.97236925,-0.4169897,-0.00681315,-0.011535724,-0.8666693,-0.047716748,-1.3594491,-0.6251289,0.07808416,0.9394204
-0.72466046,0.005563504,-0.09708209,-0.97236925,-0.8002851,-1.1233934,-0.15453543,-0.8738264,1.6210523,-1.0825145,0.48233128,0.06523782,1.0
1.6383277,2.6376705,0.33023524,-0.97236925,0.8569605,0.2099354,0.48331064,0.31064916,1.4991616,1.6256303,1.4379196,0.73524565,0.20005804
0.18521266,-0.31756693,-0.16880679,-0.8349285,-0.6037085,-1.2187363,-0.76339,-1.3830225,-1.3195279,-1.5595896,0.37980923,0.005691834,1.0
0.10694587,1.331884,-0.7880186,-0.30314255,0.49358553,-1.1452867,-1.8623916,0.3077713,0.54703355,-0.0941987,-0.13741496,0.98404133,0.21436226
-1.4596169,0.44981936,-2.1593413,-0.97236925,-0.40254575,-0.9715282,-1.3165199,-0.9960369,2.7518206,-0.43154794,1.5482265,0.4262526,0.6919645
0.16149196,0.0041985237,1.787537,2.0636833,-0.93371063,1.7365074,1.1178917,0.97762066,-0.24572183,-1.3278788,-0.76123613,0.0,1.0
-0.80634147,-0.564398,-0.29124993,-0.09537698,-0.50750685,3.2212796,1.9819927,0.51957434,1.5088073,0.22073579,-1.335676,0.0,1.0
0.1496459,4.183779,-2.1915398,0.035312317,0.8932028,-1.1828984,-1.2768263,0.5852956,1.0632931,-1.5567175,-0.66739357,0.58353984,0.5899621
0.1680343,0.17455038,0.86983275,0.10074345,-0.5603851,-1.0047282,-0.10563072,-0.72243583,-1.4465505,-0.347293,1.1620247,0.0,0.622202
0.30837798,2.0970943,-0.88463557,-0.9396995,-0.7085154,-1.2350119,-0.03211484,-0.17277032,0.26291916,-0.14673339,0.027263185,0.2747293,1.0
1.7974582,0.50238013,0.4399777,-0.51784366,0.10108986,-0.43955463,-1.6926634,0.79335195,-0.8460224,-0.24838561,-1.0352366,0.7203289,0.0
-1.5512978,-0.26843384,-1.326913,-0.419568,0.95685375,-0.13138323,1.2144989,0.19769524,0.8293651,0.5680576,-1.1368122,0.13423048,0.7817517
1.749423,-0.27928156,1.877043,-0.37163278,-0.58645386,-1.3326662,-0.79297554,-0.31143773,-1.3831285,-0.09044085,0.61712986,0.0,1.0
1.8252536,-0.8038529,2.0634952,-0.730973,-0.4630982,-1.5386337,0.29111344,-0.08498945,0.1576218,-0.37753016,0.33613557,0.03731025,1.0
-0.9015046,-0.012114692,-0.3313611,-0.97236925,-0.5067538,-1.3398045,-1.1252003,-1.2185202,0.019748066,-1.6052582,-0.07404369,0.18263292,0.84148645
2.1297953,0.21109368,0.44338068,1.6013472,0.3961182,-0.1691787,0.38736194,1.6504072,0.6589177,0.5290596,-0.06379762,0.54552907,0.6320681
0.2184529,4.7222033,-2.1915398,-0.97236925,3.6999002,-1.5386337,-1.8718446,1.1007417,2.7518206,-0.18320733,-0.79851544,1.0,0.0
-0.9016321,0.45191026,0.2646515,-0.17480169,0.2534583,-0.8382951,-1.8718446,0.5010888,2.0797753,0.25066197,0.55216956,1.0,0.0
-0.78075606,-0.14675333,-1.3545547,-0.97236925,-0.18780315,-1.5386337,-1.3363904,-1.5922731,-0.974888,-1.6747506,1.2159017,0.20710355,1.0
1.0200148,0.014095963,-0.022262832,-0.95516986,-0.44592395,-1.4461958,-0.75805104,-0.7593758,-1.690235,-1.0922406,-0.041406352,0.043194294,1.0
-0.7711571,-0.85742116,1.0927187,-0.6383144,-0.034676235,-1.5096469,-0.39879692,-1.1328356,1.6381654,-0.878269,1.2631348,0.23181382,1.0
1.384631,0.6261083,-1.1342595,-0.49516398,0.22855192,-1.1547041,-0.9429259,0.81127644,-0.3608402,-0.5181048,-1.392348,0.52864873,0.8774885
2.0298214,1.1656665,2.8018205,2.1267874,-0.7721509,0.1210993,0.7501736,1.687952,-1.3617648,-0.2937907,1.1553918,0.0,1.0
-1.7950237,1.3922931,-0.79040116,-0.37671137,-0.76635945,-1.5386337,-0.5504151,-0.47614002,1.5498662,-0.12262768,0.7621415,0.6378858,0.5145615
-0.25704154,-0.19699006,-0.26273358,0.48305148,0.6505026,-0.3999059,1.4235634,0.6312812,0.60498875,0.2949423,-0.798174,0.0,0.9819113
-1.0280513,0.7191909,0.06667093,-0.3510926,0.38066655,-0.74229527,-0.5699618,0.19787456,1.975944,-0.39248335,0.29208428,0.4426584,0.8334444
-1.4894094,0.6897391,-1.7491926,-0.97236925,-0.8237116,-0.28054035,-0.32573032,-1.0568424,0.3812588,-0.46006384,-0.22297959,0.16524369,0.8806515
0.8968429,0.41091308,1.2947377,-0.13873297,-0.359797,-0.6957393,-0.8648923,-0.25629175,-0.78538126,-0.35953712,0.078213915,0.4219086,0.7334817
3.3844666,0.5283177,2.2910655,-0.97236925,1.1465979,-0.8559183,-1.4833667,1.7367737,-0.12037586,1.9585174,-1.3854176,1.0,0.008420095
-0.8161676,4.20218,-2.1915398,-0.39161444,0.99788177,-1.5368785,-1.8718446,0.6202322,1.8015728,-0.009614959,-0.48786974,1.0,0.0
0.64253557,2.1208386,-0.7455537,0.7634939,2.0399752,-1.1235752,-1.7545002,1.1573645,1.054647,1.505662,0.53089446,1.0,0.0
0.7388434,0.40706852,-0.41795534,-0.8091332,-0.8469713,-1.1314168,-0.942427,-0.5757693,-1.8524688,-1.6747506,-0.56303626,0.0,1.0
-1.2587109,-0.89283955,0.89930326,-0.97236925,-0.7301193,0.15519595,1.0398836,-0.45897114,2.7518206,0.48756966,-0.09294623,0.19942598,0.98309565
0.05578716,-0.5275186,0.33742613,-0.76212496,-0.39703822,-1.107835,0.2773453,-0.19111958,0.040995654,0.44531658,-0.76354545,0.050352193,0.8676599
1.5814292,0.31795174,0.81149733,-0.14293969,0.24399596,-0.88460934,-0.4471103,0.6441585,-0.45134428,-0.66525704,-0.92060196,0.3398766,0.6594626
0.91176313,2.4270222,-1.2136277,-0.662138,0.69952095,2.7231324,2.2070172,0.35312384,1.6632484,1.5968753,0.728126,0.0,0.8356325
1.4420863,-0.6774077,1.9690783,-0.8382291,0.15857276,-0.93010914,-0.6647318,0.862792,-0.14951928,1.4448853,-0.5216998,0.48406914,0.85188556
-1.2326031,0.11570501,-1.8439183,-0.13034478,-0.27014104,-0.8486543,1.2832886,0.6487615,2.450737,-0.30882254,-1.5335897,0.0,1.0
-0.077960536,1.0965067,0.6251952,1.071698,-0.16451666,2.08671,2.317571,1.0081344,-0.7127509,0.6386245,-1.0960159,0.0,1.0
-0.74346477,0.47487018,0.40279722,-0.3761448,-0.551893,-1.5386337,-1.2769755,-0.24886465,1.5643424,-0.34107056,0.8897613,0.4201285,0.5707321
1.1342779,-0.2761766,0.21728125,-0.8930364,-0.58358055,-1.3636996,0.059229173,-0.5727535,-0.55705583,-1.2172358,-0.2184251,0.13981688,1.0
-0.05561131,0.4606429,-0.98140633,-0.51977146,-0.27170703,-1.059279,-0.83983296,-0.67950934,-0.87211096,-0.9430816,0.09787549,0.28066215,0.9193594
0.08872597,-0.64593613,0.34584993,-0.6484843,-0.90585655,-1.5386337,-0.093507364,-0.6712399,-0.8867809,-0.3376977,0.028917944,0.22187494,1.0
-0.43039262,0.25678205,-0.0117309,-0.6748256,-0.07208688,-1.1395968,-0.2590686,-0.12987372,1.8824158,-0.5427953,0.08756288,0.30146113,0.89812434
1.2358065,-0.5526374,0.05974044,0.6639868,-0.93371063,-1.0491763,-1.3145019,-0.039161626,-1.7856919,-0.5796975,0.5535028,0.0,0.744115
0.48341757,-0.39426616,0.83863044,-0.17415985,-0.4915022,0.25725377,0.35654134,-0.4141543,0.58923155,-0.71772236,0.5818933,0.0,1.0
2.937591,0.6623272,1.9691746,-0.97236925,0.64016044,-0.667344,-1.8718446,1.7367737,0.33714753,1.2999834,-1.0472232,1.0,0.0
-1.0889182,3.9850614,-2.004787,0.23127966,0.31463057,-1.0129364,-1.8718446,-0.3711318,1.7525724,-1.0973129,0.44226056,1.0,0.0
-1.0793839,-0.3744839,-1.2398126,-0.97236925,-0.051169485,-0.2477178,0.88397115,-0.6949317,0.285301,-0.56437033,-0.85407585,0.0,1.0
0.48675263,1.4516726,-0.5075033,-0.97236925,2.2144337,-1.5386337,-1.8718446,1.2539448,1.8275913,1.2806871,-1.2149585,1.0,0.0
0.45650247,0.15256062,0.26895484,0.32138956,-0.5619398,-1.3549471,-0.595389,-0.2639322,-0.9201296,-1.1883504,0.5837597,0.0,1.0
0.5070305,-0.5673821,-0.18055141,-0.7768295,0.09270306,-0.9949779,-0.33587742,-0.83917445,-0.8852915,-1.6691574,0.23626387,0.0,1.0
-0.29022264,0.3124077,2.1470118,2.1267874,-0.769617,2.9949775,1.8427285,1.5067953,-0.9583877,-0.037226494,-1.0320034,0.03496529,0.99790746
0.5528936,-0.39332157,-0.44595033,1.0047034,-0.664318,-0.6540363,0.008665243,0.7717997,-0.96618134,-0.7238474,-0.6548594,0.10268788,0.94518816
0.60948724,-0.87986785,-0.33498478,0.82121104,-0.10638659,0.7580624,0.5718908,0.76426286,-0.44540265,-0.9753258,-1.7593788,0.0,1.0
-0.9778519,1.962717,-1.7882624,-0.565232,0.6008916,-1.2937063,-1.8718446,0.051851906,2.068073,-0.13663684,0.37782183,0.88747525,0.24984887
1.0847096,0.50345004,-0.49506435,0.391557,0.93813556,-0.12489922,0.17990603,0.39810982,0.30244365,0.16911927,0.08605123,0.0,0.5566821
-1.8776025,-0.3786312,-0.46481356,-0.9594207,-0.2540802,-1.5386337,-0.65065205,-1.5922731,2.658192,-0.75024986,1.3596491,0.0,1.0
-0.2586189,1.2050688,-0.2301006,-0.40056834,-0.57750756,-0.49707904,-0.3099922,-0.6357445,0.33699667,-0.4472409,0.6761545,0.24589896,0.850817
-1.1954106,0.0040345592,0.35712394,-0.2198159,-0.09332654,1.782416,1.3162851,0.22416759,2.7518206,0.97051805,0.18574595,0.30425102,0.56862897
0.9880258,2.331062,-0.3235789,-0.90723866,1.8110433,-0.8852991,-1.8718446,1.212138,0.9669388,-0.04516434,-1.4868746,1.0,0.0
-0.73291826,2.2309003,-2.0880373,-0.97236925,-0.39719298,-0.174703,-0.3798074,-0.09017766,2.2099197,-0.8032025,-0.6684193,0.36846608,0.6651293
-0.20106296,1.7168918,-1.3289338,-0.7924037,-0.55279416,-0.49538717,0.22897503,-0.4331834,-0.54305655,-0.620089,-0.45584914,0.10239353,0.8949627
1.1495926,-0.3819024,1.7607944,-0.40064776,-0.09457323,-0.7945379,-0.5304918,0.4565392,-1.0143728,0.7852289,-0.1755227,0.4000211,0.81406814
0.54264086,1.2836105,-1.2690845,-0.97236925,1.2563217,-0.40668967,-1.7473297,0.48573425,0.6918912,0.5426115,-1.0364585,1.0,0.4213959
-0.36560544,-0.48860687,0.7615541,0.5598022,-0.014641529,-1.0937983,1.6866798,0.39433926,0.9867741,0.4277542,-0.30587095,0.0,1.0
0.44656712,-0.39520198,1.006934,-0.5705493,-0.32022113,-1.293102,-0.5051675,-1.0670894,-1.1970905,-1.0020962,0.9507605,0.0,0.84428585
0.7084999,1.3380116,-0.7371404,0.1623918,-0.41032165,1.3766719,1.1508174,0.7006822,0.046919253,0.37880325,0.23687002,0.0,0.7822572
0.90761906,0.108007535,-0.24965778,-0.101196885,0.56586593,-0.8640211,-0.7117319,0.63055366,-0.20363262,0.356331,-0.6554102,0.36945903,0.3542397
-0.77493984,3.5218115,-2.1915398,-0.97236925,-0.7261443,-0.8211634,-0.69287133,0.14448419,1.5546578,-0.9811944,-0.619912,0.501081,0.48195222
-1.8776025,-0.7387202,0.36534917,-0.900567,-0.04971755,-0.88127315,0.93396497,-1.341501,2.7518206,-0.48831156,1.3850653,0.0,1.0
-1.3937637,0.12009766,-1.4757539,2.1267874,0.5128771,1.5877727,2.317571,1.7367737,-0.878032,-0.33526707,-1.7593788,0.0,1.0
-0.14854005,-1.0442101,-0.1246791,1.5988747,0.19228125,-0.11138196,0.7271627,1.277073,-1.6494179,-0.25807968,-1.7593788,0.18394914,1.0
-0.8035094,0.9723205,-1.7959174,-0.6291194,0.06928781,-1.1912365,-0.55560744,0.20805866,2.3769903,-0.33138266,0.06031438,0.43026432,0.5136118
-0.4363845,-0.13207726,-0.33259225,-0.8042797,-0.38870656,-1.3868588,-0.83605397,-0.94461375,-0.7911496,-1.0706513,0.118483424,0.1563413,0.99163365
-0.45019618,1.2112936,0.87367594,0.5041098,-0.93371063,0.0940528,1.0804713,0.19614111,2.3454347,0.15160678,0.7706831,0.0,0.98816574
-0.23657472,1.2386218,-1.4542465,-0.78445315,-0.14174807,-1.4249967,-0.8900181,0.24862538,0.3420334,-0.27046925,-1.0253084,0.23085669,0.63807887
0.8864985,4.7222033,-2.1915398,-0.97236925,-0.81505495,-0.7297975,-1.3206247,0.6273102,0.6242957,-1.6747506,-1.135141,0.6395309,1.0
0.60636014,0.99388605,0.015020516,-0.55166173,-0.6448134,-0.5716709,-0.1182713,0.04989215,-0.15877144,-0.6734256,-0.25829256,0.0,0.7568958
-0.020580567,1.8776911,-1.89024,-0.28863785,0.3898678,-0.7775921,-0.36899006,0.20628762,-0.19530486,-0.81219614,-0.90754527,0.13578531,0.71967787
-0.25440854,4.626706,-2.1915398,-0.97236925,0.96870553,-1.5386337,-1.4414835,0.71758634,2.3816402,-0.28927374,-0.5987098,1.0,0.45738015
2.0036032,-0.07028308,0.7568406,-0.9288589,0.71343017,-0.7081902,-1.8718446,1.0151086,-0.3468912,0.9688278,-0.9318569,1.0,0.0
-1.0207956,0.14089864,-0.47251958,-0.07444895,-0.521258,-0.4070284,-1.2139078,-0.8267028,0.39670375,0.27859354,1.1539339,0.37135488,0.73730755
0.4304544,0.31407928,0.05802273,0.00067283213,-0.7917421,-1.0048814,-0.9747613,-0.60105944,-0.36778253,-0.3640398,0.726606,0.27264568,0.77257496
0.32308796,0.81822205,-0.550711,2.1267874,2.9085479,-0.7728779,1.3617263,1.6899371,-0.5039729,0.61386216,-0.5178228,0.48677173,1.0
0.57149625,4.7222033,-1.6207461,-0.97236925,1.087955,-1.3118361,-1.069493,-0.013123289,0.67276144,-0.24455643,-0.31319097,0.5922756,0.4208616
-0.25646612,-0.5124365,0.46410516,-0.6248153,-0.27172202,-1.3556421,0.1695653,-0.49360391,1.0075947,-0.6033153,0.3347413,0.13030526,1.0
-0.13485846,4.0391555,-1.1559117,-0.37686116,1.07696,-1.5049438,-0.9619333,-0.004670206,1.2149925,-0.14304529,0.6682529,0.7219109,0.0
0.7956627,-0.053905137,0.69915015,-0.51503706,-0.57968307,-1.5038359,0.34825325,-0.21778384,-1.1331962,-0.182173,-0.2492167,0.0,1.0
0.43038908,1.2069494,0.0064652227,1.265217,-0.93371063,-0.68469495,0.045757625,0.43505913,-1.5007625,-0.8888526,0.015704153,0.2115044,0.89552987
-1.0644581,0.2722602,0.09996293,-0.916786,-0.67085564,-0.29890496,0.2506445,-0.4394019,2.1616979,-0.26956588,0.65464467,0.0,1.0
1.5072292,-0.44818348,0.639892,-0.5471325,-0.017835815,-0.6757268,-1.2086533,0.83417773,-0.578943,0.32313952,-0.9034421,0.3360771,0.6177515
-0.4139433,-0.302943,-0.961077,-0.97236925,0.13673994,-0.37555975,-0.028944824,-0.6320305,0.025353815,-1.4819143,-0.8011772,0.0,1.0
0.17674382,-0.5108029,-1.0303667,-0.49530223,-0.25597495,1.103054,0.83106065,-0.14438623,0.6991113,-0.33123955,-0.09466301,0.11687859,0.8831219
0.23224086,0.2590514,-0.33497515,-0.494664,-0.3515044,-0.7338567,-1.3127513,0.20072758,-0.36880597,-0.34753823,-0.9600687,0.3585903,0.66594094
1.1381491,-0.08673454,0.15855587,1.6546038,0.65933996,0.052265197,0.41103613,1.5971098,-0.016078686,0.2555684,-0.86246985,0.049596146,0.8612237
1.0947222,-0.21446986,-0.65700275,2.1267874,0.48459727,0.108821414,0.8026284,1.4194739,-1.8032775,-0.068000235,-0.568116,0.0,1.0
-1.0727725,1.7767006,-1.283318,-0.55436575,-0.49587008,-1.2709112,-0.625922,-0.4533891,1.1200322,-0.32810608,0.43386593,0.22934043,1.0
0.092117205,0.7746612,-1.0634421,-0.5993736,1.0620439,-0.85360533,0.19295205,0.55833435,0.60291266,0.3346715,-0.61014247,0.3896603,0.30942982
0.38954768,0.5503149,2.4575646,2.0623364,-0.51144665,-0.48501977,1.1171598,0.7717658,-1.6837004,0.18004711,-0.03282862,0.0,1.0
1.7070379,0.38846242,0.16890529,-0.06491637,0.91288096,-0.72609365,-1.1954439,1.3022319,-0.4574041,0.46041822,-1.2931861,0.95011014,0.082004614
1.0679449,-0.702939,1.2376417,1.2113882,-0.28069624,-1.1886342,-0.36876518,0.877644,-0.7762023,0.88854265,0.5303521,0.45858908,0.56066775
1.7818108,-0.3911047,-0.8036068,0.45525086,-0.93371063,1.1635952,1.2491696,1.0708097,1.3428947,-1.2097228,-0.7534089,0.0,1.0
0.55493766,-0.813468,0.27972937,-0.2276511,0.7193649,-0.35562462,0.17747013,0.428835,-0.83168864,0.11468972,-0.86349666,0.0,0.51326275
-1.4464455,0.3858939,-0.43449244,-0.74895835,-0.230337,-0.89436054,-0.57019436,-0.53019285,2.125943,-0.32397386,0.66547394,0.08233011,0.68009645
-0.34819362,0.29668254,-0.60084903,-0.83630586,-0.91131777,-0.7563625,-0.96139634,-1.3658364,-1.2552954,-1.127706,0.6352343,0.59051526,1.0
-0.25676388,-0.1444024,0.724215,1.6160287,-0.64651424,0.2208007,0.9593131,0.64531904,-0.38929656,-0.4879903,-0.5206955,0.13420549,1.0
1.5675389,0.47837478,0.41288114,-0.89111733,-0.53635216,-0.7384482,-1.08585,0.27370498,-1.0504059,-0.6586227,-1.0135549,0.18434525,1.0
0.58223623,0.21395987,-0.6416984,-0.48086455,0.2997403,-0.50419885,-1.38579,0.3471704,-0.012083698,0.07934756,-0.8530051,0.37660185,0.20130098
-0.1949417,0.7346721,-0.68461275,-0.80803543,-0.8074404,0.7180382,0.11301023,-0.9203113,1.0490199,-0.41485682,0.8865356,0.07066846,0.9305012
0.6457132,-0.59988534,0.92800117,-0.18506901,-0.28581563,1.2638206,0.7944751,-0.7065719,1.5435473,-0.40834132,0.8231618,0.0,1.0
0.69497794,0.45071575,0.11894385,-0.46441126,-0.098967664,-0.48670316,-0.37102765,0.54408425,0.12308531,1.0724664,-0.06985665,0.34468612,0.26913616
-0.26866454,1.1939354,-1.9697512,-0.97236925,-0.39726043,-0.73266894,-0.054626215,-0.62196225,-0.014629398,-1.6747506,-1.3925923,0.06445354,0.9731455
0.8469952,-0.21825276,-0.05156561,-0.19246428,-0.7013681,-0.47908035,-0.42373705,0.40434247,-0.7680934,0.2754823,-0.39949453,0.0,0.71997
-0.31312546,2.9662127,-2.1915398,-0.092894614,1.6081742,-1.0706868,-0.42059088,0.5838765,0.29870012,-0.7784108,-1.1107937,0.5548816,0.616251
0.036779296,0.336294,-1.6314135,-0.97236925,-0.2755649,-0.53209454,0.020754982,-1.0457253,-1.2524616,-1.4781206,-0.30259484,0.0,1.0
0.35807076,-0.40145093,-0.20056912,-0.7743486,-0.6690504,-1.3937933,-0.54643565,-1.5922731,-1.1534275,-1.5953687,1.0080882,0.0,1.0
0.18917374,0.94647765,-0.3068369,-0.7555445,0.11503767,-0.86705124,0.2869805,0.35435817,0.4305255,-0.24718757,-1.2567278,0.0,1.0
-0.07331768,-0.16444582,-1.4191651,-0.733202,-0.28389102,-0.7931288,-0.31016558,-0.8073945,-0.6516124,-1.3889784,-0.9711609,0.0,0.92124563
0.4280412,0.15020587,1.3683672,-0.105450325,-0.12543252,-0.7300479,-0.15205869,-0.05048238,-1.0680051,0.8731555,-0.17478897,0.0,0.6534281
1.4171693,-0.42783418,0.31725773,-0.5093467,0.034050908,-0.66238666,-0.4698369,0.36767456,-1.1759228,0.41609955,-0.8280832,0.054061152,0.72529554
1.932418,2.3297024,0.82364565,-0.97236925,0.32464397,-1.5386337,-1.8718446,1.3382058,0.505076,1.0410365,-1.2175127,1.0,0.0
1.160886,-0.119304076,1.1201687,0.8178198,-0.93371063,-0.19970465,-0.97148424,-0.30919352,-2.183889,-1.6747506,0.8772136,0.17406574,1.0
0.3208811,0.3274294,-0.5156447,-0.4204757,-0.56199276,-0.9224053,-1.1444964,-0.8484317,-0.8093927,-1.2446132,0.54954076,0.02106036,0.72702056
0.13391563,-0.08845115,-0.68890744,-0.8398783,-0.3752295,-0.55962384,-0.5475675,-0.76798844,-0.96012235,-1.6606361,-0.3239964,0.052453227,1.0
0.15021144,1.300773,-0.6191768,-0.36378375,-0.036474656,-1.0542018,-1.8718446,0.73595583,0.9828407,0.14836258,-0.4436418,0.67796624,0.0
-0.007632822,3.6016507,-1.3248888,-0.97236925,3.0836265,-1.0651709,-1.8718446,1.2144995,2.7518206,1.6732668,0.2591793,1.0,0.0
0.11505304,-0.2614269,-0.32581067,-0.40939483,-0.40979084,-0.8059122,-0.2486083,0.02269908,0.20643793,0.0667539,0.038521215,0.12188163,0.6989278
0.0018476136,-0.17711972,1.9488384,1.931791,-0.93371063,2.3181639,2.317571,1.4711295,0.54804206,1.2317032,-0.38470283,0.0,1.0
-0.6174273,-0.37559137,-1.0699729,-0.65315557,0.3863773,-1.0831388,-0.3056749,-0.3428021,0.5959457,-0.2567492,-0.2561841,0.10068116,0.8368769
0.34917054,-0.5301352,-0.97735316,-0.6355512,0.3830629,-0.8663401,-1.5441504,-0.028152471,-0.24687956,-0.9150873,-0.6160201,0.47148463,0.53132546
1.4287419,-0.31209528,1.057001,-0.5409753,-0.6606629,-1.0965341,-0.20100291,-0.1202867,-1.3905604,-0.03720297,0.010483379,0.0,1.0
-0.92175555,0.9463018,-2.0549753,-0.97236925,0.047774054,0.25417686,0.4899217,-0.62757164,2.1017132,-0.07017529,-0.30669168,0.19515318,0.5273757
0.6705921,-0.08699564,-0.344394,0.41665444,-0.15712804,-0.94725806,-0.52865446,-0.038310714,-0.82647353,-1.479396,-0.26068288,0.0,1.0
1.4875144,0.5226026,-0.82871485,0.26825014,0.4101832,-0.51685923,-0.48818338,1.0682714,0.15585369,0.27645245,-0.34301758,0.44125757,0.39180365
2.1273582,0.69011414,0.5567435,-0.8277466,1.5358052,-0.7657198,-1.524645,0.9112607,-0.6415242,0.07113679,-1.4445533,0.7323153,0.050251793
-0.6858129,2.0357182,-2.0447552,-0.80750406,-0.09824582,-1.2134845,-1.8718446,-0.06487359,1.1050555,-0.56754124,-0.57669866,0.5452946,0.0
0.39893275,-0.53436035,1.3593992,-0.6783608,-0.6001293,-1.5386337,-1.0340719,-1.5922731,-1.354319,-1.6747506,1.8658206,0.12570986,1.0
0.020760817,-0.39204243,-0.5670063,-0.24980679,-0.21138749,1.0818919,0.3954699,-0.23516095,-0.4819294,-1.4929235,-0.84858465,0.0,1.0
0.74906737,3.1921573,-1.2682178,-0.8471116,1.8126737,-1.1819279,-1.8718446,0.9908864,1.5995762,0.6879218,-0.18487397,1.0,0.0
-1.8776025,0.22015998,-0.72513956,2.1267874,-0.72891754,-1.4206215,2.290529,1.7367737,1.5733031,-0.103094734,-1.7593788,0.0,1.0
-1.8776025,4.196573,-2.1915398,-0.4422441,0.43267584,-1.5386337,-1.8718446,-0.100816734,2.4680865,-0.8592095,0.21625161,1.0,0.025416777
0.9652223,4.3078194,0.36800975,-0.97236925,1.1936115,-1.3225263,-0.3404892,0.44301298,0.15230198,-0.14984867,0.017267955,0.37428352,0.65113944
-1.0754725,3.228266,-2.1915398,-0.72019565,0.7115154,-1.5386337,-1.7020994,0.2826122,2.069817,-0.15774322,-0.37965208,1.0,0.40317217
0.24883206,3.802725,-2.1915398,-0.97236925,0.056102213,-1.2483532,-1.6713377,0.1241006,1.388532,-1.2415692,-0.28215283,0.6814824,0.5228438
-0.27419266,0.7688784,-1.680384,-0.41206083,0.3887259,-0.68862885,0.24779765,0.093187705,0.14294156,-0.6715823,-0.9822744,0.0,1.0
0.399213,2.6079147,0.82194024,0.06991269,-0.93371063,0.5770428,0.32217747,-0.17217572,-0.2814283,-0.104549535,0.57823825,0.0,1.0
1.2005621,-0.39251927,-0.07404087,0.21223332,-0.25574616,-1.1780587,-0.4518602,-0.48186508,-2.183889,-1.0684477,0.57857203,0.043955825,0.866397
0.49177152,-0.374984,0.0045087747,0.062093858,-0.04892212,-0.73634034,-0.8120166,-0.05421561,0.075610526,-0.47620124,0.3661502,0.3223527,0.61551857
1.5920275,-0.36089665,1.4198475,0.3040719,-0.5367143,-1.0826149,-1.8718446,-0.7044802,-2.1750455,-0.8647581,1.8658206,0.09956926,0.69826394
0.6145465,0.5524925,-0.6670063,-0.67892385,-0.07566503,-1.0077143,-0.8005204,-0.31433812,-0.36766392,-1.0198113,0.09760174,0.10230797,1.0
0.19623758,1.224601,-0.7082568,-0.7965401,-0.60886735,-0.5787502,-0.22439794,-0.37953898,-0.57071275,-0.10336579,-1.1103663,0.21798852,0.9192024
-1.2105141,2.0859032,-2.1408548,-0.44229224,2.0428474,-1.0914186,-0.6702483,0.31445682,1.7916232,0.9970326,-0.5186503,0.76558,0.37582543
-0.07011689,1.2954402,-0.8295082,-0.20852661,-0.78450537,1.3547108,1.0016092,-0.10650862,0.14970776,-0.95355767,-1.2058277,0.0,1.0
-0.12246351,-0.79740477,-0.115887195,-0.5624435,-0.57177144,-0.7689455,0.7553733,0.08486663,0.6873347,-0.1765826,-0.73419243,0.1949919,0.9131241
0.07251981,-0.24641457,-0.3053173,-0.30459595,-0.18681428,-1.2330371,-0.6602119,-1.2605464,-1.2458295,-0.15737,0.8878924,0.0,1.0
1.4858903,2.9216986,-0.54597837,-0.94427055,-0.3701602,-0.8156138,-0.43692994,0.9592064,0.56590766,-0.827729,-1.0565294,0.3440493,0.81130826
-0.72631544,1.0462986,-0.37314335,-0.29502773,-0.30633578,-0.70124507,-1.2709824,-0.465959,0.11878579,0.23505676,0.39622432,0.23432153,0.5285204
-0.49547526,-0.9727962,0.13076818,-0.94331396,-0.18667108,-1.5086498,-0.6184402,-1.5922731,-0.1513217,-1.5994434,1.2605246,0.0,1.0
-0.2253743,1.781796,-0.88294613,-0.20019473,-0.64716977,-1.1957369,-0.8403545,-0.7280846,0.071280554,-1.484874,0.77226096,0.05983816,0.74827725
0.99023426,2.1834524,0.5857153,-0.14107731,0.46762386,-0.74490833,0.42150825,0.22650374,0.4695199,-0.28378296,-0.24064215,0.05590727,0.81286776
-0.4892592,2.4628572,-2.085297,-0.7380108,0.92068803,-1.5386337,-1.5874684,0.17339079,1.6848451,-0.27395147,0.016276265,1.0,0.0
0.66500884,0.7515064,0.6871463,1.7396833,-0.93371063,-0.777389,0.13402012,0.82275033,-1.3873457,-1.6747506,0.07906257,0.0,0.8896571
-0.09697513,0.4346472,-0.7403228,2.1267874,0.7226047,0.8480098,2.317571,1.4262156,-0.94265205,0.1359297,-0.48206276,0.0,1.0
0.3904717,1.0501883,0.052832253,0.66907865,1.4185947,1.8062735,2.317571,0.0066787032,-0.76122844,1.1123344,0.9487016,0.0,1.0
0.41972813,0.37794393,2.2725189,2.1267874,-0.4128673,1.5865431,2.317571,1.454113,-0.41689435,0.20426086,-0.23016411,0.0,1.0
0.082345374,1.3264341,-1.6218934,-0.0775407,0.39837375,-0.69265693,0.3967899,0.18928626,-0.35430148,-1.0104715,-1.6510103,0.047197506,1.0
1.0769318,0.31975392,1.6640605,-0.97236925,-0.93371063,0.14026445,-0.10820385,-0.85845447,-1.5099776,-0.20355177,-0.73659617,0.19962683,1.0
0.4601063,0.78255975,1.1598234,1.4307518,-0.75364834,2.842428,1.7240744,1.3297322,0.27398562,-0.8705627,-0.73054373,0.0,1.0
-0.3432023,0.1460096,-2.093141,-0.97236925,-0.5740161,2.630146,0.79359007,-0.94536024,0.26455823,-0.40928736,-0.7388392,0.24802238,0.90961087
0.9025998,-0.8924448,-0.26830614,0.12021523,-0.6190854,-0.8891919,-0.05193948,-0.13387431,-0.97899306,-1.1074802,-0.4302992,0.0,1.0
1.1414796,3.390337,-1.1350486,-0.97236925,0.155983,-0.5459976,-1.455422,0.66805255,0.93775856,-0.08270734,-0.8400496,1.0,0.0
0.94371235,-0.9295093,0.25144726,-0.81360257,-0.3751216,-1.2544664,-0.051072698,-0.78122854,0.022333357,-1.0667206,-0.19532353,0.104033366,1.0
0.22105613,0.037765235,1.2204714,-0.2485311,-0.76170546,-1.5386337,-0.81233567,-1.3675162,-1.4681151,-1.4129379,1.7697976,0.018207593,1.0
-0.4259361,-1.0442101,0.70710325,-0.97236925,0.31928608,-0.47466937,0.12401737,-0.87546986,2.7518206,-0.59174126,1.0589379,0.0,1.0
-0.8265345,3.3039412,-2.1915398,0.809767,1.6388162,0.35880515,0.67332333,0.21014532,-0.25020805,0.25699127,-0.7662942,0.20768735,1.0
-1.0370146,-0.058111228,-0.82989836,-0.76071846,-0.20923552,-0.7207446,-0.34838557,-0.5167381,-0.56851053,-0.13473067,-0.52653044,0.009989584,0.931483
1.1954781,3.4191432,-1.1201148,-0.97236925,0.8208903,-1.5051523,-1.1432011,1.0752783,0.17322868,-0.29358485,-1.3661871,0.6865561,1.0
-1.1219023,-0.045119885,0.674094,-0.97236925,-0.5631648,-1.5386337,-0.021733709,-1.4573523,1.4876318,-0.77869886,1.1371303,0.17396113,1.0
-0.079735026,0.6685437,-1.2750343,-0.9652691,-0.93371063,2.6622295,0.32509428,-1.0335133,-0.6436646,-1.6747506,-0.6568907,0.10987421,1.0
-0.4022258,-0.2940975,0.26662403,0.4345343,-0.93371063,1.4961624,1.2202113,0.2022611,1.9560894,0.6121513,-0.37085512,0.11288757,1.0
0.98737997,3.9508913,-1.6057409,-0.97236925,2.1631913,-1.5386337,-0.7924657,1.4003597,1.3529071,0.43097314,-1.3983428,1.0,0.16387743
0.40083638,0.9999196,-0.10247433,-0.5608526,-0.059418123,-0.015408333,0.5045583,0.0051418273,-0.2128739,0.07992152,-1.1320369,0.0,1.0
-1.0246248,-0.30273464,-0.79025745,1.3938358,0.4005716,2.4156358,2.317571,0.8366823,-1.3364575,0.13559757,-1.7593788,0.070463374,1.0
1.6240371,-0.42574134,1.2628372,-0.783333,-0.93371063,-0.0935508,-0.23276648,-1.0371292,-1.3238337,-0.15230983,1.7155061,0.0,1.0
1.1029569,3.063877,-0.58159465,-0.8190849,1.3482149,-1.0854694,-1.8718446,1.1600016,1.3269141,0.31901553,-0.5536374,1.0,0.0
1.1342173,1.332091,1.5425855,2.1267874,-0.93371063,3.6762557,2.317571,1.5023142,-0.83724797,0.69145036,0.7173232,0.0,1.0
-0.5246964,-1.0442101,-0.86192375,-0.15891922,-0.48056763,-0.93585926,0.58954597,0.10899811,-0.11645006,0.17744373,-1.2919135,0.2154581,0.96790427
1.5487272,0.6328134,1.6909156,0.0971621,-0.93371063,-1.2567552,-0.8426016,-0.82179487,-2.1273053,-1.6747506,1.7939095,0.0,1.0
-0.17561513,-0.4540203,0.38548407,-0.5684467,-0.51954436,-1.5192885,-0.33909667,-1.035626,-0.0074834474,-0.5244099,0.5357589,0.04634583,1.0
1.1954752,3.298803,1.0414212,-0.26844382,1.2722789,-1.2618062,-1.8718446,0.8054863,0.7366324,0.21164066,-0.7347418,1.0,0.0
-1.247832,0.4442977,-1.3654448,-0.6398984,0.420117,0.04039914,-0.51870865,-0.96074,-0.042245448,-0.5161948,0.3711573,0.0,0.71319103
1.0865333,-0.47860718,0.1418935,-0.60117173,-0.8600385,-1.1715248,-1.1274934,-0.8654592,-1.5757728,-0.68226695,0.30674952,0.0,1.0
0.43180245,-0.3153573,0.86226857,-0.05937283,-0.5488204,-0.98945487,-0.9612602,-0.07388926,-0.6252212,0.7711022,0.8376233,0.0,0.70063573
0.2833583,-0.45745102,-0.061794627,-0.5992182,-0.36155885,-0.66024405,-0.2849909,0.15205294,-0.50404835,0.8130012,-0.35975367,0.037367962,0.73663396
-0.7025364,3.1426828,-1.404655,-0.48189533,-0.71988887,-0.75952655,-1.1074793,-0.542052,1.8342502,0.20567463,1.3920852,0.35956115,0.37775567
-0.11399718,-0.5358774,0.69288445,-0.104377545,-0.13851386,-1.1623755,-0.03895262,0.018884255,0.7051402,0.33801487,0.16294295,0.094183184,1.0
0.9808145,2.626932,-1.3671619,-0.97236925,0.94875616,-0.5258095,-1.8718446,0.79936045,1.182054,-0.30974963,-1.2622131,0.9442402,0.02547529
-0.035181634,0.39169332,-0.35741493,-0.5230957,-0.76617664,-1.3334424,-0.4737684,-0.7601059,-0.8530997,-1.119895,0.41998547,0.0,1.0
0.8115967,-0.16011526,0.050025627,0.641711,1.5544205,-0.79557526,0.37910753,0.38066354,-0.781642,1.0733236,-0.1549993,0.11744376,0.5137693
0.10946058,-0.464774,0.20912933,-0.37437987,-0.60899013,-0.73275113,-1.2262899,-0.34616032,-0.9013893,0.07119358,0.3886791,0.009967519,0.8850199
-0.013361953,-0.2038229,0.061062805,0.44516426,-0.37961084,-0.7228538,0.17592031,0.4865787,-0.03919662,-0.103789665,0.1499175,0.08234096,0.42281148
0.7976288,-0.54873884,0.6294675,-0.6089602,-0.6245057,-1.468912,-1.0546045,-1.418772,-1.8450187,-1.5970489,1.4351934,0.0,1.0
0.2823542,-0.59653544,-1.2756832,-0.97236925,-0.39648378,-1.4083438,-0.70553255,-0.86523604,-2.183889,-1.3063633,-0.81627995,0.0,1.0
-0.5138243,2.1936684,-2.0670266,-0.066119894,1.0642291,-0.6938388,0.059087507,0.16268718,1.1977009,0.16195314,-0.5524339,0.122778036,0.9479749
-0.15757544,4.206671,-2.1915398,0.10369894,1.8149189,-1.5340096,-1.8718446,0.5759172,2.1053114,-0.25423798,0.35257912,1.0,0.0
-0.10773978,0.20843653,-0.1881328,-0.32426855,-0.714947,-0.5528218,-0.42732894,-0.7375539,-0.6946776,-0.06298943,0.4683855,0.0,0.70059
-1.3511355,-0.48580536,0.7269737,-0.6492911,-0.693166,-1.5386337,-0.7325673,-1.4997604,1.5293943,-0.9463777,1.8658206,0.15103625,1.0
-1.6301597,0.69314873,-0.8671179,-0.45207015,-0.27812138,-1.5386337,-0.9822913,-0.6968509,2.7518206,-0.33422142,1.137972,0.61342275,0.8216433
-0.28798315,1.0440788,-1.178741,-0.7866827,-0.61549497,-0.7677776,0.060577832,-0.15269037,0.26916996,-1.5366853,-0.77849615,0.0,1.0
-1.1801975,0.8982415,-0.9772631,-0.35171223,1.4441528,-0.920668,-1.8718446,0.5618401,2.7518206,0.94107884,0.13822545,1.0,0.0
-0.06740712,1.936789,-1.2112644,0.008750069,0.10973464,-1.1447695,-1.8344162,-0.037108846,1.1131085,-0.7187608,-0.08375627,0.8170884,0.0
0.9559635,-0.6084896,0.9230784,0.5791579,-0.88910407,-1.1332719,0.46851403,1.0368764,-0.26015013,0.19346403,-0.54693127,0.0,1.0
-0.13679814,0.6633347,1.1302389,2.1267874,-0.032045715,-0.31687924,0.9829523,1.4319441,-1.4159257,-0.14034891,-0.64734274,0.0,1.0
-1.0274261,-1.0418602,-0.123193406,-0.97236925,0.04728093,-1.464917,-0.26676697,-1.4357846,0.77626514,-1.1228702,0.7667327,0.0,1.0
-0.048304606,0.017413996,-0.7210656,-0.09223998,0.5931792,-1.2319894,-0.5303264,0.3564418,0.5698694,-0.57832235,-0.301942,0.09329418,0.392317
0.64538157,0.2863329,1.5704356,0.33672345,-0.25006646,-0.049555194,0.73460454,-0.038071625,0.055038035,-0.13028553,0.8675413,0.0,1.0
-1.284544,-0.570331,-0.98676366,-0.47804347,-0.30821407,0.16731378,1.3474154,0.023928987,0.69634974,0.0846578,-1.7516863,0.0,1.0
0.47466442,4.2473865,-2.1915398,-0.97236925,0.11445861,-1.3314222,-1.798835,0.33536434,1.1435287,-0.7806941,-1.1598221,0.6497226,0.8332125
0.92309445,1.5382389,1.5763615,0.37279546,0.5124553,-0.3864474,0.2758888,0.567252,-0.34618604,-0.20391707,0.9263767,0.15330441,0.8912394
-0.8737557,-0.034412205,-1.4894879,-0.80958104,-0.400851,-1.0586067,0.15545125,-0.1995533,1.6385608,-0.49970236,-0.10734662,0.041513704,0.9926461
0.04654736,4.7222033,-2.1915398,-0.97236925,1.1419978,-1.5386337,-0.7639142,0.6316408,1.3693743,-0.9961818,-0.5308521,0.7019194,0.5305498
-1.2877557,0.10385282,-0.9089026,-0.97236925,-0.4108139,-1.1815426,0.35440892,-0.5547443,2.7518206,-0.79644233,-0.5411056,0.0,1.0
1.0049896,0.1787616,1.3829408,-0.6519512,0.27144206,-0.8067553,-0.98708564,0.5526878,-0.24628438,0.8440395,-0.88884723,0.44760853,0.4612602
0.15654373,0.040812235,0.3757337,-0.6835512,-0.18387625,-0.48252818,1.5642809,0.11777403,1.408389,1.072867,-0.71464604,0.0,1.0
2.0801525,0.077844225,2.2411635,0.75025016,-0.6092765,-0.005495351,0.789216,1.5520891,-0.94226205,1.2742051,-0.7551254,0.080770075,0.96855974
-0.23720734,-0.21663885,1.9148501,-0.24548097,-0.93371063,0.718701,0.74165004,-0.25268546,-0.14480492,-0.21086107,0.5684987,0.030306118,1.0
0.42447323,-0.080229536,0.5479786,-0.50734675,-0.93371063,-1.5386337,-0.46525764,-1.1126225,-1.5116228,-0.6153019,0.9295699,0.0,1.0
0.3273494,-0.21501884,2.0281804,-0.45818785,-0.93371063,0.15851533,1.7245094,0.17356381,1.8640833,0.10375233,0.05878184,0.11438001,1.0
0.22299768,0.32191488,0.33967274,-0.08401915,-0.93371063,-1.1922753,-0.2902727,-0.67030925,-0.91017056,-0.09631841,0.76425624,0.0,0.9928787
-0.15937252,-0.81754136,0.9087558,-0.23750551,-0.93371063,2.3268783,1.3339344,-0.18745272,2.3174572,-0.64125633,-0.1806583,0.27384132,1.0
3.3844666,2.2504969,1.9886804,-0.97236925,0.6250115,-1.0746043,-1.8718446,1.7367737,0.575584,1.3930401,-1.294561,1.0,0.0
-0.13742392,0.7320319,-0.71714,-0.2615148,1.1250347,-1.0250751,0.48870224,0.033559095,0.29356647,1.0147043,-0.2867611,0.3657473,0.4485617
0.6398304,-0.41850656,-0.0029541925,0.020510718,-0.45365387,-0.015942562,-0.31305724,-0.1601462,-1.0802416,-1.4000847,-0.29324025,0.0,0.9353003
0.4392602,0.31908932,-0.86980647,-0.63439775,-0.425477,-1.0249234,-1.3570927,-0.7418851,-0.32046583,-0.70300215,0.084156096,0.113575794,0.9202745
-1.5460955,-0.12269852,-1.1143299,1.9592412,0.9462768,0.23875943,1.6976086,0.9465397,-0.5186361,0.33478022,-1.7593788,0.0,1.0
1.3734748,-0.035682548,0.3421647,-0.3885025,-0.7947316,-1.5386337,-1.0368843,-0.7727856,-2.183889,-1.6747506,1.0682346,0.0,1.0
-0.7426801,0.45151618,-2.0762851,-0.97236925,0.22808653,1.8850055,1.2951455,-0.5700496,1.7575506,0.37372983,-0.34633797,0.0,0.91356844
-1.2220166,-0.45581862,0.4847401,-0.97236925,-0.054743607,-0.79969305,0.32837987,-1.3815776,2.7518206,-1.6747506,1.0353699,0.035491705,1.0
0.8927905,0.7146322,0.08146924,0.36046734,-0.11209185,-0.8521978,-0.66932124,0.3551355,-0.31909245,0.29825777,0.42838264,0.1454358,0.4362938
-1.2406769,0.4405666,-1.2449458,-0.6075433,0.24617544,-0.8675382,-0.15758017,-0.7557404,1.4106907,-0.7617569,0.58595,0.0,0.5209822
-0.8558929,-0.3500569,-0.7288185,0.7436087,0.33210704,-1.0571929,0.14992465,0.32968137,-1.2492524,-0.3875589,-1.0707912,0.0,0.937346
0.30533856,2.302156,-0.73915946,-0.34228864,0.81006086,-0.49393508,-1.8718446,0.40268457,0.8065335,0.37892172,-0.6193759,1.0,0.0
1.795272,0.34372064,0.9444621,0.50703615,-0.7935077,-0.5744309,0.16131307,0.73918223,-0.9246488,-0.39094082,0.0145344455,0.0,1.0
0.12724724,-0.049728222,-0.1476745,-0.19582571,0.5224715,-0.8785316,-1.6525791,0.3599126,1.0051519,0.80001485,0.0041231196,0.6803362,0.0
-0.5196693,-0.07430241,0.13763702,-0.3239178,0.051204506,-0.7442868,-0.06617727,-0.35399354,0.04620548,0.45626482,-0.29622704,0.07103633,0.70791245
-0.6345133,0.20073612,0.045683607,-0.3847305,-0.45950183,-1.3197252,-0.5350565,-0.04996593,1.5736731,0.13188697,0.30163416,0.37994924,0.6336557
0.4725837,-0.6536894,-0.12564531,-0.0092064,-0.36249694,-0.20040053,0.40680778,0.25178343,1.6519425,-0.13409604,-0.027667759,0.20954995,0.6345509
1.385866,-0.34763047,1.0122693,-0.238436,-0.6412959,-1.5386337,-1.1442531,-0.19655594,-1.258697,-0.21862428,0.19385727,0.05205497,1.0
-0.3350768,1.8303928,0.8001912,0.94582075,0.78360444,-0.5402125,0.8721654,0.3542341,-1.0089812,0.8975063,0.08332577,0.20511556,0.73834395
-0.7674263,4.7222033,-2.1915398,-0.97236925,1.67671,-1.0911537,-1.8718446,0.32956046,2.4956396,1.6084476,0.85558844,1.0,0.0
-0.1743229,0.45035383,-1.2148017,-0.8032365,-0.0072413376,-1.0674206,0.3118049,0.088737056,0.27731594,-0.69329834,-1.5876267,0.0,1.0
0.3582667,0.270091,-0.63813484,-0.883703,0.70887744,-0.44429868,-1.8718446,0.26999426,0.24853453,-0.3239679,-0.6825428,0.683318,0.14954825
0.94389534,3.3615324,0.056778856,-0.97236925,2.3919554,-1.0285211,-0.9177749,1.1720897,0.45994172,0.4887397,-1.4449124,0.6846817,0.13304245
-0.8154363,3.0334065,-2.1402643,-0.40832397,2.8428893,-1.148261,-0.83491325,0.52180165,1.754184,0.5611653,-0.05811988,0.9178868,0.21104619
-0.86053365,4.459151,-2.1915398,-0.57575494,1.5550731,-1.5386337,-1.8545184,0.22341256,2.10076,-0.03907068,0.13592884,1.0,0.24046811
-0.9406655,-0.3347492,-0.87527394,-0.97236925,-0.22345683,-0.8535268,0.6015633,-0.18705346,1.6213182,-0.84292036,-1.0279219,0.04582393,1.0
0.10345495,1.0791439,-1.4881053,-0.97236925,0.13271502,-1.1346505,-1.3030047,-0.26463774,-0.06909835,-0.79673207,-0.7903221,0.32778832,0.6982224
-1.2713151,0.17532308,-0.5904922,-0.5522892,-0.09536715,-1.5386337,1.0615504,0.06463981,2.7518206,-1.2481025,-0.51224095,0.23087817,1.0
1.7413476,0.26982644,1.0969179,-0.46112218,0.8457527,-0.9313706,-0.6040906,0.6392357,-0.44026548,0.92694837,-0.71609145,0.43503606,0.40594184
1.236277,-0.15168835,0.62750196,0.57185525,0.05594885,-0.16235867,-0.6282484,0.70348835,-0.37240404,-0.51245016,-0.5876613,0.22962454,0.61555916
-1.0560434,0.38585243,-1.0492878,-0.5894649,-0.7602607,-0.8063357,0.03484815,-0.14360736,2.3458323,-0.48481584,0.24721402,0.35681418,0.85016036
-1.5343947,0.30027774,0.47996423,1.6375263,-0.5712881,0.4503676,1.7113419,0.86909974,0.47278026,0.67912227,-1.0178826,0.017739372,1.0
-0.0926024,-0.62292385,0.099504,-0.9019578,-0.2523637,-1.1461452,-0.49155915,-1.504114,-0.07372904,-1.6039752,1.020735,0.08234072,0.7870064
0.7491222,0.27964026,0.10887385,0.63397986,-0.63002527,1.8224291,1.8738797,0.63742024,0.98908436,0.8307267,0.68222547,0.0,1.0
0.9104703,0.45695642,1.3810346,-0.62188005,-0.93371063,-0.37924314,0.22441785,0.010810209,0.7295166,0.22606155,-0.3891824,0.4463525,0.72170186
-0.33143884,2.9183357,-1.9381919,-0.94235533,0.10715948,-1.5386337,-1.0438869,-0.06027014,0.9583877,-0.7116779,-0.3664072,0.44333062,0.62843585
0.26237187,-0.3434648,-1.3881449,1.0812349,0.11978373,0.58175844,0.10591805,0.42902258,-0.64382005,-1.6747506,-1.2552453,0.0,0.9457153
1.8659711,2.920759,0.47763476,-0.97236925,1.990331,-1.3814738,-0.6746415,1.5197736,1.2959408,1.1727967,-1.3078781,1.0,0.036143817
0.1471694,0.60154736,-0.88418925,-0.92907155,-0.37367022,-0.9971229,-0.038707923,-0.1475014,0.13361621,-0.7336063,-0.66786885,0.0,1.0
0.90687335,-0.014575616,2.8018205,-0.49395385,1.1601105,-1.0288182,-0.37931353,0.043785945,-0.78806776,0.40257865,0.09804726,0.38693637,0.33244634
-0.17780618,-0.9567614,0.25555164,-0.64263123,-0.65692073,-1.5386337,-1.3665158,-1.5922731,-1.6455154,-1.4306808,1.8658206,0.0,1.0
0.92434645,-0.22021918,0.65178317,-0.682914,0.038215667,-0.7836393,-0.67124224,0.25980446,-0.24368097,0.4515097,-0.3433558,0.37219477,0.37800688
-0.07932873,-0.82582426,-0.2664187,-0.15283172,-0.49542794,-0.17739196,0.7715959,0.2193714,0.61327,-0.33545226,-0.7220076,0.0,1.0
0.7808099,-0.5145639,-0.3651873,0.64060885,0.59796566,-0.4085307,-0.51287466,1.0262923,0.1376881,-0.2206926,-1.2418592,0.2641112,0.35528606
-0.8050459,2.353302,-1.5575356,-0.7802186,-0.05130252,-1.0577575,0.14632355,-0.3277311,0.9990288,0.12270978,-0.29928446,0.0,1.0
0.952448,1.215509,-0.49790114,-0.7099098,0.30671996,-1.0017942,0.34484828,0.1529365,-0.21917479,-0.28855544,-1.1201206,0.0,1.0
0.30953863,1.2997097,-0.48571932,-0.97236925,-0.69374204,-1.0362715,-0.3924296,-0.11951779,-0.9346335,-0.22833641,-0.7458449,0.0,0.867841
-1.4534279,-1.0442101,0.13729104,-0.97236925,-0.59408534,0.4926593,1.2350135,-0.96738654,2.7518206,-0.36176652,0.059480384,0.0,0.8424757
-0.63550884,-0.5471373,-0.56314325,-0.24789928,-0.23752779,-1.4212888,-0.4510404,-0.69652027,-0.9093952,-0.15377736,0.16942899,0.0,0.95235467
-0.076738074,0.6244399,1.4633107,1.3850272,-0.93371063,-0.3197727,-0.14960088,-0.07225665,-0.9567605,-0.25168926,1.152222,0.054887474,0.8726332
1.0319015,0.19140379,0.15817145,0.264289,0.5267723,-0.56214267,-0.46878523,0.77158546,-0.055540234,0.015617015,-0.5024474,0.3200589,0.41374242
0.121131286,0.22926155,-0.4993038,0.9916956,-0.62505615,1.1147071,1.560429,1.5921313,1.7520257,-0.029327411,-1.2049595,0.17460851,0.7188872
1.3860959,-0.64058214,0.86836874,-0.64584726,-0.93371063,-1.5386337,-0.898372,-1.3451601,-1.8759874,-0.97767663,1.0557837,0.13998662,1.0
-1.4109583,-0.01969029,0.867665,2.0692897,1.5461609,0.36993736,1.9168262,1.0956067,-2.183889,0.4702809,-1.7593788,0.0,1.0
-0.20567457,0.28532413,-0.85731155,-0.44270846,0.4468527,-0.9403776,-1.730206,0.42109478,1.8534893,0.03206326,0.33077458,0.9634756,0.0
0.438477,-0.6430313,-0.49671802,-0.67982394,0.2669541,-0.82491785,-0.44552797,-0.24285811,-0.3410717,0.06442271,-0.20859252,0.116391756,0.63434625
-0.68495864,-0.5381932,-1.0602863,-0.59356916,0.012903464,-0.43012688,0.46475786,-0.053706087,1.142431,-0.367132,-0.8610492,0.0,0.69355047
-0.60138965,1.1401689,-1.3450388,-0.7227015,-0.39800796,-1.0000644,-0.71716493,-0.46634546,0.53953034,-1.3057166,-0.6297594,0.06531314,0.8881172
0.54914635,-0.1323199,-0.6103453,-0.97136956,-0.627899,-1.3714755,-1.2915877,-1.5922731,-1.3296386,-1.6747506,1.35787,0.0,1.0
0.7803874,1.9656,-0.08139554,-0.2164566,0.1061145,-0.9845356,-1.3288225,1.1426239,1.2437817,1.1838356,0.44431767,0.8185165,0.42741215
-0.0018457565,1.2754579,-0.76248765,-0.28572366,-0.40372357,-1.2343177,-0.22621763,-0.05990345,-0.725816,-0.54647565,-0.32028255,0.2340107,0.94059134
0.66562843,0.003248042,1.0159565,-0.10528674,-0.4970781,-1.2177565,-0.6815388,-0.7601946,-1.2236421,-0.7384997,0.8456103,0.10353792,0.99702036
-0.09660676,-0.45722607,-0.2644081,-0.647467,-0.57479846,-1.0796039,0.18575223,-0.3165333,-0.37196374,-0.03703633,-0.40817335,0.11997118,0.9167847
0.22554411,1.2493178,-1.0731003,-0.848735,-0.107722424,-0.70347196,-1.0847687,-0.02101854,0.46738338,0.20758566,0.19506444,0.42408025,0.0
1.020448,4.7222033,-1.3363694,-0.97236925,4.952316,-1.4801316,-1.8718446,1.6056257,1.8481842,0.94049597,-0.80702806,1.0,0.0
-1.5732043,-0.057036802,-0.6822373,-0.97236925,0.73668367,-0.7999337,0.66114175,-0.55971366,0.34650838,-0.5607162,-1.7048768,0.0,1.0
-0.36244673,0.31262708,2.7500756,2.1267874,-0.93371063,1.6107982,2.0663087,0.6792749,-1.4466596,0.855769,-0.15030116,0.26232046,1.0
1.5081227,4.7222033,-1.8765479,-0.97236925,1.460288,-1.5386337,-1.8718446,1.2958845,2.0097668,-0.14888912,-1.0493991,1.0,0.0
-0.8927669,-0.2314305,-0.40785575,-0.81572443,0.42647088,-0.98347455,0.14528866,-0.8111787,1.4060242,-0.46684834,-0.22281595,0.0,0.8693896
1.2480617,-0.10752843,2.0991795,-0.4569354,-0.93371063,-1.5386337,0.032938275,-0.57968193,-1.5197623,-0.53946465,0.28709197,0.18182105,1.0
0.04425009,0.039039128,0.7479248,-0.48985463,-0.82992226,-1.415165,-0.25919992,-1.1234691,-1.0517229,-0.40119204,1.133399,0.03336022,1.0
0.85170954,1.9992874,-1.550168,-0.9292782,0.11170271,-1.119634,-0.83606035,0.28831202,0.41417295,-0.3935719,-0.24716769,0.19046892,0.39062673
-0.90772414,3.6285427,-2.1915398,-0.97236925,1.239552,-1.5386337,-1.8718446,0.3864587,2.7518206,0.26146546,0.03885568,1.0,0.0581562
0.4964489,2.1166148,0.22430593,-0.23042655,2.0626311,-0.59619075,-1.8718446,0.90984654,1.6017581,0.21689557,-0.17206967,1.0,0.0
0.040757164,-0.6184951,0.7442156,0.7435152,-0.93371063,2.9269624,1.7006974,0.58128256,-0.7542396,0.9250911,-0.7249743,0.43335474,0.77121913
-0.055151794,0.5314498,1.2482963,0.70939016,-0.93371063,3.8631516,2.317571,1.0989734,1.417239,0.39616737,-0.5801364,0.0,1.0
-0.6765456,0.48104936,-0.16062191,-0.09064967,0.43351576,-0.6010926,-1.4703288,-0.20609212,1.6103078,0.5883062,1.0447209,0.54064626,0.16091716
2.407371,-0.059841022,2.2377574,-0.6681856,0.21356067,-0.7622714,-1.5511738,0.72607356,-0.8387623,1.292823,-1.2634294,0.9066012,0.4769507
0.30593333,1.3493052,-0.9061634,-0.610801,-0.27063414,-0.52632934,0.675646,0.3858588,0.57214516,-0.83368975,-0.9767811,0.06684558,1.0
1.0729064,-0.19665976,1.8806304,-0.73551214,0.59154963,-0.5660386,-0.31247014,0.067811884,0.07193461,1.4824313,-0.45359457,0.27683502,0.6107302
-0.04650971,0.2852741,-0.9711454,-0.036629084,-0.2669263,-1.3137131,-0.6117279,-0.6229813,-1.9458898,-1.1357312,0.12202722,0.0,0.9304291
