numeric__fixed acidity,numeric__volatile acidity,numeric__citric acid,numeric__residual sugar,numeric__chlorides,numeric__free sulfur dioxide,numeric__total sulfur dioxide,numeric__density,numeric__pH,numeric__sulphates,numeric__alcohol,categorical__type_red,categorical__type_white
-0.8345042,-1.0442101,-1.6581907,0.87762296,0.6844876,-0.76826614,0.7858946,0.43282133,-0.09775433,-0.9265277,-1.7593788,0.0,1.0
-0.24371266,0.39297822,-1.5347118,-0.2285381,-0.18663852,-0.89646375,-0.95522565,2.0258129e-05,0.9443257,0.45140553,0.18035415,0.47472462,0.4581228
-1.0104657,0.6398879,-0.1399643,0.5337906,-0.18282224,-0.46401703,0.67806184,0.4326449,-1.8221475,1.069763,0.6724877,0.0,0.8121067
-1.3557851,1.9357145,-0.4086186,-0.33422,0.032508224,-0.46513277,0.9370528,-0.78254235,-0.45171976,-1.4985181,-0.35178798,0.0,1.0
-0.20773727,0.6270074,-1.0810479,-0.17251125,-0.292254,-1.5066367,-0.42419186,-0.074752584,0.074795045,-1.0572898,-0.39785624,0.014203966,0.9428499
-0.5121252,0.04410081,0.1378825,0.28128085,0.025227588,0.037749223,0.8169846,0.09112958,0.7994839,-1.130254,-0.9097589,0.0,1.0
-0.16833569,0.27275652,0.3355773,-0.7082813,-0.38655907,-1.4471676,-0.16379558,-0.8748446,0.4096843,-0.56660306,0.34975904,0.0,0.9998789
-0.047757223,0.6533967,-0.73780113,-0.9259875,-0.59225965,-0.24488002,-1.1816466,-0.83549595,-0.9239386,0.18159336,-0.6007634,0.26915818,0.7742686
-0.583022,1.1625139,-1.1682435,0.044051766,-0.6469862,-0.7352322,-0.18309093,0.36901724,2.0566754,-0.46529698,0.20867698,0.18593307,0.77126986
-1.1598431,0.1727055,-1.0460757,1.6705173,-0.09095685,1.5785431,2.1845164,0.85491043,-0.9607998,-1.5670129,-1.7593788,0.09050259,1.0
-0.57038736,-0.6401911,-0.6578642,-0.65200955,0.051550593,2.748576,1.6386334,-0.35662878,0.92982864,1.1614512,-0.84170055,0.05443733,0.8218945
-1.8776025,0.23887253,0.30435777,0.95976824,0.26917756,3.9356322,2.317571,0.5122987,1.1874299,0.010291171,-1.2146913,0.0,1.0
-1.316706,1.06533,-1.8695718,-0.47505802,-0.06572096,-0.41134226,-0.049043477,-0.42851624,2.458757,1.0563912,1.0648807,0.40028325,0.2862183
-0.21394625,0.18370521,0.54655415,-0.34050053,0.18942125,-1.2388616,-0.41666806,-0.5432547,-0.33509845,-0.59200084,-0.3326946,0.045181766,0.9887218
1.0079576,2.9882572,-2.1915398,-0.626365,0.820924,-1.2875259,-1.8718446,0.0261234,0.5757575,-1.441997,-1.0857579,1.0,0.0
-1.4372051,-0.54529655,0.6660122,-0.3365735,-0.65332806,-1.1657519,-0.76079744,-1.5922731,0.109600686,-0.24120034,1.7749296,0.0,0.7168169
2.657738,0.075138345,2.6511338,0.35961315,0.41633788,-0.14973359,-0.4865705,0.5501192,-1.6989262,0.3045594,-0.6999212,0.12624991,1.0
-1.0028893,-0.15674584,-0.88797027,-0.97236925,0.04742826,-0.26449478,0.11192672,-1.3062971,-0.4300209,-0.4197178,-1.3293976,0.0,0.90088296
2.2468307,0.004116362,2.8018205,0.7774552,-0.93371063,-0.34806162,-1.8718446,-0.63283247,-2.183889,-0.83807474,0.2534685,0.0,1.0
-0.05624322,-0.3009903,-0.32490718,-0.17290585,-0.042175673,-1.5386337,-0.7828861,-0.5731131,-0.838901,-0.91819894,-0.294425,0.2609466,0.69677114
-1.2030225,0.66803986,1.1649251,2.1173427,-0.37770203,0.58382326,1.3524175,1.1627402,-0.41555333,-1.3707824,-1.7593788,0.0,1.0
0.71844524,-0.5116724,-0.65981734,-0.97236925,-0.8889712,0.62206143,-0.8035876,-0.95067966,-0.7474715,-0.9933214,-0.4771725,0.0,1.0
-0.622627,-0.2749571,0.03380619,0.4053478,-0.42738947,-1.1582559,-0.09115809,0.103702635,-0.37138247,-0.015132446,-0.5280976,0.0,0.86682194
-1.0073382,-0.6859735,-0.75900817,-0.72477084,-0.10993181,1.0824842,0.21837689,-0.5228749,0.89907956,-0.5306726,-0.5314586,0.0,0.9611424
0.08474571,2.8701513,-2.1307018,-0.5511661,0.6597799,-1.5011021,-1.8718446,-0.45745224,2.4345233,0.25764307,1.8658206,1.0,0.0
0.6523422,2.8829832,-1.3689607,-0.40144113,0.30662933,-1.001829,-0.953914,-0.15685101,0.35838553,-1.6747506,0.72731745,0.5733401,0.22389688
-1.6213418,0.021435028,-0.44279277,0.8534454,0.30752924,1.1506106,1.4867613,0.33111724,-0.54002017,0.64826584,-1.230897,0.0,0.8109973
-1.0953866,-0.08887865,-1.1107591,-0.77379745,0.046342272,-0.8608633,0.7211714,-0.37098235,0.4390756,-0.77565575,-1.7593788,0.0,0.9314466
0.17747718,-0.25992548,0.4302822,-0.24172108,-0.5120117,-1.2181939,-0.82956195,-0.39421016,-0.8337275,0.049467657,-0.09705269,0.0,1.0
-0.7316605,1.254415,-2.1767468,-0.2821835,0.4656621,-1.5386337,-1.3397987,0.27472168,-0.007049962,-0.44266945,-1.1947197,0.42940223,0.59861696
1.12522,-1.0442101,0.41166747,-0.75083685,-0.12815452,-1.5386337,-1.106085,-0.08937244,-0.86275196,-0.75934684,-0.29233372,0.0,0.9860601
-0.49620956,-1.0442101,0.07139927,2.028053,2.7016795,2.8672416,2.317571,1.7156378,-0.15668805,1.2781731,-1.7593788,0.0,1.0
1.8969784,0.04622021,1.8085209,0.47981703,-0.93371063,-0.007897725,-0.11071187,0.9144999,0.0533197,-1.3946699,-0.82951236,0.0,0.66653514
-0.8341671,-0.515596,0.4176379,0.03977202,-0.3482084,-1.5386337,-0.78009146,-1.116326,0.25295755,-0.28363192,1.2144,0.0,0.88487864
-1.7832811,-0.9610079,-0.8552615,-0.2435434,0.31918964,1.6135765,2.067354,0.07305406,2.2191322,0.6198093,-0.7340727,0.0044227475,1.0
-1.620645,1.2140949,-1.5970194,0.40055847,0.104204714,-0.4139197,1.4692105,0.47441378,0.3969248,-0.51751786,-0.82671046,0.25897434,1.0
-0.72413146,-0.2154737,-1.1389061,0.14747353,1.3409994,-0.90730083,-0.7146255,0.31404948,1.6072828,1.1258732,-0.20313631,0.4152954,0.3378095
-1.0045497,-1.0299256,0.29007712,1.1324092,1.3552576,2.6264234,1.6217499,0.79555833,0.36890915,0.053448524,-1.2023461,0.0,1.0
1.2660525,0.5674839,0.3797758,-0.4419788,-0.510119,-0.85268563,-0.61711913,-0.3557634,-1.1037537,-1.6747506,0.077113196,0.0,0.8564565
-0.24312505,-0.38831395,-0.5706591,-0.07555455,-0.52410024,-1.1026584,-0.90089446,-0.4299379,0.5136364,0.1323671,0.17497386,0.0,0.60105115
-0.39110664,1.4730041,-0.9699772,-0.6005582,-0.57028896,-1.4919461,-0.07153162,-0.07397996,-0.39389977,-0.9244886,-0.25414872,0.0,1.0
-0.17501049,0.026815597,-0.4238843,-0.003386946,-0.08457065,-1.1596256,-0.32278624,0.4170084,0.27904037,-0.8877615,-0.47579938,0.18086301,0.70752597
-0.40372288,3.3954809,-2.1915398,0.6236907,1.1681588,-0.8743279,-1.8718446,1.2249972,1.558353,-0.40583885,-0.16325897,1.0,0.0
-1.1327686,0.32966548,-0.5330963,0.34895265,-0.93371063,-1.1253515,-0.6421934,-0.51253533,0.5079352,-1.0312364,0.88873094,0.0,0.5828369
-0.70677274,-0.3782823,-0.24992032,0.015482952,-0.16508184,-0.75301653,-0.6580303,-0.2583645,-0.4019975,0.6564509,0.4768604,0.16806068,0.36599007
2.288288,4.7222033,-2.1915398,-0.81194174,2.192768,-0.98210776,-1.8718446,1.7367737,2.5261207,0.40604603,0.113298,1.0,0.0
-0.02277957,-0.058038805,-0.8624397,-0.97236925,-0.09257236,-0.6616451,-0.10357471,-0.31003776,-0.6753188,-0.45503318,-0.925817,0.11291427,0.86485195
1.0581753,1.0505918,-1.0806271,-0.97236925,-0.20505999,0.15933271,-0.75908965,-0.34056655,-0.7367737,-0.2622941,0.023767889,0.5648974,0.24873099
0.058956347,3.1386518,-2.0271075,-0.8041903,0.16379242,-0.84596384,-1.1714238,0.25477108,0.7723526,-0.2692427,0.4841442,0.81346923,0.3649621
0.8883721,1.7224358,-0.862492,-0.4800981,0.30003363,-1.4483086,-0.9437657,0.62189376,0.4943426,0.80397844,-0.27045095,0.6959619,0.039595097
-1.8776025,0.7960377,-1.9236653,0.48863426,-0.028783962,-0.32846236,1.1247962,-0.42337528,0.94668806,0.012333848,-0.5985135,0.0,1.0
-0.15391892,-0.096357256,-0.7065101,-0.97236925,-0.60122603,-0.3578605,0.041335903,-1.0327783,-0.3035047,-1.1301997,-0.9125921,0.0,1.0
-0.6853561,-0.44919804,0.79848915,1.6060619,-0.5906958,2.6033895,1.4256581,0.7096429,-0.27384582,-0.5461751,-0.6199088,0.0,0.9428112
-1.4193993,-0.07033153,-1.3699841,0.20793836,0.13137367,-0.14639091,0.67673945,0.13687733,0.7876407,1.0799731,0.08596756,0.0,0.6036823
0.18006507,-0.36187315,0.4612981,0.6900294,-0.60205287,0.81693137,0.60202026,0.3333621,-0.18413173,0.19036263,-1.0172123,0.054495018,0.825187
-0.3477839,1.8553153,-0.2000727,0.2364801,-0.2125926,-1.4472872,-0.06596499,0.09467329,0.5481407,0.60644495,0.38583308,0.25280213,0.84124607
-1.8776025,-0.15771633,-0.39961207,1.8841423,0.19925879,3.3301504,1.9908992,0.95118076,0.683681,-0.63249177,-1.4353211,0.0,0.7090656
0.9110497,1.7781427,-0.7946579,-0.72022784,0.8188172,-0.8518798,-1.8718446,0.7162238,1.8626734,-0.30403763,-0.31585425,1.0,0.0
-0.2990425,1.9927636,-2.1915398,-0.2677595,0.015266173,-1.2459716,-1.5279533,0.68765014,0.6141326,-0.8988204,-1.2142146,0.2800023,0.6775011
1.1418879,-0.23971492,2.0003467,1.3172249,-0.09881151,1.3374293,0.50897413,0.7542206,-0.92597604,-0.7346391,-1.0879798,0.0,0.85498035
-1.092398,3.0835783,0.08294375,-0.97236925,-0.93371063,-1.2575109,0.2372632,-0.65798795,2.237773,1.1543645,1.8658206,0.30343017,1.0
2.32222,1.7485996,0.5423611,-0.8075157,0.23977454,-0.15975109,0.006030361,0.3007437,-1.042276,-0.31095374,-0.602537,0.082449354,0.9248948
1.9321734,-0.36179683,0.39319214,1.264056,1.1067152,-0.42628115,0.36989418,1.6731358,-1.6851627,-0.0018739626,-1.4512899,0.0023182342,1.0
0.40340063,1.554653,-1.6826549,-0.40770763,0.26083767,-1.3919134,-0.30686605,0.074092105,-0.97800684,-1.1799549,-1.087089,0.0,0.9451174
-0.1818375,0.25837556,-0.013948789,-0.03468524,-0.71513575,-1.5089121,-0.4090863,-0.48336574,-1.1528957,0.49359196,0.7133476,0.0,1.0
0.9209519,0.20211059,0.70286185,-0.28400415,-0.17886865,-0.84499145,-0.22949961,0.05480726,-1.0095868,-0.3776282,-0.2365669,0.0634582,0.7068893
0.02966926,0.69622636,0.1266686,-0.3847786,-0.81561047,-0.19013761,0.37901527,-0.32552215,-0.5855155,-1.6747506,-1.5245489,0.0,0.8778941
-0.9724964,0.42708153,-1.7653928,-0.27830744,-0.54459065,-0.74186325,-0.42138726,-0.2807321,0.19368666,-0.36909676,-1.2875752,0.0,0.78292274
1.5756242,-0.22827028,1.497064,0.4860832,-0.45200896,-0.09531699,0.07176863,0.9963227,-0.94579774,-0.7600655,-1.1082546,0.0,0.7479444
-0.4286321,-0.66736573,-0.83781755,0.0031492412,0.4573157,0.35525948,0.5253721,0.5049075,-0.40999308,0.77939653,-1.180034,0.0,1.0
-0.53143865,-0.9253425,-0.60164976,2.1267874,0.0108307935,1.5791651,1.4130387,1.07031,-0.65506905,-0.40228075,-1.7554612,0.031764753,1.0
0.62802744,2.0681748,-1.8221698,-0.9712326,0.6981719,-1.094107,-0.76772046,0.339157,0.57506436,0.40133148,-0.50696474,0.58417714,0.43733132
-0.9252593,1.6459144,-1.1919912,-0.63147587,-0.43703163,-0.5136405,0.15584426,-0.23526374,-0.7608082,-0.4716552,-0.69894254,0.0,0.656306
-0.05685059,-0.03437942,0.635203,-0.17032562,-0.68509406,-0.0048012063,0.23138128,-0.4860159,-0.02097187,-0.23558955,-0.3203829,0.003148743,1.0
0.25786644,1.8383477,-1.0180964,-0.700848,0.486182,-1.0971758,-1.2256422,-0.039011244,1.603428,0.3443511,0.5882757,1.0,0.0
0.6113725,2.5154073,-1.3108127,-0.97236925,3.3754134,-1.3739178,-1.8718446,0.93113095,2.7518206,2.2838242,0.37938946,1.0,0.0
-1.4856063,-0.5064616,-1.3887935,0.06632711,-0.015792243,-1.5386337,-0.7065485,-0.6541282,-1.0216371,-0.868791,-0.9072712,0.073531315,1.0
-0.86226255,2.1773741,-2.1915398,-0.97236925,-0.37486297,-1.3705037,-0.39462242,-0.22517163,0.66845924,-0.52944577,-0.97890973,0.10838491,0.5287568
-1.0177487,-0.37615272,0.23616548,0.4238584,-0.1538407,0.54646236,0.47131318,0.48636642,0.6861466,-0.8519305,-0.8036675,0.05709695,0.70402384
0.2743321,-0.6604333,-0.96029735,-0.098949425,0.41925856,-1.5386337,-0.83112,0.18271667,-1.1491511,0.6829098,-1.1716566,0.0,0.7640695
1.0139307,-0.87397885,1.4712238,1.8532059,-0.046887778,-0.056246772,0.5965172,1.7367737,-1.0426354,0.1523028,-1.7593788,0.1487163,0.8769685
-1.0349102,2.23752,-2.1915398,-0.019320635,0.21773568,-1.341313,-1.7131082,0.18049707,0.6244316,-1.3771462,-0.19961382,0.3288737,0.5241208
-0.29974,0.41760725,1.2052945,-0.91868097,0.027381968,-1.1255213,0.083563164,-0.9465164,-0.53266054,-1.6747506,0.062023,0.0,0.7797387
0.40374267,-0.38853854,-0.2195153,0.015541949,0.07154402,-1.3818011,-1.3496114,0.26879176,-0.29491383,0.2876824,-0.644908,0.23236473,0.28884488
-0.14963868,3.3914087,-2.1915398,0.44874325,0.5034962,-0.95552266,-1.6784513,0.39517385,0.93200064,-0.1854055,1.0148555,0.5083443,0.12797229
1.3216377,-0.25583735,2.8018205,1.1915238,0.83203626,1.2621,0.26765236,1.3935305,-0.15878886,1.3614374,-0.47972572,0.43684337,0.80348295
0.1850633,2.0028422,-2.1915398,-0.48169506,0.39405218,-1.440047,-0.81629896,0.713966,-0.06449467,-1.1132551,-1.5953503,0.5732326,0.6645492
-1.8776025,-0.5110862,-1.2736267,0.81336904,0.45875436,2.4194608,2.317571,0.62313783,1.2159683,-0.43073016,-1.7593788,0.0,1.0
0.97800833,0.11272773,0.83537275,-0.7726333,0.9337534,-0.7446058,-0.19237693,0.26519594,-0.5102547,0.80887616,-0.5427128,0.0,0.7345693
-1.3607079,1.4853203,-1.9778559,1.3562248,-0.5651227,-1.120242,-1.7340658,0.24143839,2.0951843,0.5348684,1.8658206,0.76940614,0.47043866
-0.377305,2.1443489,-0.49393752,-0.12710689,-0.38703796,-1.5386337,-0.040420845,-0.20151404,-0.4429525,-0.47643292,-0.3302855,0.20622839,1.0
-1.3287069,-0.62327963,-1.1238554,1.5654016,0.36081773,1.5990802,1.9597018,0.80905885,-0.2872393,0.7040877,-1.7500521,0.0,1.0
-0.048462458,1.8446339,1.3479865,0.44035485,-0.13641663,0.58679986,1.1979336,0.67323923,-0.64155567,-1.6747506,-0.91714734,0.0,0.6488084
-1.7591972,0.21001655,-0.92672384,-0.463436,-0.5137901,-1.5386337,-0.43405342,-1.209077,0.27970877,0.425583,0.5099332,0.15073024,1.0
0.9821975,4.1325626,-1.9011036,-0.97236925,1.6927054,-1.5386337,-1.8718446,0.746328,0.73611814,0.34865534,-0.75528616,1.0,0.0
-1.205886,-0.4967816,0.48336545,1.370103,-0.015819456,2.453028,2.317571,1.374313,2.038716,-0.14342868,-1.1003503,0.0,1.0
1.2072399,1.695344,-1.8560601,-0.97236925,0.088997364,-0.687919,-1.3785352,0.05748283,0.4110662,-1.3171388,-0.64283955,0.3896088,0.8054839
0.1014528,-0.3745114,-0.4688706,-0.97236925,-0.14184295,-0.775869,-0.81569546,-0.48528996,-0.5580738,-0.90865767,-0.51526207,0.32365566,0.881159
-1.0707382,0.8266385,-0.11470196,-0.1199136,-0.6683822,-1.0873996,0.1871247,0.0650994,1.2672399,-0.6101716,0.60703236,0.0,0.59486455
0.17504898,2.6382048,-2.1915398,-0.774291,-0.38062587,-0.9061831,-0.92054343,-0.1116443,0.83592933,-0.61270624,-0.027418736,0.42766884,0.78128946
-0.97777724,2.065738,-1.5285225,-0.30317637,-0.1690377,-1.1887628,-0.008791553,-0.41422778,0.27164993,-0.41471565,0.28917348,0.10756279,0.44033337
-0.38297075,-0.22961247,-0.48933557,-4.987605e-05,-0.3274606,-0.68556786,-1.1319119,-1.0825859,-1.3611543,-0.6711089,0.8853808,0.22861636,0.98723954
-1.024032,1.6293468,-1.304456,-0.97236925,0.54362756,-0.914626,0.23113173,0.21492213,-0.40052563,-1.4200661,-1.7593788,0.0,1.0
-0.65525514,-1.0442101,0.038110264,1.0848744,0.87937754,0.18361498,1.1566696,0.75171304,0.37259904,0.973758,-0.8012096,0.022140892,1.0
-0.8995529,0.42766526,-2.1083202,-0.27372247,-0.035036687,-0.122594245,-1.4393889,0.17134601,1.791282,-0.08207753,0.646928,0.75609,0.17801687
-1.8776025,-0.41803527,-0.66332453,0.34962565,0.83541614,0.41808033,0.19072984,-0.38611832,0.98973125,2.0120595,1.7640738,0.01173088,0.40898123
1.4696726,-0.64658815,0.25905406,-0.7545123,-0.8022193,-0.9827288,-1.4183633,-0.831039,-1.4557432,-0.53499997,0.38147527,0.0,1.0
0.76168644,0.37635764,0.06906243,-0.3127424,1.6433586,-1.2539624,-0.76316035,0.7451062,-0.63728046,2.2838242,0.79596514,0.5612312,0.09735055
-1.7984656,-1.0442101,-0.42224163,0.022778999,1.2642937,-0.4388901,1.3180174,0.37910295,1.3516606,1.3541924,-0.035750724,0.0,0.7830627
-0.7832314,-0.48925984,-0.68743163,0.3062159,-0.93371063,-0.7030193,0.12411873,-0.2683487,1.1297618,1.1791505,1.2465305,0.15303817,0.7248782
-0.24772622,-0.028894808,0.46338964,-0.03391084,-0.38822877,-1.5309268,-1.0716977,-1.1293645,-1.3977808,-1.5099819,-0.28625178,0.0,0.979714
0.18380761,1.4412454,-0.51222986,-0.21361475,-0.8024143,-1.0996591,0.06710913,0.19279045,0.32674262,-0.94971216,0.36042738,0.0,1.0
-1.4179595,0.074243456,-1.0606971,0.53929704,-0.50802076,-0.9907837,-0.725046,-0.4723312,1.0534028,0.10433948,1.5553235,0.23204564,0.42621982
-0.15451829,0.0762958,-0.49987727,-0.03448991,0.30306053,-0.8648498,-0.11280519,0.27555805,-0.49967372,-0.15015773,-0.84148854,0.0,1.0
0.23799431,2.3850083,-0.0043158047,0.429613,-0.93371063,-0.6053021,0.9330639,0.38138187,0.11081214,-0.4307412,0.67583495,0.0,0.66459614
-0.7738137,-0.4255675,-0.6313276,-0.2560106,0.08895044,-1.4733219,0.5936001,-0.6260348,-0.14097814,1.6832651,0.3265223,0.0,1.0
-1.321959,0.06967846,-0.71214384,0.33899137,-0.28812596,-0.7607091,-0.9971414,-0.5403764,0.7082786,-0.57897854,0.7484498,0.19812186,0.6169551
0.38560596,0.24525608,2.2898855,2.0595915,-0.7979082,0.630263,1.2271768,0.9450635,-0.23976217,-1.6747506,-0.6306431,0.0,0.6436144
-0.22036105,0.268953,0.6436855,-0.88328594,-0.466391,-1.5386337,0.11947426,-0.52074295,-1.1516324,-0.9944006,-1.289002,0.0,1.0
0.16745713,3.5499203,-2.1915398,-0.91005665,0.19632156,-1.5386337,-1.8718446,0.081529036,1.3599212,0.1251747,0.13523147,1.0,0.10543667
-0.2668568,-0.29388368,0.18726839,-0.052614532,-0.050087824,-1.489024,0.5320136,0.110733315,0.558277,-0.25520593,-1.3050587,0.0,0.6803514
-0.20461503,2.9986935,-1.5441133,-0.28921062,-0.42301783,-1.4305614,-0.34789023,-0.19903922,2.1117516,0.52763045,1.8658206,0.49655604,0.5521681
-0.38276905,0.52725357,-1.2051235,-0.44813815,-0.38815778,-0.21117076,-0.84210306,-0.445597,1.5309966,0.17177634,0.19661073,0.5920978,0.49057293
0.20559926,0.7233677,0.6315246,0.022782832,0.25056043,-1.2122504,-0.6020537,-0.4003072,0.80148995,-0.8268778,1.0283903,0.3636499,0.30315453
-0.5274448,0.55067754,-1.0231193,-0.48088616,-0.1610983,-1.5386337,0.4003954,-0.16308735,0.36744943,-0.40078723,-0.21124583,0.0,1.0
-0.72063535,-0.82855505,0.6147474,0.15208663,0.15144233,1.266603,2.134005,1.3074366,2.7190242,0.9045684,-1.7593788,0.02324415,0.8085934
-0.37283158,-0.36151615,-0.2455218,-0.23529357,-0.5242894,-0.9509949,-0.92269254,-0.86480254,-0.09172797,-0.25154632,0.9159251,0.0,0.25590152
-0.69345456,-0.013477206,-0.1997112,-0.32950526,-0.7083864,-1.5386337,-1.0870364,-1.5003747,-1.2927794,-0.9384785,0.5317402,0.0,1.0
-0.2600198,0.41421455,-1.5286175,-0.97236925,-0.7250768,-0.6784371,0.19216363,-0.2616005,-0.28528315,-1.6523886,-1.7187349,0.27521148,1.0
-0.48586133,-0.8069212,-1.8526697,-0.97236925,-0.58679944,-0.37567294,0.24006706,0.12978928,2.031672,-0.4335783,-1.4736832,0.0,1.0
0.2870324,-0.17243998,0.751073,-0.47096878,-0.6109544,-1.0950284,-0.73268205,-0.4234638,-0.33112,0.17203811,0.29323173,0.32239443,0.59321064
-0.9112457,1.0874294,0.15131575,0.5887167,-0.7636548,1.1439184,1.1460854,0.030285643,-1.0364684,-0.47575492,0.0012465566,0.0,0.5256604
-1.1072257,0.42482325,0.25181106,0.2877933,-0.2575866,-0.30194396,0.77159995,-0.07356362,-0.10080286,-0.886848,-0.8664309,0.0,0.55314314
-0.341425,0.13824868,-0.3504777,-0.7431537,-0.32316527,-1.1266876,-0.47509646,-1.2280465,-1.3783325,-1.4244088,-0.48002833,0.0,1.0
-1.1705761,-0.5133411,-0.06649846,1.041108,1.4970945,0.55933285,1.2643144,0.64836174,1.2655017,2.2838242,0.46325463,0.0,1.0
-1.2358192,0.29811984,-0.30133492,1.1292251,-0.42186967,0.33587748,1.476616,0.8655697,-0.11220194,-0.50301266,-1.7593788,0.0,1.0
-0.42711392,2.8202825,-2.1915398,-0.8631879,0.07756916,-1.414996,-1.1976768,-0.20058449,0.5342902,-0.91321886,-0.91279596,0.23043707,0.2951654
-0.5031733,0.53432137,-1.1914425,-0.09944557,-0.34468496,-1.1127895,-0.07360575,-0.07370345,0.56337297,-0.48289108,-0.08927553,0.1022163,0.61398584
-0.63197505,0.9293977,-1.7930766,-0.97236925,-0.21450517,-0.7910199,-0.57461864,-1.2429968,-1.0859218,-1.5710489,-1.575221,0.0,0.7112274
-0.40618438,-0.5375084,-1.2535642,-0.23162617,-0.010753041,-0.8840183,0.13460374,-0.05724955,-1.2936369,0.029811546,-1.7354462,0.118109055,0.96698266
0.11895544,-0.011029242,1.5068554,0.7806253,-0.6824559,0.6317135,0.5552763,0.7458186,0.24374408,-0.52321094,-0.36513793,0.0,0.33082387
-1.3271904,-0.09831883,-2.1033363,0.32202202,-0.5949339,-0.31439197,-0.014262859,-0.3473077,0.37999704,-0.22084138,-0.81635845,0.0,1.0
-0.20647724,0.413128,0.7123876,-0.30010438,-0.29315737,-1.3256575,-0.46316066,-0.6531199,-0.95582074,-1.6747506,0.040273957,0.0,0.7380614
-0.7678028,-0.10807727,-0.5996943,-0.43071976,-0.65271807,-1.2349926,-0.4654092,-1.0496017,-1.1412672,-0.4606735,0.18647069,0.0,1.0
0.71213835,0.8531746,-0.2865041,1.9772825,0.1947196,1.2659855,1.3680158,0.3242695,-2.183889,0.62083375,-0.30899054,0.0,1.0
-0.6273765,0.92653966,-2.1915398,-0.18017742,-0.5165441,-1.2207234,-0.5101892,-0.36243874,-0.5464931,-0.8646883,-0.47396868,0.0,1.0
-1.8776025,1.2904282,-2.1915398,0.14115795,0.27787468,-1.258965,-0.8112364,-0.37396178,0.9055101,-0.51209855,-0.18550818,0.17254175,0.91857177
0.20016862,-0.57540566,0.43653998,-0.06882437,-0.6889027,-0.79613966,-1.1009091,-0.12900828,0.8877916,0.13895184,0.2768762,0.22455129,0.42433527
1.4125656,4.7222033,-2.1915398,-0.97236925,2.059026,-1.5386337,-1.8718446,1.1613253,2.6058176,0.87037194,0.44398677,1.0,0.0
-1.1590481,-0.36866722,-1.1916064,-0.22548321,-0.105161265,0.4970594,1.1020249,-0.41826722,-0.0054133288,0.098969184,-1.7593788,0.0,1.0
-0.38694057,0.20120019,-0.9216089,-0.59631455,-0.35371855,-1.2916764,-0.30179352,-0.6729329,-0.583773,-0.4076851,-0.4559753,0.0,0.91515446
-1.8776025,-0.61222214,-1.1520892,2.1267874,0.19822249,0.71942186,2.13111,1.2086754,-0.5027223,-0.17625846,-1.7593788,0.0,1.0
0.40207577,1.2472345,-2.1488595,0.094435826,-0.6332994,-1.5386337,-0.9856502,0.0072438885,-0.8589162,-0.63664985,0.3389868,0.35714507,0.74674726
-0.12206624,0.99137276,0.41728023,-0.25116086,-0.13160922,-1.2339623,0.5786517,-0.045514267,-0.47806153,-1.4519757,-0.7043758,0.0,0.64904714
-1.8776025,-0.37542355,0.035325103,0.25911757,0.22660273,2.6041844,0.50777507,-0.2874873,1.5637131,2.1173694,0.94234,0.0,0.90535295
-0.880875,1.0852855,-1.5460079,2.1267874,-0.93371063,0.977553,1.6847591,0.95448244,-1.3588266,-0.7655395,-0.5924425,0.0,1.0
1.9478751,0.51779824,0.896165,-0.743654,1.661482,-1.4931098,-0.27633202,1.6053863,-0.2591268,0.3644613,-1.1610428,0.65782094,0.67989904
-0.051503032,-0.34995356,-0.062251106,0.12815973,-0.24919863,-1.5386337,-1.0116497,-0.51831794,-0.73216504,-1.1466901,0.45719528,0.17727737,0.75242364
0.5008913,0.8551919,-1.6442972,-0.10379745,1.5957048,-1.4097693,-1.8718446,0.6856407,1.8149314,1.0142603,0.99442524,1.0,0.0
-0.12807152,0.39056915,1.6462165,2.0630026,3.3116953,1.2578292,1.9197987,1.7367737,-0.96508306,1.2071465,-0.9877173,0.0,1.0
0.36275223,0.0067420406,-0.6607818,-0.4037439,-0.93371063,-0.23680216,-0.5421104,-0.76711184,-1.9164244,-0.6994738,0.3254606,0.0,0.89256436
-0.6865741,-0.5656825,-0.75102353,-0.40223578,-0.0026238468,-1.5386337,-0.72297096,-1.2958894,-1.3350863,-0.9847665,-0.47257948,0.0,1.0
0.67289263,2.1217754,-1.2927052,-0.6219286,0.27998018,-1.4255131,-1.336361,0.4412437,0.973434,-0.15428895,0.23551367,0.44102517,0.26088288
0.1387207,-0.03258089,-0.785478,-0.79776937,0.03170625,-0.89879483,-0.22403342,-0.30748674,-0.7075201,-0.15341221,-0.7535067,0.16061673,0.7313046
-0.44284683,0.4124891,-1.3112651,-0.5900512,-0.7963805,-0.8266567,-1.0636451,-0.7074541,-1.6204683,-0.41390944,-0.018975168,0.0,1.0
-0.21913102,0.38128552,-0.72913677,-0.14951245,-0.37213236,-0.8388963,-0.006824308,0.123383015,-0.84891295,-1.0693029,-0.28569245,0.0,0.75210077
3.3844666,4.7222033,-1.8890299,-0.67011493,3.3326285,-0.563558,-1.8718446,1.6138762,0.3234265,-0.045183852,0.10892384,1.0,0.0
1.0783526,0.72104347,-0.9698466,-0.6896993,-0.017697051,-0.94862825,-1.1172612,-0.11948833,-1.7059743,-1.1795741,-0.1775851,0.0,0.7777836
-0.026451059,0.35446212,-0.23348995,-0.26226822,-0.38875148,-0.6488297,-0.37787405,-0.012205735,0.79081124,-0.08019081,0.47306883,0.36200398,0.62210095
0.91552955,1.0241253,-1.3954049,0.35911125,0.83135736,-1.5386337,-1.0991757,1.2401199,-0.26047733,0.8062938,-0.66402465,0.77230746,0.0
0.5283446,0.03809575,0.3265193,-0.9023012,-0.6250182,-1.0896126,-0.3794857,-0.8474618,-0.4173799,-1.255392,0.042092413,0.16957054,0.6161925
0.31469306,-0.5953746,0.9079589,-0.38590032,-0.23652409,-1.4931619,-0.4271741,0.25433823,0.15545513,-0.19212353,-0.7556184,0.0,0.6377023
-0.76258475,-0.953537,0.8746108,2.1267874,0.632849,2.468982,1.5990237,1.4155798,-0.4644377,-0.780768,-1.2179443,0.0,0.9745621
1.4171499,4.7222033,-2.1915398,-0.97236925,0.26355234,-1.1546429,-1.838977,0.6372869,0.33186784,-1.6747506,-1.5293096,1.0,0.48631787
0.3060348,-0.6644184,0.5880138,1.0990771,1.5735232,-1.5386337,0.45452458,0.7381727,-0.090419106,1.6607133,0.2849446,0.23078322,1.0
-0.43252197,3.8142438,-2.1915398,-0.6448884,0.67808074,-1.5386337,-1.8718446,0.54302436,1.9386694,-0.058886997,0.35696667,1.0,0.0
-1.8493103,0.43581316,-1.9229338,0.5003719,-0.039350756,-1.1018089,-1.3932557,-0.55723214,0.44979864,-0.47848922,-0.11190494,0.126178,0.7070989
0.72968364,0.02678565,1.0678345,0.6075458,0.7363509,-0.7860594,0.6621596,1.0306,1.0469978,0.052358106,-0.9182438,0.0,0.3807079
0.74958783,-0.12521988,-0.3445747,-0.14764124,-0.06641017,0.30005598,0.119608924,0.38468382,-0.83962685,-0.44684166,-1.6093556,0.3416554,1.0
-0.37604728,-1.0442101,0.28980333,0.27895993,0.8311167,-1.3134282,0.29501408,0.62043834,0.18040557,0.80832034,-0.95628166,0.0,0.812044
1.1363776,3.8318806,-2.1915398,-0.7708161,1.5538257,-1.4812535,-1.8718446,1.3328316,2.2292252,0.70990205,-0.17432393,1.0,0.0
0.08063109,0.88956004,-2.1915398,0.39575553,0.40616074,-0.8573896,-1.1420083,0.5777797,1.0210259,0.842399,0.5695447,0.7069405,0.0
1.1533623,4.5892324,-1.6983753,-0.97236925,1.5444058,-1.5386337,-1.8718446,0.96134686,2.2190847,0.5604213,0.3183393,1.0,0.0
0.0049067046,3.4610846,-2.1915398,-0.39111894,0.2284487,-0.65157497,-1.5697261,1.0760765,1.36731,0.18181275,-1.5463201,1.0,0.27880833
-0.5472101,-0.2451761,0.69597375,-0.07998209,-0.6001352,-1.36124,-0.926078,-1.1636982,-0.9110454,-1.3000852,0.82265776,0.024403803,1.0
-0.35352072,0.49189913,0.44932514,-0.44958678,-0.109488204,-1.5352592,-0.16661692,-0.56714016,0.32922575,-1.1594574,-0.08614281,0.0,0.78276706
-1.1972318,1.4036628,-1.0551122,-0.76887894,-0.54495347,-1.3197136,-0.98913,-0.9389599,0.97400075,-1.6747506,0.26421905,0.0,1.0
-0.15638322,0.5694799,-0.06739579,-0.018031854,-0.40540132,-0.83404946,-0.83963275,-0.12151453,-0.08397351,0.018520212,0.85461664,0.05005967,0.5203912
-0.28300422,-0.05557021,-0.7427966,1.1320014,0.11991684,-0.67547446,-0.045403708,0.48158202,-1.7062284,-1.2309122,-0.64323634,0.0,1.0
0.21979836,-0.4847958,0.58949345,-0.48117742,-0.84689236,-1.3643883,-1.3549985,-1.4239537,-1.1216224,-0.9823105,1.5563502,0.05239721,1.0
3.1390378,2.1264243,2.5647311,-0.50531983,-0.19113496,0.6887053,-0.23870844,0.37115178,-1.8473706,-0.33125728,-0.30481696,0.2599159,1.0
-0.29036987,0.28055894,0.5964783,-0.16949727,-0.05842836,-1.1906805,0.20773116,-0.29566488,-0.026067762,-0.22332962,-0.40330398,0.0,0.81508595
0.07364172,-1.0442101,-0.6064798,0.34537557,-0.5066027,-0.22948834,0.06839843,0.4161769,0.6405476,0.83967906,-0.038993694,0.073839426,0.69219476
-0.13640814,-0.5604963,0.30379972,-0.1860466,0.007076109,-0.99115336,-1.6720612,0.1278172,0.8012288,0.3434046,0.8640314,0.8662437,0.0
-0.846907,0.3893484,0.23889907,-0.41414478,-0.37208414,-1.5386337,-0.28815103,-0.8251926,1.4454529,0.9623507,0.8314849,0.1176351,0.9434643
0.013942068,0.50814945,-0.28090313,-0.3048601,-0.8518657,-1.3713676,-0.6296055,-0.27532107,-0.058005624,-0.9064825,0.48517394,0.0,0.84182096
-1.0543531,1.682557,0.2145686,-0.3274851,-0.17968358,-0.5970849,1.0123235,-0.023303606,1.5560689,0.68101716,0.26023895,0.0,1.0
-1.5048729,-0.3089254,-0.45931286,1.2920088,0.54712504,1.5159284,1.4491419,0.24542299,-0.09452786,-1.1308615,-1.6002592,0.0,1.0
0.23954034,0.58020437,-0.5564205,0.018872235,-0.0790564,-1.1153752,-0.21647535,-0.11502077,-1.1502002,0.09070008,0.16050361,0.0020000022,0.72990674
0.5712475,-0.7974575,-0.19203296,-0.97236925,-0.1516843,1.2893643,-0.1751619,-0.29417646,0.24475735,-0.2190028,-0.5989122,0.5610932,0.5770718
0.97920185,4.7222033,-2.1915398,-0.49810556,0.87676316,-1.5386337,-1.7736832,1.5736003,1.7809993,-1.1813521,-0.02405632,1.0,0.0
-0.5342793,-0.40110865,-2.2564083e-05,-0.19873336,-0.39032266,-0.8207232,-0.71163064,-0.584075,0.02747925,-0.46651167,0.90023303,0.23938385,0.62978685
-0.32370457,1.0102451,-1.971201,-0.7752686,-0.26372948,-1.113747,-1.2064548,-0.2522788,-0.27974978,-1.2857571,-0.48910433,0.0,0.90199727
-0.61263514,-0.39269018,0.25213242,0.19161923,1.020634,-0.7903504,-0.37849054,-0.13664517,-0.076329835,2.2838242,1.0203598,0.22220996,0.4497078
-0.3580099,0.07185291,-0.58956224,-0.56462556,-0.021286808,-1.0482883,0.67272425,-0.19009458,-1.1708906,-1.1195737,-1.7593788,0.11068167,1.0
-1.8776025,-0.7338476,-1.2936193,2.1267874,1.4614905,5.277437,2.317571,0.7610567,0.11587152,0.5288373,-1.7593788,0.0,1.0
-1.8776025,0.39301434,-1.6450402,-0.96492165,-0.40268907,0.8063464,-0.18715146,-1.5922731,1.9236478,0.110346496,0.5202763,0.0,0.5667743
-1.8776025,1.1950765,-0.17706321,0.6531768,1.1463852,-1.5386337,-0.9568737,-0.44098693,1.3198379,0.53911686,1.6995653,0.29789558,0.14327914
-1.6271962,-0.25743622,-0.20368056,2.1267874,0.7110932,1.760752,2.2439094,1.2346246,-1.063106,-0.83096915,-1.7593788,0.0,1.0
0.44404334,-1.0415347,0.01893753,-0.85199755,-0.7247228,-1.5386337,-1.3654116,-1.1761433,-1.582638,-0.35932177,0.5523832,0.0,1.0
-0.42255205,1.1942699,-1.7916242,-0.8484335,-0.15591691,-0.84250736,-0.329121,-1.0635008,-0.77210176,-1.3320639,-0.2783987,0.0,0.95529914
0.17613609,2.6258013,0.11741597,-0.5410507,0.0011028629,-1.3777168,-0.54521567,0.14790602,-0.7960992,0.33061486,0.25767165,0.04898153,0.84554577
0.95997787,0.03171435,0.72029525,-0.1535417,-0.48833466,0.93547934,-0.2938629,-0.10958968,-0.7159766,-0.5067561,-0.31170553,0.0,0.7222713
-0.68006545,1.1275135,-0.9740137,-0.3512598,-0.81802416,-1.115821,-0.26545593,-0.5910359,-0.4673795,0.17977086,0.43901324,0.0,1.0
-0.612034,0.63478994,-1.0407363,-0.09608404,-0.5264516,-1.5386337,-1.1203182,-0.23437911,0.39803326,-0.69033337,0.60954744,0.238551,1.0
-0.82949597,0.8476981,-0.7354939,-0.6507457,0.22078446,-1.5386337,-1.4403052,-1.1202155,-2.173322,-1.5031892,-1.3331399,0.0,1.0
-0.55489004,1.6217875,-1.0979506,-0.8282814,-0.8116839,-1.5386337,0.09781027,-0.45607388,-0.5377259,0.033599667,0.053372726,0.0,1.0
-1.3003676,0.48313367,-0.2657999,0.22123472,-0.692902,-1.3867346,-0.16210023,-0.27439657,1.0905217,-0.038920905,0.81027144,0.0,0.8626573
-0.2411618,0.05795294,-0.63687015,-0.97236925,-0.31928265,-0.26086938,0.22263977,-0.4223445,-0.23394598,-0.8823275,-1.7463133,0.0,1.0
-1.3447357,-0.13882811,-1.0840424,-0.97236925,-0.082093805,-0.44164032,-0.120727256,-1.573558,-0.19785003,-1.06258,-1.2654494,0.0,1.0
-0.56994814,-0.099653035,-0.094486594,0.1467121,-0.33527055,1.5151514,0.41740233,-0.11964065,-0.30604216,-0.42570722,-0.67809016,0.086485006,0.45303836
1.0490102,4.7222033,-1.6802285,-0.96665645,1.5086151,-0.22078192,-1.8718446,0.83459234,2.7123215,2.2838242,1.8658206,1.0,0.0
0.09597152,3.084993,-1.6112883,-0.64004517,-0.45566288,-1.3230314,-0.21038559,-0.23231229,-0.0067831175,-1.4591528,-0.16777015,0.0991139,0.9676405
-1.6638665,0.077775136,0.59771335,0.15786995,-0.2729146,-0.19366977,1.3300676,-0.16098113,0.36164278,-0.007373208,0.079331,0.0,0.56369925
-1.3602556,-1.0442101,-1.79365,-0.2732189,0.13503107,0.3138908,-1.0616832,0.10479991,2.3292665,1.1352668,0.052120954,0.60854083,0.78400415
-0.20363367,0.48823917,-0.8165786,-0.8968618,-0.21277174,-1.3203744,-0.6571989,-0.18071008,0.17653489,-0.15524296,-0.382096,0.40454707,0.6632355
0.050636627,0.62864727,1.4867706,-0.5788867,-0.15331976,-1.5386337,-0.95297337,-0.3679036,-0.6262129,-1.5411025,-0.3002488,0.110409334,0.56224626
-0.9215633,-0.44547117,0.03649558,-0.95428866,-0.13786733,-0.94362843,0.22865184,-0.85063386,0.28158182,-0.16407783,0.10935828,0.110054575,1.0
-0.122661546,3.6334054,-2.1915398,-0.3308894,0.56511664,-1.0982698,-1.8718446,0.8560736,1.2785513,0.8286313,0.0046307016,0.8819314,0.0
0.49330482,-0.24125767,-0.14056928,-0.39903075,-0.024437811,-0.53881437,-0.38824973,-0.07790488,-0.551654,-0.6594646,-0.628543,0.37954253,0.37886703
0.06337612,0.44537053,0.1462366,1.5427752,-0.2994252,1.2428805,0.60419136,0.1956258,-2.183889,0.91928333,-1.06443,0.0,0.60931396
-0.17390996,-1.0442101,1.3432025,2.1267874,-0.050213467,4.4459314,0.7787474,1.0503725,-1.9788996,-1.0720828,-1.5168809,0.0,1.0
-1.7912773,0.43581796,-0.6016628,0.29878953,-0.4484582,-0.918042,0.08127529,-0.5305507,0.7342505,0.5295038,0.70339566,0.0,0.5909628
-0.50467765,0.45112923,-1.400241,-0.8657886,-0.1272542,-1.3823793,-0.86122525,-0.7829186,-1.0707374,-1.0873533,-0.74385667,0.0,1.0
-0.16606021,-0.64518225,-0.12876031,-0.6229734,-0.15434738,-0.6346231,-0.45286402,-0.7045727,-1.062879,-0.16123983,-0.7061426,0.0008490486,0.6367599
-0.6243062,-0.43404394,0.4924594,2.1267874,1.3992817,3.9258032,1.3842186,1.1031402,-0.8247307,0.2016866,-1.7252114,0.0,1.0
-0.43507746,-0.11204782,-2.0160255,-0.5755907,0.45138493,-0.55422276,-0.21074274,-0.2575129,1.6152749,1.3171942,0.15718345,0.49750513,0.8109745
0.16477479,-0.5014001,-0.44919115,-0.4958092,-0.7599366,-0.6304669,-0.8257968,-0.77279943,-0.4644114,-0.5640305,-0.04276734,0.07224822,0.60485506
0.8373986,-0.33315042,0.5210449,-0.8384258,0.9008392,0.1257202,-0.16665298,-0.28349966,-0.059943702,1.4364635,0.8748977,0.81222385,0.20947737
0.29627118,-0.25811893,-1.9805627,-0.97236925,-0.93371063,0.17332794,-1.1255819,-1.5857247,-0.54685354,-0.35496688,-0.5892514,0.15426977,1.0
1.2558376,0.29165116,-1.2344326,-0.872438,0.55897975,-0.7020074,-0.19482724,0.44069842,-0.42023855,1.8404123,-0.57175785,0.0,0.81897086
-0.89088446,-0.3021401,0.4796302,-0.38668057,-0.45554903,-1.0347954,-0.121933654,-1.0216105,0.028673334,-0.2766893,0.7642085,0.0,0.66710854
0.8376886,4.6083694,-1.9649993,-0.70421106,3.0556514,-1.414217,-1.8718446,1.0444261,2.7518206,2.2838242,1.8658206,1.0,0.0
0.25174186,4.543663,-2.1915398,-0.5842266,-0.15913363,-1.3677442,-1.6866844,0.77167404,1.4394567,-0.7387468,-0.96554625,0.6508485,0.2817264
-0.40534532,-0.53992236,-0.81766444,-0.80399114,-0.93371063,-0.63116187,-1.8718446,-1.4151651,-0.15440884,-1.6747506,1.0410906,0.2153225,1.0
-0.078724906,0.1493911,-0.24810049,-0.8380084,-0.3491799,-0.49805373,-0.24861346,-0.7403537,-0.7491048,-0.91258526,-0.55147284,0.08097732,0.82381296
1.7439191,4.7222033,-0.77584004,-0.97236925,2.0157154,-1.5386337,-1.8718446,1.5505329,0.9435084,1.1635171,-0.036627524,1.0,0.64026195
-0.5843704,-1.0442101,-0.039414138,-0.6323578,-0.21296316,-0.67719,-0.58819765,-0.20943932,1.3908966,0.5694482,1.1253911,0.22877091,0.3568623
-0.7577043,0.12525605,0.64315784,0.52186596,-0.93371063,-0.56425816,0.1697539,-0.06710285,0.8830647,0.35180396,0.74528193,0.089140706,0.8095967
0.9411247,4.464239,-2.1915398,-0.96031916,1.3444269,-1.0982008,-1.8718446,0.6374187,1.7350788,-0.8035449,0.12382902,1.0,0.0
-1.1255406,0.08183232,-1.9334594,-0.51390207,-0.779981,-1.1451101,-0.9321403,-1.3746319,-1.026274,-0.9536795,0.019265551,0.0,1.0
0.10914888,0.004885277,0.86823916,0.033948008,0.18333937,-0.085228786,0.28442234,-0.26408207,0.24395676,0.5907671,0.8559663,0.4244598,0.5153956
1.3944001,4.5150933,-2.1915398,-0.8963288,1.4542466,-1.5252821,-1.8718446,1.1552972,1.6234976,1.5976999,1.1492932,1.0,0.0
-1.4624327,-0.18521492,-1.349263,-0.27287793,0.06296502,-0.7487628,0.56620026,-0.14767568,0.42682323,1.2851559,-0.02551439,0.0,1.0
-0.1028474,0.22421333,0.9679783,-0.3030438,-0.59820306,-1.5386337,-0.7495142,-0.6930183,-0.62068194,-0.7431729,0.90250194,0.26351076,1.0
-0.760514,0.5917673,-2.0407891,-0.81134766,-0.06259891,-0.7500607,-0.33573192,-0.169704,-0.5567972,-1.1738979,-1.7593788,0.0,1.0
-1.0167974,-0.27219135,-0.9312254,-0.12750624,-0.43505937,-0.20862968,-0.9948302,-0.5346513,0.29921162,-0.75026023,-0.08763971,0.08383783,0.7624558
0.14258581,-0.1568368,-1.2941027,-0.97236925,-0.38350862,-1.5386337,-1.2153863,-1.0508453,-2.183889,-0.8160398,-0.3062418,0.0,1.0
1.1877568,2.8821867,-2.1915398,-0.7527638,1.7740451,-1.0812879,-1.8718446,0.75367284,0.9364755,-0.016794544,-0.7849227,1.0,0.11198507
0.066884786,0.4771803,-0.9953633,-0.7133975,-0.0014308002,-0.422841,-0.652344,0.21845715,1.7454224,0.4109683,-0.21135888,0.6785622,0.50719523
0.41447738,2.3862596,-0.9801255,-0.4049494,0.565878,-0.81413007,-0.48324057,0.08606212,0.169315,0.6513973,-0.17595877,0.5809243,0.85508806
0.1375315,-0.5655589,-0.36108416,-0.686815,-0.44337046,-1.0999663,-0.3769337,-0.46076176,-1.0196663,-0.22693734,-0.7992547,0.0,0.81145185
0.6228437,0.22756796,-1.4783708,-0.8033813,-0.6143067,-1.16246,-0.4222848,-0.1979491,-1.1731755,-0.6082224,-0.58937556,0.049006034,1.0
-1.8776025,-1.0442101,-0.8799753,2.1267874,-0.19549061,5.277437,2.317571,1.5227414,1.7282728,0.10430731,-1.7593788,0.03584881,0.88887787
1.2139014,-0.50351506,-0.604291,0.67489,0.49328062,-1.5386337,-1.5787001,0.89044297,-1.1232781,0.1718574,0.043223493,0.42152363,0.52279717
0.61069965,3.5368679,-1.2086439,-0.004897899,0.8167961,-0.6879025,-1.7547818,1.037538,0.82195985,1.0953562,0.2525639,1.0,0.0143481335
-1.8776025,-0.28089502,-0.8852905,0.71102184,0.024182416,3.9986355,1.3704543,0.18548453,0.78015566,-0.068316355,-0.7396477,0.0,0.9248351
-1.5511233,-1.0442101,-1.2877324,2.1267874,0.51051944,2.3933432,2.3164177,1.1431592,-0.7777778,-0.42018586,-1.7593788,0.0,1.0
2.0035093,3.1605515,-1.3343402,-0.6904744,2.6515868,-0.9699073,-1.8718446,1.0156492,0.1186304,2.2838242,1.1153729,1.0,0.0
-0.6211498,4.7222033,-2.1915398,1.1066481,1.6874201,-1.4437356,-1.8718446,1.0201545,2.349284,-0.904587,1.4929956,1.0,0.0
-1.7478267,2.4086375,0.9845255,0.52563846,-0.58317846,-1.5090472,-0.95544463,-1.2323558,1.0270747,0.34525508,1.8658206,0.03115812,0.7381721
-0.1821213,-0.031582676,-0.6421041,-0.97236925,-0.28630888,-0.4732163,-0.41478375,-0.52369857,0.07193697,-1.0633217,-0.9275513,0.071068145,1.0
-0.016069192,0.5232035,0.33479762,-0.55082536,-0.59016395,-0.5207947,0.2655744,0.04223422,-0.5150254,-0.29019094,0.052164063,0.0,0.882705
0.2291922,0.271424,1.5762633,0.015168714,-0.5961336,-1.348339,0.09189262,-0.47096625,0.5282879,-1.2005578,0.62566614,0.0,0.7838124
-1.3062685,0.1781392,-0.14602965,2.1267874,1.6391138,2.00608,2.1315258,1.250394,-0.8459509,0.5694336,-1.7593788,0.0,1.0
-1.2164875,1.4679965,-1.9992931,-0.97236925,-0.23050068,-0.9497084,-1.1304426,-1.5922731,-1.1213975,-1.6747506,-0.5363717,0.0,1.0
0.60791326,0.0002406817,-0.2872106,-0.3941471,1.1945549,-1.5386337,-0.78710145,0.6625591,0.01025921,1.3953305,-0.9060314,0.273125,0.32363787
1.9266545,-0.21502629,0.14482237,-0.20763844,-0.41013372,-0.46373737,-1.1932597,0.21439974,-0.4647097,0.5113348,0.1423964,0.37572348,0.45396724
0.33991435,0.16240641,0.80095506,0.15268336,0.104025856,-0.2577362,0.39590436,0.16191114,0.08260749,-0.42173362,-0.62762713,0.18070284,0.49400175
-0.025177246,0.27505988,2.2716727,-0.34643686,-0.93371063,-0.74864817,-0.2840438,-0.75910956,0.28713724,-1.5176094,0.8350937,0.12202848,0.8391799
1.2524884,0.32382107,1.820365,1.1334969,-0.7962586,-0.10105753,-0.48603344,0.6193676,-1.2466102,-0.579052,-0.17207417,0.0,0.20134875
-0.22360927,0.3936542,-0.6431975,0.038254097,0.055736136,-0.4680757,0.6464928,0.7451957,0.08446463,0.870997,-1.0205989,0.0,1.0
-0.88482815,0.37733424,-0.88417816,-0.7885491,0.14042501,-1.5283852,-0.08685382,-0.66077363,-1.369505,-1.0366353,-1.469758,0.0,1.0
0.013427723,0.0155449305,0.7729073,-0.29055333,-0.5658486,-0.8291707,-0.41650942,-0.22735807,-0.19564857,0.20554712,0.19165902,0.0,0.46327257
0.5257017,0.08136056,0.27346563,-0.9642508,-0.93371063,-0.2451233,-1.2570374,-1.5922731,-1.0784174,-1.0076092,0.6707924,0.0,1.0
-0.21154194,-0.57121146,-0.15969953,-0.6255675,-0.38312975,-0.33592635,-0.8938605,-1.3866919,-0.7471177,-0.80059916,0.48283648,0.0042004986,0.59000844
0.71470726,-0.039867207,-0.122802086,-0.023610454,-0.18109825,-1.1324177,0.12334344,0.44788337,0.8144653,-1.0643357,0.6756769,0.061068397,0.4390837
-0.34070095,-0.13687012,0.40773433,-0.97236925,-0.58800405,-0.5009032,-0.23679034,-0.70450157,-1.1530629,0.0069078673,-0.51961,0.0029201107,0.8542465
-0.61944574,0.6358734,-0.27642193,-0.28400528,0.24289621,-0.7449589,0.35595143,-0.47770742,0.022299131,-0.13488549,-0.16061373,0.0,0.9544858
-0.74236405,-0.008812312,0.16809522,-0.3864595,1.0376407,-1.2393173,-0.1602377,-0.6190626,0.73957956,1.0503173,1.0218208,0.38118604,0.23979126
-0.47206995,-1.0442101,-0.49387905,0.24266611,-0.38565022,0.018493082,0.38384843,0.018101655,0.698819,1.1048311,0.14473453,0.0,0.72971344
0.016697226,-0.11317785,0.8431989,0.3988275,-0.19528642,-1.5280064,0.19917181,0.47984296,0.41883126,-0.13546337,-0.24088852,0.0,0.4262777
0.23635387,-0.8131493,-0.21470097,-0.44270167,0.36924356,-1.5386337,-0.28410533,0.5396784,1.1782932,0.10264956,-1.2554353,0.0,0.9742162
-0.46666282,-1.0442101,-1.8137425,-0.8040324,0.39974913,0.68581814,1.4655323,0.14893742,1.1345328,0.63817346,-1.7593788,0.0,1.0
0.40287238,1.7568265,-1.3306863,-0.34589094,0.79039115,-1.0070864,-1.5077082,0.45203206,1.3661591,1.3095013,0.7763679,1.0,0.0
-1.8776025,-1.0442101,-0.82627416,2.0747948,0.9200282,0.7591152,1.5694208,1.0306388,-0.011113994,-0.39253068,-1.7593788,0.0,1.0
2.3828893,4.7222033,-2.1915398,-0.69468415,2.1547422,-1.5386337,-1.8718446,1.7367737,2.7518206,1.3580422,0.20773962,1.0,0.0
0.42885995,1.0655195,-0.92852736,-0.6526308,-0.40741614,-0.6831356,-1.492528,-0.4027627,0.21925123,-1.1232708,0.22721827,0.6162596,0.4169661
-1.0861036,-1.0442101,-0.7645789,0.38324085,0.30087504,-0.18804406,1.2344321,0.721995,0.3109323,-0.028554324,-1.7593788,0.0,1.0
0.10044926,-0.17131864,0.045338295,0.29859275,-0.88910484,0.6616044,0.4036354,-0.53245956,-1.4824716,-1.4002948,-0.7080816,0.0,1.0
-0.9519332,1.7143576,-0.5591563,-0.6995809,0.32629088,-0.2824909,0.7205406,0.014848871,2.7518206,0.7719325,1.5234333,1.0,1.0
-1.036725,-0.116390154,0.061906204,-0.4964248,0.18883175,-1.5386337,-0.96347946,-0.94906735,-0.14129081,-1.6747506,0.30720758,0.0,1.0
-0.75872576,0.56139684,-1.393564,-0.97236925,0.47162727,-1.0230664,0.58866876,-0.19487458,0.48212194,-0.903389,-1.7593788,0.0,1.0
0.037262738,1.0971313,-1.6299542,-0.91191965,-0.7033864,-1.078346,-1.0475347,0.031786542,0.7293722,-0.2723531,-0.48357368,0.5446922,0.34760344
-1.581444,-1.0442101,-0.66711706,0.62606543,0.56534976,0.35401517,1.1738229,0.2114293,-0.11462938,-0.19817999,-1.7593788,0.0,1.0
-0.10346228,-0.10117337,-0.36831576,0.28968582,1.4520828,-0.96154463,-1.3046548,0.526791,1.544154,0.93990046,0.57338387,0.5698901,0.08929168
0.8052286,-0.32838732,0.84068316,-0.5775266,-0.09471911,-1.3919572,-1.1912338,0.26729196,0.19845678,-0.28962976,-0.62116605,0.027093925,0.81668353
0.8939737,-0.25069222,-0.015826356,-0.5934667,-0.93371063,0.56080055,-1.3819733,-0.8623816,-0.96436244,-0.58743894,-0.53476846,0.0,1.0
-0.21544987,-0.22111632,-1.1814786,-0.97236925,-0.4493764,-0.16400132,-0.46704033,-1.5324374,-1.0803722,-1.0786581,-1.0493546,0.0,1.0
-0.040678225,-0.40365022,0.22538902,-0.88248277,-0.20905885,-0.9065029,-0.15343718,-0.5883746,-0.81639904,-0.5768988,-0.550537,0.0,1.0
1.1559862,0.03812115,1.409113,-0.97236925,-0.93371063,1.0687311,-0.62512606,-0.36580557,0.886307,-1.0966992,-0.5917943,0.0,0.9857369
0.34181622,0.03718403,0.4108793,-0.3305136,-0.4088833,-1.0391139,-0.69707674,-0.6550213,-1.3379147,-0.32634157,-0.0020119157,0.07556522,0.6920603
-1.4654992,0.45306498,-1.5778185,0.58595306,0.26352355,0.006194845,1.3242707,-0.23835078,-1.0802773,-0.49389333,-1.7593788,0.0,1.0
-1.8776025,0.9403037,-2.0387552,0.34361574,-0.2695062,-1.0485559,-0.51849234,-0.49442306,0.65398395,-0.050641224,0.5592886,0.07413856,1.0
1.6116793,-0.34841496,-0.65069646,-0.5828836,-0.3379192,-1.5138832,-0.92665595,0.41268328,-0.6465376,0.24665485,0.074723944,0.8155839,0.6742656
-1.1294317,2.1267292,-0.6785341,-0.29732627,-0.04142569,-1.5386337,-1.0794163,-0.094600126,1.5793927,-0.122481614,0.6834968,0.5669928,0.843261
-0.99936056,-0.18943085,-0.8524959,0.0074876444,0.4545438,0.78567356,1.6547908,0.9310875,-0.5114444,-1.0083039,-1.7593788,0.0,0.82016414
2.1276326,2.36277,0.37639192,-0.4749509,1.3780928,-1.011312,-0.036005877,1.3349633,-1.4490788,0.57334626,-1.3523561,0.5903872,0.26857048
1.4955653,4.7222033,-2.1915398,-0.97236925,3.0064416,-1.5386337,-1.8718446,1.7367737,2.5128953,0.08961277,-0.012132981,1.0,0.0
0.25829837,-0.3989258,0.2078635,0.6677006,0.8261269,-1.1208484,-0.5236347,1.0609072,0.54957604,1.6221682,0.86764115,0.021257887,0.43491304
0.50886804,0.054188482,-0.13767473,-0.43006143,-0.46380904,-1.0384606,-0.92940336,-0.5762635,-1.1805114,-0.57112366,0.108107135,0.0,0.9392631
1.0602024,1.0360062,-1.6905752,-0.017421864,0.2712358,-0.7177297,0.046903882,0.031534877,-1.3092347,-0.56654745,-0.38963276,0.11606429,0.99262494
0.2391217,2.895843,-1.8837276,-0.97236925,1.1227919,-1.2291249,-1.8718446,-0.00041325763,2.1316464,0.6852812,0.7236439,1.0,0.0
2.560437,4.3633156,-1.800743,-0.7214028,2.7154794,-1.1694654,-1.8718446,1.7367737,0.21443604,1.2787315,-0.3442105,1.0,0.0
-0.75209296,0.59497285,-1.0848818,-0.35795897,-0.70565796,-1.2087456,-1.2109643,-1.5068372,-1.6545842,-1.5189962,0.4641409,0.13036872,0.9568122
-1.0777924,0.1028353,-2.0695987,-0.45809332,-0.34083053,0.21979539,-0.026631542,0.036701128,2.4045472,-0.49448472,-0.008276247,0.038380276,1.0
-0.17737833,-0.52616364,0.75239074,-0.69934636,-0.4207649,-1.1728333,-1.3130294,-1.5918009,-1.4063934,-0.98725283,0.9121362,0.0,0.9641832
-1.3196989,2.6073742,-2.1915398,0.30246225,0.3728561,-1.3202578,-1.2180538,0.3221049,0.61189955,-0.5129762,-0.30118048,0.11458385,0.6956443
-0.8758579,-0.80309886,-0.84462005,-0.5291721,-0.21529664,0.6059883,0.617776,-0.51261276,0.8286701,0.47439373,-0.23175861,0.055405658,0.6895657
0.10865309,2.1541662,-1.3361381,-0.8055498,-0.07591073,-1.5386337,-0.2146343,-0.6206461,-0.3312953,-1.1030488,0.1673872,0.20551077,0.6408378
0.037173644,3.5237894,-2.1915398,-0.7009055,-0.1843729,-1.4085243,-1.8718446,0.3867189,1.0769026,0.38227987,0.4873991,0.93571764,0.4234643
-0.011767205,0.04668284,0.3215113,0.9240183,1.7864225,2.0991902,1.8459839,1.1855596,-0.5018424,1.739817,-0.72324353,0.0,0.6277048
0.010250198,0.4250666,-2.1915398,-0.52047765,-0.38512525,-1.0561849,-0.860837,-0.2750064,-1.1424888,-0.23404904,-1.1552145,0.47129026,0.8764442
-0.0080241915,-0.2101268,0.5802082,-0.40185687,-0.8865737,-0.7411809,0.14717463,-0.449357,0.31444186,-0.836838,0.19191036,0.0,0.6378447
0.573507,-0.050806332,-0.5921754,0.061249193,-0.247569,-1.081087,-0.82723206,0.34915632,-0.091872774,0.8392691,-0.49598163,0.2001136,0.17909856
1.1104926,-0.503346,1.6255136,-0.23801824,-0.93371063,-0.6954691,-1.5485569,-1.5922731,-1.3713807,-1.3702546,1.3640896,0.059258934,1.0
-0.08958544,1.4945753,0.39247409,-0.42250162,0.3713167,-0.91534626,0.97661144,0.5705898,1.7619349,1.6132946,0.69687617,0.52814656,0.8161901
-1.8776025,2.0467293,1.3886657,2.1267874,0.10250051,3.5168257,2.317571,-0.16815007,-0.29237175,-0.17601003,-1.0527736,0.0,1.0
0.3640303,0.20471767,1.8185225,0.6556753,-0.34935868,-0.3014863,0.7736677,0.47207835,0.5481657,-0.84667903,-0.51203763,0.0,0.7560203
0.96329933,0.0941551,-0.43862107,-0.030577581,2.7205637,-1.4557676,0.86781454,1.5343224,-0.04795412,1.855596,-1.0449711,0.34780505,0.7958479
-1.0457464,-1.0442101,-1.2133323,-0.116673015,-0.10611187,0.39040166,1.2012067,0.14368947,0.24884033,-0.105787165,-1.6178412,0.19602928,1.0
-0.085636325,0.9131254,-0.1117389,0.24306102,0.25888386,-0.9006732,0.89998245,0.55214137,-1.1385239,-0.4959327,-1.0264525,0.0,0.6588597
-0.61271733,0.44733945,-0.5266412,-0.97236925,-0.38219997,-1.1601944,0.0038019335,-1.5738248,-1.2897149,-0.90671253,-1.322871,0.0,1.0
0.9462587,0.57216763,2.8018205,2.1267874,-0.93371063,1.6667628,0.5164279,0.77278715,-1.3919057,-1.304388,-0.90794015,0.0,0.92215157
-0.7979641,-0.5216834,-0.43208575,1.571549,0.082176685,1.512751,1.026977,1.0473505,-0.37887174,0.0980664,-1.7593788,0.0,0.95455086
-0.38861158,-0.13009176,0.21427895,-0.13390993,-0.2775761,-1.5386337,-0.3831189,-0.9279963,-0.835338,-0.9741539,0.28382915,0.0,0.97062194
-0.23386762,0.19141567,0.7086569,0.078316666,-0.93371063,-1.2538797,0.1351476,-0.44565517,-0.57051736,-0.82402796,0.7646159,0.0,0.9561361
-0.13598919,-0.64653075,0.10139018,-0.0014897161,-0.4310953,-1.0671823,0.06877479,0.05149727,-0.044217907,0.61339384,-0.65534735,0.0,0.9745358
0.5791493,-0.34964308,0.9759137,-0.13154924,-0.37693548,-1.258428,-0.37351206,-0.03339072,0.0950816,0.57443804,0.3563758,0.0,0.89656883
-0.6024725,3.2614005,-0.6017947,0.016772076,-0.2353603,-1.3584143,-0.8475362,0.56583345,1.9081345,-0.0235442,1.7621727,0.7893377,0.4451967
-1.2525375,-0.100264415,-0.110013165,0.07631947,-0.024406504,-0.34904695,0.8475396,-0.16769758,-0.4216407,-0.23165138,-1.4811212,0.026884839,0.8128576
-0.838266,0.5642565,-1.6369852,-0.7598795,0.07074095,-0.69036794,-0.66766864,-1.04666,-1.1045499,-1.0473813,-0.7524098,0.0,1.0
0.079085775,0.65352154,0.8091334,1.1882504,-0.34739763,0.07933374,0.7072673,0.56297106,-0.89090383,-0.7394934,-0.8546323,0.0,0.9609041
2.403776,1.5617608,-0.8617312,-0.31900036,3.2499099,-1.024915,-1.7183465,1.6425703,0.39819184,1.4668622,-0.20999476,1.0,0.2757842
0.44569588,-0.61411834,1.1166551,1.4291108,0.07029718,0.041382425,-0.06572068,0.6744951,-1.2272389,-0.14854234,-0.9073423,0.11965979,0.7258232
-1.3869586,-0.5230497,-0.3637859,-0.061187305,-0.5964857,0.19135246,0.14031763,-1.3188258,-0.036718667,-0.022079665,0.76217514,0.0,0.6299921
0.41691747,-0.13719864,1.4237324,0.022311978,-0.035049647,-1.5386337,-0.20674226,0.017893957,-0.23718868,-0.38797176,-0.30658305,0.0,0.8431818
0.55220664,0.09764041,1.0017735,1.8633629,-0.54812837,1.0629885,1.1784533,1.2189523,-0.4108039,-0.8405061,-1.7593788,0.0,1.0
-1.5294497,0.71016,-0.97412616,0.017828532,0.046021145,-1.3386354,0.87268144,-0.2151999,1.597931,0.80993026,1.0365988,0.0,1.0
0.516127,-0.37221202,-0.67048657,-0.53374815,-0.38209778,-0.63187045,-1.8620301,-0.07123162,0.32232907,-0.30139112,0.08847478,0.6569648,0.14856191
-0.29714313,-0.10708228,-1.3301544,-0.97236925,-0.60061723,1.9758933,1.6165555,-0.23689374,0.18587402,-0.8106151,-1.7593788,0.0,1.0
-0.8938141,-0.62892413,-0.33108747,-0.9487331,-0.3052358,-1.3203018,0.0114220595,-1.4064821,0.8481042,-0.3112011,0.47135484,0.0,0.81351334
-0.72229016,0.5173173,-1.0321496,-0.7092307,0.058789235,-1.5205346,-0.75308293,-0.9840117,-1.0320706,-1.1300244,-0.456092,0.156921,1.0
0.37333247,-0.67029196,0.15078673,-0.54389006,-0.65328956,-1.0885568,-0.85857517,-0.21883193,-0.0942146,-0.15513174,-0.20750125,0.0,0.90588677
-0.12804793,0.44821683,-0.52539366,0.13512613,-0.09798379,-0.34233046,0.19771865,0.18092914,0.5741834,-0.9134839,-0.3520649,0.059110064,0.53898287
0.033002317,3.4787037,-2.1915398,-0.014998769,0.3368259,-1.395712,-1.8718446,1.2849491,2.1809773,-0.50047183,0.73060346,1.0,0.0
-0.16706184,-0.2786655,-0.0051175095,-0.6883047,-0.50893635,-0.9739257,-0.54798174,-0.90480304,-0.57680625,-0.47092098,0.6109381,0.0,1.0
1.0267308,3.8383355,-0.80151516,-0.48974293,1.204705,-1.5386337,-1.820825,1.2479329,2.0216987,0.07579279,0.3119905,1.0,0.0
0.1878203,0.64651096,-1.7449957,-0.34295014,-0.026948046,-0.97247976,-0.38359666,0.29702625,-0.513702,-1.6747506,-0.2895016,0.37044507,0.5409007
2.528713,3.6742923,-0.6775821,0.1870371,3.4747508,-1.5386337,-1.8718446,1.7367737,0.5469543,2.2838242,0.1090471,1.0,0.0
0.40285677,0.732479,-1.0344993,-0.5554386,-0.012624596,-1.3301796,-0.8740909,0.412525,0.1354019,-0.35338318,-0.4352343,0.09276379,0.9545008
0.21748263,0.956398,-0.48198262,-0.97236925,-0.89674515,-0.6017789,-0.5684051,-1.3281556,-1.196752,-1.4248148,0.6676657,0.0,1.0
0.71826047,0.62961835,-1.2746471,-0.02477343,0.47691315,-0.802246,-1.5065255,0.4677914,0.39999747,-1.0840851,0.2982521,0.338246,0.7688779
0.32984874,-0.66323936,0.5312432,-0.042228058,-0.592905,-1.2461416,-1.1857018,0.079048455,-0.49393815,0.2046082,0.25462508,0.046385854,0.7648834
0.47347125,-1.0442101,-0.568801,-0.081656165,0.2529735,-1.1996781,-0.4688354,0.32610524,0.35575375,-0.33432907,-0.5550733,0.17751189,0.54928637
-0.71789825,0.45708963,1.0413274,0.1870285,1.6012402,-1.5386337,-0.048542775,0.07613386,0.16610916,2.2838242,1.7334458,0.16312715,1.0
-0.21151464,-0.28537232,0.69540495,-0.64580786,0.044546064,-0.46290362,0.12814441,-0.45389953,-0.8342618,-0.4370466,-0.4890235,0.13858312,0.6990102
-0.3850167,3.5681524,-2.1915398,0.2928021,0.14345464,-0.9563961,-1.8718446,1.0755768,1.0514984,-0.8611767,0.02065638,0.7403514,0.7773987
-0.9763897,0.887844,-2.1915398,-0.6590147,-0.39725554,-0.96260154,-0.5720723,0.21283197,1.136673,-1.0350918,-0.52250475,0.17916706,0.7119519
-0.5006581,0.26939112,-1.003565,-0.66761756,-0.051493704,-1.3843058,-1.0424803,0.4193049,2.5158794,1.0345576,0.17261322,0.56542075,0.62990755
-1.5421423,0.39943233,1.1874775,-0.24246125,0.13362403,-1.5386337,-0.21584755,-0.85829085,1.335248,-0.84115607,1.0196139,0.11320806,0.82809895
1.0191622,-0.25138897,0.5093509,0.05562121,0.21769184,-1.5316684,-0.32994136,0.6071026,-0.22428879,0.07915964,-0.67942476,0.14995298,1.0
0.4892709,3.8287284,-2.1915398,-0.3650518,0.27451727,-1.5386337,-1.8718446,0.89593077,1.8817893,-0.3791867,-0.586318,1.0,0.0065775327
-1.5516603,-0.9875367,-0.24893285,1.4178624,-0.79310876,2.9921265,2.2775922,1.2471173,1.8852104,-0.23830234,-1.2930155,0.0,1.0
-0.9848465,-0.8858119,-0.33984366,-0.19685513,0.29359633,-0.9426097,-0.09620128,-0.1830917,0.5384956,0.78391427,0.045597233,0.0,0.30395752
0.29901066,2.9317358,-1.7282476,0.3301898,1.1196604,-1.1486572,-1.8718446,1.3496256,2.3871708,2.2267776,1.4124469,1.0,0.0
-0.3133285,1.637747,-1.4073455,-0.6561382,-0.6242285,-0.3563717,0.12933366,0.28304595,0.41060948,-0.61813504,-0.775869,0.27350643,0.4606669
-1.2910659,1.4123034,-0.89006394,0.4065822,-0.08496681,-0.3984365,0.72412246,0.25962338,1.1532559,-0.5221612,0.7612218,0.3147873,0.9012242
0.3512837,1.8508753,-1.5361614,-0.69892925,-0.11336221,-1.4239674,-0.5660923,-0.3219774,0.5565496,-1.2782055,0.033352423,0.51375896,0.54610395
0.33812448,1.0978503,-2.1335182,-0.33734897,0.14070378,-1.4484668,-1.0518703,0.48195705,0.2193455,0.3406545,0.07159869,0.68560934,0.24394639
-0.8935468,-0.34993753,-0.5059569,0.18960637,-0.93371063,0.15166262,1.1413193,-0.6397108,0.111762054,0.87751645,0.48202097,0.0,1.0
-1.2029359,1.0700887,1.3374227,2.1267874,0.14041846,5.277437,2.317571,1.6418729,-1.7259822,-0.88467073,-1.7593788,0.0,1.0
0.21681233,-1.0442101,-0.46701235,0.48493513,0.48030594,0.64460725,0.567062,0.6103521,-0.09198544,-0.7528796,-1.7593788,0.29915875,0.7297675
-0.45671296,-0.23891479,-1.511446,-0.97236925,-0.34814328,-1.2676896,-0.412997,-1.4704355,-1.2925359,-0.9569708,-1.1492864,0.0,1.0
3.3844666,-0.01843889,1.388436,0.51174647,3.5848367,-1.5386337,-0.36761686,1.7367737,-0.13764204,1.8032719,-0.7246179,1.0,0.3428555
0.66557604,-0.98637694,-0.25590277,-0.97236925,-0.7514773,-1.0164717,-0.83301425,-1.463844,-2.183889,-0.81433207,0.56992835,0.13115078,1.0
0.84475994,1.7453568,-2.1915398,-0.97236925,0.098713905,-1.209239,-1.8265235,0.37386864,0.41457793,-0.23976605,-1.1753206,1.0,0.14895622
-0.5401046,-0.03627284,-0.99968696,-0.121824205,-0.008512782,-1.2770034,0.47646272,0.08280465,-1.0366604,-0.6620996,-1.422401,0.0,1.0
-0.85172415,-0.30356434,-0.51357806,1.9969532,0.08316356,2.7065618,1.7375098,0.8623056,-1.13824,0.002109697,-1.7593788,0.0,0.726323
0.37542945,-0.1817024,-0.25961632,-0.33203912,-0.44609663,-1.3425069,-0.4262566,-0.24078193,-0.84568506,-0.62183607,-0.54801655,0.022296898,0.76741713
0.7225365,-1.0442101,0.5362298,-0.11772819,2.2728612,-1.1778392,-0.5408066,0.7591643,1.4195268,1.582041,-0.44137198,0.82649267,0.49571145
-0.39369088,-0.18908343,-0.10626886,-0.075771295,-0.24167705,-1.1831428,-0.11759915,-0.5925689,-2.113935,-0.65450555,-0.088792205,0.0,1.0
-1.8776025,2.694582,-1.9706986,-0.23126951,-0.6079276,-0.75924176,-1.0448818,-1.0491326,2.7518206,0.6885254,1.8658206,0.66357946,0.0
-1.0939976,-1.0442101,-0.27204493,0.3856157,0.71998674,2.303858,1.4513968,0.49803713,2.012404,0.5995319,-0.24947914,0.0,0.67035896
-0.07081824,-0.1438326,-0.37861887,-0.63791597,0.34290752,-1.3330554,-0.36542755,-0.52491844,-0.78745025,-0.61874074,-1.0539035,0.102784894,1.0
-0.9725939,4.2414064,-2.1915398,-0.14357509,0.7683973,-1.5386337,-1.8718446,0.28890526,1.9459144,1.0892853,0.7334871,0.8906079,0.0
-0.19295472,-0.5112266,0.6647575,0.32942566,-0.48915935,-0.4815731,-0.6878577,-0.6604283,-0.89166945,-1.4439548,0.5315495,0.18089609,0.67342573
-0.7585965,-0.54386204,0.6341468,-0.24106708,-0.44562605,-1.5386337,-1.0336373,-1.2260253,-1.8164173,0.9447967,0.8700377,0.08671468,1.0
-0.8679165,4.7222033,-2.1915398,-0.06680169,0.16408767,-1.3743867,-0.53136194,0.5634925,0.19483489,0.07020313,-0.91974336,0.6862628,0.42768094
-0.36157203,3.2216167,-1.8571793,-0.12070464,0.21052979,-1.2836968,-1.6515158,-0.10896292,1.4361954,-0.288212,1.0759325,0.93089175,0.14009014
-0.49762642,-0.7135817,-0.5905655,-0.41893134,-0.4643407,-0.073748216,-0.5823188,-0.46028104,0.35516435,0.34247923,0.53556204,0.3100264,0.088056505
-0.42841595,2.2971117,-2.1915398,-0.6108319,1.0682237,0.2836368,-1.1064461,-0.33823496,1.4179562,0.79277956,0.7422794,1.0,0.66702884
1.9232965,1.9520372,-0.85297996,-0.08768934,2.0255983,-1.448613,-1.7091708,1.7367737,1.0810405,1.2937107,-0.9345253,1.0,0.0
0.94768316,-0.8155487,-0.043850474,0.5580845,1.3952019,-0.88510317,-1.2546695,0.88085663,0.8029321,-0.31689548,-0.8415975,0.069223635,0.59894073
-1.2497164,1.4085243,-1.4813232,-0.41458932,-0.20003468,-1.3702778,-0.31279263,0.041033823,0.9618294,0.20857759,-0.5024671,0.0,0.8995929
0.4469361,0.2883321,0.397459,-0.015716087,-0.20395972,-0.14553775,0.1377765,-0.15330568,-1.1958911,-1.607643,-0.6166581,0.006932347,0.8271122
-0.124217585,0.45113602,1.2703502,-0.086609,0.04268871,-0.6214512,0.8400499,-0.25783753,0.40558416,-0.6356364,0.25989085,0.1365297,0.9844315
-0.3714231,0.4022196,0.19217722,-0.24170378,-0.15757303,-1.5386337,0.25215042,-0.57815695,-1.1614189,-0.23202874,-0.35777152,0.0,0.7154092
-0.60654706,-0.32581127,-0.25999895,-0.27855736,0.2191296,-0.4217199,0.41590086,0.06937893,0.18754384,-0.41902524,-0.92794013,0.0,0.7465674
-0.40310192,0.89501655,-1.6286038,-0.5740985,-0.35863248,-0.88760024,-1.1244953,-0.1725026,1.0105025,0.35137653,-0.07362488,0.33018896,0.35782886
-0.64229983,-0.9479827,-1.3810985,-0.47784323,0.32450917,-0.8616793,-0.3988578,0.4333754,0.030890273,-0.0695749,-1.4805771,0.12990099,0.44849232
-0.8278962,0.6242961,-2.1915398,0.086535156,0.27998772,-1.3690113,-1.2630798,-0.24725193,0.5638092,-0.6673102,0.4897787,0.15881108,0.50011176
0.9989062,1.7286708,1.1279312,2.1267874,1.7351147,1.3760308,1.929922,0.77910614,-2.183889,0.66796106,-0.8590196,0.0,1.0
0.37449327,-0.40240362,0.8683996,-0.8104533,0.043033425,-1.5386337,-1.8718446,-1.448979,-2.183889,-1.6747506,0.29560542,0.0,1.0
-0.9957308,0.11564213,-0.17963663,0.12653136,-0.26379532,-0.49026978,0.41896766,-0.3047231,-0.50412,-0.30175012,-1.0564455,0.0,1.0
-0.5871775,1.7520201,-2.1915398,0.7952254,0.57093036,-1.1555009,-1.8718446,0.22638828,0.8280803,-0.8018084,0.7001978,0.9768048,0.408931
0.6498939,0.58906555,0.4956108,0.28040648,1.629212,-1.487273,0.51892257,1.1671207,0.13288972,0.48322678,-1.2204537,0.26101238,0.8528118
0.29887724,1.125064,-1.8604039,0.1520351,0.5039592,-0.5871965,-1.5048995,0.79503,0.45242885,-0.0795994,-0.6055804,0.84493774,0.24963586
-0.07524712,2.8710966,1.31566,0.4632317,-0.4301185,-0.13197705,0.63603395,0.59216255,1.136841,0.2372743,0.6889455,0.09828417,0.5020522
-1.8776025,0.05277065,-0.3668578,2.1267874,0.50756574,3.3498788,2.317571,1.6140472,0.042545907,-0.53475213,-1.7593788,0.0,1.0
-0.50852007,0.9933661,-0.46387896,-0.23611148,-0.42148927,-0.03472546,0.010644746,-0.23968178,-0.6320089,-1.3441585,-0.7698168,0.0,0.67846024
-0.875098,0.30105457,-1.1067836,0.5353584,2.000719,-0.33738285,1.7418953,0.9325667,0.4385546,1.3740782,-1.1175141,0.0,0.9562956
-0.81360686,0.14759102,-0.6996419,0.14935543,-0.11993523,-0.96392834,-0.42648983,-0.23314118,-0.55328375,0.061591692,-0.09857824,0.0,0.9071062
-0.001799236,0.14968595,-1.6683608,-0.97236925,-0.7813777,-1.0238956,0.22698306,-0.54195815,0.57137424,-0.8088303,-1.5047507,0.0,1.0
-0.41458014,-0.243862,-0.3086109,-0.25701153,-0.09847146,-0.79675215,-0.3749026,-0.2806308,0.2806535,-0.35399377,-0.1498107,0.0,0.9493408
-0.7386136,0.6575261,-0.7570386,-0.97236925,0.11826256,-1.0382311,-0.5201275,-1.0018827,-0.48396713,-1.2920437,-0.6103903,0.0,0.83540565
-0.67386,-0.2894371,-1.192163,-0.97236925,-0.65989196,-1.4597427,-0.90528315,-1.5922731,-1.8569558,-0.2831595,0.09406989,0.0,1.0
-0.30410486,3.0987136,-0.53419626,0.3690707,0.19235937,-1.4416177,-1.138294,0.33001226,0.40392745,0.10936728,1.341846,0.6477991,0.6436433
1.5787978,-0.1795279,1.0599222,0.645924,5.205186,1.4317428,1.0643797,1.7367737,0.37909105,2.2838242,-0.5062706,0.02290335,0.6526052
1.4978228,1.1090088,-0.08718863,-0.6516054,1.2823054,-1.5386337,-0.80401486,1.0689433,-0.18816385,-0.034168947,-0.6469457,0.5515801,0.3793499
0.41033056,4.7222033,-2.1915398,-0.6482334,0.36865854,-1.5386337,-1.8718446,0.8973743,2.5699103,0.49537504,0.37706077,1.0,0.0
0.06644392,1.1562467,-0.6488436,-0.84515506,-0.9232581,-0.7062936,-0.67207235,-0.19763106,1.0607241,-0.06556681,0.25571245,0.25274807,0.5893184
1.2877194,1.9710017,-1.8671938,-0.18238123,1.011825,-0.5958715,-1.6170318,1.1055235,0.11353512,-1.271227,-1.2907208,0.7618675,0.015005801
1.4082791,3.5918915,-2.1586661,-0.20205532,1.2078289,-0.5308539,-1.8718446,0.8535976,0.8019336,-0.6388533,0.6424126,0.7476124,0.17701274
0.109590136,-1.0442101,-0.43362868,0.72952265,1.6325212,0.66905534,0.5797943,0.6245362,-0.84482384,0.6976383,-1.7593788,0.0,1.0
-0.7922196,-0.3222736,0.5676492,0.8406239,-0.45907897,1.0962722,0.28503218,0.117803514,0.26275715,0.0034202058,-1.2839969,0.0754883,0.4605405
-0.1276182,0.50980914,-0.16685906,0.049973592,-0.014350269,-0.4389665,0.28281972,0.5914835,-0.6077413,0.44211388,-0.6716638,0.0,0.6936492
-0.721923,0.28378156,-1.2699537,0.93727225,0.61044544,-0.29660523,0.304841,-0.2978979,-0.92316324,0.36625463,-0.5353072,0.0,0.7050622
0.6782888,-0.6556938,0.060607508,0.13887097,-0.064611584,0.41250992,0.13718684,0.91693175,0.87141055,0.060229197,-1.1442343,0.0,0.6409521
2.1993542,0.13684334,2.8018205,2.1267874,0.10715251,3.194508,0.88117194,1.230225,-2.183889,-1.5703173,-0.9972872,0.0,1.0
2.4120414,-0.4085972,2.703552,2.1106184,0.11942196,1.0611603,0.4567594,1.7367737,-1.9064767,-0.6449217,-1.7593788,0.0,1.0
-0.19746692,-0.5816653,-0.4960639,-0.81673604,-0.18553509,-1.5386337,-0.8232465,-1.4555211,-1.867009,-0.7526155,0.020234779,0.0,1.0
0.23434407,-0.42106313,-0.09324336,-0.17044507,-0.22573969,-0.4101873,-0.16950248,0.4454234,0.25431713,-0.5253161,-0.63115305,0.034517743,0.7522962
-0.7131666,1.8199868,-1.5445977,-0.20717044,0.18822765,-0.2788731,0.0029458227,-0.2716695,1.0118457,0.19812731,0.6631312,0.6189558,0.29641855
-0.17189302,1.9496195,-2.1915398,-0.2806233,0.22020291,-1.2455164,-1.0752906,0.4469431,1.0231452,-0.6370486,-0.88935596,0.31871712,0.5453814
-1.1197155,0.32257628,-2.1915398,-0.041308343,0.58747786,-1.5386337,-1.6273832,-0.0023318678,0.33340946,-0.79026455,-0.19768097,0.22012569,0.69646037
0.30577758,0.52483135,-1.2634763,-0.12308403,0.12123376,-1.0374719,-0.92385,-0.4463373,-0.19483411,0.8248386,0.58889514,0.48034513,0.08205968
-0.31314582,-0.7764898,-0.8419879,-0.40520996,0.7166797,-0.69104224,-0.6787862,0.036319908,0.4117232,1.2253361,-0.15539245,0.28514796,0.3192534
1.9368378,1.687766,0.41478437,-0.050194144,3.1247878,-1.3996882,-1.2999696,1.4302828,-0.39371035,0.22453561,0.22855149,0.5324226,0.045482963
0.20725042,-0.46656778,-0.7225109,-0.3932122,0.12575786,-1.5386337,-1.4989456,0.418278,-0.14880885,-0.2782507,-0.9276145,0.38227847,0.45450148
-0.5627989,-1.0442101,-0.5827452,-0.65011865,-0.121872246,0.68504804,0.0814905,-0.106983304,0.75707686,0.7377754,-0.26195806,0.19510159,0.7396697
-0.82210237,-0.4363227,-0.19322847,-0.259652,-0.93371063,-0.54136795,-0.6169123,-0.9614442,0.15789464,-0.8386556,0.38368553,0.23345757,0.8855222
1.4589097,1.6874738,2.0543683,0.5708289,1.5455691,-0.7921588,0.5996733,1.7367737,-0.14172895,2.0009444,-1.5260837,0.16298862,1.0
-0.052985482,2.704963,-0.35180587,-0.10981179,0.44091162,-1.2526567,-1.4682289,0.23518714,2.7518206,1.2384181,1.8658206,1.0,0.0
-1.8624747,-0.27769142,-0.9829905,-0.5779645,0.6826893,0.9843098,0.9275768,-0.68180245,1.3161701,1.6447293,1.054894,0.39166257,0.5297483
-0.2226731,0.72442716,-1.6713505,-0.4370394,-0.3154371,-1.5386337,-0.42682785,-0.31950542,-1.0138147,-0.80949444,-1.2042532,0.0,0.95293087
0.7439224,-1.0442101,-0.3877498,-0.7116241,-0.7013855,-1.1987518,-0.85477847,-0.5552349,-1.3670437,-0.1963345,-0.7888127,0.0,1.0
-0.67519426,1.5998629,-2.1915398,-0.1838134,0.31314874,-1.4842387,-1.8714774,-0.16952367,0.08111543,-1.5329455,-0.75965667,0.23512353,0.31175083
-0.80672944,0.1813979,-0.79277694,0.15772882,-0.15139428,-1.2640415,-1.71118,-0.0034227744,2.0566115,0.57650113,0.9330725,0.5093437,0.48642328
-1.8776025,-0.8271613,0.43892395,0.6275264,0.470073,1.2087245,1.9942623,0.8916944,1.4698563,0.63969046,-1.01012,0.0,1.0
0.37506998,0.1645994,1.2096285,0.462595,-0.8351225,-0.8873639,-0.44052097,-0.2791362,-0.8278801,-1.0865675,-0.26870027,0.036428582,0.8956636
-0.32118714,0.9298421,-0.046821065,0.26684853,-0.16035005,-1.211209,-1.329577,-0.048439603,-0.7480124,0.6333981,0.8697592,0.15909585,0.9800036
-0.3555582,2.0093966,-2.1915398,-0.7158989,0.46032882,-1.3590882,-1.1514654,0.37514466,1.016638,-1.3703701,-0.37839973,0.775783,0.7103687
-1.5575573,-0.96949923,-0.249836,1.5045263,0.2664533,1.5777149,1.2919935,0.8610339,0.19882354,-0.35445142,-1.7593788,0.0,0.9117696
-0.34562656,0.35096434,0.42716303,0.7551182,1.734972,0.52787024,0.86750454,0.6987368,-1.088696,0.63796735,-1.0010284,0.018634394,0.48769546
0.1806216,-0.43233123,0.13081871,-0.5404678,-0.38917357,-1.5386337,0.44682753,-0.0627422,-0.5974482,-0.52285206,-1.206395,0.0,0.9820701
0.8753985,-0.43570074,1.4055414,-0.5921251,-0.7273052,-0.75213027,-1.0377798,-0.022071153,0.30410278,-0.7891812,0.47758955,0.14241858,0.9449438
-0.00692135,0.37009346,-0.4929879,-0.5682027,0.10789183,-0.92975193,-0.40033644,-0.09526178,0.13806853,-0.8418529,-0.59612787,0.08361056,0.6760991
-1.8776025,0.34773222,-0.40047526,1.1135298,0.45756418,0.78441143,1.7513307,0.15841228,-0.16851802,-0.856073,-1.7593788,0.0,1.0
0.29771528,3.243816,-2.1915398,0.031354185,0.97649276,-1.1386272,-1.8718446,0.84991854,1.9541837,-0.44229674,0.5950398,1.0,0.0
0.3850961,4.7222033,-2.1915398,-0.97236925,1.6720356,-1.5347053,-1.8718446,0.9669213,2.7518206,0.2686532,0.5534725,1.0,0.0
0.27121192,1.5657316,-0.44670597,0.7087668,0.30960965,-0.74501795,-0.06426472,0.36054373,-0.93858725,-1.0713918,-0.067359746,0.089484446,0.8911267
-0.74063736,-0.82701725,0.22426164,1.2692045,0.7051756,1.89749,1.6687453,0.7730298,-0.050889675,0.8226818,-0.39257878,0.0,1.0
0.8581416,4.7222033,-2.1915398,-0.5970235,0.9942679,-1.4257134,-1.8718446,0.11240427,2.1429417,0.13424563,0.9209706,1.0,0.0
-1.2363179,2.681272,-2.1915398,0.6373948,0.6283631,-1.3653983,-1.8718446,0.20413919,1.5120652,-0.23061247,0.64705986,0.41553348,0.7612493
0.08225906,2.3363204,0.63760215,-0.32941362,-0.52222687,-1.5386337,-0.41466424,-0.14421512,1.6020898,0.65247256,1.2732772,0.55372125,0.72373194
1.1264942,0.44302678,0.99846166,0.25125942,-0.19186443,-0.69084495,0.5082118,0.7057628,-0.7337182,-0.19849326,-0.92194855,0.0,1.0
0.7818194,0.19253004,1.1649145,0.098033674,1.7446787,-0.88233507,0.116261154,0.71835184,-0.019639365,2.2047136,0.244249,0.0,0.7779581
0.18310188,3.3624914,-2.1915398,0.17094834,0.3827498,-1.3571999,-1.8718446,0.73423386,2.7518206,1.0512348,0.3796376,1.0,0.0
0.77736485,0.3130023,0.47830546,0.22913454,-0.08072653,-0.71328294,-0.016053993,0.77134943,-1.631209,-0.37082124,-1.0341624,0.0,0.58259326
-1.8776025,0.2115319,0.21839057,2.1267874,1.0163478,5.277437,2.317571,1.4850703,-2.0743182,-1.0277268,-1.7593788,0.0,1.0
-0.620552,1.5256068,-0.16470149,-0.5621644,-0.38475588,-1.0195745,0.6536338,-0.23297855,2.0075104,0.96758133,0.52154076,0.16559224,1.0
-0.17798495,-0.60911083,0.14687714,-0.9702828,-0.5357218,-0.5999347,-0.2021914,-0.36240414,0.17809449,0.690492,-0.21978854,0.0,0.8890485
-1.8697212,2.4882207,-2.1915398,-0.41609803,-0.42231745,-1.2484502,-1.629966,-0.8851501,1.9381418,-0.12229517,0.8632451,0.54780394,0.0
-1.0285978,0.9558354,-1.4598314,-0.74954957,-0.3312316,0.5016685,0.58399594,-0.87346965,0.17639533,0.30732447,-0.7411515,0.06563801,0.9405489
0.80952734,4.7222033,-2.1915398,-0.6864549,0.66978955,-1.527606,-1.8718446,0.8493717,2.5728328,0.12221887,1.227091,1.0,0.0
0.5477591,2.4160407,-1.9779706,-0.7062451,0.45989347,-0.440562,-0.9701382,0.97064966,1.7233831,-1.2825656,-0.48639965,1.0,0.23502046
1.2765158,4.7222033,-2.1915398,-0.69191664,0.5602331,-1.5386337,-1.1622463,0.4837598,-0.09620733,-1.6747506,-1.4915619,0.37729394,0.75297534
2.5199788,4.7222033,-2.1915398,-0.4474483,2.5513842,-1.413731,-1.8718446,1.7367737,2.7518206,-1.102739,-0.4538871,1.0,0.0
-0.5752519,0.259294,-0.29516664,-0.9708194,-0.7002815,-0.61528045,-0.20508362,-1.3134438,-0.48336968,-0.77941024,-0.05940137,0.0,1.0
-0.11440044,1.8663257,-0.57246596,0.8164783,-0.6432083,0.39030212,1.079483,-0.14368257,-0.53488505,-0.81925434,-0.2196728,0.0,1.0
-0.5541731,-0.47090688,-0.7316677,-0.5706486,-0.9170467,-1.1512161,-1.0067419,-1.4776574,-1.250588,-0.8025769,1.0393736,0.0,1.0
1.3996884,1.7280027,-0.54521334,-0.97236925,2.4739912,0.3121721,-0.40067378,0.0317371,-1.5780089,2.2838242,-0.5359048,0.3226753,0.3672588
-0.8702932,-0.009214351,-0.50039196,0.40542352,0.18613607,-0.11136923,0.98105544,0.3007496,0.69902694,0.62436056,0.129328,0.00797759,1.0
0.19452687,-0.35191384,-0.38258162,-0.6138087,-0.3880686,-1.3250064,-1.2060703,-1.0738678,-1.8293769,-0.5091084,-0.06697582,0.0,1.0
-1.6748344,0.6169918,-0.09996484,0.6867535,0.32419565,-1.5386337,-0.9892167,0.3757061,2.7513459,-0.72545487,0.61725444,0.007264386,0.9780758
0.9914575,-0.11425798,1.7219102,1.0670637,1.146047,1.4707435,1.3300632,1.2264982,-1.4061517,0.5356256,-1.1896138,0.0,1.0
0.26266328,0.3794065,0.8655545,-0.37052453,-0.4943133,-1.5386337,-1.2442183,-0.80048186,-1.281109,0.7550694,0.8259061,0.0,1.0
-1.6005489,-0.67184794,-0.004019005,0.56509084,-0.12683035,1.7048475,1.6073781,0.42063156,2.0454614,0.115754046,-0.8667234,0.0,0.4982102
-1.3112063,1.650741,-0.4023306,-0.17589886,0.79586947,1.1435322,1.6434277,-0.6779986,-0.06646644,2.0783906,0.47417027,0.0,0.90439004
-1.8776025,-1.0442101,-1.22339,1.0734227,1.9725275,1.076606,1.7020282,1.102892,1.06179,1.0165308,-1.3578339,0.0,1.0
-0.7548964,0.6854016,-1.5574892,-0.248675,-0.646053,0.0019169338,-1.1920787,-0.4594191,0.99590725,0.6892552,1.0999875,0.66320556,0.30009165
0.10789755,-0.49892032,-0.40202662,-0.97236925,-0.5563469,-0.04709478,-0.2913862,-0.33068675,-0.62190485,0.022633573,-0.2289269,0.003520851,0.79991794
-0.15667222,0.2492177,-0.7260543,-0.30400136,-0.8203103,-0.92646587,-0.45582882,-0.44343808,0.57287675,-0.54395276,0.70479715,0.0,0.86416245
-1.8776025,0.13715695,-0.4051784,0.7966682,0.5677244,1.0934404,1.8435448,0.3268246,0.98196393,-0.43018013,-1.7593788,0.0,1.0
-0.6388198,0.99123,1.9891925,1.6873618,-0.93371063,4.7368016,2.317571,0.4661924,1.54092,-1.0396111,-0.9044917,0.017295165,1.0
-0.26161805,0.17950961,-1.3454082,-0.47877756,-0.32869676,0.87019575,1.1617908,-0.5907576,-0.09513355,-1.6308756,-1.2977445,0.0,1.0
0.6091484,-0.062084455,-0.38128158,-0.97236925,0.5107671,-0.54139876,-0.24998824,0.57317895,-0.62559265,0.4558761,-1.7593788,0.5867645,0.7089014
-0.19094323,0.36456925,-0.29264337,-0.8820225,-0.1732679,-0.75940317,-0.635438,-0.2530186,0.7245704,-0.6513464,-0.23778157,0.08968655,0.81960076
0.34684095,4.0255256,-2.1915398,-0.33381635,0.92017466,-0.75803864,-1.8718446,0.89514863,1.4500324,-1.3746934,-0.75961787,1.0,0.0
-1.3414252,-0.21525005,-0.0015449505,0.7361916,0.2559914,4.6651278,2.317571,0.2948872,2.2899153,0.28569406,-1.7593788,0.0,1.0
-1.2093999,1.4222491,-2.1915398,0.0009442773,-0.13971014,-1.3239565,-1.2716055,-0.7390378,-1.3350953,-1.6747506,-0.46081007,0.0,1.0
-1.7750397,0.2165087,0.35525668,-0.43747064,-0.6787999,-1.5386337,-0.2645103,-1.4336777,0.29261392,-0.7100142,0.72309774,0.0,0.7806272
-0.4687168,0.66566867,-1.3782697,-0.9223303,0.5918369,-0.7116648,0.33694655,-0.3153691,-1.7126635,-1.5062559,-1.7593788,0.22044125,1.0
0.43328404,0.8653922,-0.34108013,-0.351412,1.8559111,-1.2132119,-0.35573128,1.1412164,0.059390333,0.45946246,-0.5289288,0.70924956,0.10004887
-0.13896526,-0.51940066,0.8171948,1.559379,-0.93371063,1.3772349,-0.097989745,0.545928,-0.4168277,0.20697367,-0.5181389,0.10924752,0.30552077
-0.47400308,2.046367,-2.1915398,0.43207765,0.36448342,-1.1010234,-1.7717073,0.27146164,1.3623722,-0.7077447,0.6317264,0.7990582,0.1636791
-0.47182763,1.9702028,-1.8678854,-0.97236925,-0.32852277,-0.7603579,0.08357506,-0.20606303,0.22375043,-1.6747506,-0.3026954,0.008952026,0.878385
-0.5526612,0.54558283,-0.7232237,0.36887214,0.31507334,-0.71065116,0.6021988,0.034871366,-1.8547459,-1.0051451,-1.7593788,0.09905665,0.91025966
0.40371123,0.5819087,-1.2021888,-0.92244154,-0.93371063,-0.31798136,-0.88646454,-0.42531163,-0.5216864,-0.39816588,0.6199359,0.0,0.8621104
-1.8452412,-0.37915692,-1.341853,-0.97236925,-0.46516192,2.2964973,0.12601592,-0.88924396,2.619577,-0.44240707,-0.5169535,0.5206553,0.7835936
0.79076195,-0.6882999,0.98708886,-0.4035093,-0.8050868,-0.90326583,-1.7100687,-0.7830929,-1.499562,-0.437912,0.6682587,0.3551609,0.6273115
0.54706967,-0.8818918,-0.35208237,-0.37950978,-0.6267252,-0.98604035,-0.41263664,-0.451501,-0.78669053,0.30542624,-0.4706763,0.0,1.0
0.0075870473,3.5583875,-2.1915398,-0.53198797,0.53323007,-1.2288709,-1.8547921,0.19767131,1.6555978,-0.53243786,0.9354634,1.0,0.39437607
-0.29251438,4.7222033,-2.1915398,0.81684095,1.8305405,-1.5386337,-1.8718446,0.6865636,1.3008711,0.51425624,1.0638759,1.0,0.0
0.22071488,2.880616,0.11123822,0.023197759,0.5860488,-1.2706989,-0.230119,0.6774311,0.07902366,0.1745285,0.043301247,0.46097457,0.6272844
-0.23347549,-0.14814995,-0.7399702,-0.26933578,-0.014918355,-1.3813083,-0.97608,-0.21774474,-0.0023558675,-0.30860525,-0.3830431,0.0,0.7859938
0.6794452,1.0953665,-2.0701816,-0.4959964,0.63207513,-0.27212083,-1.7654816,0.62407976,-0.42155123,0.14625266,-0.8025332,0.20299861,0.37407348
0.13170552,1.0825385,-1.9423437,-0.027038496,0.053768758,-0.84408367,-1.2699966,0.08753241,0.8531784,1.8571469,1.5986016,0.6107216,0.19505543
-0.21943307,0.36085626,-0.6064463,-0.7666669,-0.38579398,-0.7222776,-0.72214264,-0.8233022,-0.21961819,-0.8044953,0.077275604,0.0,0.9236458
0.21341182,-0.23661596,-1.6907538,-0.97236925,-0.2819716,-1.1055394,-0.7527011,-0.78408206,-1.5736274,-0.84795475,-0.989991,0.0034123221,0.89897835
-0.38607535,-0.6961338,0.3446459,0.49852842,0.55334276,2.7590444,1.5723372,0.7578037,0.6042343,1.5531453,-1.1558634,0.333291,1.0
-0.73678774,-0.2561753,-0.35989407,0.15443872,-0.1741484,-1.3072927,-1.4197888,-0.5750055,-0.14444153,-0.67094,0.47038162,0.0,0.43343467
0.034340434,-0.49579328,-0.18439949,0.25029236,0.10390532,-1.3114555,-1.1722816,-0.28868032,-0.89698505,-0.31869715,0.5907662,0.32283336,0.73437494
0.30577466,-0.55175686,-0.49822044,-0.688604,-0.59402764,-0.49326032,-0.6481553,-0.3147942,-0.5606876,-0.15833792,-0.8961056,0.009862786,0.703796
1.3921804,0.24800146,-1.6577028,0.049017478,1.5605055,-1.5386337,-1.7020047,1.2639055,-0.031040613,0.4750253,-1.2277689,0.83812916,0.29826507
-1.2560883,3.1620834,-0.74223524,0.2441559,-0.44541994,-0.9637396,1.3567276,-0.24968082,2.007147,-1.6747506,0.38987434,0.25276187,1.0
-0.050995365,1.4170303,-2.1915398,-0.050860494,0.20575824,-1.1587368,-0.9708427,0.7236126,0.09444931,-0.68032527,-0.68518645,0.0,0.6064395
-0.35145792,-0.43234643,-0.50267684,-0.31174955,-0.6414424,-0.090419896,-0.052008007,-0.31980148,-0.036876447,0.52169544,-0.2682873,0.1491645,0.9620368
0.39230585,1.8905396,-0.6512691,1.4693757,3.0861154,-1.3069762,-1.8718446,0.7143906,1.1111288,0.9027273,1.8658206,0.96357703,0.0
-0.18908319,4.7222033,-2.1915398,0.16178958,1.5859597,-1.5102266,-1.8718446,1.0639387,2.7518206,-0.8592619,1.3957639,1.0,0.0
-1.7232751,0.75322294,-1.4371829,-0.97236925,0.85808593,0.7434352,-0.6454922,-0.8293411,2.7518206,1.9575574,1.8387324,0.5134263,0.20965204
0.13548036,-1.0442101,-2.130944,-0.4838523,0.15615731,0.44419396,-0.32113254,0.849089,0.74949545,0.2924378,-1.7593788,0.39729637,0.7099911
0.6106311,3.9160695,-2.1915398,0.111343935,1.2249959,-1.5386337,-1.8718446,1.1720268,2.7518206,0.30298388,-0.24430777,1.0,0.0
0.38202983,0.28881624,1.8430215,-0.08846339,-0.93371063,-0.107333235,-0.45565468,-0.6049023,-1.0654212,-0.6762101,-0.1351245,0.0,1.0
-1.1668658,-0.056891847,-0.33715057,-0.7972236,0.39780155,-1.5386337,-0.8753031,-0.7150078,2.025597,-1.2077861,0.10377659,0.0,0.72288996
0.05362404,0.7535991,0.2594985,1.040087,-0.6832327,1.1337374,1.2556157,1.035449,-1.4857271,-1.6049924,-1.7593788,0.07147171,0.7059182
-0.009492865,2.1672235,-2.0960095,-0.07548318,0.9603525,-1.1306624,-1.8718446,0.65839434,1.3778931,0.4745437,-0.6601248,1.0,0.438862
1.5093058,-0.22505224,0.6483073,0.021379642,0.7809502,-1.3429735,0.036207758,0.74067885,-0.97336394,-0.6174018,-1.4494009,0.0,1.0
0.6818123,0.18925233,-0.51111776,-0.29549605,0.9011963,-1.5386337,-1.2448245,0.8475792,0.7692477,0.6001938,-0.7989267,0.6154421,0.81072855
0.56812465,1.2779348,1.1321411,-0.14596571,1.3951348,-0.64000195,-0.7389646,0.22107786,0.13339177,2.2838242,1.1689281,0.28556618,0.0
-0.8823056,0.75260204,-0.8141664,0.067300595,-0.6603271,-1.3694959,-1.8718446,-0.52552205,-1.9254851,-0.5552042,0.43792832,0.0,1.0
-0.4683294,-0.5143403,-0.8130252,-0.6968708,0.48654237,-0.60244507,-0.11884829,-0.047952686,0.12476301,1.3017086,-0.5492741,0.067404225,0.59258467
0.29284376,-1.0442101,0.68073875,0.11698064,-0.5464931,-0.9927328,-1.1438242,-1.1448371,-1.4874542,-0.4097618,1.5322378,0.0,0.9702407
-0.38337195,0.496721,-2.0957186,-0.97236925,-0.93371063,0.104258895,-0.25920764,-1.1518224,-0.9334616,-0.76262075,-0.6727031,0.0,0.72335017
0.023318669,0.026995093,1.1367399,2.1267874,0.7689557,3.8831728,2.1257157,1.7367737,-2.183889,0.5090782,-1.7593788,0.0,1.0
1.6849215,2.508376,-1.1442596,-0.97236925,1.1711352,-0.9372175,-1.2745519,0.9575658,0.06832148,0.5077633,-0.9296996,0.8672376,0.034139283
0.047633335,0.6957185,-1.4012046,-0.023215985,-0.052749686,-0.7421845,-0.41280344,-0.08427785,-1.4285299,-0.056673236,-0.43424243,0.0,1.0
-1.8413858,0.88472927,0.522262,-0.50569814,1.4281054,-0.763981,-0.29439262,-0.31359547,1.5971147,2.2838242,1.8658206,0.2773148,0.49814576
-1.8776025,0.40806952,-0.18484776,0.049451098,0.320611,-1.4077538,-0.3291308,-0.19579494,1.9152018,2.043347,1.8658206,0.8646716,1.0
-0.2818812,1.477086,-0.9604444,0.023893833,-0.22967008,-0.9009131,0.41864258,0.4067021,-0.525347,-1.6747506,-1.2890645,0.0,0.66325474
-0.42662546,0.47552046,-2.1915398,-0.066362135,0.5233295,-0.5317816,-1.8718446,0.106876984,0.94535416,-1.3635632,-0.25579602,0.7839183,0.021420583
1.146882,2.0819747,-2.1915398,-0.36823404,0.81752133,-0.94167984,-1.8718446,0.83554673,0.9538353,0.049193703,-1.0487951,1.0,0.0
-0.26339206,0.4668851,0.64687675,0.67729515,0.44737345,-0.71204823,-0.024124827,-0.19093004,1.1176498,2.152175,1.8658206,0.17005126,0.47698167
-0.15879391,0.17801319,-1.6829664,-0.97236925,-0.1767919,-1.374808,-0.13483532,-0.4227428,-0.8234071,-0.67642534,-1.5166342,0.0,1.0
-0.31533128,4.1174126,-2.1915398,0.07706602,0.22276103,-0.90332896,-1.8718446,0.5293535,2.250115,0.26271164,1.0285407,1.0,0.028248986
-0.10410542,-0.08856055,0.9100684,1.0029576,1.5991933,4.510949,1.5883514,0.73261154,0.89705855,1.2272574,-0.92757535,0.0,0.83570534
-0.68855137,-0.065533474,0.40762392,-0.2786565,-0.93371063,-1.2297511,-0.48348957,-0.38065523,0.49392015,0.125492,0.75438076,0.013306355,0.6225373
-0.611932,0.5684095,-2.1915398,0.4415279,-0.6019302,-1.3293006,-1.4545497,-0.2588797,-0.7539141,0.05407615,-0.21981727,0.0,1.0
-1.7245443,-0.64562845,-0.7415835,2.1267874,1.8859254,3.9530463,2.317571,1.0215791,-1.0298061,0.7473803,-1.7593788,0.0,1.0
0.5217264,0.65004146,0.4733375,-0.97236925,-0.7196847,-0.7851692,-0.75231314,-1.0891283,-1.4656003,-0.31515044,0.23418643,0.0,0.48181385
1.2728518,1.6115841,-0.34626117,-0.36933464,1.1926371,-1.2580777,-0.7742236,0.89339304,-0.4933805,0.33785516,-0.40029955,0.62311614,0.8475491
1.2608808,3.7792022,-0.93933797,-0.8649155,1.0667205,-1.3330595,-1.3491291,0.7515514,0.08234901,0.3802178,-0.5209502,1.0,0.4730302
2.3941917,-0.72546524,2.8018205,1.4868816,-0.93371063,-0.62804353,-0.69951147,1.670923,-1.0688977,-0.98396635,-0.8567534,0.0,0.77733403
1.7060095,4.7222033,-0.91538924,-0.5276614,-0.15270089,-1.5386337,0.56585175,0.7448584,-0.7871012,-1.2401173,-0.05076053,0.3061936,1.0
0.18562473,0.7845166,0.48763594,-0.07806021,-0.6382553,0.0035910308,0.733196,0.092969336,0.1489529,-1.3332043,-0.14340886,0.0,0.63054883
-0.81783324,-0.17785116,-0.7153266,0.13201702,-0.1413104,-1.030094,-1.1802803,-0.6006763,0.027199762,-0.79862887,0.4381886,0.07985122,0.76155335
2.1454847,3.1120121,1.5814139,0.34669685,2.780804,0.41320962,0.09212318,1.6856538,-0.7316338,1.508083,-0.090497,0.43779033,0.042973552
0.90751785,2.112511,-0.67225564,-0.46022612,0.94493353,-0.793939,-1.366394,1.1226801,0.5850306,0.37935907,-0.5579746,1.0,0.0
-0.1999443,0.66454244,-0.27834055,-0.5109329,-0.30095917,-0.8135544,0.6174105,0.20711894,0.26016763,-0.59467924,-0.8526249,0.16886711,0.9620784
-0.87119406,1.2287532,-0.3094699,0.3861292,0.0869737,-0.97094923,0.43945846,0.06669322,-1.4062654,-1.6747506,-1.5794096,0.054503206,0.87266654
-0.6302876,1.8286802,-2.1915398,-0.97236925,-0.27887586,-0.08597194,-0.40212435,-0.9150563,-0.34749922,-0.940438,-0.86436623,0.11826614,0.83540404
0.48625407,-0.25864488,1.3333002,0.4757997,-0.787137,-1.3471773,-0.48423117,-0.50529855,-0.57285595,-1.3005402,-0.050443448,0.0,1.0
-0.8795818,0.32386994,-0.60818225,0.0698598,0.18979959,-0.85880506,0.43496543,0.25592074,0.43955246,-0.13860914,-1.0446304,0.3420293,1.0
-0.5115601,0.21664563,-1.150758,-0.23266193,0.021285497,-1.5386337,-0.6905655,-0.25373048,-0.57431775,-0.41855717,-1.1033559,0.0,0.7384481
-0.27822304,0.06576319,-0.98493177,-0.94394416,0.20151111,-0.30446494,0.15676714,-0.6751719,-1.9667401,-0.7486798,-1.7593788,0.12854168,0.88599104
-0.43804514,1.7119657,-0.33944765,-0.65067804,0.18542421,-1.2910103,0.757255,-0.15067182,-0.18590108,-1.6747506,-1.0937268,0.0,0.90491885
-0.47403088,1.1362659,-2.1915398,-0.26181293,-0.5460045,-1.2147933,-0.4354886,-0.013158299,-0.3453632,-0.613066,-0.06217959,0.0,1.0
-0.7740498,0.5707277,-2.0041163,-0.33883002,-0.6107378,-0.87612283,-0.7351379,-0.8812998,-1.391391,-0.6330961,-0.22068904,0.0,1.0
-0.02955046,-0.19861025,1.5383239,-0.6385131,-0.3169576,-1.5386337,-1.7072057,-1.5922731,-1.1983048,-1.6747506,1.4599675,0.0,1.0
-1.8776025,-0.21363872,-1.6921544,2.1267874,0.7940564,1.4288839,2.0235596,0.702016,-0.017303541,-0.28794515,-1.7593788,0.0,1.0
-0.60624933,2.1742013,-1.276712,-0.56471765,-0.20304601,-0.8496086,-1.1275272,0.1681393,-0.362243,-0.1424524,-1.1742064,0.108950086,0.9633892
-0.066926666,-0.41395035,-1.3743391,0.072595716,-0.9201949,-1.5386337,-0.966361,-0.5000376,-0.7601252,-0.08908868,0.63688827,0.14088263,1.0
-0.85375243,-0.3689644,0.06141047,-0.7153105,-0.6400283,-1.5386337,-0.9342606,-1.2838585,-0.4251215,-0.7286849,0.5488243,0.0,1.0
-0.0023823641,2.5208216,-0.21323538,-0.07583295,0.026842598,-1.3590174,0.23316376,0.2271298,0.06465796,0.6346677,0.2743734,0.0,0.708591
-0.48795336,-0.62860256,1.058111,2.1267874,0.2738552,2.7562795,1.1224211,1.5427934,-1.1956713,-1.5803312,-1.7071677,0.0,1.0
-0.79691863,-0.64203703,-0.55487627,0.12754785,-0.06336315,-0.05397314,0.61811876,0.3204084,0.6587737,-0.47334403,-1.7593788,0.15393595,1.0
-0.09463853,0.18377538,1.9312394,1.2127986,-0.74860454,-0.11169672,0.63080734,1.2321018,0.2556971,-0.95724607,-1.7086047,0.0,0.64417964
-0.3244453,-0.017228372,-0.3982844,-0.97236925,-0.6775533,-0.62764794,-1.1594977,-1.5922731,-2.183889,-1.6747506,0.14024028,0.0,1.0
-0.54870325,-0.06426595,0.74756366,-0.28933,-0.52281547,-1.3878164,-0.18802118,-0.3399618,0.0020396414,-0.7255926,0.018851042,0.3521882,0.88107383
-1.3935364,0.5320055,-2.1915398,-0.15727447,-0.8338027,-0.9976138,-1.2045652,-0.72530925,-1.1738214,-0.49162,-0.39608604,0.0,0.9810517
2.2949314,1.8527509,1.7003124,0.7439244,3.7291722,0.5417542,0.63789105,1.7367737,-1.6538674,1.2469928,-0.6820382,0.364185,1.0
0.157705,1.7556185,-1.499554,0.44043112,-0.23261063,-1.3827392,-1.5820292,0.01305851,-0.47426516,0.7522551,0.7987215,0.1413163,0.47309664
0.51175696,0.3516522,0.19729073,-0.7404031,-0.22314641,0.35410225,0.44961664,-0.37999785,-0.7470488,-0.544237,-1.0675167,0.103221856,0.6622221
-0.30415013,1.5556878,-1.7654943,-0.18566461,-0.47044146,-1.5386337,0.024928141,-0.13642253,-1.0216198,-0.19765756,-0.72393197,0.06444629,1.0
0.013790457,0.3588556,-0.3587134,-0.6855757,0.45972627,-0.13846247,-0.2690445,-0.6297344,-0.31212014,2.2838242,0.91454434,0.0,0.5442293
-0.1124754,-0.5989541,-1.0629475,-0.13332534,0.11504716,1.7936151,0.42596987,0.059879135,-0.37683594,0.42643118,-1.7593788,0.0,1.0
0.24983653,-0.03156834,-0.41682437,-0.97236925,-0.24109644,-0.27798134,0.20430796,-0.26136783,0.123733744,-0.81236756,-1.2359859,0.0,0.99116015
-0.15359458,0.14106844,0.53068846,-0.26684377,-0.41600597,-0.938676,-0.2943198,-0.67174125,-0.114546455,-0.9093755,0.3843937,0.17711446,0.6700526
0.21744011,0.29282904,-0.079105236,-0.23534566,-0.27850077,-1.3844713,-0.21078907,-0.11554018,0.63822377,-0.57712734,0.299662,0.0,0.64233786
-0.07126648,0.018644445,0.13090523,0.5898055,-0.47926876,-0.70824987,0.6935912,0.5369004,-0.22334938,-0.65949774,-1.2807649,0.0,0.87367123
-0.7763563,0.05058814,-1.5125681,-0.97236925,-0.3079004,-0.6656011,-0.61225086,-0.92274415,0.46341124,-0.27240884,-0.5912251,0.0384047,0.88471043
-0.26367185,-0.66523534,1.357171,1.7556751,0.21711124,1.2130158,1.1308044,0.83021516,-0.043803915,-0.6689288,-0.38499057,0.0,0.5308495
-0.39757246,0.36638904,-1.168204,-0.5090772,-0.27654058,-1.3349454,-0.43339646,-0.54488665,-1.7562048,-1.039652,-1.0557514,0.0,1.0
0.26301724,3.965561,-2.1915398,-0.9403398,-0.06604679,-1.5386337,-1.7135842,0.32445842,1.5000638,-1.5962938,-0.62995946,0.88865834,0.12117684
-1.1845244,-0.32385495,-0.501578,-0.42759877,-0.7088941,-0.9960136,-0.46331948,-0.69553936,0.201259,-1.1193047,0.2950551,0.031209562,0.90407825
-1.0978339,1.1561134,-1.035692,0.56996566,0.37113485,0.45297813,1.675991,0.33301407,-2.183889,-1.6747506,-1.7593788,0.3692757,1.0
1.1963271,4.7222033,-2.1915398,0.1409922,3.2086005,-1.0110548,-1.8718446,1.7367737,2.7518206,1.2415982,0.9251587,1.0,0.0
0.8080385,-0.679976,0.7332063,-0.7983263,-0.93371063,-1.1736686,-1.068352,-1.4648868,-2.183889,-0.8927528,0.5937099,0.0,1.0
-1.1669726,2.0541894,0.19234775,0.021838423,0.5212046,-1.5386337,-0.27225766,-0.13628452,0.77937126,2.0407593,1.5688515,0.48444065,0.8575402
-1.3405343,1.4853635,-0.8980656,0.41293314,-0.20784721,-1.2208631,-0.62338233,-0.11826913,0.8327797,-0.54306024,0.7520068,0.105573244,0.38838708
1.1272489,2.6674218,-2.1915398,-0.43990228,0.9597003,-0.8843502,-1.8718446,0.4368527,1.1678113,0.15264344,0.651931,1.0,0.15671958
1.0730056,-0.84510154,1.3286914,2.1267874,-0.8712386,3.440022,1.0562607,1.6168652,-0.99146384,-0.45820874,-1.5837694,0.0,1.0
0.07469683,0.13072644,1.0686538,-0.9622591,-0.3025726,-0.39264262,-0.55810654,-0.60452247,0.5449428,-0.88806,-0.14308149,0.0,0.42242914
-0.97066265,1.7047365,-0.5049031,1.1153992,-0.40910405,0.67672,1.4797709,0.5467013,-0.5489184,-1.6747506,-1.3941605,0.0,1.0
1.8467895,2.4878874,0.88605255,0.20401455,3.1040676,-0.3390922,-0.23625147,1.7367737,-0.9201423,1.3767052,-1.0383881,0.47678313,0.5251951
-1.5434786,1.738161,-1.5455598,0.78422517,0.53299314,-0.36167675,0.85465515,-0.24398252,-1.6047932,-0.66086125,-1.098346,0.0,1.0
-1.5596405,0.4405623,-0.67938066,1.2301496,0.08445208,-1.5386337,-1.286162,-0.47695473,0.017826336,-0.35618716,0.7759515,0.0,0.8811442
0.5420876,-0.5104494,-0.27109015,-0.6714565,-0.5629851,-1.409817,0.6315769,0.019834194,-0.3701941,-0.4300022,-1.6204158,0.0,1.0
0.26109222,-0.4928108,-0.56287974,-0.21180514,-0.59751076,-0.7522602,-0.21240215,0.35765362,0.13055028,-0.1410544,-0.845433,0.40450326,0.5268692
-0.502398,0.20122176,0.3882301,-0.4288347,-0.9045007,2.7720578,1.2074503,-0.29390758,2.2838373,0.2558704,-0.7799177,0.57553756,0.46569815
0.39561412,1.487445,1.8287482,-0.52034277,-0.5810994,-1.2319115,0.2845536,-0.07320079,0.6766306,-0.05598131,0.34822065,0.51952815,0.9079413
0.7447406,-0.9218453,-0.924735,-0.9183418,-0.57438785,-1.5386337,-0.92043597,-0.37428007,-0.97594404,-0.76599264,-0.85949415,0.16617389,1.0
0.26097283,2.6019037,-0.21606545,-0.49859312,0.19580069,-0.47608846,-0.17922373,0.26045957,0.3255372,0.12680574,0.22035667,0.95867676,0.34614676
-0.6058683,0.99777037,-1.9965402,-0.27993903,-0.6083252,-0.51474136,-1.1363434,-0.053347137,0.12485933,0.49887192,-0.4182328,0.17555235,0.58896524
-0.03686583,-0.33675647,-0.5162266,-0.5000187,-0.06920629,-0.27906036,0.5103159,0.28310058,-0.31122175,0.31845236,-1.4368342,0.0,0.7883606
1.6537899,2.4099925,-0.35828024,0.13634153,1.016179,-0.6395799,-0.6215062,0.9541991,-0.9260094,-0.12435804,-0.89829016,0.7021914,0.8143256
0.3497679,4.7222033,-0.1805646,-0.8572523,0.8289143,-1.5386337,-0.32467708,0.8814204,0.70027167,0.63841516,0.7275428,0.85436046,0.64514154
-0.6489804,0.17916615,-0.30674207,-0.3985947,-0.06480144,-1.0083569,0.2694621,-0.059352305,0.71504974,-0.8986152,-0.69763786,0.0,0.8101145
-0.344293,-0.46239763,-0.7798419,-0.97236925,-0.93371063,2.0592046,0.07740001,-0.38255134,1.6332191,-0.3282104,-0.9234118,0.0,1.0
0.4711987,3.840831,-2.05366,-0.97236925,0.97252977,-1.2903641,-1.5570468,0.98180515,1.8674722,-0.18559326,-0.03059862,1.0,0.092823476
-0.1397749,-0.88641775,0.40033057,-0.15155943,-0.7511359,-1.235661,-0.34694114,-0.3302316,0.30556685,0.41626757,0.52419674,0.037302874,0.58462274
-1.1003332,1.3193967,-0.98124087,1.1036447,-0.03858305,-1.4665983,0.74860656,0.4950922,-0.9698449,-0.41884017,-0.34581244,0.0,1.0
1.5847231,-1.0442101,2.242527,1.306329,1.6228669,0.23818277,0.2548631,1.3017029,-0.5945255,0.04169467,-1.6975577,0.012811554,1.0
-1.1416676,-0.31236202,0.1736546,-0.97236925,-0.6098811,-0.3056208,0.537987,-1.5189751,1.0605232,-0.34050268,0.8560535,0.29629523,1.0
-0.15754925,-0.5021247,-0.51303834,0.9884801,0.112011075,-0.40909207,0.18956098,-0.110460535,-1.725306,-0.32423198,-0.92258865,0.1832024,1.0
-1.3131361,1.6083952,-1.5886275,0.5593288,-0.39352638,-1.3735006,-1.1620792,0.27736655,1.4079367,-0.23011734,0.3276584,0.32375664,0.49710742
0.0550541,3.2070937,-1.6964855,-0.10731116,-0.037352763,-1.5386337,-1.6375644,0.6679852,1.8717855,0.044389024,0.18493383,1.0,0.4366908
-0.4031665,1.1665959,-1.4542481,0.062175553,-0.030162979,-1.1502323,-0.42994308,0.21906084,-0.18243477,-1.2619711,-0.68656325,0.043517187,0.58412546
-1.6896378,0.9139065,-0.1333247,-0.67786527,0.49750242,0.050031044,1.3315859,-0.7175437,0.38982466,-0.55303663,-0.7005494,0.0,1.0
0.1894618,2.3228817,-2.1915398,-0.14265722,1.0983266,-0.8818363,-1.8718446,0.93056643,2.7518206,2.2838242,1.0889624,1.0,0.0
1.1583842,-0.74699616,-1.175794,-0.933979,-0.93371063,0.47195983,-0.049878456,0.19513102,-0.036085982,-0.93255913,-1.64459,0.0,0.9231422
0.099934526,0.03218645,0.5463899,1.4468182,0.98575026,0.21385436,1.2048589,1.3252425,-1.7636447,0.7845884,-1.444537,0.0,0.7134815
-0.93115044,-0.13493986,-1.5210819,-0.4534734,0.18802285,-0.7951998,1.4886291,-0.36662415,1.0997266,-0.002317926,-1.3829021,0.0,1.0
1.6554563,1.6839297,-1.2424113,-0.5809811,1.755134,-1.1634684,-0.8869275,0.87438965,0.10521933,-0.2911926,-0.40614516,1.0,0.0072169024
-0.5883207,0.39082766,0.56982523,2.0675561,-0.26638117,2.3362858,1.9555792,1.1584243,-1.2850084,-0.9339055,-1.7593788,0.21779783,0.7351226
0.6274073,0.058772884,0.84044766,0.03883391,0.1289599,-0.6673891,0.30423337,0.3600988,-0.2830929,-0.14967726,-0.044747427,0.0,0.6370719
-0.26530507,0.1161214,-0.095904924,-0.8007101,-0.50390226,-0.35747468,-0.69610834,-1.2625206,-1.5102197,-1.0936635,-0.031146731,0.0,0.7637634
-1.2179298,2.041169,-2.1915398,0.67925453,0.45696077,-1.1278299,-1.6235328,0.54075205,0.016070366,-0.8739683,-0.01006066,0.19019479,0.32224903
-0.43417743,-0.7425225,-0.32834303,-0.97236925,-0.4653735,-0.33328664,0.1045317,-1.2168531,-0.6824682,-0.25061768,0.30126667,0.18739347,0.9014011
0.2088017,1.6060507,-0.96428955,-0.25068092,1.2577757,-0.8128949,-0.11232862,0.19185878,0.6424247,1.2513233,1.8056686,0.79389054,0.0
-0.17511979,-0.92584103,-0.59161603,-0.40699977,0.10048349,-1.2005608,0.24875167,0.5256,-0.9878811,0.44427216,-1.1233411,0.07085543,0.73971635
-0.57499623,1.3382223,-2.1915398,0.50477487,-0.7241547,-1.2019801,-1.2918863,-0.3959861,-0.13181071,1.1365111,1.0419333,0.23490416,0.6093549
0.78136426,0.40905574,2.8018205,-0.69019574,-0.93371063,-0.6956752,-0.5683276,-1.1576865,0.11876942,-0.7092657,1.8658206,0.08287393,1.0
0.7776281,3.7871647,-2.1915398,-0.3565207,-0.020738129,-1.5386337,-1.5938361,0.77309453,0.9098441,-1.0528795,-1.059068,0.64119047,0.27061737
-1.6662669,-0.02494166,-1.1961643,0.3014369,-0.13587104,1.6331681,1.229612,-0.12496118,0.1388174,-0.26978463,-1.6936187,0.0,0.68631095
-1.8776025,-1.0442101,-1.436625,2.1267874,1.0912353,4.204851,2.317571,1.6985652,-1.7275385,-0.923517,-1.7593788,0.0,1.0
-0.49292076,0.21620797,0.30701554,1.39141,-0.04707966,1.376006,1.1865034,0.7642814,-0.0023390274,-0.0803394,-1.1811635,0.0,1.0
-1.5211264,-0.5148387,-0.31067377,1.854479,-0.33424622,1.6921393,0.87032783,0.6714942,-0.5305964,-0.38187057,-1.2102423,0.0,0.2974697
0.91285074,0.98438156,0.4109333,-0.09595955,0.9193923,-1.3669573,-0.94974935,1.1471053,0.6105445,0.8306834,-0.46118248,1.0,0.40441823
0.40930703,0.66128737,-1.1348009,-0.1494614,1.3892002,-0.7164661,-1.1055036,0.6386885,1.227173,0.2333713,-0.61125875,1.0,0.0
-0.045608103,-0.471241,0.26083463,0.40729308,0.12788291,-1.5139709,-0.38507223,0.53741425,-0.42682448,-0.0035329517,-0.5750075,0.1539473,0.72724706
0.619442,-0.5198153,-0.12518807,-0.39170957,-0.48251197,-1.5386337,-1.190505,-0.92505157,-2.183889,-0.7697511,-0.43155956,0.0,1.0
-0.48863018,-0.5041306,1.0725589,2.1267874,0.5375436,4.4536963,2.306617,1.7367737,-1.2807555,-1.0322261,-1.7593788,0.0,1.0
0.32367325,1.8368906,-0.6019928,0.4761474,-0.49320042,-1.3657928,-0.49514976,0.30002674,0.37364936,0.50613046,-0.14742036,0.5351465,0.73621744
-0.8198492,0.086444184,-0.5721409,-0.6489305,-0.66793054,-0.5505824,-0.88352853,-0.6751335,1.0816381,-0.75792056,0.31233346,0.13850018,0.6032433
-0.43673104,1.0091,-2.1915398,-0.027397532,-0.13346349,-0.68107986,-1.8718446,0.011579225,0.3553004,-1.4958975,0.19938119,0.62032825,0.6877478
-1.1589615,0.5882222,-0.9132522,-0.115272805,-0.071071565,-1.5386337,0.0497262,0.24122915,0.29600504,-0.53378344,-0.60895056,0.0,1.0
-1.8776025,-0.95512414,-0.86845094,-0.4185941,0.28970307,0.79786295,1.7689472,-0.29441065,2.7518206,0.7331405,0.30292743,0.0019314559,0.9153898
-0.8002513,1.3430815,-2.1915398,-0.0057256706,-0.045238078,-1.2489833,-1.6449945,0.056124054,1.5043811,-0.1940787,0.1323391,0.44996452,0.2187871
-1.6313378,0.49629018,1.1106323,-0.64733714,0.061526064,-0.7721356,-0.06796311,-0.7859931,0.602019,-1.6747506,0.27492368,0.03511989,0.3003658
-0.52000946,1.1797309,-1.7117434,-0.4785505,-0.012028845,-0.87946355,0.065565705,-0.46305597,-0.5272983,-0.063331835,-1.0349141,0.0,0.526755
-0.053157732,2.5172074,0.25146484,-0.34730157,2.7003076,-1.3501135,-1.3010414,-0.10289824,0.18521404,2.2838242,1.8269995,0.6719223,0.0
0.60264033,0.07735953,2.8018205,2.1267874,-0.34456283,2.768764,1.1607038,1.1669878,-0.39104688,-1.6747506,-1.7593788,0.23276319,1.0
-1.4749464,0.47052845,0.052100144,-0.42577684,-0.7939261,-1.4094201,-0.25030336,-1.351363,-0.274835,-0.43867695,1.0405192,0.0,0.42659414
-0.7392059,3.9504514,-2.1915398,-0.14508969,0.36686042,-0.78262085,-1.8718446,0.6208445,1.7627718,0.5647131,0.17911774,0.89934504,0.16056775
-1.07362,0.06201106,-1.1956248,0.004945076,-0.3730611,-1.0411636,-0.80130804,-1.0276752,-0.20175995,-0.8395728,0.30744743,0.00053777825,0.82658035
-0.59626025,0.39246333,-2.1915398,0.24498506,0.30397725,-1.3841071,-1.8718446,-0.15997212,-0.3498701,-0.75499105,0.13679573,0.17483656,1.0
-0.114499204,0.38546154,-0.3745618,-0.32224396,-0.500054,-1.5386337,-0.16292407,-0.37360585,-1.5400349,-0.7711835,-0.9378555,0.0,0.9622901
-0.7224378,2.1459458,-1.6610812,-0.51972413,-0.7452119,-0.61407685,-0.6437428,-0.29269752,0.80820286,1.3695788,0.49459648,0.42415598,0.434221
-0.52953595,-0.7663408,1.6962277,1.6593443,0.4000756,1.936431,2.2407887,1.6414772,0.42675585,0.70636415,-1.7593788,0.0,1.0
-0.5420093,1.6831946,-2.1915398,-0.39011064,0.10568203,-1.1597365,-1.568988,0.35725433,1.4721035,-1.0301181,-0.297992,0.4158318,0.53434056
0.099729635,-0.27541828,1.2104378,1.3692535,1.1001288,1.8787466,1.065353,0.37384206,-1.043909,0.75439405,-0.6748978,0.0,0.8316782
-0.24505499,0.21845303,-0.5320161,-0.613607,0.29130402,-1.1108333,-0.08765815,-0.2219696,-0.7728783,-1.3001355,-1.5114516,0.0,1.0
-0.47726846,0.26947215,-0.7059707,-0.11208873,0.18261792,-1.3552036,-1.6160392,-0.5702171,0.27419153,-1.4168326,0.28131384,0.14266865,0.5178499
0.33675516,0.43684977,-0.82586205,-0.6411819,0.38168013,-0.604097,-0.90194064,0.29519713,1.3998042,0.695834,-0.3749826,0.40535605,0.0
-0.28813043,-0.64765334,-0.601619,-0.64780587,-0.23592943,-0.5923636,-0.30312824,0.022786837,1.3997738,0.3439998,-0.3760516,0.11695751,0.41352805
0.4887587,0.50463265,0.16344386,0.3629501,0.8298571,-1.2660619,-0.6646404,0.3732512,-0.2652315,0.5839058,0.47428834,0.10532975,0.17688867
-1.3345029,0.1387812,-0.58947176,1.2485733,-0.63238627,1.7451601,2.317571,0.6971182,0.41265166,-0.25601327,-1.5884062,0.17377949,0.7158782
-0.044399567,-0.50388557,-0.3116375,-0.31027508,-0.8474221,-1.407254,-0.697528,-0.8385417,-0.9875148,1.0345765,0.7667506,0.0,0.99222624
-0.7686206,1.5056813,-1.2317804,0.14075223,-0.49356824,-1.2495149,-0.7990893,0.22914153,1.7199491,-0.48271745,0.11336526,0.14755292,0.73134404
1.5262876,-0.093270466,1.4836814,-0.44790912,-0.6245532,-0.8836619,-1.0712222,-1.0724027,-1.2231853,-1.6747506,1.7449939,0.049860585,0.7784416
0.1062382,3.3858988,-2.1915398,-0.68614006,0.45489836,-1.5386337,-0.43214872,0.086205475,-0.8082676,-1.0541556,-0.7769672,0.19663829,0.7650257
3.110216,-0.24667558,1.7178859,1.0362533,1.0206692,-0.9372209,0.33788395,1.7367737,-1.9419631,1.0647194,0.09507468,0.012130084,1.0
-0.17246155,4.571859,-2.0053737,-0.7257006,0.4663472,-1.3507103,-1.8718446,0.8634121,2.7518206,1.0060462,1.238987,1.0,0.0
1.1146247,1.0736866,-0.6006082,-0.017985433,2.329868,-1.5386337,-1.3247368,0.99908054,1.4777775,2.2838242,0.6642485,1.0,0.095123395
-0.41314554,0.5286447,-0.35951903,-0.60015804,-0.13294889,-1.0767647,0.25058857,-0.04039913,0.13697773,-1.4322,-1.4766423,0.0,1.0
-1.8776025,0.36469987,-2.1915398,-0.2360187,0.821865,0.7011169,1.521648,-0.9128,0.4416492,0.17614597,-1.6473507,0.0,1.0
-1.0271318,-0.19088961,-0.96950567,-0.85723966,0.017441496,0.33302927,-0.6238338,-1.337722,-1.4345498,-0.7793027,-1.1968752,0.0,1.0
0.5858447,-1.0442101,0.48447326,-0.2539023,-0.63052887,-0.25793386,-0.6887259,-0.84306985,-0.68804556,0.6159312,0.9621207,0.0,0.94307697
-1.413562,0.67967,0.16578668,1.373443,-0.31963536,2.9404848,2.317571,1.104242,0.5422272,-0.93811005,-1.7593788,0.0,1.0
-1.8776025,0.234623,-1.6852213,-0.3291742,0.41495827,0.10115576,0.5173172,-0.10833751,2.2845047,0.35804576,0.022670742,0.0,0.9428755
-0.24087057,-0.5381545,-0.38785645,-0.85764694,-0.55386657,-0.4431023,0.7818443,-0.788486,0.019799883,0.37677056,0.17664416,0.0,1.0
-1.5175287,-1.0442101,-0.64731175,2.1267874,0.027019277,4.6980624,2.317571,0.9628413,1.8686721,-0.23404257,-1.7593788,0.0,1.0
0.1593473,4.7222033,-1.671452,-0.8273746,1.8117162,-1.5386337,-1.7682582,0.09567559,1.5670136,0.37557894,0.8944815,1.0,0.0
-0.5415993,0.08678216,-0.54609156,0.17657611,-0.03526147,-0.97562635,-0.6496386,-0.5925289,-0.3050584,0.30569977,-0.14672425,0.06663344,0.22732008
-1.8776025,-0.099185154,-1.146239,0.27759942,-0.0889498,2.1915612,1.3735856,0.112033054,0.7903485,0.2705645,-0.8222796,0.0,0.77811193
0.33449808,0.8540128,-1.3282739,0.36078885,0.16166143,-1.5150541,-0.055853847,0.5575959,-0.8033353,-0.18936695,-0.1430601,0.4484137,0.30451718
-0.4768617,0.91312945,-0.3598703,-0.5595261,-0.2056338,-1.3763283,-0.39587727,-0.5566861,-0.5764866,-1.0504208,-0.31981784,0.0,0.9337783
-0.36556047,-0.5898015,0.3706619,0.46183026,0.18081403,0.88744175,1.2907312,0.77407575,0.3041188,-0.29514205,-1.276503,0.0,0.8369127
-0.37794822,-0.31906322,-0.5145071,-0.25118908,0.34019527,-1.395133,-1.3045194,-0.3398138,0.54643345,-0.39540416,0.7135808,0.27780452,0.28559572
-0.8594588,0.11910471,-0.2545453,0.71244115,-0.21496803,2.3980236,2.317571,0.5404398,1.5575114,-0.42575008,-1.7593788,0.0,1.0
-1.2362674,-1.0442101,0.17740516,0.98605573,1.5371062,2.3556092,1.8697906,0.78517824,1.3485559,1.7873824,-0.12379532,0.16030374,1.0
0.18159682,-0.38276166,0.25581095,-0.97236925,-0.84660184,-0.9114481,-1.6651429,-1.5922731,-2.183889,-1.5814291,0.714438,0.0,1.0
-0.028722234,1.7597529,-2.1915398,-0.3527628,0.08231795,-0.572676,-1.867057,-0.4020164,-0.9420698,-0.972405,0.1475141,0.5119843,0.38372168
-0.460132,0.22180311,0.48325148,-0.7302447,0.35851234,-1.5386337,-1.4019554,-1.0490537,-1.8892387,-1.6747506,-0.8710409,0.0,1.0
-1.3714329,0.12778054,-2.1915398,-0.97236925,-0.22389844,-0.88127136,-0.6960489,-1.3027413,-1.268953,-0.8107358,-1.0699177,0.0,1.0
-1.1734438,-0.41660365,-0.9684424,-0.58622175,-0.072438985,-0.8962397,1.1063368,-0.88502914,0.35309413,-0.021420468,-0.53239644,0.0,1.0
-1.8776025,-0.6249355,-0.9844879,1.7330195,1.278827,0.3447489,1.3537551,1.0130885,0.7351226,1.0066637,-0.60815847,0.0,0.8066201
-0.31855106,1.5352564,-0.20751303,-0.8782968,1.4151639,1.5669435,1.1653756,-0.27731603,1.8633001,0.82737863,0.0107347965,0.25260794,0.5803645
-1.0273062,0.4756585,0.75719863,0.06835108,0.5350354,-0.6939451,1.1907083,0.1057746,-0.5028298,0.9751069,-0.59906965,0.0,0.79063445
-1.8776025,-1.0442101,-0.9156772,0.6579626,0.4744604,-0.20830056,0.24161687,-0.29230085,1.0091324,0.35738343,0.22651336,0.30691585,0.43298316
-0.8345771,1.1932118,0.35138482,0.5447655,-0.14676282,-0.06742491,0.4506984,-0.37956673,1.779052,0.46692348,1.3439147,0.10088301,0.31458065
0.55426896,1.3859518,0.5077564,-0.48766842,0.11853531,-1.5386337,-0.6304466,0.8594682,1.1622723,1.7427592,0.11509219,0.8283245,0.0
0.35438627,0.08375311,0.9124764,0.016020626,-0.38002548,-0.5491389,-0.02692409,-0.29085448,-0.3133084,-1.0066903,-0.41701418,0.0,0.49135393
-0.85212946,2.2253318,-2.1915398,-0.26139933,0.3545549,-1.5386337,-1.5550402,-0.1630177,1.351412,0.12663005,0.09017335,0.8605339,0.36832458
-0.36545587,0.73613924,-0.80602115,-0.5237773,-0.5535367,-0.64788586,-0.17109159,-0.2470515,-0.34293336,-0.67509574,-0.11983363,0.0,0.8499931
0.9128591,-0.4779616,1.9894664,-0.15092734,-0.93371063,-1.5386337,-1.2722336,-0.9373835,-1.2558793,-1.3613701,0.7884224,0.18658592,0.6831397
-1.1899335,2.8373327,-2.1582205,-0.04274075,0.3807114,-0.88835883,-1.0094712,-0.121335134,1.0222368,0.19326362,0.5932618,0.26331857,0.610804
-0.49455887,-0.0434106,-1.298485,-0.9194424,0.59150344,-0.37379682,0.28865343,-0.61163455,-0.74670583,-0.6985236,-1.7593788,0.0,1.0
1.1054225,0.55328304,-0.9770228,-0.9532364,-0.85363287,-0.4542516,-1.1695161,0.097065866,-0.5411386,-1.1821332,-0.48461848,0.44428593,0.76704353
-1.3305165,-0.9855116,0.058289215,2.1267874,1.2722961,1.9839492,2.2461903,1.622207,-1.4540645,-0.7379643,-1.7593788,0.04451347,1.0
-1.1535403,0.508242,-0.53230137,-0.2756859,-0.11357032,-1.1849319,-0.45651585,-0.24382299,1.1406786,-0.8130097,-0.07959837,0.3428173,0.32839534
-1.8776025,0.94415915,-1.7744572,0.38177782,-0.40263003,-0.5861033,-1.1153561,-0.5448591,0.7677813,-0.7065021,1.1384739,0.41083056,0.4859281
-1.2740946,0.8973444,-1.0276287,0.4903517,-0.5374459,-1.0083585,-1.306048,0.02718173,0.4861566,-0.50839984,0.5900964,0.13917837,0.89636356
-1.0175598,-0.49579817,-0.27674162,-0.37092572,-0.43885738,-1.3543892,0.34550977,-0.3392086,0.4575011,0.0801055,-0.86404693,0.0,0.8842663
-1.808634,-1.0442101,-0.62986094,0.016728424,0.837303,2.5057454,1.212702,-0.031457674,1.9891635,1.4479384,0.2785405,0.170257,1.0
-1.0201728,1.4228574,-1.3908671,0.106480755,-0.6033826,-1.3690575,-0.54657185,-0.5068976,0.14118673,-0.34621984,0.6054769,0.0,0.82348204
-1.5525924,-1.0442101,-0.8362091,2.1267874,0.0439302,3.927794,2.317571,1.5459844,0.055663217,-0.5322514,-1.7593788,0.0,1.0
1.8922672,2.1656206,-0.9903105,-0.97236925,3.3926358,-0.992816,-1.8718446,1.7367737,1.392827,2.2838242,-1.5951723,1.0,0.0
-1.0190194,0.48432228,-1.6164789,-0.3520224,-0.43670994,-1.2181696,-0.87809056,-0.7882209,-0.8567993,-0.73939675,0.08336334,0.0,1.0
0.842901,2.2375987,-1.9133695,-0.3756498,0.13462289,-0.4813099,-1.6958344,0.42626545,1.6755407,0.059356235,1.0821226,1.0,0.0
0.06336407,0.117373765,-0.1621838,0.3673459,-0.094295144,-0.020154584,-0.040132526,-0.07900484,-1.5197237,-0.17926714,-0.7310347,0.1297167,0.49262384
-0.41385046,0.47739685,-1.5568259,-0.16503745,-0.6861081,-1.5386337,-0.95220184,-0.3377492,-1.8128551,-0.5317545,-0.05349929,0.0,1.0
-0.59863657,0.95693165,0.26108652,-0.31512943,-0.91112953,0.13054146,-0.56160796,-0.43695825,-0.8277689,-1.5660397,-0.7913514,0.11183469,0.46382403
-0.63405603,-0.48435962,-0.55965877,-0.97236925,-0.031051468,-1.5386337,0.12766342,-0.43660796,-0.726828,0.2277418,-1.0334749,0.0,1.0
-0.516455,-0.40551358,-0.74859077,-0.9104673,-0.16943537,-0.28974253,-0.21602029,-0.26977876,0.587028,-0.18599589,-0.7226319,0.0,1.0
1.9804255,3.6699107,-1.592123,-0.89198333,0.83645093,-1.5386337,-1.8718446,1.138598,2.7518206,-0.47974724,-0.10193512,1.0,0.0
-0.3697093,-0.8462471,-0.7950999,0.010349073,-0.41291797,0.09481104,0.56188744,0.09443915,-0.028335607,0.074144036,-0.3731553,0.0,0.97448057
-1.3472879,-0.57769704,0.02766659,-0.5034758,-0.2018105,-0.7544787,0.8454045,-0.77622235,1.779763,-0.05148015,0.9090692,0.0,0.50543237
-1.755143,-0.19683155,0.16062814,1.0753912,0.41985053,0.33278853,1.1862624,0.35968152,0.15000464,-0.50042266,-0.5197571,0.0,0.8111385
-1.8776025,2.5322707,-2.1915398,0.18385094,-0.24244541,-0.77395266,-1.3841525,-0.89383274,2.7518206,0.28100932,1.8658206,0.77449965,0.24461249
-0.6784526,-0.40044323,-1.1027616,-0.3792195,-0.12613952,-0.16476636,-0.07069809,-0.6591562,-0.5161123,-0.7534615,-0.6099856,0.0,0.6409526
-0.63433063,0.14553209,-0.54322296,0.1626628,-0.0037810262,-0.44392693,0.97408915,0.006083034,0.82385105,-0.49170786,-1.0084829,0.101830445,1.0
0.27990088,-0.115474224,0.74247056,-0.97236925,-0.93371063,-0.4146282,-1.8718446,-1.5922731,-1.8086853,-1.6747506,1.1589503,0.0,1.0
-1.8776025,1.4403087,-1.3747675,-0.71292883,0.96881646,1.2491047,0.7989114,-1.3428622,2.7518206,2.2382555,1.8658206,0.3964449,0.1964211
-0.75656396,0.2613934,-0.15971962,-0.81115144,-0.7045165,0.2288372,0.15984894,-1.0965313,0.6826435,-0.37614763,0.30258203,0.16210346,0.9200125
0.6112449,0.96128,-0.65178746,-0.97236925,3.221211,-0.6754612,-0.57874644,0.3415377,2.0406506,1.2761885,-1.0764965,1.0,0.031660113
2.308337,-1.0257499,1.0349826,-0.3899587,-0.88590527,-0.89402205,-1.8718446,-0.73025775,-2.183889,-1.1442634,0.27873474,0.0,1.0
-1.5010971,0.8389072,1.4292591,0.28596377,-0.16001128,-1.5386337,0.03136677,-0.7208827,2.035198,-0.8941023,1.4361017,0.05834299,0.9408973
-0.591151,0.3850446,-0.17698097,0.55641323,0.04835997,1.4360594,0.73617476,-0.050423842,-0.25647828,-0.46925646,-1.2749625,0.008999306,1.0
-0.2538447,-0.26280296,0.1537454,-0.35069185,-0.4155646,-1.0165182,-0.5418377,-0.78391784,-0.6681218,0.04215101,0.32464623,0.0,0.73190075
-0.25203753,0.50428325,1.1080922,-0.7659878,-0.726609,-1.5386337,0.24700823,0.03626253,1.3658203,0.89550805,1.508547,0.38249305,0.62742555
-0.401808,-0.4254105,-0.48036462,-0.7078905,-0.14860027,-1.4538151,-0.69823384,-0.85579664,-1.6639487,0.13602431,-0.7524386,0.17245829,0.85600936
-0.27071694,-0.63534915,0.12733592,-0.050396137,0.18819614,-0.7279174,0.4300845,0.0770146,0.8911205,0.20933338,-0.171666,0.18005338,0.44588333
-0.88031733,-0.32882336,-0.36454067,-0.73738706,0.28665778,-0.5938774,0.2797954,-0.6371474,0.12588659,-0.57739025,-0.55627835,0.08327501,0.6644223
-0.32301044,0.3376483,-0.5535163,-0.18948403,0.15996559,-1.1800419,0.080771774,-0.010600284,-0.35837296,-1.2550454,-1.4755801,0.0,0.73621464
0.6647091,-0.14916603,1.0349213,0.90352,-0.93371063,-0.8726662,-0.15539953,0.16831326,-0.7546488,-0.7637975,0.66635525,0.0,0.60064536
0.9891924,2.5879388,-0.89802146,-0.3158164,2.1582527,-1.5386337,-1.8718446,1.3916733,2.1221926,2.1021647,0.5538459,1.0,0.0
0.9590899,1.1710019,0.4189902,0.45237458,0.02644533,-0.42410433,-0.05031961,0.32419813,0.2905157,0.9375164,0.6684136,0.033490945,0.74982125
-0.80114436,-0.65544844,-0.31986007,1.2145044,-0.16033974,-0.36232245,1.2415361,0.70788556,-0.36624724,-0.01790981,-1.0292878,0.10056071,1.0
-1.5776072,-0.039266735,-0.593589,0.43385202,1.1964895,2.63009,0.76604664,0.07275506,0.7956961,1.1178964,0.01001966,0.24284106,0.5637227
1.8263723,1.8542387,1.2334777,-0.3249364,0.08789399,-0.6519089,0.22840032,0.806787,-0.673664,0.29588658,0.070092335,0.057360735,0.99407345
-1.2084756,0.42135918,-2.1915398,-0.97236925,-0.93371063,-0.50329506,-1.0202347,-1.4152771,0.07332753,-1.3163041,-0.71117824,0.0,1.0
-1.0925546,0.98707867,-2.1915398,0.14141196,0.4989122,-0.97114956,-1.8718446,-0.39190316,-0.09388776,-1.0850599,0.35343933,0.5655769,0.5300822
-0.4088941,0.61465645,-1.5864321,-0.7141625,0.31090042,0.13937412,-0.21361308,-0.26623487,1.076082,-0.11489989,-0.4804296,0.42948887,0.21526529
-0.7320476,1.179846,-1.7551079,-0.36173558,0.09700069,-1.2389475,-0.80959374,-0.34388748,-0.061039116,-1.121818,-0.5005989,0.0,0.18213211
0.33099228,0.008398725,1.637128,0.9767947,-0.93371063,-0.8511878,-0.3619588,-0.47858205,-0.6483553,-1.4218856,0.50253946,0.0,0.6712307
1.4440354,-0.36633283,0.5791926,-0.14826101,2.6477027,-1.5386337,0.05696596,1.435329,0.3470293,2.2838242,0.20363675,0.83014184,0.48549163
1.7694956,1.4724844,-1.1069349,-0.5800378,1.4973817,-1.5386337,-1.1720113,1.0323676,0.14929801,-0.9544946,-1.4346939,1.0,0.9168398
-0.69044876,2.0218477,-1.5293047,-0.17597324,-0.19460827,-1.5386337,-0.79624087,-0.13612854,-0.5333193,-0.23039901,0.1347219,0.14008865,1.0
0.46613905,0.8866303,-0.37418738,-0.74477583,-0.59014326,-0.23824283,-0.08192002,-0.4350444,-1.0656807,-1.3515182,-0.4567864,0.19012997,0.79432386
0.2695893,-0.18584561,-0.277152,-0.730234,0.8092444,-0.9100655,-0.28344998,0.30238053,0.15804768,1.0340085,-0.35743308,0.37604508,0.5173892
0.6628327,1.3405317,-1.4572685,1.0118622,-0.19459002,-0.46752423,-0.49746665,-0.025469657,-2.183889,-0.00020346977,-0.4906841,0.013227347,0.9133542
0.5960315,-0.5169361,-0.20185748,-0.9380189,-0.079490736,-0.4137429,0.20576292,-0.07116093,0.6675377,0.014177431,-1.1920631,0.0,0.672402
-0.5250453,1.1311997,-1.9078002,-0.11184409,-0.25080252,-1.0899143,0.8482598,-0.067038134,-0.18153667,-1.6459826,-1.3327338,0.0,1.0
1.0299166,-1.0442101,0.18274298,-0.71267873,-0.11387487,-0.8274151,0.15126643,0.60905427,0.3651072,0.5876364,-1.1527163,0.2493202,0.68678564
0.5224353,1.840183,-2.1915398,-0.18158054,-0.08261911,-1.2888317,-1.8718446,0.28317666,-0.07394293,-0.5652161,-0.62434065,1.0,0.39766133
0.53324056,-0.17366065,0.62859786,0.67057663,-0.57513016,-0.4705128,0.46560332,0.52572984,-1.7158777,-0.3498202,-0.9875532,0.0020365464,0.8050348
-0.39640987,4.7222033,-2.1915398,-0.23234223,1.1491344,-1.5386337,-1.8718446,0.8172197,2.3143992,-0.7077436,0.124049574,1.0,0.0
-1.8640687,0.5879774,-0.116178855,0.8150183,2.8524454,2.4489427,1.0358639,-0.19770555,0.6589317,1.7318277,0.24863802,0.0,0.34638423
0.18169369,2.2623582,-0.55234486,-0.25586832,-0.453382,-1.1571494,0.16103819,0.82292086,-0.4175149,0.11442265,0.3016106,0.027589412,0.54535735
0.10330323,1.5205599,1.2959025,1.8737445,0.7743041,1.8958688,1.7603625,0.34593874,-1.4481069,1.0592749,-0.17657733,0.0,1.0
1.5988487,-0.19913867,-0.19345176,-0.97236925,-0.21272767,-0.05445824,-0.6514224,-0.18594958,-1.4212098,-0.92489403,-0.6539892,0.015252092,0.7659934
-1.0410932,-0.22738008,-1.4905751,-0.3977336,-0.5404275,-0.3341171,-0.7031259,-0.8137408,0.59300977,0.20120107,0.8930111,0.3241342,0.37516165
0.26137468,-0.59195954,-0.33152622,-0.3229543,-0.74822325,-0.7359356,-0.026288236,-0.40875757,-0.6956724,-0.44640505,-0.46150994,0.0,0.9522965
0.72525173,2.43193,-1.666327,-0.3894276,0.54187036,-0.8834422,-1.6177182,0.7742252,1.2581683,-1.4035677,-0.22609638,1.0,0.26385736
0.4118841,-0.33361098,0.14936197,0.58955765,0.22414863,-0.43686146,-0.24139448,0.46696746,-0.26008302,0.43714744,0.51786596,0.4913971,0.50550985
0.004018333,0.052469213,-0.7826364,-0.31188807,-0.80211204,-1.2126117,-0.78173864,-0.8229741,-1.6028473,-0.59824467,-0.051544867,0.0,1.0
-1.6469345,2.2476258,-1.098262,-0.17671208,0.5066324,-1.4518573,-1.3525163,-0.020935796,2.1843507,0.7952723,0.5213079,1.0,0.1670682
-1.7897906,1.0692391,-0.9252951,-0.97236925,-0.93371063,-0.9794009,-1.6371853,-1.5922731,-2.183889,-1.3063006,0.9778071,0.0,1.0
-0.66144437,0.3906978,-1.3214327,-0.20827308,-0.21998842,-0.57396543,0.19007862,-0.004209485,0.078747034,-0.7364797,-0.8040756,0.0,0.72369754
0.59177333,0.14602214,-1.1165669,0.45778126,-0.26971245,-1.378048,-0.46393153,0.69422567,-1.1134108,-0.57414174,-1.1043513,0.24482383,0.78834915
-0.53787374,-0.22425815,-1.4714952,-0.97236925,-0.044381075,-1.0306557,0.47342247,-0.5999706,-0.43484893,-0.770879,-1.7593788,0.014463429,0.9074522
-0.15762496,1.5795885,-1.7297478,-0.5341992,-0.4526151,-1.5386337,-0.63425916,-0.009926405,0.51156306,-0.3818317,-0.22071332,0.025525535,0.9435009
-0.6038939,0.8962792,-0.74532205,0.0022532372,-0.14700715,-0.74749345,0.2384845,0.020009583,0.105902165,-1.2703171,-0.15930977,0.0,0.97609574
-1.8776025,-0.075539395,-1.1338137,-0.97236925,-0.18032154,0.5670181,1.5289899,-1.1382574,2.4452682,0.075843774,0.4054485,0.17193928,1.0
-1.3384686,-0.38695285,-0.1897233,-0.565434,-0.87927026,-1.4326437,0.089706846,-0.9646068,1.6162746,0.6008225,1.1726296,0.0,1.0
0.34673592,-0.4249575,-0.32816,-0.7415108,-0.36013508,-1.2234334,-0.22075649,0.06650819,-0.6006553,0.09333144,-1.040501,0.0,1.0
1.3296453,-0.31398213,1.905402,0.18403807,-0.93371063,-0.037194762,-0.2012567,-0.47428098,-1.3293021,-1.4312751,0.20100768,0.115130536,0.7204088
-0.31479543,1.0391045,-2.1915398,-0.97236925,-0.05629033,-1.0558505,-0.30361804,-0.20906751,-0.37570247,-0.69926107,-1.7593788,0.43459806,0.9532628
1.9231431,0.048107833,0.75712395,-0.63185805,-0.051653482,-0.16260707,-0.24560647,0.5139447,-1.2233528,0.5086792,-1.2308483,0.13713913,0.5414185
-0.059274904,-0.2558184,-0.35087076,0.08611333,-0.020767655,-1.5386337,-0.73718226,0.044701904,-0.5354324,0.12758225,-0.31863815,0.10719456,0.90294755
-0.12261688,0.22145452,0.3579171,-0.52157336,-0.18272999,-1.5386337,-0.45642146,-0.25418028,-1.0274814,-0.056695588,-0.58547425,0.0067459457,0.9487759
0.23572123,3.3067124,-2.0478594,-0.6810461,0.67986846,-0.81397694,-1.6179451,0.20042232,1.1475092,0.43955046,0.52420473,0.9129884,0.3515557
-0.39487177,-0.055119302,-0.5135337,-0.75119627,-0.58085173,-1.3325295,-0.5336029,-0.24335232,-0.0044826763,-0.72517204,-0.729564,0.24832633,1.0
0.027040375,-0.4012927,-0.5079593,-0.19233152,-0.33211637,-0.6193077,-0.8108969,-0.10176623,0.53693706,-0.28426808,0.0935703,0.06380542,0.5563752
0.6697899,-0.7056475,0.41035104,-0.81343144,-0.9198704,-0.24145779,-0.48633263,-0.48192325,0.037025824,-0.66175663,-0.29528004,0.310453,0.7621304
-0.23691817,1.0354294,0.30919236,0.54330957,0.15505102,-0.5359948,0.06526671,0.5977833,-0.7745597,0.6912009,0.055657186,0.0,0.570447
-0.021002805,-0.37029985,0.7984176,1.9253751,-0.15666983,1.8846109,0.9889109,1.1101042,-1.0618823,-0.8280145,-1.7593788,0.11080723,1.0
-1.2705266,-0.5815679,-1.2226889,-0.8877177,-0.11689727,1.4616752,1.5890658,-0.2806235,1.5909383,0.19543733,-1.7593788,0.0,1.0
1.0298697,-0.7543469,0.69191587,-0.06833765,0.11265741,-0.834209,0.42231038,1.1207486,0.7041018,-0.66045374,-0.48697817,0.054414112,0.52488416
-0.17405976,1.1469675,-1.0035899,-0.7399943,-0.027012605,-1.3186734,0.08721699,-0.07691643,-0.21743712,-1.1781044,-1.6840239,0.0,0.39657125
-1.8776025,1.1226588,-0.66245145,0.41326302,0.7242564,-0.33921587,1.2820094,-0.0094672665,0.61378586,0.57114315,-0.4402334,0.0,0.9625124
0.18873416,-0.5924111,0.45423818,-0.9527681,-0.46173638,-0.76146746,-0.62245435,-0.9722168,-0.5507435,-0.60779417,0.092371814,0.255068,0.89511645
0.7903687,4.7222033,-2.1915398,-0.97236925,0.039528463,-1.5386337,-1.8718446,0.24011818,1.6749974,-0.816954,0.74793375,1.0,0.13283437
1.1061884,-0.34739956,1.7573472,0.13526694,-0.93371063,-0.88617337,-1.1510129,-0.80909806,-1.0171651,0.27015978,0.6189236,0.78102213,0.40155712
1.7536014,0.73793894,1.2515123,-0.7618497,1.1442467,-0.11950878,-0.91345215,1.0333184,0.32449383,1.8161669,0.23710622,0.4056668,0.67507815
0.3848487,-0.012751654,-0.05122693,-0.4054474,-0.13736092,-0.6660593,-0.4515357,0.029188056,0.6783338,0.12966712,0.12396681,0.3091569,0.49705142
0.72447443,2.289467,-0.99266005,-0.5261629,1.0899403,-0.44061154,-0.26511282,0.33337516,-0.07421154,0.6621947,-0.41837406,0.34166175,0.92172116
0.71623266,1.8179294,-2.1915398,-0.97236925,0.40791792,-1.0119255,-0.6655464,0.11112866,0.0024976542,-0.86781013,-1.0741702,0.60784125,0.39275783
0.73353994,-0.25261873,0.74586385,0.10893288,-0.7093984,-0.83086175,-0.20598732,-0.33588812,-1.046329,0.24933057,0.52775776,0.0,0.9761645
-0.42951608,0.518395,1.3448979,1.2667578,-0.6951116,0.032352738,-0.13773684,0.05771654,-0.7517106,-1.6747506,-0.056351647,0.0,0.73963827
-0.55018073,-0.6844486,0.75261474,0.0072856937,-0.6384079,-1.4556913,-1.1466821,-1.5922731,-1.0576702,-1.6747506,1.496838,0.13842039,1.0
-1.1918168,0.30896053,-1.4547061,0.29103068,-0.20096919,-0.9623236,0.14687715,-0.24614769,0.44078353,-0.069077365,-0.057599537,0.01661658,0.69561845
-0.2145372,1.2605586,-0.59926313,-0.7449264,-0.06679835,0.7010741,1.4146427,0.46231157,0.099421345,-1.4814587,-1.582517,0.11309491,0.83579546
0.2368224,-0.93869174,-0.054491423,1.9249071,-0.2647998,2.5662377,0.056480963,1.4855864,-0.9152837,-0.7967167,-1.201921,0.30967307,0.94136035
0.5236369,4.7222033,-1.9412249,-0.74523157,1.9765425,-1.5386337,-1.8718446,0.48616576,2.7518206,0.8746285,1.8658206,1.0,0.0
0.68406487,1.6952119,-0.7928999,-0.16683128,-0.13666296,-0.99073756,-1.8718446,0.7395086,0.8367215,-0.048729353,-0.29889894,1.0,0.07871939
0.5165744,2.7505915,-1.7695609,0.6642217,0.5938506,-1.4036667,-0.9149177,0.31935427,0.96273625,-1.1039164,1.4695873,0.9343429,0.0
-0.31369942,0.30465114,-0.49591962,-0.96992636,-0.2652314,-0.7890182,-0.9082651,-0.8024919,-0.084975086,-1.148477,-0.41738623,0.0096014775,1.0
-1.2162837,-1.0442101,-1.8782796,1.2528582,-0.2600583,1.3131359,1.0222243,-0.07245104,-1.1942247,0.16940777,-1.0504268,0.0,1.0
-0.17433435,0.07021335,0.55177975,-0.10684532,-0.4169571,-1.4456013,-0.3226285,0.37631327,0.0024560152,0.52656525,-0.28635496,0.27098885,0.20617545
1.4547528,4.7222033,0.0038631298,-0.49609736,0.20798136,-1.2390748,-0.6190818,0.95716494,0.68893313,1.9354881,0.5085018,1.0,0.43481547
-0.4765087,2.0187397,-1.5927681,0.043994438,0.47486204,-1.3233398,-1.2333143,0.38181707,1.8252536,1.3184843,1.2991489,0.91701186,0.0
1.5534965,-1.0442101,-0.284724,-0.97236925,-0.6602732,-1.5386337,-1.0987928,-0.5823922,-1.7471105,-0.31172675,-0.34172857,0.0,1.0
-0.97016656,-0.39395222,-0.52045166,-0.59632516,-0.48621103,-1.002682,-0.66867554,-0.54831564,1.4097693,0.42902863,0.6054157,0.17683515,0.78148973
-1.4764397,-1.0442101,-1.0661997,0.44260114,0.9660258,0.31791002,1.380833,0.99202025,-0.09361323,0.22758652,-1.7593788,0.0,0.77873105
-0.75232923,-0.4300113,-1.4362559,1.9995003,0.38256586,0.037876256,0.8312505,0.2074661,-1.9888676,-0.6531783,-1.7593788,0.0011937832,1.0
2.6899772,4.7222033,-2.1915398,-0.64810604,5.1610117,-0.81383777,-1.8718446,1.7367737,2.7518206,1.4297954,0.872891,1.0,0.0
1.3157529,-1.0442101,-0.44804728,-0.11971075,1.3139777,0.8596673,0.67810845,0.9628698,1.2600286,1.6963692,-1.7593788,0.21781011,1.0
-0.6889063,0.526374,-0.54308254,0.59159344,0.726713,0.92423594,0.89753205,0.47503766,-0.21056359,1.023619,0.12327355,0.0,0.42378637
0.42849055,0.001532549,-0.052154317,0.32495645,0.9144828,-1.2800697,-1.0218037,0.54388434,0.5449793,1.3906355,-0.0031748638,0.5742148,0.41453502
0.05653306,0.26643094,-0.036699694,0.19623841,-0.25185272,-0.3798414,-0.14172044,-0.1572281,-0.9917934,-1.6010221,-0.3581745,0.0,1.0
0.19111276,1.9068586,-1.1457272,-0.39510137,1.3242679,-1.0360041,-0.7851856,0.49810618,0.51122427,0.6216667,0.19537085,0.6607787,0.33022115
-1.3958578,-0.8646135,-0.35738412,-0.44347486,0.6712144,1.0565438,0.8658402,0.33668697,1.504039,1.4767818,-0.78320795,0.51445925,0.58607775
-1.7969395,0.7500312,-1.9491079,0.68793976,-0.64256144,-1.5386337,-1.6411736,-1.135139,-1.1348089,0.98145014,1.8658206,0.0,1.0
-1.1750675,-0.19336557,0.43590298,0.4349647,-0.013108437,-0.76808333,0.49039167,-0.08949311,0.063175626,-0.083990745,-0.048988737,0.2797264,0.5138808
-0.9074394,0.22440337,-0.77415943,-0.06697673,-0.14847144,-1.485808,-0.3862784,-0.6697393,-0.14677794,-1.4376867,-0.13718475,0.0,1.0
1.8649794,3.5803516,-2.1915398,-0.10475257,1.1546495,-0.53909504,-1.8718446,0.31493944,-0.5454916,-0.563079,0.010242313,1.0,0.0037457906
-0.7360824,0.3731516,0.24770807,2.1267874,-0.93371063,2.8911178,1.0040183,1.2554579,-1.1846694,-0.68268204,-1.7593788,0.0,0.6352273
-1.5081921,0.18714094,1.3252931,-0.97236925,-0.052234717,-1.5386337,-1.3937523,-1.5922731,-0.19773144,-1.6747506,1.3944612,0.0,1.0
-1.0051951,0.538742,-0.83566,0.08791253,-0.7246856,-1.2704644,-0.8705707,-0.81762433,0.24403255,-0.8306713,1.0365748,0.1187738,0.87865335
-0.43033764,0.87508035,-0.5365476,-0.97236925,0.43086365,-1.0605313,0.5061494,0.06638691,1.2039592,-0.8650019,-1.3769581,0.0,1.0
-1.3117746,1.9218745,-0.45527306,0.7227,0.7241436,-1.5386337,-1.8718446,-0.39644527,1.8656329,0.631201,1.8658206,0.9908034,0.005939571
0.8606817,4.7222033,-2.1915398,-0.7936091,0.38308927,-1.5386337,-1.8718446,0.3532819,1.676298,-0.39320076,0.7467382,1.0,0.0
0.80826205,-0.0754955,1.7466261,-0.7560003,-0.93371063,-0.6401595,-0.74495226,-0.4882039,0.5275946,-0.53285354,0.47171664,0.11095321,0.66271776
-1.0947927,-0.50863457,-0.26755404,-0.28525534,-0.38978243,-1.0925364,0.34945282,-0.07926135,1.9530265,0.3555354,0.023540575,0.0,0.6987072
0.1865912,-0.19439797,-0.94977117,-0.8682793,-0.7137144,-1.4585941,-0.5207205,-0.5800964,-0.8270507,0.10942824,0.3544234,0.0,0.8660334
-0.20928505,-0.3568228,1.3546467,2.1267874,0.744585,1.0277303,0.9686757,0.9203319,-0.6594256,-0.42130178,-0.9158369,0.0,0.7832745
-0.31554106,-0.48484766,-0.88679653,-0.44973165,2.0216978,1.2902511,0.6643311,0.08102782,1.475405,2.2838242,-0.15769677,0.29616654,1.0
-0.5230037,-0.44330576,0.57873195,0.1791436,-0.16363606,-0.32497758,0.9352963,0.5308794,1.2025039,0.14942802,-0.7567322,0.1826563,0.9355109
-0.15901615,-0.41528824,-0.5492254,-0.39339322,0.16621087,-1.5386337,-0.22816284,-0.64418584,-2.183889,1.0342294,-0.7695429,0.0,0.90306824
-0.34506637,0.4694742,0.33727548,0.2543425,0.070671305,-1.3446331,-0.22819489,0.4750639,0.80036956,-0.038590744,0.5550882,0.3780624,0.6077583
-1.6736637,0.31948227,-1.3589681,0.43884122,-0.20450097,-1.5386337,-1.4295682,-0.7950521,0.0292707,-1.2379389,0.42024994,0.0,0.7396909
0.38151464,2.0927532,-0.115453035,-0.97236925,0.75457126,-0.116341434,-0.07066935,-0.12710248,1.0132415,-0.09927913,-0.32410896,0.5803029,0.33953276
1.1649953,0.19527653,0.5721171,-0.5579414,0.013126709,-0.9744918,-0.6970673,0.10739036,-0.4653274,0.805043,-0.24122103,0.25211698,0.5716599
-1.2614254,2.1111093,-1.5698655,-0.38776863,0.41630295,-1.2125357,-1.5401409,-0.07723656,1.8189261,0.64302206,0.7443423,1.0,0.0
-1.6479225,1.8560427,-2.1915398,0.5282727,0.4569375,0.23542766,1.1769079,-0.74975455,-0.043457653,-0.39633888,0.09767639,0.0,0.78711534
-1.2274321,0.17766143,-1.0071056,-0.31910175,0.022734623,-1.5386337,-0.27838138,-1.0953302,-1.2591568,-0.7405864,-0.1670243,0.0,1.0
-1.4368012,0.07044416,0.29232603,-0.97236925,-0.6699867,-0.09869507,0.46936586,-1.1883348,2.0749657,0.067672074,1.1285989,0.0,0.8085803
0.10725897,-0.113956794,0.41790172,2.1267874,-0.6618891,1.9159312,0.424622,1.1654187,-1.1407222,-0.009964317,-1.0713072,0.044234402,0.5613628
0.6990327,-0.61376995,0.1795838,-0.34590146,0.85477656,-1.5386337,0.3199258,0.5427687,-1.1682477,1.0527482,-0.98860514,0.0,0.32658243
-0.35587928,-0.0020049345,-1.8741829,-0.97236925,-0.046246015,-1.2902017,-0.50943565,-0.08987741,0.024251485,-0.36052525,-1.7593788,0.10626109,1.0
-1.1797122,0.8628188,-1.0866412,0.8910933,0.044213805,-0.2068453,-0.47632545,0.9185866,-0.4162832,-0.56362903,-0.7269253,0.0,0.6806864
0.8474497,2.2239811,0.2117248,-0.82934165,-0.93371063,-0.668585,-0.9471911,-0.53488433,-1.4171311,-0.22042197,0.0056906473,0.0,0.90596586
-1.2043015,-0.520203,-2.1915398,-0.70683897,0.034372304,1.5874621,0.31335744,-0.78656363,0.42888042,-1.0359173,-1.4841267,0.0,1.0
-0.26955166,1.0901223,-0.7315095,0.22386722,-0.5145845,-1.1049895,0.50038093,-0.054596756,-0.85619736,-0.682269,-1.1508605,0.0,1.0
0.19284631,0.45862395,-1.5198561,-0.97236925,0.2232631,-0.42054027,-0.70176387,-0.63578576,-1.0018908,-0.98163575,-0.7377956,0.067996606,0.8420731
-1.8776025,0.7987429,0.03317628,0.71152145,0.67528754,-1.5386337,-1.5311941,-0.6493618,1.6141148,-0.41081798,1.1367431,0.4167558,0.47061533
-0.4804411,0.5155023,1.1855407,0.46430472,-0.76416636,0.15473096,0.51089025,0.038124032,-0.4108369,0.039497256,-0.12728454,0.0,0.88246346
-1.6227825,0.047979206,-1.0743971,-0.794605,0.4752222,-0.6254305,1.0753951,-0.33510903,-0.26533446,-0.56693757,-1.7593788,0.0,1.0
-0.20374128,1.3918825,-0.46549302,-0.25716668,-0.24376653,-0.93824786,-0.40060785,-0.1949068,0.9573508,0.72101456,0.97380733,0.18584794,0.2237112
-0.25620666,-0.11459656,0.5560905,-0.26827726,-0.36178508,-0.97618717,0.13297176,-0.71082366,-0.50227123,-0.8628606,-0.459067,0.0,0.82807153
0.46970224,-0.529285,-0.34074697,0.13826708,-0.41718224,-0.4816082,-0.61442167,-0.27229765,-0.746078,-0.046339974,0.3334025,0.3486621,0.65510255
-1.0146536,0.017395085,0.056319945,0.21761754,-0.4409881,-1.1976748,-0.4417354,-0.637749,-0.23042154,-0.86481196,0.39249784,0.32211918,0.68280715
-0.39550495,-0.13282093,-0.5134363,-0.10309509,-0.073339745,-1.3778038,0.018415738,0.014029274,0.50165975,-0.71090287,-1.0827633,0.0,0.5068472
-0.035887167,-0.27218008,0.8362535,-0.7245518,-0.59366256,-0.80166566,-0.51913387,-0.70165193,0.9622375,-0.27420723,0.1386364,0.13012032,0.5103756
0.56980383,-0.032365225,0.54184985,-0.3171171,-0.42282778,-0.66204506,0.20225556,-0.2567551,-0.6791064,-0.39333367,-0.17275557,0.08122392,0.7150708
1.4734992,0.6397523,-0.3561599,-0.32336342,0.04283304,-0.5413007,-0.9110774,0.081826374,-0.5902583,-0.2100575,0.4528314,0.49029067,0.3517031
0.897427,-0.29680637,0.59097725,1.2071662,1.6505867,1.2032839,0.7562088,1.5777013,0.15068702,0.77101004,-0.8190292,0.0,1.0
-0.08046128,-0.05404481,0.62156546,-0.19003665,-0.16491398,-1.5386337,-0.598991,0.09984398,-0.07427171,-0.463687,-0.033576306,0.032037314,0.93271387
-0.14432524,-0.61211747,0.6934103,-0.33165956,-0.75307614,0.7793484,0.6951251,-0.29079613,0.9186571,0.43471783,-0.47070932,0.0981164,0.9673245
-0.34247905,0.95161396,-0.87768793,-0.2072947,-0.33470285,-0.7676404,-0.62016845,-0.114454895,0.6153774,1.0384024,1.0725106,0.31701818,0.547081
0.39787218,1.6233803,-1.2086436,-0.22639708,-0.0352915,-0.8644737,-1.1661817,0.59705645,1.2105886,-0.20667326,0.08218627,1.0,0.21762249
0.9343443,3.9186301,0.28687412,-0.053003117,1.0175565,-1.5386337,-1.5066457,1.627612,1.944378,0.5043434,-0.2700886,1.0,0.0
-0.7619622,0.90079147,-0.7195138,1.0206614,0.25821683,0.46562988,1.6462431,0.42115363,-1.5284841,-1.2905596,-1.7593788,0.0,1.0
0.0426284,-0.52739954,1.3829229,0.5409016,0.5569948,-1.5386337,-0.8430887,-0.27944827,0.06512517,0.31793332,1.1684498,0.42144442,0.08393031
-0.3084024,-0.7043509,-1.6361681,-0.07582088,-0.43279046,-0.6881476,-0.32912943,0.24077216,-0.43010646,-0.12133913,-1.5163376,0.0,0.5643021
-1.0235866,0.28150022,0.28573558,0.013591197,0.3404794,-1.3418393,0.566884,-0.27773637,0.41754213,-0.8727581,0.2430077,0.0,0.07769799
1.2482642,3.8072035,-0.78592974,-0.32147986,0.27164444,-1.5386337,-1.4278253,1.5444107,1.0332294,0.8085298,0.588639,1.0,0.0
-0.53438085,3.822211,-1.2088425,-0.77267754,1.1372696,-1.4000751,-1.7830902,0.2859722,2.7510371,2.213778,1.4967132,1.0,0.0
-0.95733124,0.72411495,-1.5990182,0.110084616,0.0064960923,-0.12007404,0.53868717,-0.2508048,-0.54242945,-0.6773562,-0.5450468,0.56135213,0.8622406
1.0195532,0.24207741,0.94093,-0.6563066,1.1271248,-1.5386337,-0.5289167,0.581065,-1.4738253,0.68562317,-1.4606923,0.2526238,0.64400053
-0.3589161,1.3895665,-1.3983961,-0.799582,-0.0836557,-1.2734973,-0.38318065,-0.2669668,-0.3335115,-1.6747506,-1.0775347,0.0,0.994436
-0.5016057,2.5391605,-2.1915398,-0.24547048,-0.20356198,-1.4904319,0.111158326,0.08183551,-0.29764336,0.31245887,-0.12560377,0.13190834,0.59926885
-1.6218741,3.2552993,-0.0010157358,0.42011395,1.027939,-1.5386337,-1.8718446,-0.08253503,2.7518206,1.4190208,1.8658206,1.0,0.0
-0.59819686,0.65841824,-0.30619118,-0.6564317,-0.6441284,-0.5954804,0.15346505,-0.1335016,0.7326262,0.08683848,-0.120029725,0.16827549,0.48254827
-0.066366695,-0.26297596,1.3872592,2.1267874,-0.25064966,1.5431217,1.1723881,1.3351485,-0.19347109,-0.6437175,-1.7593788,0.0,0.8623532
-0.17659363,-1.0442101,-0.3444233,-0.6705494,-0.2922509,-1.5386337,0.20491163,0.028510666,1.3648973,1.1737331,-0.08748697,0.09354994,1.0
-0.926595,-0.2334002,-0.06058363,-0.19530286,0.03563625,-1.1183312,0.005983635,0.22852354,2.0509756,-0.3284101,-0.46293974,0.0,0.7786109
-1.8776025,2.990173,-1.7404412,-0.2346871,-0.7592247,-0.68552077,-0.70813495,-0.31231293,0.5034958,-0.5558061,-0.85540175,0.36963648,0.71331394
-1.4895338,-0.46288708,-0.1475364,-0.41390035,1.0371158,0.3244506,1.5156637,-0.19769815,0.81275576,0.6876722,-0.062590405,0.0,0.73215055
-0.4334762,0.5832025,-0.66401124,-0.17012665,0.3321018,-1.5386337,-0.6113555,0.09721011,0.17562012,-0.8816566,-0.55473846,0.12267555,0.92751604
0.24818203,-0.26451552,-0.106079295,0.97518593,-0.93371063,2.2777147,0.2149272,0.45484492,0.8341987,-0.061484456,-1.5847626,0.40447983,0.9517528
-0.31535557,-0.24230051,-0.37891138,-0.30991504,-0.57774204,-0.031327147,-0.46346408,-0.050970677,-0.40265453,0.13015324,-1.1304544,0.0,0.7150532
0.39690527,1.9915906,-0.45571065,-0.36519226,-0.19491282,-1.1705797,-0.6813101,0.5727564,0.75109655,0.31319916,0.08157211,0.34605864,0.48439968
2.7459774,4.7222033,-2.1915398,-0.97236925,4.4668107,-1.2427583,-1.8718446,1.7367737,1.4164593,2.0494115,-0.6069271,1.0,0.0
-1.5415183,-0.11553435,-1.0452135,-0.5339863,0.78173107,-1.0245686,-1.5034864,-0.57078475,2.0211718,1.8464339,1.4625732,0.7726521,0.02340062
0.41749364,0.23893826,-0.35862654,-0.5972859,0.02313783,-1.3959154,-0.49034634,0.005668115,-0.7876996,-0.8357309,-0.61992955,0.0,0.83771485
-0.3081849,1.9271884,-1.7266451,-0.44253087,-0.59154207,-1.5220481,0.35628015,-0.09793857,0.10232226,-0.8248577,-0.9430587,0.0,1.0
1.3598486,-0.67937535,1.2994273,-0.10876877,-0.0036288928,-0.64207387,-0.74735045,-0.018668208,-1.0879924,-0.4082855,-1.120884,0.10858327,0.6806013
1.1235328,3.6314545,-2.1915398,-0.94813466,2.0747414,-1.0786363,-1.8718446,1.7367737,2.7518206,1.8741463,-0.39972806,1.0,0.0
-0.47582135,-0.48985815,-0.22489785,0.10441896,-0.6472953,0.15109272,-0.01799366,-0.41642404,-0.76605654,0.20596938,0.14847632,0.014515177,0.88244337
-0.21812457,0.33871302,-1.2199031,-0.97236925,-0.36200055,1.2144052,0.61363673,-0.58602095,0.4493601,-1.1288967,-1.6297382,0.0,1.0
0.064113334,1.0952582,1.5533968,-0.68757385,-0.3165047,-0.6121554,-0.37823308,-0.2033674,0.56496245,0.69463986,1.2847644,0.109794065,0.44088215
-1.8776025,0.038671494,-0.4330858,-0.71900487,-0.1400291,-0.80250937,0.13726993,-1.5922731,1.0546924,-0.5319802,1.1173773,0.0,0.68318456
-1.582528,0.64733326,-2.153927,-0.3069162,-0.4254764,-0.8426145,-1.4010986,-0.3191181,0.5246695,0.19410457,-0.02653895,0.2120496,0.3355182
-1.3543947,1.8475028,0.40957993,1.4121692,-0.2725944,0.98815215,2.1603296,0.9795219,-0.5219152,0.24982902,-1.2308902,0.0,1.0
-1.8776025,-1.0442101,-1.514674,1.8108948,0.266596,3.2004952,2.317571,0.90863365,0.7541349,0.40668285,-1.7593788,0.05694401,1.0
-0.16800545,-0.4519,0.774437,-0.7375656,-0.5732712,-0.71709096,-0.46912277,-0.9951101,-0.7650365,-0.40580004,-0.69811136,0.31016788,1.0
0.4411949,0.38430414,0.10666745,0.30143258,1.9993978,0.16844867,0.10345583,1.2617469,-0.648063,1.0791862,-0.4903832,0.4019543,0.22901265
-1.8776025,0.56108415,-0.9915656,-0.21945323,0.120318964,1.087187,1.072156,-0.5463378,1.055468,-0.7737522,-1.0676811,0.0,0.66751486
-0.64515346,-0.040520854,1.4009414,0.8772042,-0.30733186,1.0147805,1.5077441,0.15992679,1.1691275,-0.08369008,-0.5886128,0.0,0.78281116
-0.5584012,0.14731002,-0.06404348,-0.33185324,0.018050414,-1.1711788,-0.57688004,-1.1664017,-1.2589104,-1.064816,0.6405238,0.0,1.0
0.113421984,0.57493216,0.47304463,-0.7443529,-0.93371063,-0.67973095,0.03213404,-0.04154696,-1.3507084,0.28952676,-0.4662518,0.0,0.98991084
0.63454545,0.59330386,-0.19789608,-0.7897668,-0.93371063,-0.9288997,-1.0287462,-0.682457,-0.21862514,-1.1253445,0.90084136,0.2507638,0.5940999
0.6687365,1.4773551,0.43751666,-0.03956777,-0.39967933,-1.5386337,-1.1955479,0.3731147,1.6906368,-0.24938251,1.1799798,0.79293346,0.21697694
-1.3142711,0.99412394,-0.12262913,-0.23763019,0.56262994,-0.9520644,-0.6048471,0.2206275,2.454216,2.192315,1.7125664,0.8723614,0.3274473
0.37900865,-0.030490428,-0.6368216,-0.049417358,-0.5013809,-1.1610434,-0.653968,0.17025204,-0.3934104,-0.6201093,-0.79217994,0.0,0.8699373
-0.88831735,0.5516,-1.747696,-0.70851076,-0.48518413,-0.9115699,-0.43223196,-1.1446083,-0.37702242,0.100612916,-0.8531799,0.0,0.8079217
0.81824434,4.7222033,-2.1915398,-0.678403,0.35564816,-1.5386337,-1.8718446,0.36619484,2.0358255,-1.5437747,0.110414565,1.0,0.0
1.6671028,-0.4694725,0.6820258,-0.43798622,-0.54364127,-0.8303557,-0.8930983,-0.01808114,-1.2756366,-0.6361708,-0.34546196,0.109739356,1.0
-1.2788247,0.0107908305,0.3399763,-0.023529861,-0.29795587,-1.4557912,-0.8795911,-1.176176,-0.8739862,-0.53274506,0.52885413,0.0,1.0
0.89883167,0.3137831,2.7072392,-0.1569231,-0.28327456,-1.0151868,0.119393766,-0.17796808,0.018755596,0.39158243,-0.17988616,0.27598104,1.0
-0.116127595,2.254007,-1.128722,0.28922063,0.5266209,-1.0882983,-1.3364283,0.5619181,0.63857704,0.22291364,1.1159534,0.60236555,0.39554688
0.5023713,-0.15201609,-0.7158842,-0.025479577,0.21921149,-1.0637664,-0.9498685,-0.2568881,-0.40894908,-0.5670795,0.49735975,0.20745613,0.48892093
-1.2000139,0.31455123,-1.6584991,-0.97236925,-0.16703537,0.015588835,0.74371845,-0.5266073,1.6379269,-0.7187129,-0.94476783,0.0,1.0
-1.6086634,1.8090852,-2.1915398,1.3901707,0.7913851,-1.079227,-1.8718446,0.9668371,2.7518206,0.85651356,1.2014148,0.84242254,0.0
-0.6216351,-1.0442101,-0.014772394,-0.006386281,0.07325132,0.18856077,-0.44426498,0.35937083,1.4577454,1.3160126,-0.54105425,0.31542987,0.65157235
0.5312808,-0.444072,1.7370976,-0.29563478,0.26556924,-1.5386337,-1.4802204,0.3582816,0.8380759,-0.3203771,0.35186273,0.18173257,0.34812135
1.9393888,-0.09948239,0.7136386,-0.6952865,-0.93371063,0.6150754,-1.1222062,-1.4927619,-2.183889,-1.4512935,0.5030915,0.0,1.0
0.4769321,0.91344845,-0.8600099,-0.97236925,-0.16350777,-0.7897159,0.3640333,-0.4191885,-1.153627,0.032400172,-0.30207253,0.0,0.8126038
-0.4196778,-0.6825105,-1.9730289,0.06829747,-0.8809705,-0.36606103,-1.1102202,-0.8955026,-1.1404835,-0.36219114,0.3132097,0.0,0.684286
0.4009496,-0.1878816,0.29178572,-0.67200905,-0.24620162,-0.7643914,-0.20300102,-0.35559914,-0.35247365,-0.76382565,-0.62005275,0.22636129,0.71418905
0.28053173,-1.0208349,-0.21629584,-0.66682994,-0.23928793,-1.246843,-0.54680836,-0.50044954,-1.0861123,-0.2134206,-0.2864285,0.11751604,0.6891785
0.30234385,-0.09263119,-0.33288553,-0.97236925,-0.5374052,-1.0173879,-1.0966544,-0.9849687,-1.0833453,-1.1903583,-0.83509725,0.0,1.0
-0.9759784,0.0542755,-0.5541327,-0.80890423,0.16382053,-0.94802296,0.45245424,-0.38766485,2.0727618,0.26419097,-0.027109321,0.0,0.9941454
-1.6724002,4.7222033,-2.1915398,-0.24519761,-0.1796294,-1.1892254,-1.8192272,-0.25374636,1.0393262,-0.07971917,0.5751456,0.5234318,0.33020875
1.0238056,0.027701475,-0.19484678,-0.1031277,-0.44087064,0.20401688,0.96768665,0.8945934,0.882582,-0.44305617,-1.7593788,0.0,0.73097634
-1.8648567,-0.67806417,0.18898495,-0.23615663,-0.25322035,-1.5386337,-0.5400303,-1.5095701,0.3323702,-0.3662554,1.8658206,0.0,1.0
-0.8098891,-0.2507122,-1.4202214,-0.43732774,-0.4750262,-0.7196574,-1.0962371,-0.08398144,1.195779,0.13840164,-0.21306886,0.0,0.8324829
0.19855301,0.5867041,0.079801746,-0.97236925,-0.17553979,-1.0822505,-0.5228818,-0.547226,-0.9971566,-0.79165775,-0.8427207,0.0,1.0
-0.58330715,-0.30587712,-0.5409035,-0.8415393,-0.2725365,-0.7660367,-0.6889751,-0.46256432,1.2166274,-0.052847587,-0.45737356,0.0,0.76967436
1.2211409,3.7561638,-1.8910674,-0.97236925,0.45123366,-1.1096014,-1.4449553,0.524775,1.0858626,0.6444151,0.39311016,0.7827603,0.26793158
-0.118118644,0.019921506,-0.32154018,0.12323764,0.9479858,-0.838778,-1.8718446,-0.14117298,1.4580152,1.0331383,1.1330472,0.82773316,0.0
-0.099749126,2.0195131,-2.0758135,-0.7477765,0.0774121,-1.5337625,-1.3057396,0.15434855,1.1119878,-0.56729037,-0.43075204,0.6769836,0.50700676
0.58482456,-0.709235,0.6833867,1.4149888,0.21761054,0.48656577,0.6628306,1.0493234,-1.1514579,0.034271605,-1.3433022,0.0,1.0
0.25095895,-0.02636952,-2.0293338,-0.5875751,-0.8457181,-1.0986779,-1.2323333,-0.1584406,-1.5933931,-1.0781013,-1.2317194,0.14092731,0.8541725
0.43433422,3.0176415,-2.1915398,0.4000251,0.74337035,-0.39431,-1.8718446,1.0607717,0.6439291,-0.7344507,0.03497265,1.0,0.0
-0.521132,-0.26733342,0.031522594,0.05176478,-0.109388724,-0.0049245656,0.44514117,0.2925415,0.47802037,-0.5918721,-0.7541317,0.0,0.6540342
-0.03685388,0.22591117,-0.24616595,-0.6048663,-0.26813242,-0.8415088,-0.6324859,-0.19485459,-0.037743945,-0.9502182,-0.37248868,0.027284432,0.97973347
0.7227616,0.6321989,-1.7754829,-0.58400077,0.29547894,-0.775972,-1.393565,0.7272175,-0.15750235,-0.1727248,-1.1608845,0.7914118,0.42848054
-0.9631004,-0.29546523,0.39693782,-0.33805543,-0.38047263,0.5377783,0.31070417,-0.7463547,1.4230291,0.5536268,0.58574283,0.0,0.82581365
-0.8810131,0.66340417,-1.4286563,0.14842893,1.0970645,-0.7144553,0.85972756,0.38586035,0.16538817,1.3661326,-0.3047846,0.0,0.9059562
-1.8776025,1.4825534,0.27400976,2.0747504,1.6013296,5.277437,2.317571,0.25917575,0.92709875,-0.3659674,-0.5231986,0.0,0.91412437
-1.6921813,-0.92931587,-0.1848968,1.3328497,-0.068958625,2.9821646,2.317571,1.4788462,1.5213822,-0.40069187,-1.7593788,0.0,1.0
-0.6059643,-0.6348064,-0.9966027,-0.5162205,0.55099446,-0.65044004,0.19937433,0.0023841318,1.2574837,0.752588,0.43971092,0.10711343,0.58068484
-0.18175016,1.5438765,-0.85937303,-0.29476422,1.0222843,-0.13547942,-0.11333289,-0.2553669,-0.68429285,0.06741911,-0.18103614,0.15856156,0.962655
-0.56220084,2.4138227,-2.1823022,0.24131776,0.39414656,-0.9106419,-1.7208768,0.16754542,1.6340754,-0.37558323,0.7169489,0.8718485,0.0
-0.4731605,4.062194,-0.64164925,-0.848114,2.5013897,-1.0362979,-0.9102279,0.19243868,1.3063527,1.9310219,1.2737495,0.72571164,0.3006437
-0.36956233,0.35876578,0.42909202,0.31427792,0.30238047,-1.1374874,0.037233174,0.9480222,0.120259926,-0.28829247,-1.405252,0.0,1.0
1.789278,4.7222033,-2.1915398,-0.6351923,1.9342386,-1.5386337,-1.8718446,1.6064961,0.85810125,0.16312453,-0.24208036,1.0,0.0
0.18751192,-0.5893125,0.18102308,-0.6328767,-0.040469274,-0.76627165,-0.48208192,-0.1488582,0.14709105,-0.60748553,-0.5907936,0.0,1.0
-0.2595054,-0.08450712,-0.49899983,-0.15346353,0.98085886,-0.67593145,-0.29036456,0.41115704,0.11000836,0.91357666,0.0069058966,0.0,0.60354656
-0.0009820964,1.5366596,-2.1915398,-0.079476796,-0.47001597,-0.8268168,-1.3237087,0.31549603,0.97320294,-0.49864548,0.58296746,0.38186458,0.5164995
0.18138428,-0.19344047,-0.37487218,0.004543664,0.57617444,-0.37690306,-0.093780525,-0.2665209,-1.4560752,-1.1230546,-1.0872561,0.0,1.0
-0.80685085,1.8470849,-2.0863204,-0.57636034,0.19152822,-1.0624663,-1.0934856,-0.44426975,0.7664779,-0.009758402,-0.29061735,0.20551497,0.4767655
-0.432296,0.78571683,-0.5249264,0.5166225,0.20457435,0.37633592,0.7737152,-0.063439146,-1.5699617,-0.22516604,-1.7593788,0.0,0.9211417
1.7778748,0.5253092,0.80487734,0.16106972,0.6035908,-0.3529718,-0.19916865,0.70275635,-0.5659438,0.16829297,0.114457354,0.0,0.737174
-0.35640088,0.28279293,0.8681608,0.98095024,-0.93371063,2.1464822,1.1615363,0.27596983,0.40323946,-1.049581,-1.472356,0.43909967,0.6170432
-0.2073014,0.5105246,-0.33333465,-0.9714315,-0.44140583,-1.044358,-0.07385394,-0.5325555,0.1556471,-1.1393435,-0.5404866,0.0,0.9413261
-0.98111767,0.28021115,-2.1809306,0.8065052,-0.18262418,-1.0694641,-1.306462,-0.71071947,-1.4976518,-0.27460557,0.5677169,0.0,0.9353299
-0.25143236,-0.40702555,-1.3533455,-0.97236925,0.31590253,-0.89473677,0.47338244,-0.48217937,-0.3511483,-1.0863488,-1.7593788,0.0,1.0
-1.8776025,-1.0442101,-1.7462903,2.1267874,0.919359,3.324233,2.317571,1.2907066,-0.51983047,0.9285249,-1.7593788,0.0,1.0
-0.6995839,4.7222033,-2.1915398,0.67981374,1.1411119,-1.5386337,-1.8718446,0.9109597,2.7518206,-0.44230282,0.60639143,1.0,0.0
-0.41733852,-0.7070875,-1.301723,-0.97236925,-0.010548281,-1.2596209,-0.46755624,-0.24335784,-0.1785277,-0.6232198,-0.9299722,0.023384925,1.0
-0.86366093,0.20269936,-1.0894305,0.07163067,-0.003360482,0.20666903,0.7354993,0.007905548,-0.78344333,0.041706532,-1.6461573,0.0,1.0
-0.7443682,0.82986206,1.1249403,1.513031,-0.021453528,-0.0894061,1.3266988,0.52357906,-0.6984272,-1.658533,-1.0409364,0.0,1.0
0.27189168,0.3212341,-1.1500434,-0.28414991,-0.8197581,-0.8083369,-0.4387953,-0.5065553,-0.640188,-0.5280863,0.6792254,0.25232565,1.0
-0.3665438,0.99785477,1.5297546,0.8871241,-0.7039995,1.9861827,0.40836477,0.11153385,-0.22402757,-0.13039643,0.18439578,0.0,0.49312106
1.7059864,2.39085,-0.2194066,-0.2201276,0.5836911,-0.93364376,-0.29447666,1.2169627,-1.4862818,-0.16879706,-0.9312885,0.0,0.5129227
-0.59227353,2.3678594,-2.0024803,0.22762361,-0.37755394,-0.4092998,-0.70363474,-0.3012703,0.37638628,-0.35592842,1.5379517,0.21469267,0.20152543
-1.6283481,0.85238075,0.19147952,-0.17254905,-0.1256538,0.9470398,1.9306328,-0.2247707,1.1433253,-0.44200635,-0.37773073,0.0,0.9592055
0.5468776,0.7071019,-0.9030437,0.46913844,0.38524038,0.61376035,0.9706027,0.39177886,-1.5284029,-1.4024171,-1.0762261,0.4273609,1.0
-0.9698417,0.35109377,-0.82898694,-0.49874112,0.024117284,-1.2684847,0.09745938,-0.69592345,-1.1872846,-0.63196594,-0.81252253,0.0,1.0
-0.84282744,0.55855536,0.38464543,-0.14700429,0.39637706,-1.0626787,-0.40742174,0.40903154,1.7919474,0.48374492,0.15910217,0.571387,0.6878886
-1.3370106,0.3233931,0.4885328,1.0842115,-0.11401926,0.4639246,1.4591705,0.48204735,0.27307567,-1.6747506,-0.5076556,0.0,0.8209192
-1.8776025,-0.5075418,-0.4261836,-0.74413395,0.27620932,2.4373386,1.8848362,-0.869438,2.7518206,-0.26444846,-0.6952986,0.31668788,1.0
1.6736382,3.9453797,-1.1974213,-0.97236925,1.8121064,-1.0127125,-1.8718446,1.7367737,0.5535745,0.6394152,-1.7593788,1.0,0.0
-0.92641675,-0.13628107,0.033912696,0.13304706,-0.3911873,-1.3827145,-0.5777471,-1.032883,0.06167106,-0.8197171,0.81580067,0.017475737,0.81769544
0.2357752,-0.59282446,0.37030685,-0.4522752,-0.42718923,-0.65781784,-0.77751213,-1.055314,-0.8114432,-0.547472,0.6413124,0.0,0.77483606
1.607828,3.1235456,-1.6005135,-0.3008899,1.642087,-1.1784161,-1.8718446,1.0271207,0.36586893,0.33574998,-0.64772224,1.0,0.0
1.5939269,1.4918921,-1.0552564,-0.36795995,0.9442318,-1.4502916,-0.8420422,0.8951733,0.25698012,1.8077193,-0.4216889,0.6040592,0.5802401
0.04778354,-0.65167147,-0.9981781,1.5512081,-0.15673956,-0.98554975,0.33427036,0.6243222,-1.2088491,-0.4047557,-1.3332994,0.027117567,0.9704842
-0.94594276,-0.46870667,0.68093246,2.1267874,-0.52944905,4.335668,2.0299826,1.7367737,0.061574083,-0.70670944,-1.7593788,0.089961566,1.0
-0.20733371,0.26755035,-0.95786524,-0.4120904,0.17015456,-0.8382484,-0.34738982,0.07760547,0.5461678,-0.14355949,-0.7186623,0.08053973,0.53808725
0.68687534,1.8978429,0.8620326,0.06906045,0.8960593,1.0804598,-0.27653736,-0.14497976,-0.37041602,2.1615648,1.4906509,0.07797616,0.5404987
0.24754465,-0.17892717,-0.85784554,-0.76177675,0.17056291,-0.63796264,-0.44681972,-0.5099575,0.2112003,-0.75612587,0.19831918,0.05227414,0.86490405
0.29164675,-0.13389881,0.9284774,0.8332465,0.66684145,-0.28101283,0.7280711,0.5284861,-1.2435653,0.24780479,-1.1620035,0.0,1.0
-0.3317544,0.2607547,0.32012615,1.2223654,-0.022728737,1.0062864,1.4904844,0.95078087,-0.44621074,-0.80792844,-1.7593788,0.08651973,0.87243265
-1.2291424,-0.94090956,-1.375592,-0.86610734,0.21357016,0.07948355,1.0503478,-0.68880194,0.61799264,0.70473015,-0.8748752,0.0,1.0
0.27952448,-0.63024664,0.08176379,0.008918314,0.8118816,1.366922,0.8782953,1.2725006,0.005727455,-0.16027506,-1.7593788,0.011856591,1.0
0.8077659,-0.63062984,0.44263572,0.3262548,0.1853449,0.2882703,-0.48110396,-0.086822644,-0.7948259,-0.7459003,-0.026154924,0.22145413,0.88650346
-0.10606969,0.6359105,-0.26488265,1.893743,0.5759282,-1.4230698,0.3924573,1.0432657,-1.0188527,0.2311618,-0.85497373,0.0,1.0
-0.5833774,0.24687864,-0.72544825,-0.16599268,0.11517212,-0.81229365,0.17080624,0.18493605,-0.35634592,-0.99462163,-1.0488625,0.0,0.8291243
0.93247014,-0.59909207,1.1798198,-0.20099322,-0.7087189,-0.58054334,-0.93862253,-0.32183322,-0.76540554,-0.42120528,-0.18915445,0.0,0.79581237
0.09949642,1.4037669,-0.56477684,-0.31299707,1.2159547,-1.180816,-1.123153,-0.06710161,2.7518206,1.4408703,1.8658206,0.9580114,0.0
0.22604299,-0.3049963,1.1010246,0.434327,-0.93371063,0.2095108,-0.10759677,0.42312726,0.90258306,-0.3850476,-0.47208077,0.059121355,0.15397196
-0.46383786,-0.65366364,0.74840784,-0.39954832,-0.6532543,-1.5270598,-0.70294267,-1.1569039,0.27740377,-0.28725654,0.8513661,0.36337623,0.6000023
-0.995687,0.09908646,-0.7777111,-0.6665781,-0.7816888,0.029983401,-0.4528146,-0.9404776,-0.50357366,0.2899285,0.69466066,0.0,0.82935303
-0.034903616,-0.8460523,0.44030723,-0.33283326,-0.14148991,-1.1304979,-0.16708988,0.2541095,0.43073922,0.2597562,-0.66603565,0.048067298,0.5075834
0.25051993,0.10662621,0.82850677,-0.72845024,-0.5701402,-0.68774354,0.075363465,-0.2055843,0.5679012,-0.9517163,-0.25706893,0.006211281,0.62330806
-0.76603925,-0.5715058,0.2609623,-0.3633695,1.423345,1.8378836,1.31832,0.33156055,1.0754391,1.4268414,-1.3497221,0.0,0.90793955
1.1016933,2.1932364,0.5912558,-0.8951099,0.63951904,-0.5247504,0.17133807,0.5859608,-1.3506006,0.6278238,-1.3901298,0.15158953,0.63360095
-1.2718302,-0.2860247,-1.3866484,-0.31882033,0.65102154,1.1156192,0.8835197,-0.3566456,1.6794974,-0.1944304,0.16785802,0.3994943,0.5915624
-0.95078075,-0.17023434,0.04101778,-0.5159167,-0.7795563,0.65690476,0.56593275,-0.5262539,0.2243147,0.2405742,-0.8992829,0.011473011,1.0
-0.88804317,0.38342586,-2.0574272,-0.97236925,-0.3917421,-0.99252117,-1.0040576,-0.5679132,0.30727422,-0.79575026,-1.3321505,0.0,1.0
-0.26103094,-0.2299298,0.20003715,-0.942018,-0.7670629,0.5226624,0.05028147,-0.36798406,1.1271526,-0.23416041,0.16938923,0.14137173,0.852599
0.23213144,-0.6374388,0.16249149,-0.32912892,-0.59483165,-0.63285303,-0.9247178,-0.3877318,0.24550065,0.25793523,0.65277946,0.4422335,0.29564235
-0.1547841,-1.0442101,-0.25014657,-0.17146993,-0.40147904,-0.89595586,-0.19545506,-0.20661937,0.90811133,0.43312794,0.78763187,0.3401444,0.74751735
-0.5364225,0.08259393,0.22764845,-0.029913094,-0.25422105,-0.64089465,0.11326903,-0.019832164,-0.17478156,-0.48978478,-0.15989932,0.10522458,0.6127711
0.25290063,4.3718996,-0.85216135,-0.69489425,0.337623,-1.2826823,0.10909631,0.018461244,-0.2714077,-0.67495227,1.26353,0.37815404,0.6920835
-0.25280538,0.3410999,-0.12072147,0.8241964,-0.36196548,0.3195622,0.9716165,0.41566667,-1.1763085,0.10681934,-0.7902859,0.11376986,0.4784703
1.0295982,-0.5321358,-0.7571296,-0.97236925,-0.7350369,1.2369715,-0.0072143264,-0.09919608,-0.10723033,0.7803479,-0.10170684,0.044238754,0.8617881
1.0082577,0.5985079,2.3493853,-0.14016303,0.7033304,-1.1981039,0.20200329,0.8734131,0.102396615,0.010059362,-0.05756082,0.19029656,0.82994896
1.4048275,-0.5977366,1.4455154,0.97156024,0.15621819,-1.1675982,0.7390691,1.647586,-1.1314276,0.1763223,-1.7593788,0.34877586,0.9755936
1.3555205,-0.8123566,0.6937008,-0.21040253,-0.93371063,-0.25540516,-1.2331821,-0.43450537,-1.9708878,0.39224166,0.6797627,0.14637727,0.619355
0.26743895,0.49205783,0.22491373,-0.73263043,-0.93371063,-0.8030168,-0.29680997,-0.4321837,0.19782294,-1.1835891,0.8391096,0.0495746,0.8669401
0.55680144,1.8943815,1.2484889,0.30691242,-0.38318637,-0.33383828,0.8722334,0.5246118,0.30342272,-0.3444324,-0.18465848,0.0,0.98684764
0.5691096,1.014538,-0.5192066,0.22349952,0.023925968,-1.1509206,-0.30659464,0.45417246,-0.45093063,0.2001983,-0.577297,0.27604747,0.4321717
1.1425842,2.0777617,-1.1150284,-0.46005273,-0.22117144,-1.486427,-0.898071,-0.049104545,0.022414897,-1.2643573,0.78504586,0.22385226,0.8958614
0.76980495,-1.0442101,-0.3991446,0.11401571,0.046811294,-1.1513405,-0.84543985,0.22534193,-2.0893044,-0.382362,-1.4472023,0.0,1.0
-0.9133907,-0.3149844,-0.64111274,0.17511737,0.0039355103,1.1592464,0.7722951,-0.33486965,-0.19723938,0.45281017,-0.54071546,0.0,0.5191739
0.13208412,1.1607823,2.2072628,-0.4152813,2.0966446,-0.12064596,0.93907905,0.002375016,2.0702257,2.2838242,1.5349172,0.14875816,0.12404147
-0.4307708,1.4259492,-2.1915398,-0.32445657,0.638695,-0.85543823,-1.3825134,0.39386216,0.6685278,-0.9546812,-0.862712,0.432237,0.03200133
0.6926597,1.6004759,-1.2669013,-0.64059496,0.46669057,0.30041862,-1.0030086,0.05814263,1.1189852,0.91054875,0.25078452,1.0,0.032146387
-0.49626514,-0.39494735,-1.3119746,-0.6068404,0.14370531,-0.7954831,-0.797381,-0.17218356,0.32808632,-0.40659362,-0.9431214,0.0,0.88927656
0.21441643,1.5780784,-2.1915398,-0.97236925,-0.2800967,-0.9890613,-0.7434452,0.12638524,-0.15469298,-0.8051648,-1.7593788,0.42013308,1.0
-0.2999131,-0.035398684,0.39059415,-0.3946992,-0.023700628,-0.8694452,0.11499885,-0.0962183,0.2690731,-0.45832103,-1.0234958,0.0,0.6650177
-0.4767658,1.9944994,-1.102469,-0.13313656,-0.49584213,-0.75853467,-0.4547144,0.0027330872,1.0593567,-0.40203887,-0.094307154,0.21585464,0.5036742
2.840823,4.7222033,-0.30741498,-0.31632066,3.4462247,-1.5386337,-1.8718446,1.7367737,2.7518206,2.17797,1.8658206,1.0,0.0
-0.44435164,0.5465337,-0.7342163,-0.5527465,-0.2419442,-0.8503508,-0.008984804,-0.23701,0.35511816,-0.60294765,-0.014336786,0.033756696,0.37216082
-1.6581749,0.63354355,0.4737229,0.48009178,0.5373966,-0.47688967,-0.7679213,-0.91465575,1.700582,1.6478522,1.8658206,0.6329679,0.65464354
0.092246264,-0.4954754,0.4127576,0.20047462,-0.62259334,-1.5386337,-1.0132105,-0.27646935,-0.37373683,0.50777614,1.1249659,0.14323077,0.5280122
1.4189109,3.1656628,-2.1915398,-0.97236925,1.515196,-0.8817234,-1.7971404,0.44940394,1.2249167,1.2288971,-0.30362064,1.0,0.0
0.85584813,-0.4212527,0.31011862,0.3594732,-0.58611727,-1.4488952,-0.74709886,0.33502635,-0.35085645,-1.0121905,-0.500164,0.0,0.7849986
-1.7566366,1.3476977,0.3159797,1.3477176,0.09840469,1.2579241,2.317571,0.41876432,1.46336,-0.25170726,-0.7697822,0.0,1.0
-1.2494473,0.92372406,-1.6957799,0.44303262,0.29279938,1.3462746,0.99138343,-0.40792388,-0.8722705,-1.0034957,-1.7593788,0.09358106,1.0
1.1083475,4.7222033,-1.0973344,-0.7629072,1.5938997,-1.522478,-1.8718446,1.6434066,2.7518206,1.4587158,1.8658206,1.0,0.0
1.8952978,0.499064,-0.56021535,-0.61739707,0.4464075,-1.263434,-0.29790533,0.48766664,-1.1432548,0.3954088,-0.8930213,0.13235264,0.7896821
-0.74002194,0.40001065,-1.7140093,-0.5824225,0.35642797,-1.4822586,0.16294122,-0.66689515,-1.7971846,-1.31237,-1.6664989,0.0,1.0
0.41708425,-0.032695174,-1.4729329,-0.8669959,-0.5713496,-1.2703239,-0.60919493,-0.08282392,-1.2188666,-0.81532365,-1.0479065,0.14192005,0.8724915
-0.09835664,-0.86356,-0.8404911,0.13269745,0.42686164,-1.1381526,-0.16534215,0.42930007,0.057586443,0.71405095,-1.0272852,0.09086301,0.91806996
-1.6421818,-0.25180128,-1.2156605,-0.17505461,-0.15932786,-0.7134236,1.0088202,-0.34328508,-0.5440394,-0.3653475,-1.7593788,0.0,1.0
0.19544204,0.26930946,0.75148356,0.17283605,3.4197843,2.1553824,1.1558974,0.8205814,0.8473351,2.2838242,-0.16031055,0.3885354,0.51993847
0.85447353,4.6563535,-1.4954879,-0.30565947,1.9974291,-1.2289402,-1.8718446,1.1299762,1.0153408,0.70926046,0.1649987,1.0,0.005605381
0.7917166,1.104839,-1.917349,-0.19075608,-0.26398256,-1.1377809,-1.3838081,0.33525145,0.9326418,-0.51141137,-0.11943641,0.5187048,0.50802356
-0.085299194,0.1602228,0.70575523,-0.97236925,-0.9239132,1.4707322,-0.24576718,-1.2898928,0.66058695,-1.2810045,0.14715,0.07874683,0.5587517
0.9538721,-0.8523902,0.4137283,-0.9318726,-0.6758819,-0.63757056,-0.6224589,-1.1969322,-1.3669723,-0.69414306,0.7977342,0.0,0.825893
-0.89613307,-0.30517507,-0.46998024,-0.19269098,0.06652939,0.26336902,1.0658591,-0.19485681,1.4429629,-0.19641027,-0.69073135,0.07428827,0.7573863
1.4018519,2.9494593,-0.49512595,-0.66517645,1.4087876,-1.0359857,-1.3869464,0.73064387,-0.08373352,1.3597627,1.2440143,0.38056386,0.46689457
-0.15887964,-0.9994355,-0.54936814,0.036724657,-0.90217435,-1.435943,-0.683695,-0.8892713,-1.0819668,-0.40965062,1.3499925,0.09736071,1.0
-0.8587878,0.46555877,0.39312688,-0.5146677,-0.06341156,-1.5386337,-0.48170695,-0.8524474,0.22639729,-1.5790968,0.061784834,0.0,0.8068312
0.1735241,0.12986842,0.52315724,-0.37432733,-0.31948468,-1.0574971,-0.4062571,-0.25654465,-0.06653052,-0.8097479,0.06702923,0.24016978,0.45798418
-1.4988118,0.8257725,-2.1915398,-0.121588,-0.17743054,-1.2811797,-1.7017381,-1.0947663,-0.5950694,-0.77855396,-0.28338772,0.0,0.8808496
0.26116905,3.2175279,-2.1915398,-0.58640176,1.2922179,-0.81606126,-1.8718446,0.8667649,1.8369327,-0.4494666,-0.15867135,1.0,0.0
-0.3744271,0.019586913,-0.467675,1.214533,-0.077371955,0.75673676,1.837793,0.68496335,0.680862,-0.36331838,-1.1517305,0.0,1.0
1.5762595,-0.54832655,-1.2578706,-0.97236925,0.91482526,-1.5386337,-1.5443686,1.1503903,2.0838988,0.23209159,-0.7825267,1.0,0.0
0.6324343,4.1271596,-2.1915398,-0.97236925,0.005183611,-1.3690016,-0.6597799,0.73114294,-0.18731453,-1.023455,-1.6670259,0.32819408,0.5294867
1.6422096,3.100323,0.377088,0.86407864,1.8819152,-0.94707674,0.05108201,1.7367737,-1.1920619,0.36629558,-0.7860433,0.5766224,0.9270033
1.6312342,0.4435379,-0.79298806,-0.3072018,1.0506526,-1.4748031,-0.51717424,0.974434,-0.51299715,0.102914385,-0.46638656,0.5380827,0.28377277
0.44787362,1.3160908,-0.3962809,-0.97236925,-0.7088185,-1.2658376,-0.6932201,-0.60268646,-1.9212639,-0.6267411,-0.11521672,0.1852854,1.0
-0.47835466,1.188445,-1.3417048,-0.33019784,-0.13768244,-1.5386337,0.18342435,0.021762028,0.574979,-0.011960445,-0.23422076,0.02374626,0.80611336
-0.11679353,-0.33275363,0.3322236,-0.13935472,-0.2595991,-0.5637997,-0.02231036,0.48455122,0.36827943,0.29213345,-1.5748221,0.19691557,0.8595979
-0.35124248,-0.21740638,-1.8399085,-0.97236925,-0.5756607,-0.7788246,-0.0023193182,-0.80774,-0.46433333,-1.1864041,-1.7593788,0.0,1.0
1.5069475,2.41851,-1.8075099,-0.97236925,1.744521,-1.5078504,-1.8718446,1.1125125,1.2026023,-0.08109525,-0.9414121,1.0,0.18711346
-0.24964283,0.707822,-1.4470075,1.347778,-0.31134072,-0.575945,-1.611805,0.85462296,1.825911,0.8752807,0.68878716,0.85334843,0.45961857
0.18130684,-0.14418292,0.58267236,-0.6013517,-0.93371063,-1.0421058,-0.7046375,-1.0890602,-0.74834037,-0.027742881,0.83412904,0.0,0.82861525
2.0970848,-0.6940852,0.75933856,0.19243586,3.1671185,-1.2981279,0.040150903,1.7367737,-0.39656582,2.2838242,-0.12406387,0.39925608,0.16310036
-0.05734635,0.70936173,2.8018205,0.09138044,-0.71872896,-1.4751068,-0.846993,-0.5041767,0.48538524,-0.7700712,0.72347146,0.0,1.0
-1.2974818,1.1963104,-1.6887116,-0.9085098,1.1687609,-1.4205545,-1.459162,-0.2719948,2.7518206,1.7923731,1.8658206,1.0,0.0
-0.3293101,0.6727891,0.055472896,-0.40425578,-0.42183626,-1.5386337,-0.51047176,-0.10109049,-0.517625,-0.27674407,-0.5386105,0.0,1.0
-0.7767528,2.105368,-2.1915398,-0.46477684,0.47870085,-1.4179198,-1.8158019,0.5532158,2.0030003,0.31834853,0.25094134,0.8691991,0.021139124
-0.08854383,-0.4211348,-1.6137656,-0.07178617,2.1209097,1.2143148,-0.3884893,0.3647392,1.9275185,1.761924,0.3444962,0.81872064,0.57948333
-1.8776025,0.078255296,-1.9158567,2.1267874,0.67652833,2.1848235,2.317571,0.5921594,-0.16627203,1.8711113,-0.6273515,0.0,1.0
-1.8776025,-1.0442101,-1.7644029,-0.744671,1.0485747,1.6160469,1.0800623,-0.63945657,2.0809436,0.5663359,-0.3345849,0.063555345,0.76859516
-1.0224711,0.60425746,-1.3370185,1.2509803,-0.082388714,0.47776288,1.7748489,0.45084772,-0.553965,-0.8329062,-1.7593788,0.4397583,1.0
-1.8776025,1.4000936,-2.1915398,-0.3633182,-0.117084056,1.1722822,1.9459668,-1.045848,0.124588385,-0.5891908,-0.81327313,0.0,1.0
0.511576,1.7838678,-2.0346818,-0.97236925,-0.24417876,-0.22500205,-0.78904337,-0.88240844,-0.97972465,-1.6747506,0.018015157,0.088804126,0.9572927
-0.31739336,1.4376686,-2.1915398,-0.37312663,-0.5900156,-1.0955775,-0.26448244,-0.9671284,-1.4008948,-0.5457078,0.40292025,0.0,1.0
1.0373423,-0.7212255,0.64833355,-0.59310436,-0.93371063,-0.6576758,-0.83277494,-0.5821481,0.19856574,0.103576675,0.6314349,0.15431419,0.7440111
-1.2106996,-0.66572374,-0.58017695,1.0147003,-0.35128963,1.52799,1.0891693,0.69757104,0.28520623,-0.33509606,-1.5848294,0.10198693,1.0
0.40672657,-0.089076996,0.15431055,0.34593743,1.0995076,-1.0975475,-0.52029234,0.5969311,0.05880765,1.2580533,-0.3592311,0.6427429,0.53787804
2.5695853,0.5371037,0.86908406,-0.6860378,2.0433617,-0.7387734,-0.58818394,1.3691431,-0.48551401,1.4465522,-0.81823456,0.60201705,0.5454764
0.5958286,-0.56953174,-0.043769367,-0.10598742,-0.7095423,-1.258488,-1.0309051,-0.60613155,-1.4803243,0.43993312,0.3418188,0.29853082,0.9463091
0.8656144,-0.5568463,0.2868417,-0.4849298,0.3328493,-0.88330513,-0.13087112,0.20760378,-0.780584,0.072368175,-1.0010808,0.022153925,0.8190103
-0.62689924,-0.32222962,0.6382908,-0.6802937,-0.93371063,0.62231606,-0.9261157,-1.5922731,-0.5668566,-0.34764588,1.6585066,0.53752774,0.22994569
-0.030221,-0.02493769,-0.33794057,-0.62564033,-0.41168383,0.08994441,0.18672872,-0.33923757,-0.71868074,-1.1160985,-0.13256606,0.17294633,0.8339771
-0.9705775,0.82638615,-0.095174655,-0.21872035,-0.78609496,-0.76289886,0.39624554,0.045148745,0.5636802,-0.46120936,0.058007963,0.0,0.81155604
-0.69256276,0.8042134,-1.6400012,-0.24626364,-0.20147608,-0.86201286,-1.8566148,-0.62851036,2.1780267,0.41452205,1.5693924,0.5359775,0.3395471
-0.4514692,0.7822621,0.8462881,1.8831389,-0.42437387,1.691791,1.6551386,1.4293349,-0.70702255,-1.0561779,-1.7593788,0.015384989,1.0
-0.73057187,0.05756462,-0.701601,-0.8165324,-0.9319748,0.6152138,-0.9783565,-0.96524626,1.1803998,0.19815521,0.8133089,0.0,0.3192821
1.1549397,1.2348495,-1.6994367,-0.339527,1.4491707,-1.1817073,-1.7445991,0.9030694,0.35004798,-0.6170231,-1.0473387,1.0,0.14062127
-0.59214723,-0.62798107,-1.2159607,-0.54698634,0.23623388,-1.0191569,0.2485129,-0.003321059,0.08966693,-0.121821955,-1.7529562,0.0,0.8154565
-1.0025076,-0.05494159,-1.0801119,0.50502414,-0.93371063,-1.0144068,-0.97558606,-0.71268255,-0.18108332,-0.72661376,1.1077776,0.0,0.79174864
1.2164685,-0.8633352,2.0633233,1.3958645,2.9721887,0.27920222,0.30398348,1.7367737,0.65011996,1.4229212,0.1811593,0.45714003,1.0
-1.8776025,1.126906,0.3804531,-0.8602033,-0.022671882,-1.5386337,-1.8718446,-1.5922731,-1.6195623,-1.6747506,1.0538628,0.0,1.0
0.17260344,1.6774708,-2.1387131,-0.8819556,-0.15503089,-0.73180026,-1.1943792,0.032868374,0.2374008,-0.7836512,-1.3087864,0.6672631,0.8602222
-1.3003197,1.5133793,0.5399574,2.1267874,0.4954323,1.8820714,2.317571,1.438066,-1.4308891,-0.7706907,-1.7593788,0.0,1.0
0.20302139,4.7222033,-2.1915398,-0.97236925,-0.04387717,-1.427918,-1.1000679,0.1711947,-0.29404625,-0.35021013,-0.9059455,0.9145543,0.6058953
-0.15165949,-0.8102216,-0.5073543,-0.568588,-0.2852558,-0.7308758,0.10365316,-0.29956612,-0.12930743,0.10747361,-0.58966005,0.0,1.0
-1.1023124,2.25127,-2.1915398,-0.3668754,-0.93371063,-0.69111496,-0.59765786,-1.0074894,0.7555483,-0.70566696,0.5565774,0.58720905,0.921646
0.26517963,-0.31211692,-0.4975255,-0.46232274,-0.3663994,1.2845443,0.123328865,0.4078065,0.044783194,0.39536262,-1.2100719,0.05182083,0.79672366
-0.7881259,2.9805236,-2.1915398,0.2810896,0.46546343,-1.0603701,-1.8718446,0.3359975,1.8545873,-0.8168411,0.20794015,0.54679704,0.16693476
-0.69788814,1.3263516,-1.5296166,-0.270547,1.1168814,0.04741223,0.7101115,-0.3786425,0.048885204,0.81460357,-0.39749634,0.5850772,0.9458041
0.032869473,-0.1668847,-0.78240734,-0.4276621,-0.29129544,-1.4107585,-0.54792345,-0.39343512,-0.8830395,-0.4765656,-0.543715,0.0,1.0
-1.4109683,0.73736936,-2.1915398,-0.8364129,0.1970286,-1.5386337,0.3073038,-0.6014133,-1.9108667,-1.2281907,-1.7593788,0.0,1.0
0.26995125,-0.40724215,0.8034713,1.6187409,0.19596434,1.1223552,0.87299585,0.32126182,-1.9962158,-0.30501318,-1.5021317,0.0,0.9337089
-1.8776025,-0.38755193,-0.17326038,1.3482864,1.1145002,2.736163,2.1053703,0.73334813,2.0173023,-1.6438113,-1.3349425,0.0,0.7558823
0.10750413,-0.6972757,-0.6654754,-0.97236925,0.16779083,-1.5386337,-0.51546985,-1.2995791,-1.9933777,-0.72446805,-1.2187277,0.0,0.9720522
0.37341672,-0.1620274,1.2149084,-0.013125323,-0.93371063,0.24551024,-0.7393577,-0.80111647,-0.35167977,-0.54438114,0.33389544,0.0,0.25635996
0.26935628,-0.8438746,0.5269517,-0.10334631,-0.10848567,-0.17046472,0.12180534,0.24526511,-0.0813263,-0.14236157,-0.87232107,0.07932887,0.4988307
0.54687697,1.8950838,-0.41487056,-0.5778751,0.13693856,-1.4195526,-0.6416464,0.44462624,0.1356484,-0.17665306,0.2606339,0.15447362,0.6878595
-0.5717954,-0.38750812,-0.51564056,0.2971448,0.5279483,-1.5386337,0.020806435,-0.5081238,-0.38583934,0.17678379,-0.60927176,0.0,0.7990285
-1.8776025,0.95785,-1.0570184,-0.12709095,-0.030562341,-1.3144534,-0.83601785,-1.0106272,1.2999061,-1.2320218,0.9342522,0.0,0.77062935
-0.53580934,0.2821691,0.061019786,-0.02819958,-0.06469145,-1.4032837,0.42793664,-0.17548701,0.15651102,-0.9557821,-0.110155456,0.0,0.9627889
0.82322305,1.0966618,-1.2192191,-0.1850576,0.22599252,-0.4787473,-0.26514903,0.477603,-1.0327567,-1.0291846,-1.2567677,0.50355065,0.39456326
0.5408546,0.18824893,-0.1512261,-0.7167429,-0.48070583,-0.027735304,-0.9983765,-0.94468105,-1.6297249,-0.6470697,-0.46310484,0.0,1.0
-0.6044946,0.13699247,0.15756649,-0.46127072,-0.3310981,-0.8586183,-0.7339025,-0.15028779,1.9687694,0.7650193,1.5645117,0.72513556,0.844253
-0.78846467,-0.1465898,-0.8661534,-0.6437564,-0.53748715,-0.32384562,0.03233866,0.29329807,1.7627252,-0.21184826,-0.3686052,0.39680243,0.60763836
-0.7084362,0.87307465,0.014327662,0.15867803,-0.019177802,-0.6073727,0.6965652,0.046857934,-0.14825614,-1.6747506,-1.7593788,0.0,1.0
0.68844455,3.6229959,-2.1915398,0.49965012,1.5554245,-1.5386337,-1.8718446,1.2820522,2.3749022,0.0687272,0.027743489,1.0,0.0
0.5729123,0.8489913,-1.4519765,-0.97236925,0.21513422,-0.7230401,-0.7949577,0.10005261,-0.18133453,-0.015897568,-0.89883435,0.65088266,0.37501836
-0.829311,-0.5596704,-0.6097526,0.7052676,0.14182669,-0.24193509,0.9105028,0.4911495,0.037072614,0.12012395,-0.95966476,0.050763022,0.8010346
-1.0019976,1.7757784,-0.9348586,-0.64717066,-0.034156777,-1.5386337,-0.5522489,0.47813863,0.84693277,-1.0807422,-1.2702192,0.0,1.0
-0.5406306,0.32043442,1.7189293,0.19772428,1.585065,0.45338094,1.0218143,0.48370072,0.34594083,1.8324851,-0.056454264,0.0,0.99337375
-0.68444484,0.019218426,-0.8726372,-0.00891157,-0.37651578,-1.5386337,-0.5204862,-0.8089548,-2.1237025,-0.6166745,-0.6693322,0.0,0.9871988
1.1029195,-0.49870312,0.6228461,0.26226985,-0.4148997,1.6672124,0.36336112,0.2798231,-0.30491817,-0.3620535,-0.6499678,0.2849701,0.35235614
-0.45265764,2.3205392,-1.4194524,0.19110045,0.12897022,-1.298175,-1.4696903,0.6617834,2.1628168,-1.0823982,1.0139892,0.6735827,0.04293952
0.60108984,0.15216763,-0.30945086,-0.42263117,-0.93371063,0.18188404,0.012553335,-0.27784204,-1.3086257,-0.4779954,-0.54408664,0.008908648,1.0
-0.116125114,0.6747705,1.1015862,2.1267874,0.48554662,1.9337449,1.1717823,1.6632771,-2.077827,0.22570622,-1.435863,0.0,0.85565865
0.2040798,-0.5268949,-0.15662047,-0.19405346,-0.19347306,-1.0579185,-0.5684244,0.036121927,0.3869722,0.10192073,-0.1900778,0.33641207,0.51527274
-0.09080454,0.27287868,-1.407287,-0.74718666,-0.44285733,-0.8544211,-1.0493218,-0.6877099,-0.45285887,-0.8472664,-0.8078586,0.37862077,1.0
-0.31773177,-0.024336971,-0.5295551,-0.029208157,2.461025,-0.75520366,-0.016292,0.49442348,1.3367734,1.8179103,0.3692804,0.61972654,0.45118803
-0.49150014,2.173446,-2.1915398,0.113445066,0.08895479,-0.81626743,-1.8718446,0.07309288,1.1630193,0.05764421,0.68819535,0.4746486,0.53382415
0.84855384,-0.5685218,1.0732911,-0.581983,-0.74763346,-0.2256606,-0.42908782,-0.68058836,-0.31343165,-0.5646318,0.11439413,0.34671712,0.6698788
0.3470551,0.67191285,2.2390833,2.1267874,-0.4471816,3.839632,1.6552048,1.7367737,-1.5191182,-0.95568156,-1.7593788,0.0,1.0
-0.7109991,2.5385318,-2.1915398,-0.25578853,0.19842102,-1.5103168,-0.3611688,0.5483554,0.49484348,-1.5627234,-1.3984234,0.0,0.88402075
-0.70652974,0.64456326,0.35509613,-0.08519039,-0.741924,-1.5299076,-0.28028703,-0.22822586,0.8697238,-0.37432575,0.46256286,0.20101576,0.68789494
0.008425254,2.67813,-1.5936496,0.3164515,1.3904501,-1.3173109,-1.8718446,0.7630158,2.3994324,0.39241588,0.53393877,1.0,0.0
-0.26404235,2.1023874,-0.13049674,-0.97236925,-0.4424635,-1.3853296,0.2839534,0.8901872,0.3031653,0.17885733,-1.4486903,0.32684126,1.0
-0.9045636,-0.21025847,-0.07624039,-0.684487,-0.60859084,1.063019,0.15542665,-0.9139923,1.375757,0.102467485,0.15942578,0.4335937,0.5206815
-1.0631258,-0.31697318,-1.0000442,-0.18917447,0.09232864,-1.2717735,0.29464793,-0.6063768,-0.85541993,-0.76486564,-1.5577403,0.22697833,1.0
1.062561,2.8036928,-2.1915398,-0.40183967,0.35862246,-0.6306618,-1.6685159,0.6222686,0.61234975,-0.35086566,0.09605992,0.91412115,0.10393618
-1.1911621,2.5311432,-2.1915398,0.32361937,-0.691083,-1.5386337,-0.8940296,0.29425123,0.4901251,-0.7036105,-0.15447979,0.0,1.0
-0.6313706,0.27748528,1.3890038,0.66464436,-0.4973143,0.6042332,1.0118889,0.53929615,-0.34876415,0.76128095,-0.54042536,0.0,0.9845407
-0.7447057,-0.93112004,0.2624432,0.5726273,-0.14326069,-1.4209689,-0.76069176,-0.995104,-0.12907133,-0.322765,1.1071931,0.002419632,1.0
-0.72501546,0.4162691,-1.0971911,-0.5035054,-0.3932691,2.0192456,1.3395252,0.28028354,-0.22088681,-1.6747506,-1.7593788,0.0,1.0
-0.67820936,0.2978337,0.085967526,-0.6486613,0.46541157,-1.1105745,-0.762425,0.036977384,1.4208663,1.3116698,0.22015801,0.2682178,0.5939177
-0.07547945,0.046734445,2.1643703,0.15690038,-0.11345181,-1.5386337,-0.4229133,-0.37806362,0.37672207,-0.8554515,0.10705833,0.10320087,0.56134605
-1.2609223,0.5025604,-0.71412176,-0.7325608,0.36927497,-1.4737813,0.024832785,-0.082275376,0.6064478,-0.92500013,-1.0171779,0.0,1.0
-0.9066444,1.7561396,-2.1743503,-0.7161723,-0.45189387,-0.9508642,0.34456342,-0.16628832,1.4053924,-0.3199401,0.044503495,0.033985447,0.84139186
-1.8776025,1.817423,-0.96457386,-0.27995974,0.6649095,0.22948025,0.43325025,-0.6535336,1.3815161,2.243122,1.6010861,0.47231528,0.51793075
0.5772504,0.3154056,0.38719258,0.018084351,-0.56747013,0.13745983,0.14879826,0.04917717,-0.6866853,0.0742147,0.25382543,0.0,0.45261618
-0.3756141,2.7927306,-1.2296185,0.2842129,0.74977916,-1.4271365,-1.8718446,0.14861609,2.234099,1.07194,1.4270451,1.0,0.0
-0.8365895,-0.16935423,-0.0009929091,-0.29850397,-0.1389497,-0.434089,0.3325965,-0.8724238,0.090178676,-0.45230448,-0.023033079,0.0,0.7594714
1.0109285,-0.4321632,0.29953074,0.087077774,-0.5375074,-0.1294022,0.28273296,0.35686696,-0.88223356,-0.25110823,-1.4795672,0.07630278,1.0
-0.5680982,-0.093054235,-1.6183909,-0.58983487,-0.036085024,-0.31509477,0.31609154,-0.18687811,-0.21040502,-0.3091572,-1.2988924,0.0,1.0
0.036403038,0.9892958,0.9139395,-0.75536674,0.21674696,-0.6622081,0.41221595,-0.5295639,0.11172596,-1.4639833,-0.34364283,0.0,1.0
-1.5107386,0.28780392,-0.7443225,-0.97236925,-0.19372341,-1.5386337,-0.43994236,-1.1948525,-0.87039876,-1.1460053,-1.0368401,0.0,1.0
1.0538476,-1.0442101,0.59167063,-0.43136713,-0.24853392,-1.5386337,-0.584079,-0.41723216,-1.5911741,-0.17841615,-0.14583147,0.0,0.7508962
-0.7120252,3.944926,-1.8500502,-0.6186412,1.2947223,-1.5386337,-1.8718446,0.49080834,0.7339442,0.37244052,0.796854,0.77927935,0.0
-0.5279998,0.41607228,-2.1915398,-0.97236925,-0.43879098,-1.0176584,-0.4916213,-0.44449997,-0.149819,-0.75025773,-0.55991024,0.0,1.0
-0.61484003,0.26140314,1.587218,2.1267874,0.24974884,1.1251931,1.2327602,1.279849,-0.49346137,-0.9232071,-1.7593788,0.0,0.6944814
-0.26611358,-0.05465475,-1.8052627,-0.42291826,0.13552938,-1.3236555,0.36964124,-0.071383655,-0.6825091,-0.7331086,-1.7593788,0.0,1.0
2.6322193,4.7222033,-2.1915398,-0.70490193,1.7653943,-1.5386337,-1.8718446,1.6974156,2.1604505,-0.19728139,-1.0179782,1.0,0.0
-1.8751413,1.0059081,-2.0184,0.8216942,0.3834741,-1.5068791,-0.7216612,-0.25549954,0.33813572,-1.2623738,0.31347173,0.004682054,1.0
0.09173657,0.9702351,-0.83291817,-0.4623384,-0.93371063,-0.8343171,-0.5670354,0.257455,1.064685,-0.12819262,0.50143063,0.51856893,0.42654765
0.16232032,-1.0442101,-0.15685162,0.25950658,0.20359269,-0.33321995,0.44887656,0.6543675,0.36316323,0.90302604,-0.97981554,0.0,1.0
-0.11059857,0.49320307,-0.64802974,-0.89029926,-0.0605703,-0.5484946,0.17122288,-0.339689,-0.32703504,-0.42615807,-1.3051313,0.04529755,1.0
-0.70851207,-0.017085291,-1.6048939,0.22772843,0.24845545,-1.3328918,-1.1347399,-0.2735903,0.2181534,-0.5867694,0.36241603,0.22163306,0.65982723
-0.8595254,-1.0442101,-0.8927429,1.1953696,0.5892095,1.3559052,1.2267541,0.47039458,-0.3867047,0.491688,-1.5123014,0.25267467,1.0
-0.65749246,0.33767003,-0.38866878,0.53308207,-0.3341984,-0.23742528,-0.1286612,-0.22550699,-0.4628852,-0.2381274,-0.61240816,0.0,1.0
-0.12430569,-0.30206487,0.28793168,-0.0020372798,-0.83628285,-0.63891315,-1.0594634,-1.2114406,-0.9568012,1.2936908,1.8658206,0.0,0.8566773
-0.61991465,0.38137153,-1.9478841,-0.13554068,-0.1920978,-0.7977839,-1.4277029,0.13305949,1.1866425,0.05867934,-0.18792284,0.5670195,0.17103383
0.1280996,0.43448758,-1.0311385,-0.97236925,0.9199627,-1.1639899,-0.9094391,0.5310219,1.2987854,0.8716384,-1.3109998,0.7370045,0.319488
0.77043355,-0.67348987,0.49030212,-0.055603877,-0.70127916,-0.9819758,-0.94207156,-0.4349287,-0.9582317,1.0256668,1.2111362,0.15003128,0.79900914
-0.51154447,-0.41185936,0.709716,0.12436515,-0.5062207,1.1608508,0.23691452,0.11032365,1.1545148,-0.016762089,-0.077497095,0.48762488,0.31609696
1.0386337,-0.72860014,1.8358138,1.1326208,-0.57206005,-0.25980932,-0.91363984,0.01994787,-1.2918593,-1.2034754,0.26283568,0.0,0.9506875
0.41331887,-1.0442101,0.42895946,2.1267874,3.7077467,0.31368977,0.9328807,1.7367737,-0.6452429,1.8791592,-1.7593788,0.21122625,0.8763928
0.8410939,-0.18629806,-1.4717056,-0.6575272,0.34356692,-0.5233804,-1.1606079,0.25008658,0.60627055,0.44550276,-0.6356839,0.838829,0.56972504
-0.48701012,0.59012455,-0.34747425,0.34667012,-0.62028956,1.2814634,0.55879766,-0.2768869,-1.8208123,-1.3876734,-1.3892527,0.071583964,1.0
1.5343772,0.11500172,2.1412692,0.08030105,1.3013245,-1.2948372,-0.24831317,0.8864484,0.42664197,0.8585879,0.16633391,0.60063624,0.783778
-0.73439777,-0.45307454,-0.0076516997,1.0355494,-0.37964445,2.8461623,1.9297037,1.1438736,1.3043271,0.577812,-1.7593788,0.113239914,0.7460385
-1.0917101,0.42242527,-1.8962048,0.16158092,0.061233554,-1.322789,-1.1068591,0.031471286,0.26954702,-1.2640456,-0.61840266,0.0,1.0
-1.466122,0.24447708,-0.36016986,0.42596084,0.30384213,-0.3379491,0.19820526,-0.08958091,0.22550932,-1.6747506,-1.3996251,0.0,1.0
-0.8654017,0.39903718,-2.1915398,-0.97236925,0.020931795,0.71103156,0.6346043,-1.2399248,-0.02159407,0.22855434,-1.0607723,0.0,0.35172153
0.16941133,0.626864,0.77531743,2.1267874,0.30922055,0.35195297,1.4829025,1.0160661,-1.397893,-0.71827495,-1.190713,0.0,1.0
-0.68001753,-0.3762141,0.74747735,0.48703146,-0.11860773,1.7285383,1.5381991,0.23026823,-0.21956903,0.4562012,-1.4428304,0.0,1.0
1.1379436,-0.1576293,-0.2842342,-0.8507507,-0.5466889,0.29973602,-0.51933694,-0.522004,-1.2694331,-0.6829249,-0.4743297,0.038540337,1.0
1.1660628,-0.48427674,1.6270798,-0.9027749,-0.8677447,0.06990342,-0.8879415,-0.6399513,0.616231,-1.0105406,0.586673,0.19744678,0.6194596
1.2005678,4.7222033,-1.263044,-0.6547715,1.4072943,-1.5386337,-1.8718446,0.47523594,1.6415559,0.28175253,1.1407673,1.0,0.0
1.0208124,-0.46949467,0.7898021,0.061713565,-0.42214456,-1.3161803,-0.9593161,-0.9766,-1.4396733,-0.43452406,1.1789013,0.0,0.44788852
0.5315453,0.9148361,0.8141829,-0.17408173,-0.50352395,-0.537186,0.15318239,0.2997759,-1.5274915,0.79825985,-0.7007983,0.11018195,0.826367
-1.8776025,0.59265304,-0.5824792,-0.97236925,-0.25144958,1.470575,0.89952683,-0.7160079,0.9223913,-0.76845527,-0.5358356,0.0,0.25591618
0.6313254,-0.58009785,0.1568587,-0.2243944,-0.045237064,-1.5386337,-1.4240116,-0.14173356,-0.29725236,0.12907341,0.19351214,0.28628406,0.34923273
-0.31529346,0.050428372,-1.4753349,0.030280694,-0.32264197,-0.76013374,0.3349275,-0.11741169,-0.98014146,-0.71777445,-1.2542485,0.12896223,0.8803894
0.65690553,4.7222033,-1.9820844,-0.74983484,0.73159164,-0.80712676,-1.8718446,0.48848644,2.3334677,1.5412599,1.7627896,1.0,0.18384
-0.05159183,0.14181383,0.48426238,0.58363146,-0.6340767,0.15862824,-0.114245065,-0.11981779,-0.9654303,-0.32969165,-0.35688442,0.0,0.652005
0.2559731,0.3086856,-1.2072023,-0.8022988,-0.39484704,-0.7576172,-0.33365828,-0.42912823,-0.80700064,-1.1377782,-1.4626849,0.0,1.0
-0.6117085,0.81535953,-1.9319335,-0.97236925,0.35219646,-1.0140203,0.42419204,-0.040551912,-0.69639283,-1.6747506,-1.7593788,0.0,1.0
-0.7369708,0.20903538,-0.9231136,0.06979279,-0.400795,0.07977764,0.6086469,-0.043769974,0.07788666,-0.09291368,0.32459176,0.10707776,0.487978
-0.65717304,0.71346086,-1.3888006,0.1874285,-0.0061119404,-0.9105355,-1.0231458,-0.37030223,0.17159455,-0.43899405,0.5352543,0.385845,0.61579263
0.37200627,0.39341062,0.03856857,-0.041024636,-0.15434676,-1.4219756,-0.86320835,0.2950801,-0.46808276,0.07169826,-0.06387249,0.36760923,0.31656712
-0.7295149,1.399994,-0.72919637,-0.6038492,-0.79112464,1.7322055,0.3882747,-0.56084096,-0.7016761,-0.35532862,-1.127749,0.29321554,0.75376546
-1.8776025,0.59928447,-1.1068192,-0.08136029,0.43680575,-0.8356323,1.3704427,-0.22550869,0.78068846,-0.1238499,-0.6619358,0.0,1.0
2.0997975,4.7222033,-2.1915398,-0.6619289,2.1562922,-0.9682036,-1.8718446,0.8859667,2.1430671,0.4503196,0.6901855,1.0,0.0
-1.2387277,-0.74759704,-1.6731691,-0.01506053,-0.35193273,1.8295735,2.2239354,0.24920008,1.2744135,-0.68857694,-1.7593788,0.0,1.0
0.05020664,-0.30362257,0.051793955,-0.07162295,-0.16584347,-0.8813336,-0.019771919,-0.43785506,-0.35946646,-0.7560232,0.14804265,0.0,0.7483545
0.9500872,0.46021658,-1.713178,-0.34889334,-0.37076917,-0.7277954,-0.17680757,0.7952225,-1.5260849,-0.43734276,-0.9748328,0.16372445,0.4575301
-1.2857722,-0.4870376,-0.8955466,-0.36119327,-0.14961156,1.2735784,0.71371996,-0.061494973,2.0154982,-0.053671397,-1.1897099,0.0,1.0
0.67573696,1.3785404,1.6561528,-0.39596996,0.7631062,-0.14789674,0.09609399,0.82817465,0.18692456,0.016792167,-1.1085126,0.11598679,1.0
0.28515762,0.50125563,-0.2135843,0.91881096,0.8018881,-1.2506119,-0.96604353,1.2727747,-0.17810728,0.8615514,0.13780174,0.5707328,0.0
0.45325378,3.092811,-1.731033,-0.7678987,-0.21593489,-1.5386337,-0.10210525,-0.057931144,0.006975731,-0.89299417,-0.49795526,0.12847766,0.8193026
0.40766764,-0.004883837,1.4856595,1.482987,-0.061992846,0.49233264,0.10306133,0.8412646,-1.5546652,0.6416068,-1.5847783,0.19300406,0.5553799
-0.7851903,0.5636075,1.9581168,0.029085476,-0.5927458,-0.51894146,1.1123667,-0.287151,1.7208757,-1.2091146,0.54701513,0.116672434,0.80149364
-1.1665438,0.5558535,-1.3494806,0.739184,0.17683227,-0.89976907,-1.441006,0.48543334,2.2086284,-0.5602493,0.32745665,0.20315425,0.77624995
0.68556,-0.3416845,0.5054859,-0.5347872,-0.600179,-1.2867367,-0.54003394,-0.6008117,-1.414515,-0.92287004,-0.3667301,0.036822505,1.0
-0.28775632,0.44638076,-0.8544998,-0.4760069,0.22334102,-0.7171895,-1.4945995,-0.28196874,1.5617232,-0.239341,0.8212529,0.72168165,0.2364465
-0.36924425,0.7055414,-0.7470074,-0.8007132,-0.21885753,-1.2412118,-0.5175127,-0.84195864,-0.9949105,-1.664362,-0.5057047,0.0,1.0
2.0591729,-0.099108174,2.5320807,-0.88794243,-0.76675946,-1.5386337,-1.2785112,-0.5010656,-1.6968008,1.752316,1.118926,0.0,1.0
-1.0021987,-0.7000462,0.069714546,-0.20264846,-0.17204699,1.3470606,1.3734504,0.5291881,1.6719652,-0.997066,-0.81004184,0.0,1.0
0.22649683,-0.3799447,-0.38506797,-0.8063321,-0.72280425,1.156678,0.24824768,-0.18381609,0.61117244,-0.48552132,-1.2672794,0.21920171,0.17736834
1.0039859,1.9113452,-1.178964,0.19546947,0.9982061,-0.73688203,-1.7215331,1.6357238,0.44944087,0.19464424,-0.397946,0.13102242,0.30784723
0.3228383,0.18130617,0.30510053,0.58337295,-0.25627035,-1.2118996,-0.024804808,0.41801882,0.4565136,-0.5210184,-0.1428251,0.0,0.9486237
0.4363262,4.7222033,-2.1915398,-0.26863697,0.23722129,-1.5386337,-1.8718446,0.7076894,1.6817355,-0.3137198,1.7535042,1.0,0.37890828
-0.06187077,4.7222033,-1.9323205,-0.2996481,0.27183703,-1.5386337,-1.8718446,0.67491484,2.1408172,0.49032438,1.2748688,1.0,0.33409786
0.6265455,-0.12617354,1.4725076,-0.49096692,-0.93371063,-0.40111476,-1.2625434,-1.5922731,-1.8264078,-1.6747506,1.792868,0.0,1.0
-1.3732401,0.67215645,-1.4293649,0.0822687,-0.27988517,-1.0663165,-0.5545543,-0.817097,-0.9653482,-0.77189565,-0.121350706,0.0,1.0
-0.35223314,0.107476935,0.06682724,0.7661935,0.23683207,-0.55377996,1.0326177,0.4660649,-0.7755464,0.68114734,-0.6628529,0.0,0.8678754
0.023594895,0.4462824,-0.74818605,0.5664735,0.26488206,0.14073052,0.0282505,0.5630492,-1.1748514,-0.22702229,-0.83126915,0.0,0.92941815
-1.8776025,1.8030586,-2.1915398,1.1299025,1.169501,-1.5386337,-1.4738292,0.015363621,1.2745225,-1.0959402,0.25231105,0.32261002,0.3561195
1.4842442,0.113641575,0.32060537,0.043555483,0.6523878,-0.8443665,-0.8885523,0.6262305,-0.46409386,-0.15425777,-1.2732846,0.20615076,0.9017007
0.940765,-0.13949446,0.8268863,0.87087125,-0.7768332,0.88876224,-0.73014766,0.51695883,-1.4076134,-0.17799813,-1.5418315,0.15979265,0.89629203
-0.6106191,-0.76521266,0.026922716,-0.7799454,-0.22295713,0.19473593,-0.64118916,-1.0227839,1.9967847,-0.25757897,0.8107138,0.02216165,0.5073304
-0.2382864,2.6634667,-2.1915398,0.51773983,-0.0332157,-1.5386337,-1.54341,0.1955325,0.5903534,-0.70626163,0.8690217,0.5654812,0.4497071
-1.3088611,-0.9479348,-1.4889688,-0.0909262,0.52157146,-1.5386337,-0.49248207,-0.13280208,0.93999493,1.2132845,0.26050782,0.0,0.37486687
-1.1220071,0.36313722,-0.5579397,-0.97236925,0.057025243,0.016506687,-0.098310865,-0.8962261,-1.2598263,-1.032228,-1.4766654,0.13370426,1.0
0.9774452,0.83102864,-0.785987,-0.2740411,2.048544,-1.0227854,-1.8406712,1.1661357,2.2235868,1.6878732,0.12177834,1.0,0.0
-0.48011962,4.7222033,-0.92915887,0.054675784,0.50811535,-0.73151666,-1.708832,0.5737269,2.337253,1.2659765,1.8658206,1.0,0.0
0.18680434,-0.0071469694,0.035474166,0.93737304,-0.5928136,0.76125485,1.0593566,1.2584403,-0.26684612,-0.6696619,-1.7593788,0.06183664,1.0
1.5273514,-0.07509926,1.014217,-0.75031674,-0.93371063,0.8667025,-1.0729115,-0.41779727,-0.111208156,-1.3357171,0.09486184,0.28758198,0.52212834
-1.4602585,-0.10689856,-0.9456932,0.569399,-0.41888392,1.4662232,1.7670174,0.6403628,1.1383404,-0.78609884,-1.7593788,0.0,1.0
0.5160077,-0.85443974,-0.49028835,-0.12945242,-0.34687513,-1.5386337,-1.1363653,-0.7189784,-1.7843852,-0.053062133,-0.014598962,0.0,1.0
-1.7352865,0.075416714,-0.32168332,0.18323727,0.0067051314,-0.9262571,-0.452008,-1.1329294,0.38456136,1.155136,1.6090444,0.31700817,0.35903552
0.10086746,0.29924008,-0.9465661,-0.19177534,-0.23463297,-1.5386337,0.04055409,-0.0016464218,0.13433628,-1.2469921,-0.825582,0.0,1.0
0.1943991,-0.3846406,1.2942647,0.20513487,-0.6339492,-0.3175162,-0.021544758,-0.20684952,0.37476158,0.59730995,0.19459517,0.0,0.44258347
-1.8776025,0.11694716,1.0343391,2.1267874,2.4728172,5.277437,2.317571,1.7367737,0.1037145,-0.32480597,-1.7593788,0.0,1.0
3.2898698,4.7222033,-2.1915398,-0.97236925,4.6030083,-1.3077607,-1.8718446,1.7367737,1.8646066,1.2549846,-0.5570213,1.0,0.0
-0.251922,0.46206462,0.11818419,-0.8135571,-0.20167662,-0.6390014,0.875151,-0.35246107,-0.0047743255,-0.2552606,-0.9558345,0.0,0.8283752
-0.17607161,4.282133,-1.6010597,-0.7725177,0.51093656,-1.5386337,-1.6897773,0.72762096,2.573408,1.2376928,0.45829272,1.0,0.0
-0.25839263,1.2417973,-0.29902312,0.17063133,0.8860064,-1.40878,-0.52561647,1.2417382,2.2795696,0.9268768,0.45477265,1.0,0.15816717
-0.18036698,4.7222033,-2.1915398,-0.6232469,1.7509166,-1.5386337,-1.8718446,1.075666,1.9827608,1.309357,-0.1613898,1.0,0.0
1.3536144,0.8026032,-1.4730152,-0.44365272,3.1748083,-1.2064903,-0.93565524,1.1427476,-0.11681058,1.5211232,-1.4246218,0.76504546,0.4406399
0.0026610773,-0.63610786,-0.23572901,-0.105283655,0.42470664,0.6021896,0.053292263,0.30506673,-0.8671599,0.54834473,-1.3077993,0.16423,0.5919548
-1.3271344,-0.4544923,0.33084399,1.0043639,0.19512701,1.4285353,1.3732337,0.45610514,0.74436116,-0.37016892,-1.007905,0.0,1.0
0.93905,3.334274,-0.37785873,-0.8717248,3.458357,-1.4260131,-1.8718446,1.5000486,1.3542955,2.2838242,0.28494287,1.0,0.0
-1.0200132,-0.53324604,-0.2621299,0.24919249,-0.11428492,1.151596,1.9838271,0.7033763,1.7630112,0.07582848,-1.051632,0.0,0.8377479
-1.5304701,-0.51668996,-0.5604179,1.5127703,0.42591777,1.3445814,1.0683286,0.5683481,0.4327389,-0.60614336,-1.7504312,0.0,1.0
-0.94645035,0.076672554,1.575804,2.1267874,0.18769263,3.4630888,2.304247,1.7367737,-1.2106389,-1.6747506,-1.7593788,0.0025458755,1.0
-1.2896336,-0.9090326,0.63425267,2.1267874,0.31806853,5.277437,2.317571,1.7367737,0.039924737,-0.46288538,-1.7593788,0.036463533,1.0
-0.8427453,0.5364507,-0.710854,-0.011763813,-0.20445144,-1.347783,-0.24601549,-0.02300759,-0.047990553,-0.8832434,-0.46564484,0.0037114192,0.88323265
-0.8440756,1.6525576,-0.43217427,2.1267874,2.215305,0.5951031,0.94881445,1.0068458,-1.2347003,0.5594873,-0.87676567,0.0,1.0
1.2336015,2.6171765,-1.495326,0.02248535,1.3191888,-1.15126,-1.8718446,1.6415616,0.45104256,1.8085433,0.035738513,1.0,0.0
-1.2103815,-0.24807069,1.1252548,-0.004703229,-0.6685048,-1.5386337,-1.0964565,-1.5922731,-0.5642577,-1.2587159,1.1815614,0.0657657,0.751961
-0.24863628,1.9395218,-2.1915398,-0.08628795,0.3984082,-1.3197571,-1.8718446,0.14962745,1.1814071,-0.78390425,-0.19028318,1.0,0.04842363
-1.7063094,0.34026968,-0.9720104,-0.29839844,-0.93371063,-1.4963903,-0.21409807,-0.52748525,0.90577894,-0.1912535,1.3315977,0.0,1.0
0.21289067,-0.12160462,0.6931415,0.33627304,-0.8312854,1.5101843,-0.088232756,-0.10383138,-0.8464705,-0.6010881,-0.86477846,0.018975731,0.49302915
-0.7158355,-0.37186396,0.14154282,-0.35851657,-0.890142,-0.1735032,0.14168164,-0.7571774,1.7294773,1.1644181,1.2699728,0.0,1.0
0.91959274,-0.06462681,0.73314476,0.100485586,-0.88160884,-0.27823502,-0.096211925,0.21295346,-0.707277,-0.67533726,-0.30871904,0.15146568,0.95528096
-0.29415834,4.7222033,-2.1915398,0.027004912,0.87168294,-1.1666188,-1.8718446,1.4779485,2.491656,0.5742489,0.121746674,1.0,0.0
0.3898399,0.4372179,-0.7628376,-0.628123,0.10036944,-1.2960486,-0.19354457,-0.27042922,-0.79696363,-0.2667566,-0.9675108,0.18900342,0.7620478
0.0858116,-0.74666107,-0.11902746,0.23825116,-0.030853128,-1.5386337,-0.32430845,0.19980559,-0.37417346,0.5626247,-0.16802105,0.01354113,0.35402063
-0.76566213,0.87231046,-0.3835176,-0.49073455,0.26878813,-1.5200171,-0.26538843,-0.37401086,-1.5213404,-1.1273304,-0.78016245,0.0,0.8124929
-0.8700701,0.2943537,-1.102601,-0.18683612,-0.93371063,-1.0304686,-0.8296396,-0.44331104,0.16373734,-0.7918456,0.25197,0.0,1.0
2.4426126,0.530973,1.1349319,0.8046327,1.9841614,1.4972459,0.061997507,1.1186788,-1.091185,1.1951007,-0.5411864,0.0,0.89013773
-0.7208447,0.7336575,0.023146993,0.43421322,-0.3547128,-1.5386337,-0.54922503,0.094259575,1.0891483,0.37012178,1.0840986,0.63126075,0.60468227
0.4795655,0.91059333,-1.6846502,-0.97236925,-0.30095392,-1.1995549,-0.7685301,-0.49745467,-0.86662483,-0.3017063,-1.14545,0.0853674,0.8114627
-0.0806461,-0.35508895,0.37082982,-0.97236925,-0.29716244,0.11075558,-0.08254947,-0.7425887,0.82164264,-0.05570329,-0.5333265,0.0,1.0
0.44158036,0.08472423,-2.163014,-0.860506,-0.5555456,-0.57815045,-0.8726435,-0.21980864,-0.07891181,-0.039257627,-1.1032548,0.35258713,0.6278276
-0.5948094,0.38764334,-1.2004246,-0.97236925,-0.6475505,-1.0439296,-1.4878893,-1.591659,-2.183889,-1.4380226,-0.23494382,0.0,1.0
-1.0831716,1.1988411,-2.1915398,2.1267874,1.2379907,0.5836632,0.8740523,0.6545888,-2.0651667,0.1703504,-1.0358233,0.0,1.0
-1.4646553,-0.54978776,-1.154189,2.1267874,-0.05627822,3.1852052,2.317571,0.6694979,0.43307438,0.060349114,-1.7593788,0.12822595,1.0
0.26071543,0.6425121,0.66374964,2.1267874,-0.25784367,0.9191648,1.1597426,0.8299839,-2.181687,-0.25070012,-0.91263694,0.0,0.78224903
0.073895834,-0.6050095,0.027442096,-0.78799003,-0.09447014,-1.1630384,-1.5096489,-1.0735723,-1.9092731,-1.4589446,-0.12401461,0.0,1.0
-0.4924943,0.92776567,-1.9211223,0.12184593,-0.25294286,-0.22463143,-1.3037628,-0.29291993,-1.6170838,-0.109868065,-0.5106962,0.019026801,0.79224515
0.3289124,-0.68868047,0.2668261,-0.18918338,-0.8080111,-1.3222964,-0.51042515,-0.2293084,0.16928092,0.015419704,-0.11332013,0.014752204,0.8056937
0.15687548,0.6983658,-2.1915398,-0.97236925,0.40053472,-0.5265818,-0.5191655,0.11143994,0.24019861,-0.02519394,-1.6396457,0.6350812,0.6366159
-1.0742315,-0.24553236,-0.61214864,2.1267874,0.23477308,2.1629095,1.7521456,1.4708854,-2.1184034,-1.5709364,-1.7593788,0.16623482,1.0
-0.14092663,0.23309577,-1.1645206,-0.049179662,-0.31298262,-1.3242532,-0.7667416,-0.19169722,-0.70058066,-1.3510733,-0.52771467,0.0,0.923996
-1.1288667,0.11746718,-0.88450706,-0.2482246,-0.41526765,-0.9488193,-1.8718446,-1.5266912,-0.1977139,-1.6747506,1.3270644,0.0,1.0
-0.7365478,-0.8880516,0.28372273,2.1267874,0.05805367,4.845708,2.317571,1.0250115,-0.8332286,-1.2925003,-1.7593788,0.0,1.0
-0.82552016,0.42310068,-1.2660455,-0.6415788,-0.2035034,-0.5771246,-0.14925674,-0.4151621,0.8701002,0.69386506,0.5577595,0.07287222,0.0
0.7400956,3.8877375,-2.1915398,-0.5926446,1.4790876,-1.2061996,-1.8718446,0.66394717,1.9630175,0.8905603,1.3525057,1.0,0.0
-1.3516161,1.5773623,0.90646505,-0.058800932,1.1027663,0.5797882,1.848935,0.07413831,1.6898211,2.2838242,0.85816455,0.0,0.7495718
3.3844666,2.1463566,0.52800536,-0.6921103,1.8666241,-1.297886,-1.2358367,1.7367737,-0.94823146,1.8328037,0.25005442,0.3574045,0.5328136
-0.36106148,0.28695667,0.0045995116,-0.585463,0.035643704,-1.5230849,-0.45744237,0.04398539,0.28554475,-0.8664448,-0.52793425,0.13534403,1.0
1.492222,1.1313976,-1.4070309,-0.80479974,-0.93371063,-1.5386337,-0.66076106,0.07649545,-0.71253955,0.7416559,0.50121814,0.03193554,1.0
-1.5389878,0.10956861,-0.2159651,0.011991446,-0.32151163,-1.1601144,0.2814745,-0.52830327,-0.41388807,0.023868324,0.46158957,0.0,0.8076056
0.09455352,0.78242236,-0.304372,-0.3958333,-0.20445389,-1.4392298,-0.8130331,0.16928966,1.1117716,-0.69113135,0.5389788,0.31622192,0.73174024
-0.16487503,1.4828783,-0.04018049,-0.17059588,0.77748346,-0.48918694,0.08371316,-0.18309411,0.9037107,1.6924692,1.3247744,0.64515066,0.0910213
-0.31793788,1.0734621,-0.057957098,-0.36736473,-0.42586595,-0.8330422,0.49657893,0.06466847,0.8099131,0.5384035,0.11336261,0.11524612,0.85905313
0.23623249,4.7222033,-1.791641,-0.25191736,0.36600167,-1.5386337,-1.8718446,1.0761896,2.7518206,0.3024261,1.5914662,1.0,0.0
-1.3859046,0.6096138,-1.2578802,-0.3151692,-0.15061903,-1.5386337,-0.94647413,-0.6433254,-0.67117584,-1.4440391,0.18830721,0.0,0.72927433
-1.1685731,-0.27778494,-1.3506362,-0.40010783,1.0117618,0.5467817,-0.1541785,-0.35124838,1.4137214,1.548519,0.29377115,0.40094098,0.32563168
0.797007,0.8026839,-1.2784383,-0.97236925,1.4488919,-0.5480721,-0.22110783,0.13536407,1.3254515,1.7711681,-0.9802901,0.68501973,0.48278835
-0.036135953,4.7222033,-2.1915398,-0.522707,0.29152104,-1.5386337,-1.8718446,0.32929146,1.10036,-0.94585896,-0.2238759,0.86580586,0.41170275
0.32236463,0.4365763,0.98072404,-0.5281368,-0.41575363,-1.0420451,-0.69633615,0.0815254,0.9327622,-0.46847463,0.056079358,0.43466452,0.51822627
-0.5400162,1.0731678,0.8810341,-0.19307937,-0.4305696,0.3152749,1.2568816,0.13916047,0.5347538,-1.3630302,-0.58155704,0.0,0.49855384
-0.4148908,4.0548315,-2.1915398,0.08964818,0.6784857,-1.5386337,-1.8718446,0.71169895,2.7518206,-0.25939822,1.8658206,1.0,0.0
-0.17610988,-0.6834159,0.4685319,0.18872613,-0.44842377,-0.8292236,-0.79221755,-0.2684679,-0.2943663,-0.17165288,0.26110238,0.38120165,0.5984537
-0.7427596,0.259476,-0.71794647,-0.12138362,0.172346,-0.8149083,-0.49908087,0.22192393,0.9663895,2.0944173,0.4352554,0.3112322,0.19157256
-0.4057629,4.7222033,-2.1915398,-0.6969758,0.11008681,-1.5386337,-1.8718446,0.85193944,1.68483,-0.73635054,-1.0835766,0.90878624,0.16772342
-0.39508507,0.3793548,-1.3655022,-0.35005435,-0.07484999,-1.4213321,-1.3575437,-1.0914519,-1.9267268,-0.81165206,-0.14899187,0.12274757,0.8121552
-0.7006894,0.41889948,-2.1915398,-0.52057534,-0.29752883,-0.52446204,-0.0784915,-0.2895867,0.108960725,-0.6340369,-0.44258285,0.030900888,0.6635334
0.6515636,0.9642717,-0.9355129,-0.9315959,0.42631382,-1.0505177,-1.144096,0.20081386,0.16611086,0.6076168,0.019865666,0.7174379,0.5316362
0.041018777,-0.10457373,-0.12654604,-0.2524919,-0.35489792,-0.7430128,-0.35313478,-0.27713832,-0.30758134,-0.30491668,0.20322335,0.33419114,0.306762
-0.914512,0.47544426,-1.1819456,-0.3268883,0.22664358,-1.1075995,1.0085716,-0.14498705,-0.12381538,-0.7396027,-1.7593788,0.0,1.0
0.493292,0.03456206,0.7485767,-0.8149322,-0.93371063,-1.0852152,-1.0903865,-1.1043187,-1.3166815,-1.6747506,-0.33077073,0.0,1.0
-1.3968393,0.7233671,-1.3795309,-0.0005653533,-0.35801315,-1.5386337,-0.97081125,-1.0188504,-0.35891992,-1.2478065,0.41765535,0.0,1.0
0.4434693,0.274685,-1.1953785,-0.6065276,-0.08737901,-0.64922065,-0.76714855,-0.44816884,-0.5326553,0.15336867,-0.32812542,0.24225913,0.6888571
0.6787457,0.3105741,-2.1915398,-0.47919017,0.32367486,-0.7406099,-1.8718446,0.61064243,0.2743545,-0.60968566,-1.2944114,0.83226347,0.49600893
1.8211952,0.3747267,1.1987352,-0.97236925,-0.93371063,0.8892265,-0.29276538,-0.03823067,-0.8050469,-0.70524657,-0.9283254,0.47027552,1.0
0.34944347,1.5484364,1.0017729,-0.37093064,-0.17476162,-1.1292466,-0.26654133,0.25471705,1.3614955,-0.66975427,0.33170676,0.4513125,0.6731084
-0.6844157,-0.6510154,-1.0291083,0.32877705,0.10078612,-0.43074876,-0.07974854,-0.26644894,0.40952477,0.7610351,1.032219,0.70641387,0.7319019
1.7221022,3.4613512,0.49312112,-0.4028755,0.508976,-1.2526916,-0.8659285,1.2280769,-0.57971627,1.4929012,-0.41893166,1.0,0.29773882
-0.27636757,0.8276249,-1.6047703,-0.8309137,-0.27338204,-1.2081931,-0.3230178,-0.64288145,-0.4253077,-0.87574095,-0.63669187,0.14910023,0.6829208
1.4040327,3.8921006,-0.6244484,-0.4708106,0.44762075,-1.5386337,-1.0356592,0.8326606,1.9045955,-0.17244124,0.9809107,1.0,0.3693724
-0.12631164,1.5793246,-1.7466617,-0.8139124,-0.24719363,-0.9585138,-0.6092758,-0.061776977,-0.012047654,-1.3282485,-0.8678919,0.0,0.4930253
1.3023452,-0.18171377,0.334429,-0.3624844,0.9522264,-0.64909714,-0.12571375,0.35201246,-0.5918316,0.033712067,-0.4412048,0.22183016,0.51888233
0.36079633,-0.8422666,-1.2543131,-0.97236925,-0.5985743,-1.0286454,0.04208005,-0.4830983,-0.75849885,-0.33678848,-1.1982243,0.0,1.0
-0.57831943,-0.13585159,-1.497177,-0.97236925,-0.6316819,1.0777295,0.6422752,-0.52831703,2.2895892,-0.22136237,-1.0715331,0.0,1.0
-0.04703533,-0.1965165,-0.59539074,-0.964085,-0.6048983,-0.65594584,-0.9847493,-0.45952597,0.72496027,-1.266636,-0.37727803,0.29434013,0.8961031
-0.5269384,0.722228,-1.5164541,-0.9541648,-0.36007208,-1.0564797,-0.6722118,-0.67753124,-1.1081157,-1.1787968,-0.14423466,0.0,1.0
-0.37618685,2.4209862,-1.7222035,-0.8753132,-0.57904917,-1.0728811,0.74323595,-0.29552117,-0.6426994,-0.1286791,-0.102854274,0.0,0.5855943
-1.8776025,-0.8327411,-2.1474617,1.0093181,0.05953713,1.8829693,1.5060737,0.4834223,0.51379544,-0.49275035,-1.7593788,0.0,1.0
0.28641036,-0.29371947,-0.49732453,-0.14102076,-0.2896605,-0.8139883,-0.89344287,0.6976694,1.3306355,-0.36562264,-0.6909241,0.11656301,0.53263026
-0.8510444,0.98799306,-1.0029444,-0.3460511,-0.420382,-1.1704421,0.1847912,-0.079156086,0.90133214,-0.48372567,-0.27697283,0.0,0.5882244
-0.49586853,2.5209103,-1.7024515,-0.4375834,-0.27631867,-1.3717896,-0.65152586,-0.34633794,0.493491,-0.793029,0.53467447,0.3166586,0.2983855
-1.1009784,-0.4348665,-1.8235859,0.22776814,-0.003032146,2.1067245,2.2192304,0.23627293,0.7171403,0.04311696,-1.7593788,0.020045325,1.0
0.7118033,0.015881076,0.120377354,-0.54895294,0.07030366,-0.6399457,-0.68379074,0.5029133,0.19967842,0.7282208,-0.39860433,0.54068553,0.61922026
2.0281773,2.812393,0.75603145,-0.86188465,3.3087294,-1.0397725,-1.2801251,1.204818,0.49785462,1.0522499,0.5862798,1.0,0.0
-0.95550424,0.5026511,-0.020837247,-0.5014208,-0.5931981,-1.4740025,-0.4230325,-1.0411044,-1.9340028,-0.16498381,0.93502825,0.04552723,0.97704744
0.19691177,0.52702975,0.048476934,-0.97236925,-0.2591796,-0.9913295,-0.17869201,-0.70042235,-0.76054025,-0.71839464,0.11386719,0.0,0.97643936
-1.3623972,-0.3363123,0.31877106,-0.13835798,-0.7098253,-1.5386337,-1.3937521,-1.5922731,-1.7030894,-1.29254,1.8593727,0.0,1.0
0.40906218,1.1906351,-0.01243811,-0.21476442,-0.31074783,-1.1925089,-1.1665094,-0.09011488,-0.8715369,0.15697734,-0.11254332,0.0,0.94155055
-1.1819626,-0.70245165,-0.5036204,0.85045594,1.213117,0.039202437,1.213809,0.72392994,-0.16754742,0.50226027,-0.9389929,0.0,0.9782816
0.18215302,0.34279814,1.9960527,0.70666564,-0.45124897,0.5915258,0.8877351,0.60918665,1.2653798,-0.31075394,-0.5514183,0.116518766,1.0
-1.6652741,3.232928,-1.4464141,-0.76141393,0.21042462,-1.3419325,-1.1125286,0.66239196,2.7518206,1.6508913,1.2754701,1.0,0.0
-1.0445298,-0.6354385,-1.7000691,0.27873015,0.8095833,5.277437,1.7456083,0.601494,1.5101699,0.28397483,-1.7593788,0.0020680288,1.0
-1.8776025,-0.705906,1.2679105,1.9198668,0.79278284,4.2914724,2.317571,0.9397671,1.186507,-0.16108626,-1.1685696,0.12746774,1.0
0.18623579,-0.546965,-0.09227801,0.99498886,0.3969627,-0.0735042,0.29176563,0.18624578,-1.2717305,-1.3053293,-1.168214,0.0,1.0
-0.26254666,-0.16830114,-0.10417932,-0.19374967,0.026755996,-0.916528,-0.8305995,-0.55552995,-1.1456501,-1.3584175,-1.0643939,0.081022225,1.0
-0.45738432,1.0712513,-1.2722394,-0.50632286,0.3535039,-1.245188,-0.6620087,-0.029413179,0.20279624,-0.9961518,-0.4578151,0.5728132,0.70832545
1.1093383,1.2515998,-1.4040024,0.5869725,2.7333908,-1.4514155,-0.80607027,1.3158237,0.46492934,1.2779678,0.061862335,1.0,0.19088472
-0.07955421,-0.8718685,-1.1575692,-0.510175,-0.39321613,0.2205845,0.32846472,-0.084162146,1.1481289,0.3485697,-0.96194255,0.0,1.0
-0.40712923,0.17673215,0.7462902,1.1590852,0.1741748,0.8966472,0.6848168,0.49952883,-0.18981974,0.27978814,-0.36657578,0.0,1.0
-1.2412218,0.894378,-1.7318987,-0.45969814,-0.5256463,-1.3239503,-0.79354835,-0.09903556,1.3332253,-0.70098627,-0.1870366,0.21527465,1.0
0.8298614,4.7222033,-2.1915398,-0.25855324,0.45059422,-0.9913591,-1.8718446,0.8880825,2.7518206,-0.4294141,1.2329057,1.0,0.0
1.2339205,2.2828147,-2.1915398,-0.097968854,1.4025723,-1.5386337,-1.8718446,1.2877792,1.3950967,-0.4124177,0.36740208,1.0,0.09552407
-1.3698858,1.3711777,-2.1785297,-0.19321355,0.16528966,-1.0813586,-0.7144287,0.046885706,2.334493,-0.8523809,0.48787487,0.15297064,0.46399888
0.21682481,0.10026631,1.1436943,-0.13266344,-0.93371063,-0.5345188,-0.58564156,-1.186005,-2.183889,0.05393514,0.9170648,0.0,1.0
-1.4435407,1.2298831,0.15218566,-0.9420002,0.22904111,-1.5386337,-0.21997704,-0.9814282,-0.5939548,-0.529422,-0.6891733,0.0,1.0
-1.5677245,1.067739,-0.8775244,-0.45955455,0.5550392,-0.63863134,1.8092427,-0.868393,-0.625903,0.13641171,-1.3905576,0.25660697,1.0
0.072745025,1.7572556,0.6778256,-0.6380401,-0.8014469,-0.41837037,0.7380411,-0.26374927,0.07093755,-1.6747506,-1.0453926,0.0,0.9147753
-0.7621858,2.0067093,-1.6032367,0.29811075,-0.6614854,-1.5386337,-1.5430347,-0.0107686035,1.4920236,-0.36126423,0.7076811,0.27169037,0.6183432
-0.13900122,0.32777575,-0.33807224,-0.6960727,-0.2063673,-0.7070568,-0.44652143,-0.8146873,-0.97781193,-1.1264099,-0.29404157,0.102610506,0.720244
-1.8776025,-0.64743894,-0.47645035,-0.33927253,2.1533484,0.6446626,2.0931382,0.83844835,1.3324856,1.9601748,-1.3698248,0.020487813,1.0
-0.5782528,1.1789678,-0.16117813,-0.7513698,-0.93371063,-0.9921001,-0.23425098,-0.9002834,-0.17912906,-1.4488381,0.8583554,0.0,0.64675057
-0.14367467,2.771529,-2.1915398,-0.5094055,-0.1891576,-0.8947002,-1.6717368,0.45673177,1.3958675,0.84930265,0.7401771,0.42322513,0.78638875
-0.21726982,0.4084463,-0.2961347,-0.3128057,-0.32171053,-1.099525,-0.6710984,-0.35509187,-0.17856273,-1.6360087,-0.40210617,0.0,0.87052286
-1.8776025,-0.388174,-1.6898011,1.0926093,0.44429785,1.7965873,2.1051347,-0.07761347,0.84913313,0.03021485,-1.3003012,0.0,1.0
-0.40202639,1.0257108,0.67453134,0.07966219,-0.7655018,1.8286151,1.5233272,0.6559023,1.0428618,-0.17220464,-1.5032248,0.0,0.66874456
0.46424562,-0.7770896,-0.3434251,-0.32785693,-0.15871951,-1.4851665,-0.4927116,0.5695436,0.10101876,-0.27974898,-0.117872596,0.0,1.0
-1.0661879,-0.21358036,0.09465594,1.0632491,-0.21947719,1.4510136,1.8507509,1.4375993,1.0177194,0.33230668,-1.7593788,0.0,1.0
-0.27821082,0.072795555,-0.11102171,-0.8236368,0.05978192,-1.5386337,-1.0838078,-1.5605543,0.022778617,-0.8469736,0.5871311,0.0,1.0
1.4579679,-0.5629847,1.4695858,2.1267874,-0.10864796,1.0817872,0.4934321,1.7269241,-2.183889,-0.24895258,-1.6964754,0.0,0.829615
0.15365133,-0.836123,0.03864967,-0.32323208,-0.6747041,-0.24582231,-0.42838094,-0.33274972,-1.1000646,-0.014033841,-0.1043858,0.0,0.74496007
-0.34745508,-0.89604115,-0.019565826,0.5510065,0.67381275,0.8692196,1.1341162,0.69461775,-0.57888895,0.052255068,-1.5112664,0.0,1.0
0.14947578,-0.11629218,1.061903,-0.3517628,-0.003350271,-0.65565556,-0.042471275,-0.01652319,0.06356549,-0.6229354,-0.60801697,0.29405597,0.7429452
-0.79893756,0.31170303,0.8696998,-0.32691956,-0.93371063,-0.3859858,0.41103622,-0.69089687,0.26939887,-0.0010143332,0.22316048,0.006085776,0.67183346
-0.3482118,-0.5628984,0.72112805,2.1267874,-0.47789994,4.246337,1.410652,1.1924127,-0.9920373,-0.37004584,-1.7593788,0.0,1.0
1.5909079,-0.7316462,0.6890261,-0.21794361,-0.36562034,-0.53555685,-0.33010948,-0.04032481,-1.5199915,0.2917964,0.10583912,0.0,0.72704107
-0.3530944,2.7080684,-1.0947239,-0.3601913,-0.815214,-1.3390104,-0.15199701,-0.10957903,0.17503777,-1.2826961,-0.11182427,0.66659606,1.0
1.3880566,3.409617,-0.21096252,-0.17700884,2.0609415,0.2138957,0.7969943,1.0240095,-1.0023555,-1.0495664,-0.47889233,0.1541526,0.6336257
-1.7310376,-0.050066162,0.14039084,0.6161492,0.2399381,-0.43043202,0.44098964,0.538637,0.81786346,0.94397163,0.21349901,0.07635542,0.46652523
-0.95427674,-0.7109229,0.1532999,0.5729052,0.3015304,-1.5386337,-1.2641879,-0.7662454,-1.7162077,0.5694959,0.8696283,0.0,0.827149
-1.1711854,-0.32160047,-0.6241295,0.2035532,-0.12251809,-1.3832525,-1.1399499,-0.26242992,-0.205195,0.034094438,0.22772095,0.0,0.88312155
-1.2769629,-0.59755385,-0.35583693,-0.1478228,-0.4655634,0.92997295,0.7267412,-0.7344037,0.27523988,0.055822548,-0.6381238,0.13338612,0.6566165
-0.9882702,1.940102,-0.020546177,-0.39389104,0.27025673,-1.3641578,0.81590533,0.11045542,1.0036128,1.7725654,0.26108915,0.38102978,1.0
-1.1127484,-0.4643588,-1.3967432,-0.3903926,0.008864639,-0.39918005,0.6351994,-0.46652067,0.83396894,-0.22938293,-1.351191,0.0,1.0
0.90688026,3.378622,-0.5276295,-0.73833525,-0.1954794,-1.5386337,-0.010132914,0.633992,1.841694,-0.24098153,0.40539378,0.68880063,0.5562173
-0.23452906,1.1387271,-0.3874072,0.501117,-0.055578534,-0.2114459,0.19589137,0.43623596,0.17770953,0.81572574,-0.6434136,0.107194036,0.42895386
-1.1193995,0.47263643,0.50485706,-0.004767677,-0.93371063,-1.5386337,-0.060159143,-1.0424032,-0.3649049,1.4325927,1.8658206,0.0,1.0
0.5240472,0.5429592,-1.6364555,-0.71440554,1.2175775,-0.0147233475,-0.33830595,0.27883875,-0.27529892,0.7160534,-1.4395896,0.5360342,0.27023932
-1.2411636,0.086278796,-0.4397349,0.24381275,-0.20786303,-1.5386337,-0.85777014,-1.4760168,-1.6462247,-1.6747506,0.58901477,0.0,1.0
-1.0311242,-0.6582223,-1.2906502,-0.81813395,0.4731278,0.021256894,1.0621381,0.104726836,1.4065828,-0.0068541113,-1.7103008,0.0,1.0
-0.7410552,0.9703229,-1.4150591,-0.10379092,-0.14647761,-0.9795779,-0.4344225,0.19781813,0.836572,-0.90834165,-0.7283668,0.12677427,0.6496701
-1.5069562,-0.22412252,1.2660419,-0.07665151,0.344886,0.8479419,1.9737873,0.72173613,1.5272082,1.0667386,-0.8984248,0.15527667,1.0
0.13296719,-0.49074405,0.52751094,-0.36460063,-0.34795466,-1.0157287,-0.5865763,-1.2876275,-1.2388866,-1.4341741,0.5865254,0.07342974,1.0
0.91024655,3.1490133,-1.2696133,-0.97236925,1.4074632,-1.5186241,-1.4014579,0.728749,0.7417443,1.5950263,-0.532479,1.0,0.3876115
-0.17024869,0.47454497,-1.5603611,-0.5319864,-0.3560004,-1.4363774,-0.3140296,-0.24236193,-0.45919058,-1.2808868,0.20625785,0.2086408,1.0
-1.1749642,0.9167865,-2.1915398,-0.34287947,-0.17714693,-1.0219176,-0.4082453,0.14255804,1.0147336,-0.94670224,-1.1139113,0.10440847,1.0
0.8069023,-0.55082697,0.5496778,1.4236518,-0.29245052,0.984715,0.6205569,0.8589483,-1.5187316,0.8161624,-0.75519365,0.0,1.0
1.7188494,3.105727,-0.64445883,-0.27958676,1.6128137,-1.0197943,-1.708703,1.7367737,0.41548413,0.5801423,-0.19554512,1.0,0.047582034
-0.24266131,-0.6919515,-0.30432,-0.57637495,0.073175,-1.1636478,0.43910158,0.052111052,0.4850946,0.5252654,-0.8208951,0.108836,0.8345556
-0.23304297,0.4982195,0.2045272,-0.91397995,-0.56231827,-0.008527279,0.4131914,-0.6941137,-0.79523975,0.0034701293,-1.0081209,0.0,0.5033769
0.9409553,-0.43215245,-0.863975,-0.45061967,-0.23600633,-1.5386337,-0.6759659,-0.11345099,-0.5336522,-0.9415961,-0.093088076,0.062992744,1.0
-1.1613989,1.3377988,-1.8021631,-0.8357783,-0.1716062,-1.5131873,0.08625137,-0.7606257,-0.4704468,-0.7970746,-1.391118,0.0,1.0
0.948123,0.026244741,-0.30783027,-0.33183572,0.12887758,-0.8932856,-0.96223164,0.4243749,0.25863788,0.72180206,-0.1799837,0.36861086,0.0
-0.1786428,1.6020542,-2.1479049,-0.58430886,0.4884613,-1.2428203,-0.32058942,0.28716308,0.13603815,1.2352785,-1.3255886,0.7710368,0.0
1.7225559,1.3777246,-1.7905391,0.553359,1.7070445,-1.5386337,-1.5940204,0.7883727,-0.14441894,0.94632107,0.7071954,1.0,0.0
0.15770678,0.29381752,-1.9400506,-0.3828226,-0.080246,-1.0498966,-0.0614065,-0.30939022,-1.1296418,-0.85943204,-1.484854,0.0,1.0
-0.024005983,1.8946711,-0.9106201,-0.5600192,-0.3453214,-1.5386337,-1.8718446,0.31513548,2.1599703,0.1450235,0.34786654,0.7914206,0.3477118
-0.017807458,-0.3613193,-1.3272961,-0.97236925,0.6688248,0.16661258,0.71389437,-0.38286135,0.9354436,0.15645172,-0.97328895,0.0,0.5176821
-0.81880116,2.210887,-2.1915398,-0.16924585,0.12315798,-1.1532991,-0.8651801,0.544693,0.12224391,-0.97260404,-1.0521284,0.10958097,0.7455876
-0.08967183,-1.0442101,0.7045234,0.53732955,2.231651,0.6997136,0.35769048,0.40521082,-0.23522438,0.6470696,-1.5742742,0.0,0.59105575
-1.8776025,-0.94616383,0.56870514,0.67950517,0.28732753,0.024428748,1.5735277,0.23404276,1.9019543,-0.77814716,-0.7001262,0.0,0.49536297
-0.9733353,3.4959579,-0.89713895,-0.97236925,3.7382064,-0.83626646,-1.211121,0.6322974,2.4512248,2.2838242,0.76242435,1.0,0.43389052
-0.34992835,-0.27228072,-0.41180038,0.26322967,0.052168366,-0.2838892,0.60087097,0.5550148,-0.111834094,-0.07670127,-1.7593788,0.0,1.0
0.41613856,-0.0048215576,1.3940569,0.4634888,-0.7748438,-0.42062616,-0.36821026,0.087631345,-0.49383783,-1.341469,-1.3102608,0.0,1.0
-1.5947194,0.8122141,1.0489227,-0.17473398,-0.40370646,2.494978,1.7090204,0.13990244,1.8789841,-0.9209619,-0.742002,0.1000455,0.7667879
-1.0199019,0.65220696,0.86449546,2.1267874,-0.019412804,1.6325397,2.048202,1.699986,-0.8614246,-1.0940006,-1.7593788,0.29357773,1.0
-0.14766158,0.3998473,-0.93327713,-0.97236925,-0.31948635,-1.1757568,-0.33935723,-1.0111262,-2.183889,-0.14823179,-0.58575994,0.0,0.8734295
0.18981537,0.18882692,0.52280307,1.0784615,0.2943301,-0.40658283,0.027898848,0.3409606,-1.7025871,-1.0581073,-1.2009178,0.0,0.88728875
0.075801164,0.9533591,-1.3049456,0.14130406,-0.3835008,-1.2006102,-1.4243534,0.042179175,0.86046964,0.22535422,0.25015396,0.58570415,0.1515315
0.11064734,0.16122529,-0.19344784,-0.31342733,-0.5191982,-0.6653062,-0.8147165,0.119897604,0.60209537,0.11057076,-0.3085972,0.16900161,0.93464375
-0.4871598,1.0477126,-2.1915398,-0.47408503,0.30296353,-1.027283,-1.3891484,0.38308161,1.1826313,-1.6747506,-0.6095069,0.5426949,0.68681675
1.4959055,2.4719481,-2.1915398,-0.48509535,1.6735768,-1.5386337,-1.8718446,1.7367737,1.6347806,1.0221725,-0.4729312,1.0,0.0
0.731407,1.725108,1.0007454,-0.15022987,1.1491619,-0.56943107,-0.68073696,0.337534,0.39951035,1.2340589,0.98568755,0.60078585,0.3430484
-0.23173879,1.0523534,-0.43040392,-0.5580755,-0.5971529,-0.815187,0.46308413,0.11600633,-0.5524877,-0.009526959,-0.851483,0.0,0.6772895
-0.47784817,1.1917515,-1.0609292,-0.8231286,-0.5879864,-1.4911531,-0.9420079,-0.3072088,1.5298516,-0.2309502,0.14647466,0.53098375,0.033784017
1.7203237,4.7222033,-2.1915398,-0.97236925,2.8008888,-1.5386337,-1.8718446,1.6439966,2.7518206,-0.8725527,0.56346166,1.0,0.0
-0.816564,0.30337307,0.7437109,0.39779553,-0.34856957,-0.77273726,-0.29502216,-0.6029121,2.071819,0.22269876,1.8523873,0.20030347,0.7895584
-1.1532735,0.6736613,-0.5791328,-0.46611562,-0.7917655,-0.794847,-0.30305827,-0.090982914,1.8904284,0.6764715,0.41586363,0.19250102,0.6902352
0.73242676,-0.50217813,-0.1347199,-0.690553,0.05833176,-0.32888722,-0.83410203,-0.28450412,0.21894836,0.66084445,0.3903612,0.21014649,0.5159395
0.07621913,4.08779,-2.1915398,0.31103337,1.0059595,-0.7338817,-1.8718446,1.0355933,1.30271,0.55841625,0.32925636,1.0,0.0
-1.6423904,1.8048428,-2.1852045,1.1750779,0.23743124,-0.6242288,-1.6552572,0.29042774,0.6942323,-0.48545974,0.9424731,0.25269678,0.38225773
-0.25357416,0.5000656,0.24043237,0.5358697,-0.30383894,-1.0765768,0.23458546,0.72858715,1.1720101,-0.52573466,-0.48986238,0.0,0.3510772
0.49895516,0.088582024,0.7660817,0.07133627,-0.4627033,-0.56514966,-1.2031649,-0.77585864,-1.4927642,-0.4590516,0.47814733,0.0,0.9690892
0.07555955,1.3270112,-2.1915398,-0.70339966,-0.26360056,-0.3607157,-1.2389017,-0.282522,-0.854151,-1.2314875,-0.6568104,0.10747816,0.4638296
-0.9865125,-0.51358086,0.5815624,-0.3344712,0.10099833,-1.4114896,0.57754844,-0.8348942,-0.38732275,-0.12998457,-0.036424305,0.035186406,1.0
-0.7870224,-0.23134835,-1.0668077,-0.52991354,0.11840391,-0.55591154,0.11070539,-0.12346752,0.9839529,0.20411041,-0.08218101,0.31951177,0.62159246
-0.7324046,1.106779,-1.5594634,-0.7477424,-0.92745876,-1.391451,-0.1297719,-0.23234347,0.9030941,-0.45143807,-0.17623584,0.0,0.98512965
-0.38131082,0.41012856,-0.32720253,-0.64439374,-0.38509864,-1.4558209,-0.65385485,-0.47973678,1.3734044,-0.35527134,0.5787843,0.1718359,0.6507328
-0.18744493,-0.0018398315,-1.1438558,-0.26688555,0.120557085,-0.895006,-0.9777753,-0.27132815,-1.3442154,-1.0533738,-0.21565099,0.03776329,0.56525683
-0.6157401,-0.24618915,-0.7707801,0.36469272,-0.33572745,-1.5386337,-0.7752007,-0.64905125,-1.491443,-0.38025558,0.13909611,0.0037110895,1.0
0.9535788,0.016316662,0.39605033,-0.19132139,-0.4360848,-0.3963303,-0.22277461,-0.19263197,-1.9859471,0.2176189,-0.16459395,0.0,0.786959
0.34739962,0.074425064,0.71616143,1.4909544,-0.93371063,0.9483528,0.45781806,0.98026186,-1.7016925,-1.134447,-1.3035058,0.0,0.88014036
0.2333038,-0.63048387,0.5681957,-0.14169979,-0.03808476,-1.5162486,-0.56664646,0.14916363,0.62736934,0.030944891,0.5293055,0.16619903,0.4077805
-1.0164338,1.1212282,-0.92582554,-0.26693588,-0.56571656,-0.73540056,0.26507768,-0.43149814,0.24746348,0.50863093,0.5155052,0.0,0.9657196
0.00024690852,0.1666103,-1.3784052,0.35241002,-0.23585081,-1.2660408,-0.5335574,1.1202528,0.43637177,0.0113438135,-1.126153,0.4545348,0.9198637
0.25806582,-0.04202329,0.4406367,0.0047943303,-0.93371063,-1.3314556,-0.73163617,-0.73243386,-1.119574,-0.16944517,0.8588806,0.0,1.0
0.11756178,1.1709645,-0.40871593,0.215904,-0.93371063,-0.67761505,1.1111704,-0.1451481,-0.19490696,-0.65805596,0.91527647,0.0,0.81751645
0.6667002,-0.7299253,-0.27681604,-0.10640278,-0.12538673,-1.3769212,-0.59789085,0.05098507,-0.918559,0.22909091,-1.0215477,0.29784185,0.7875983
-0.7212149,0.41878518,-0.8281207,-0.8023572,-0.5373737,-1.1861204,0.32098606,-0.70428365,-0.023163704,-1.00427,-0.23784325,0.0,0.58787656
-0.6873005,0.30325094,-1.7615198,0.09328058,-0.02194136,-0.7928884,0.36277267,-0.45715335,-1.1269174,-0.29501647,-1.7593788,0.0,0.95999634
-0.65463537,-0.15591459,-1.3155146,-0.28622022,0.12414995,-1.2867064,-1.5472298,-0.027113322,0.67874694,-0.23393948,-0.7396921,0.40231895,0.5695243
-0.92506015,1.827642,0.29697487,1.6150403,-0.41990447,0.31684124,1.4505769,0.5219773,-0.50605464,-1.6747506,-0.6163375,0.0,1.0
0.77117425,0.80184865,-1.5050968,-0.9131345,-0.66868246,-1.0604751,-0.5367809,-0.011317097,-0.64572465,-0.64480525,0.02795918,0.4805266,1.0
-0.1649728,1.0836629,-0.16047171,-0.12654355,-0.28636026,-0.81772465,-1.1582875,-0.16207105,0.2593616,-0.7308112,0.92942166,0.18250372,0.91732204
-0.4776646,0.9645918,-1.6160253,0.20743062,0.4799771,-0.49673474,0.030502163,-0.012234088,-0.15863547,-1.0910106,-1.1534247,0.0,1.0
0.7875757,0.02223,-2.1915398,-0.110785514,0.11648382,-1.0735561,-1.8718446,-0.35689571,1.0182742,-0.65553015,1.3107322,0.72037834,0.7868014
-0.2126272,0.41893417,-0.948031,-0.97236925,-0.2656636,-0.53604877,-0.8564861,-1.051581,-1.8871411,-0.9503927,-0.7348708,0.0,0.9349738
2.6971312,3.2821455,0.14611432,-0.124786235,5.1034884,-1.5386337,-1.2390913,1.7367737,0.31859496,2.2838242,0.78679776,1.0,0.05293433
0.18828155,-0.44996202,0.2797336,-0.5720017,-0.33649516,-1.2063414,-0.420209,-0.91169244,-0.98849094,-0.8024469,-0.016928518,0.0,0.7907374
0.6657299,2.425931,-1.3204458,0.08470675,0.33939323,-1.5146435,-1.8718446,0.9145121,1.722179,0.50857955,0.39505738,1.0,0.13753453
0.31907433,0.51191807,1.2691169,-0.3382779,-0.30583975,-0.7581259,-0.982126,-0.45936158,-0.8924873,-0.4461887,-1.0145516,0.12369443,0.84804183
-0.77615875,0.9271641,-0.5976362,-0.6608644,-0.5712105,-1.1220976,-0.21172293,-0.24130249,0.30650452,-0.51238394,-0.46391279,0.0,1.0
1.6463118,4.7222033,-2.1915398,-0.3544177,1.7618167,-0.9699803,-1.8718446,1.7367737,1.265259,1.3914677,-0.339234,1.0,0.0
-0.20645419,-0.10703601,-0.5533973,-0.5260317,-0.10280706,-1.04914,-0.37478703,-0.22322437,0.041803952,-0.60985744,-0.46580786,0.0,0.98809683
-1.3433919,3.1609821,-1.4635547,0.80091566,0.07869384,-1.2292156,-1.8718446,0.06668989,2.5175266,1.1750495,1.7506884,0.88976824,0.24291016
-1.8776025,0.8783796,1.0348392,1.7800668,0.43432954,0.68221897,1.5821601,1.34613,-0.046444517,-1.6747506,-1.7593788,0.0,1.0
-1.685413,-0.31441396,0.24082462,-0.12923625,-0.2648818,-0.26307487,0.1501772,-0.43470398,1.1923316,0.83063126,0.8998755,0.009792618,0.67115176
-1.8776025,-0.71352255,0.6132862,2.1267874,-0.20418862,4.724407,2.317571,1.7367737,2.354119,-0.36082196,-1.7593788,0.0,1.0
-0.23393267,-0.15283339,-0.6744408,-0.20739728,0.09616977,0.62387407,1.6589501,0.18217352,1.317591,0.09324695,-0.9831757,0.0,1.0
0.107625715,0.47152996,0.4332344,-0.44868144,-0.6543431,-0.8845913,-0.3320396,-1.0168523,-1.3901232,-1.0605222,0.2471865,0.0,0.7665268
-0.20810835,-0.20617688,-0.646805,-0.97236925,-0.0064608846,-1.5386337,-0.20551749,-0.7398672,-1.2269434,-0.42498076,-1.3542229,0.0,1.0
0.268339,0.040314425,-0.26182628,-0.97236925,-0.10216628,-0.8434911,-0.69568557,-0.6503934,-0.63257927,-1.6299884,-0.31276304,0.0,1.0
-0.5710009,1.4149352,-1.8250124,0.16218309,-0.17573652,-0.83835936,-1.3225491,-0.44183707,-0.11472495,-1.1876358,-0.3655964,0.6008142,0.395425
-0.34447467,3.1447108,-2.1915398,0.13953009,-0.12691231,-1.3284639,-1.2447004,-0.45201617,0.035318464,-1.6747506,0.088739015,0.78823787,0.31543395
0.6142774,2.0272987,-0.24780294,-0.14646755,0.11349729,-1.251094,-0.6222443,0.2695145,2.105774,0.9636272,1.2193452,0.86611575,0.4552884
-1.8776025,0.3194894,0.08343595,0.21300705,0.27737793,2.5224493,1.1437745,-0.48703942,1.4161899,1.1525553,-0.008749153,0.0,0.9219858
0.6196871,4.593634,-2.1915398,-0.97236925,2.616066,-0.8998151,-1.8718446,0.764764,2.074231,1.1957442,0.12872338,1.0,0.0
0.023103463,-0.3734602,0.12121654,-0.97236925,-0.41923988,-1.1309577,-0.18598726,-0.037552815,0.7942211,0.31951302,-0.1935805,0.078497514,0.8139291
-0.8597506,0.31264108,0.74785763,0.40946963,1.2733703,0.40674722,0.60939777,0.586394,0.2375232,1.7685653,0.7261117,0.0,1.0
1.9364194,2.707476,0.536489,0.45205426,2.4449177,-1.0754832,-1.2285805,1.0494559,0.21352287,-0.33740157,1.2392465,0.68854415,0.0
0.58396363,-0.45780998,0.81419116,-0.06973813,-0.50598186,-1.3412393,-1.8718446,-1.1214788,-1.5670062,-1.6336788,1.3009164,0.16715822,0.9797517
1.3608592,1.2147307,0.08579062,-0.45846957,0.5580234,-1.052951,-0.9585996,0.44074708,-0.41654676,-0.21224917,-0.32603937,0.45519626,0.25117102
1.8252743,1.6119994,-2.1915398,-0.97236925,1.7284979,-0.7469383,-1.8718446,1.0138065,2.3054798,0.85961205,-0.79087836,1.0,0.0
-0.16717982,0.30001345,-0.7980828,0.4917782,4.0345716,2.7374527,1.0674559,0.82689977,0.49763232,2.2838242,-0.19979243,0.043058973,0.7671242
-0.57068336,1.440063,0.11483175,0.09407521,-0.6752237,-1.1167014,1.1167588,-0.052953366,0.894197,-0.33318573,0.07782676,0.0,1.0
0.19329053,2.2955227,-2.1915398,-0.97236925,0.37758237,-0.49365705,-0.83744425,0.018540487,0.1782487,-0.014964148,-1.2099541,0.746856,0.3600571
-0.4942768,-0.192201,-0.22070275,1.6322975,-0.2342947,2.353269,1.7373211,1.2349753,-0.19990228,-1.6747506,-1.7593788,0.0,0.95744616
2.0660052,0.21193264,1.7834983,0.48627317,1.654188,-0.39812446,0.82990944,1.073214,-1.7958751,0.9035523,-0.85203,0.04522313,1.0
-0.755573,-0.8554361,-1.3071901,-0.45616814,0.49084684,1.8122376,2.2745996,0.18541153,1.8800776,1.165532,-1.7024302,0.0,1.0
-1.5002643,0.39004302,-2.1915398,0.17122544,-0.35665023,-1.4303524,-0.66939884,-0.93601364,-0.6546205,-1.0219798,-0.08388835,0.0,1.0
1.5162084,0.25594845,0.73479146,0.89986813,-0.16265248,0.14321677,0.34967342,0.71724194,-1.7935406,-1.6747506,-1.7593788,0.0,0.9927348
0.843173,2.648652,-2.1915398,-0.4007277,0.07526018,-1.1505191,-1.1670157,0.78974754,0.29966706,-1.2587485,-1.1601287,0.36143658,0.4699055
-1.8776025,4.258293,-2.162788,0.44729084,0.3121513,-1.5386337,-1.8718446,-0.18646891,2.7518206,0.78764284,1.8658206,1.0,0.2929906
2.0869403,4.7222033,-1.006351,-0.97236925,3.1212635,-1.5386337,-1.8718446,1.2123438,1.3884368,2.2838242,-0.14885996,1.0,0.0
-0.15715633,1.8495086,-1.9370435,-0.502679,0.4448717,-0.6442247,-1.8718446,0.025544167,2.7518206,1.3989086,1.5212512,1.0,0.0
0.45337224,2.0167212,-1.1711164,-0.7586219,0.9937658,-1.5386337,-1.3019185,0.5114171,1.8091298,1.4389467,0.94362974,0.9188636,0.0
0.3058819,-0.28533468,0.43718123,0.79529047,-0.44577906,-0.20061909,-0.05566959,0.96889704,-0.8475014,-1.189277,-1.7593788,0.05692393,0.8075672
-0.6119676,0.9168528,-0.124803595,-0.18380183,1.3746717,-1.0924494,-0.78154725,-0.47694728,-0.34344435,1.1654123,0.4456703,0.13069731,0.30161244
1.8913275,3.7586265,-2.0306928,0.17545994,1.7564182,-1.4544327,-1.8718446,1.7367737,0.34351256,0.21037707,-0.40291095,0.99100995,0.0
0.2397792,-0.102994755,0.7617673,0.9817353,0.0690736,1.6588072,1.1459193,0.74114186,-0.11998834,-0.9952415,-1.7593788,0.0,1.0
-0.6544131,0.84272134,-0.8793594,-0.6452679,-0.15995513,-0.6440278,-0.86206,-0.37740248,1.7719874,-0.13380209,0.56998646,0.30882883,0.4592504
0.086310335,0.058436785,-1.1499529,-0.63258326,-0.18286522,-1.083431,-0.33391413,-0.08562566,-0.54834366,0.10378572,-1.0980724,0.0,0.66287506
0.3324631,0.016263137,1.5095747,0.60219747,-0.47602072,-0.07388447,0.067991644,0.32424256,0.31751546,-0.6696404,-0.18507987,0.0,0.6268052
0.9325179,0.07801321,-0.22922876,-0.97236925,-0.78582156,-0.25122094,-0.17952186,-0.33349904,-1.5009121,-0.8025832,-0.7463868,0.0,1.0
-1.0658451,-0.65661913,-0.5381323,-0.33535126,-0.19339731,0.6057785,1.711675,-0.20711677,1.4641308,-0.21491824,-0.5973702,0.17798541,0.577819
-0.4967145,1.9932499,-1.470937,-0.25582433,0.27630103,-0.6297967,-1.43883,-0.19017589,0.807957,1.7113025,1.2126386,0.80609393,0.006959783
-1.8776025,-0.54620177,-1.3219547,-0.3406079,-0.7087677,-0.50159055,0.9518666,-0.95684654,2.4996035,0.8804959,0.64490014,0.0,1.0
0.56221867,-0.6670641,0.6147306,0.1305276,-0.93371063,0.54101145,-0.5330065,-0.3560856,0.92257893,-0.038354702,0.03790945,0.43295446,0.43265286
0.2411291,0.60716987,0.23836459,0.4882182,-0.93371063,-1.5386337,-1.4266452,-0.020185921,0.2601707,0.808084,1.8426048,0.24179865,0.5086957
-0.8546617,1.1839164,-2.1587794,-0.97236925,-0.46928936,-1.0981773,-0.7443357,-1.4397619,-1.6493281,-1.5139838,-0.9027427,0.0,1.0
1.1290722,0.88589245,-0.26230747,-0.47856674,1.1571661,-0.636488,0.29421425,1.0603471,1.2924665,1.8940328,-0.35905647,0.25591236,0.7040318
0.027691094,1.208007,1.3200054,0.3111359,-0.7848314,-0.29163063,1.2683003,0.3992841,-1.067376,-1.6747506,-0.92921185,0.0,1.0
-0.8462636,-0.33120668,-0.645445,0.11069983,0.36780402,1.1556436,1.5328759,0.43623674,0.67845184,-0.9091839,-1.7593788,0.0,1.0
-1.2794828,-0.44560233,-1.0537019,1.0366538,-0.10343884,0.8800831,1.5602584,0.41620272,-0.099000216,-0.6251937,-1.7593788,0.0,0.85604215
-0.95630187,-0.46834272,-0.9579717,-0.544769,0.16986893,-0.41071552,-0.06259141,-0.25471652,0.64529634,0.26660317,-0.9702947,0.13390438,0.7567861
0.6752084,-0.23167524,-0.91131926,-0.51487446,-0.41851473,-0.93202776,-0.5398519,0.30500636,-0.35175696,-0.7847768,-0.6378632,0.9131217,0.6953355
0.52897924,0.025981707,0.40207788,-0.13475655,0.546054,-0.26342455,-0.091309816,-0.021192309,-0.7607192,0.86496085,-0.14783143,0.0,0.19883367
0.3556994,1.3068074,0.28124774,-0.25478172,-0.8206348,-1.5386337,-0.23788896,-0.077202484,0.4095291,-1.0310194,0.74077815,0.17901574,0.6352673
-0.2564326,-0.86268985,1.1707512,2.0427394,0.030625287,-1.2006125,0.9597143,1.4415756,0.13828972,-0.33292687,-1.2854649,0.27203038,0.28806183
0.8186971,-1.0442101,-0.13134933,1.6550518,1.8100255,1.2027897,0.48124143,1.1998446,-1.669156,-0.49777895,-1.7593788,0.30584788,0.7876359
-0.25032195,-0.4135211,-0.7070017,0.25630426,0.04431827,-1.0785369,0.13113956,-0.4410684,-0.9139977,0.059841923,-0.55187994,0.10436576,1.0
-0.05650583,1.8542457,-1.2671261,0.21545415,0.14984451,-1.5386337,-1.5888855,0.6256774,1.9926544,1.0684193,0.38012516,1.0,0.09048878
1.2723529,-0.48428762,0.37164122,-0.22847001,-0.24608138,-0.49818742,0.1795158,1.2174935,0.070580855,-0.57383317,-1.7593788,0.0,0.64656323
0.3691801,-0.47659954,0.36980498,-0.8666918,-0.7153109,-0.474972,-0.76317716,-1.0569276,-0.2756813,-0.2801292,0.33348173,0.016518263,0.5981015
-0.32571852,-0.2501841,-1.573833,-0.45460764,0.67825425,-0.53382766,-0.36739,0.9063193,2.7518206,2.0856996,0.4023763,0.2732668,0.8491626
1.0695226,-0.83900446,0.22073698,-0.70605534,-0.36880285,-1.432436,-1.303464,-0.86852175,-2.183889,0.7506796,0.551181,0.0,1.0
0.30990988,-0.3428486,-0.6359798,-0.97236925,-0.93371063,0.1536317,-0.60642916,-1.4831783,-0.95953816,-0.7098722,-0.19814108,0.0,1.0
-0.8870299,-0.2772442,0.0053166877,-0.42230403,0.26453537,-0.7104781,-0.14158525,0.1278414,0.69760156,1.0518655,-0.7730751,0.51476383,0.69656104
2.6460097,0.3540581,1.3290129,0.95021045,3.2613459,-0.7009339,0.1453602,1.7367737,-1.3919773,2.2838242,-0.2556483,0.24470985,0.53964746
0.77137357,2.2242227,-2.1915398,-0.9477168,0.11186296,-1.4245241,-1.403982,0.33823198,0.5563067,0.6607201,-0.3461107,0.86302084,0.5446182
-0.38792548,0.4419659,0.510019,0.58043045,-0.13635577,-0.7107554,0.90481424,0.18639511,-0.95141184,-0.7488792,-1.1163275,0.0,0.7189528
1.3107495,1.7060132,-0.52104557,-0.686945,4.154934,0.1646055,-0.66936994,1.0620512,1.9488435,2.2838242,-0.11978242,0.8234722,0.15784805
0.5806684,-0.17633145,-0.625046,-0.72373784,1.0446342,-0.89982593,-0.806847,0.4782953,0.64326316,0.6497373,-0.6368009,0.7042449,0.3067447
1.2642143,-0.8517116,0.18226233,-0.97236925,-0.4126886,-1.0442095,-0.92479104,-0.20881769,-0.69933105,-0.23833956,-0.12343642,0.2214698,0.7834063
1.1711824,0.3199849,1.148383,-0.17279166,0.20129754,-0.69176674,-0.19182862,0.19274175,-0.71926636,0.05054849,-0.009753887,0.25676972,0.48505744
1.7799401,0.072655395,1.4210839,0.79675347,-0.7185834,0.32447731,0.73541284,1.2015643,-0.92139125,-0.41868275,-1.7593788,0.03018703,1.0
-0.73780847,-0.06821713,-0.08501338,-0.64011246,-0.603375,-0.28155202,-0.22971563,-0.85144854,0.20722471,-0.2078521,-0.1437771,0.16488442,0.56287783
-0.64760524,0.79907113,-0.40133473,-0.97236925,-0.103246585,-0.30914927,0.8360066,-0.69299215,-0.58473164,-0.17653783,-1.406227,0.35153738,1.0
-0.12118595,-0.38936952,-0.34826097,-0.313375,0.15364023,-1.4097927,-1.1001484,-0.5291149,0.07513468,0.12636536,0.14669143,0.19034226,0.6238028
-0.051896013,0.9950252,0.35252106,-0.41498655,-0.93371063,1.391418,0.09119747,-0.26195878,-0.8782685,-0.8276657,-0.88642204,0.07469725,0.44604826
-0.20493452,4.2136736,-2.1915398,0.08241187,0.10307795,-1.5384691,-1.8718446,0.2001722,1.6987655,-0.12870975,0.28209138,0.95994407,0.035265975
-0.7076972,1.178887,-2.1915398,0.036699854,0.8176833,-1.1221406,-1.8718446,0.24313186,1.0840483,-0.58997566,-0.46489388,0.5753757,0.30710793
1.1564189,-0.44401124,1.196289,-0.0033844304,-0.4789182,-0.98457384,-0.30643257,-0.331591,-0.66999525,-0.5361301,0.15423086,0.1573613,0.51608616
0.09909266,0.14462008,-1.2241932,-0.7077272,-0.08291201,-1.0872152,-0.14235626,-0.33540982,-1.6659219,-1.2871794,-1.2929926,0.0,0.9044154
1.6177247,0.06041052,1.0248685,0.87115496,0.11387727,-0.46556836,0.6626594,0.8826894,-0.52737015,-0.95933896,-0.6412547,0.0,0.7145603
2.2073836,1.1322318,0.97198164,0.61559826,0.19598216,0.9904424,0.42848623,-0.09815784,-1.7034286,0.17846443,-0.025163902,0.0,0.60896295
1.0023692,0.98468596,-1.7180809,0.2268727,1.5480623,-1.1275074,-1.8718446,1.0092801,0.75289696,-0.37638885,-0.67149353,1.0,0.13827416
2.3836815,-0.79875416,-0.47249517,-0.9647417,0.9930983,-1.2509209,-0.7879353,0.9468917,-0.57299656,0.9575377,-1.6619364,0.3809752,0.6543792
1.121577,0.76034683,-0.6141743,-0.97236925,-0.58708286,-0.98690516,-0.6548046,-0.46671164,-1.8794447,-0.684358,-0.2839344,0.0,0.85045725
-0.8727939,0.056053247,-1.4812049,0.010341967,-0.023605816,-1.2028908,-0.64770466,-0.12573147,0.05127702,-0.45149255,-0.35758013,0.14256886,0.99360985
0.105327316,2.6467347,-1.4355533,-0.25502187,1.2597271,-1.0757978,-1.3937198,-0.013359752,1.3274884,-0.08644884,-0.13125896,1.0,0.0
1.063644,3.670259,-2.1915398,-0.26289108,1.6118052,-1.5386337,-1.8718446,1.3679159,1.4216887,1.8820395,-0.025631664,1.0,0.0
-0.24230237,1.3173699,-1.3581879,-0.97236925,-0.15121707,-1.3765589,-0.9109777,-1.1341153,-1.6203821,-1.6747506,-0.59629864,0.028360546,0.92935294
1.6914135,0.019999247,1.4120008,-0.062227674,-0.10716879,0.8061628,0.53445345,0.8353231,-0.54039186,-0.514353,-0.9642436,0.033646915,0.86111873
1.5252405,4.158821,-0.8002323,-0.53426427,0.40775767,-1.1398259,-0.7731888,1.2439606,0.6888376,-0.30807215,-0.33501077,0.7918949,0.57813424
-1.3759509,-0.19503376,-0.53652006,0.13565537,-0.5636705,-1.228331,-0.49018526,-0.62590355,0.3380061,-0.23537777,0.6899898,0.14141138,0.6004879
0.96914005,0.061749678,0.9630489,-0.93561614,-0.93371063,-0.19044165,-0.88826597,-0.73957694,-1.3171163,-0.8650786,-0.19479634,0.0,0.43641642
-0.21651612,-0.49970865,-0.15841934,0.34656513,0.11063567,-1.5329518,-0.85536116,-0.3381386,-0.6787075,0.050336555,-0.17070732,0.0,0.8521901
-0.4285831,0.63655066,-1.6289243,-0.8276908,-0.6756099,-1.5386337,0.033794954,-0.95324326,-1.8716136,-0.73983955,-1.1485626,0.0,1.0
-0.1578061,-0.07551032,-0.49154213,-0.5544604,-0.5281046,-1.1610429,-0.40017945,-0.65201837,-0.80961955,-0.37499636,-0.08277867,0.0,1.0
-0.71118975,0.033791475,1.1220791,2.1267874,0.16784748,1.8872604,1.4511229,1.2270408,-0.9393199,-1.5166622,-1.7593788,0.0,1.0
-1.8776025,0.98284924,-0.6795957,-0.7709201,0.8093189,-0.3826384,1.1614856,-1.2121397,0.6127546,-0.48824286,-0.51732767,0.0,1.0
0.053062186,2.1916373,0.20826513,0.28634664,1.8310341,-0.69498414,-1.7805547,0.681707,2.7518206,2.2838242,1.8658206,1.0,0.16384578
-0.82532746,0.22357683,-0.67178744,-0.5737846,-0.32048222,-0.22443162,0.78578687,-0.53650105,-0.422707,0.046745487,-0.72477305,0.16172484,0.840513
1.4214815,1.5866032,-2.1915398,0.13537921,1.7693532,-1.5386337,-1.8718446,1.1824057,0.49226347,-0.47982156,-1.1270878,1.0,0.5980628
-0.91357803,0.5685323,-0.24284135,-0.16267738,0.336187,-1.4680836,-1.0485548,-0.058732722,0.6486451,1.2441438,0.9957101,0.25307196,0.46446684
0.03692756,-0.16385543,-0.7791421,-0.44400254,-0.37554827,-0.9183532,-0.5315354,-0.46844754,-0.37396428,-0.46887988,-0.3106718,0.0,0.8296353
-1.7061567,0.67450625,-1.5971626,0.62848634,0.19072787,-0.7313547,1.0826762,-0.18699704,0.24165432,0.47033328,-0.68855304,0.0,1.0
-0.3528309,0.4202802,-1.5604875,-0.2860113,-0.27617896,-0.82119447,-1.4447458,-0.76195353,-1.1881523,-1.0211915,0.057770006,0.3002134,0.77756643
0.26255175,1.7919102,-2.18543,-0.16759735,1.4224021,-1.5386337,-1.8718446,0.75335,2.309175,-0.9505156,-0.01397525,1.0,0.0
-0.05375585,-0.31250402,0.385878,-0.38009897,-0.13521503,-1.5386337,-0.65414125,-0.74349684,-1.0842576,-0.62678427,-0.11202192,0.0,1.0
-0.4331569,-0.28117734,-0.6373822,-0.05002293,-0.16484047,-0.9112533,-0.31172037,-0.5859825,-0.80986136,-0.43857378,-0.61285675,0.0,0.9346111
0.9070509,0.1412135,0.111137874,0.21823043,0.47634995,-0.1577341,-0.7213586,0.513884,0.35250202,-0.6133738,0.40566897,0.6971621,0.33104882
-0.4652675,1.0338706,0.43201843,0.52999866,-0.07447533,-1.5386337,-0.7721719,-0.40132287,-0.5207208,0.2015293,1.3651122,0.0,1.0
-0.04510925,-0.112782404,-0.60697854,-0.97236925,-0.37383914,-1.5386337,-1.6902914,-1.3512648,-1.3471264,-1.1315509,0.071441785,0.16690071,1.0
-0.60718435,0.927126,-0.99875903,-0.68712306,0.14590308,-0.9709901,0.22214432,-0.4804817,-0.9568374,-1.3663571,-1.1954198,0.0,0.8810622
0.039972804,-0.62194866,0.08244932,-0.65236336,-0.039322603,-0.689998,-0.7598907,-0.6271758,-0.37622702,0.9139231,-0.17449804,0.30252203,0.340367
0.28345448,0.38744503,1.4062647,-0.32715186,0.4846891,-1.3072706,0.35928756,0.5580096,-0.032510888,0.7503216,-0.21470883,0.07456377,0.8949057
0.26137838,0.0747642,-0.9918053,-0.92313683,-0.55760175,-0.6697877,-0.9798714,0.04669982,0.8645761,-0.3199826,-0.5900017,0.0,0.60077906
-0.81450623,0.0791318,0.5642965,0.55786383,0.12490533,0.062478304,0.57983774,0.6535068,0.21285483,-1.3861645,-1.5168061,0.0,0.9484472
0.042110972,0.93595046,0.05414348,1.3209532,-0.93371063,1.3828235,1.0657679,0.31180486,-0.95281994,-0.56387097,-0.81642896,0.0,0.5600975
-1.8776025,2.1666496,-0.7764806,0.6868531,0.18902212,-1.5386337,-0.8718242,-0.34891322,2.494508,1.1407856,1.8658206,0.33758864,0.4765867
0.36775774,-0.47922978,-0.9599004,-0.070443854,-0.4481927,-0.8276648,-0.71685207,-0.746552,-1.9927707,-0.17691568,0.38483077,0.0,1.0
0.6044691,0.16423725,-1.6633397,-0.27950117,-0.18802601,-1.0435264,0.44176516,0.69468075,-0.28907073,-1.6369362,-1.7593788,0.0,1.0
0.8424521,-0.7204269,-0.4919065,-0.15444349,0.571908,-1.1384935,-0.482443,0.5661958,-0.96265125,-0.9343324,-1.4504447,0.3206226,0.87182486
-0.19577365,-1.0179406,-0.65543526,-0.047725305,0.32506412,-1.4585572,0.25122523,0.412861,0.10859442,0.2687978,-1.0962919,0.0,0.8264963
-0.34714478,0.64194065,-0.619747,-0.36653215,0.2907278,-1.0212722,0.087444164,-0.03302313,-1.1478628,-1.4256948,-1.1067291,0.07629237,0.626054
0.2500125,0.7810503,-0.75344974,-0.28102726,0.04463094,-0.752108,-0.9270052,0.2864242,1.1841954,0.48795724,0.81540453,0.48756245,0.051633753
-1.0962707,1.0704273,-2.1915398,0.5427043,0.21089308,-1.059285,-1.8718446,-0.33364782,-0.2197771,-0.09120764,0.3038324,0.12604472,0.3659565
1.3690827,-1.0442101,-0.65651214,-0.35932174,0.2661181,-1.2114729,-1.1806973,1.2345647,0.5543343,2.2838242,0.79499626,0.9871449,0.23176491
1.1431795,0.6909109,-0.18502268,-0.4529829,0.078930765,-0.4450544,-0.73798716,0.32947972,-0.442275,-0.82007897,-1.0631269,0.13300064,0.6936323
-0.98086864,-0.25553498,-1.7169479,-0.4896971,0.74686337,1.7355212,1.4108686,-0.189911,1.1157956,1.2111672,-0.7271889,0.05140662,0.82657903
-0.70841813,-0.4811683,-1.2567779,-0.07682467,-0.93371063,-1.4983168,0.2241166,-1.0370377,-0.67306226,-0.24701615,-0.32789248,0.012868371,1.0
0.32878765,0.28352088,0.15719244,-0.38001117,0.15504244,0.1388486,-0.22616623,0.1768984,-1.1865939,0.5990433,-1.0489686,0.0,0.93965787
0.39112547,0.5088646,0.86814296,-0.7934837,-0.93371063,0.6060383,0.6593866,-0.23782155,0.019008324,-0.52142584,-0.3671453,0.2524071,1.0
-1.0707409,-0.22066385,0.21364297,-0.39564633,-0.93371063,-0.7489416,0.2204657,-0.36750692,1.9404398,-0.54590875,1.548108,0.0,0.4085179
-1.4323002,0.36318284,-1.308561,-0.39372027,-0.16572142,-1.1061364,-0.71270514,-0.74591833,0.8646054,-0.4615907,0.06339536,0.0,0.50422525
2.0156584,-1.0442101,1.0919302,0.12684199,-0.41605744,1.1043932,-0.060846273,0.7810795,-1.4094583,-1.4151138,-1.2149718,0.0,0.52943915
-0.31049705,-0.2617344,-0.05300411,-0.17830725,-0.10586099,0.5465922,0.09491882,0.32083982,-0.2025903,-0.5994476,-1.3607894,0.0,0.8901246
-1.5481584,-0.076367915,0.07254377,0.25536186,-0.5843822,-0.8117647,-0.56276494,-0.28829783,1.4320287,0.24366176,1.1103256,0.13326676,0.38557902
1.7578028,1.3414682,-1.0913463,-0.7031368,0.35928658,-0.85007113,-0.7015504,0.013852159,-1.2258148,0.052401215,-0.6878388,0.3458274,0.57740533
-1.1496825,-0.96193093,-0.75566787,0.15822652,-0.22031932,2.2333462,0.6079858,0.34882313,0.7085548,0.42600763,-1.7175903,0.23855321,0.5530934
-0.5397768,4.3442774,-2.1915398,-0.94305336,1.7426147,-1.3237127,-1.8718446,1.0387086,2.7518206,0.739233,-0.5203405,1.0,0.0
-1.6848907,2.963398,-2.1915398,1.5733081,1.0713638,-1.5386337,-1.8718446,-0.15745656,1.7866911,2.2838242,1.8658206,1.0,0.08759113
-0.0186757,3.1991713,-2.1296914,-0.11227693,0.03739758,-1.3217413,-1.6151055,0.635128,1.5464066,0.24426632,1.1430652,0.72095156,0.45975614
0.09557745,1.0078138,-0.6117294,1.0404984,1.3528998,-0.5832021,0.58359253,1.0336545,-0.5854692,0.3822536,-1.1352445,0.064716816,0.36445212
-1.1801636,0.9195726,-0.7317225,-0.97236925,0.035328567,-1.5386337,0.12039372,-1.217656,-0.5879492,-1.099428,-0.85095716,0.0,1.0
-0.04253601,0.749072,1.0837774,2.1267874,0.073753715,2.3656259,1.8954835,1.0764371,-1.4332879,-1.6439915,-1.7593788,0.0,1.0
1.2406318,-1.0442101,0.024004968,0.27361143,-0.085650265,-0.29148364,0.50023437,1.2407507,1.6866173,0.4042307,-1.4165193,0.0,0.62298113
-0.053293683,-1.027533,-1.8508933,-0.97236925,-0.08138615,-0.9099873,0.24804947,-0.36648816,0.15515092,-1.0394086,-1.7593788,0.0,1.0
1.690813,1.8877444,1.7544652,0.25510132,3.3694203,0.71520096,0.6751005,1.2296977,0.707375,2.2838242,0.2045243,0.8093192,1.0
0.73316944,1.2139162,0.402291,1.309829,4.159113,-0.43636817,-0.1809332,1.6364654,-0.032210328,2.2838242,-0.08336368,0.32133952,0.67703795
-0.8235654,1.2062455,-1.7810736,-0.74175,-0.025532829,-1.0924352,-0.026204182,-0.7584503,-1.4073199,-1.6747506,-1.7593788,0.0,1.0
-1.1736817,-0.92634344,0.13387045,1.244787,0.71661335,1.2139827,2.2897203,0.76714516,0.21267977,0.59406304,-1.2829152,0.0,1.0
-0.2304922,0.5062512,-0.31294292,-0.97236925,-0.09103587,-0.4358313,-0.46304408,-0.8955396,-1.162926,-1.2458572,-0.7409245,0.0,0.857394
0.10922798,-0.9792543,0.65652925,0.34829786,0.16503131,-1.5386337,-1.3580937,0.3469702,0.2838932,-0.18639247,0.4396345,0.0,1.0
-0.2795757,0.03924507,-0.68524635,0.2913112,0.025616132,-1.2255952,-0.63950187,-0.2988536,-0.8218339,-0.72234654,-0.712167,0.11151786,0.5945675
-0.39579684,0.24095766,0.42005834,-0.7186815,-0.46796444,0.19511162,1.3938922,0.10987729,1.1346331,0.32477146,-1.0660553,0.0,0.9746018
0.93041986,3.1975143,-2.1915398,-0.10721869,1.5166817,-1.3152158,-1.8718446,1.2038752,1.6914395,-0.790584,0.4171993,1.0,0.0
-0.2189229,0.15588737,1.0315486,2.0936441,-0.3041835,3.74006,1.7043679,0.66497225,0.59582335,0.052171346,-1.5221456,0.04192177,1.0
-0.36933228,-1.0442101,-1.4212042,-0.6425226,-0.17474861,-0.4570949,0.83633494,0.1087199,-0.06598338,1.2297256,-1.1456511,0.0,1.0
2.6321979,0.2072051,0.074214615,-0.5257165,0.7710341,-0.486171,-1.2705554,0.3611559,-1.4987725,-0.45158988,-0.48712575,0.871752,0.5561484
-0.16583066,1.3492963,-0.32440984,-0.3036027,-0.29117715,-1.5386337,-0.099325396,0.44329658,0.17486377,-0.10487209,-0.07623479,0.0,0.79275954
-0.28318578,-0.12931812,-1.2633575,-0.97236925,-0.18018427,-1.1406177,-0.3953375,-1.5922731,-2.183889,-0.62829125,-1.4164886,0.11808881,1.0
0.79196864,0.04705998,1.4559114,2.1267874,0.99195987,3.6183465,1.7871345,1.6703022,-2.183889,-0.17145713,-1.7593788,0.0,1.0
1.5677286,4.4348145,0.09246743,-0.11207577,4.549013,-1.0031297,-0.35171792,1.4566853,0.7885838,2.2838242,-0.4488706,1.0,0.11594017
1.1595358,2.2624302,-0.0008920524,-0.4452791,0.88864577,-1.5386337,-0.30817217,1.3101238,-0.3773491,1.5908903,-0.61052775,0.2526658,1.0
-0.5469696,-0.65825045,-0.402964,1.265352,-0.15456143,1.5618912,1.489227,1.0374228,0.5363154,-0.04597228,-1.6638192,0.0,0.6217343
1.1513834,1.0829102,-1.3620725,-0.655227,1.1754272,-1.0440718,-0.5412241,1.2173558,0.2503378,-0.21846023,-1.4933708,0.36962822,0.3390531
-1.5027629,-0.4612829,-0.65629065,1.6656965,-0.11343005,-0.03991669,1.5433649,0.9150195,0.16007785,-0.4070416,-1.5319039,0.0,1.0
-1.3522272,1.9354717,-1.4054501,0.24949105,-0.08609483,-0.9977218,-1.210741,-0.2253806,1.9167955,0.21901143,1.1154823,0.43934855,0.4194504
0.22228453,2.2780857,-2.1915398,0.5360382,-0.08230355,-1.2220863,-1.8718446,0.60959196,-0.49591312,-0.22042875,-0.29273856,0.56370556,0.65776974
-0.7722542,0.72486246,-0.9035584,-0.6401206,-0.6311342,-0.5964944,-0.19549559,-1.2611836,-0.6836325,-0.86100507,0.65237397,0.0,0.70060664
-0.11154988,3.9279315,-2.1915398,-0.2987297,-0.13889138,-1.5386337,-1.8718446,0.27415866,1.4600533,-1.0899161,-0.10875679,0.9115936,0.5004569
-0.5062624,0.043112494,0.70422095,-0.32673824,-0.93371063,-1.0880055,-0.43336806,-1.2672473,-1.3463377,-0.42906868,0.5587763,0.0,0.92600626
-0.94814336,0.349724,0.5845697,1.5881021,0.23837449,0.6914165,0.9088936,1.2102479,-0.27647004,0.102787144,-0.5013082,0.0,1.0
1.6413876,0.53815544,2.8018205,2.1267874,-0.93371063,2.160024,0.72713995,1.1300455,-1.6219847,-1.6747506,-1.5900283,0.0,0.85743177
0.11362336,-0.34089956,0.79049736,0.3828097,-0.93371063,-0.59738183,-0.64790136,-0.9157974,-1.7915529,0.14930114,0.71679235,0.0,1.0
0.17911255,-0.23470575,-0.24258405,-0.17678812,0.24597822,-0.6255265,-0.252067,-0.056908544,-0.5168048,-0.28224486,-0.5355854,0.0,0.8409936
-0.3264777,0.55237454,-1.8526506,-0.2853532,0.08378352,-1.3476851,-1.1307237,-0.11533588,-0.6910148,0.21128537,-0.39829475,0.0,0.84335923
-1.168947,1.8539382,-1.5647656,-0.92917556,-0.82805496,-0.87895674,-0.47545987,-0.7967651,-0.0049271025,0.685354,0.13588761,0.22535028,0.59185773
-0.89859223,-0.8342735,-0.3627046,2.0876386,0.67536664,0.13603649,0.15993033,1.291274,-0.56315964,-0.049573302,-1.7593788,0.0,1.0
-0.5594172,1.0490423,-0.1756956,0.10575533,-0.48228115,-0.9039624,0.055331077,-0.37557635,-0.1698802,1.6422838,0.8569639,0.0,0.5922825
0.18016562,-0.9945255,0.51499885,2.1267874,-0.3615912,1.8094687,0.86930186,1.3587688,-0.104078256,-0.49535656,-1.7593788,0.0,1.0
0.033776835,1.9242922,-2.035423,-0.44191036,0.61173975,-1.0041625,-1.8718446,0.55177355,1.5141796,1.6238965,0.15074646,1.0,0.0
-0.51494354,-0.05567952,-0.34394097,-0.24518564,-0.18648174,-1.1597636,-0.6809308,-0.30779892,-0.19778459,-0.69725496,-0.40729976,0.17975844,0.4108525
0.0505172,0.901824,-0.8919855,-0.34421587,-0.57249945,-1.2788396,-1.0859689,0.041744266,0.6827206,0.8010016,0.15226308,0.16878198,0.4493999
-1.1627582,0.15349814,-1.0473424,-0.20678195,-0.6750163,-0.944938,-0.09114448,-0.81125784,-0.37728915,-0.83485585,0.54429543,0.0,1.0
-0.8394189,0.6220869,-0.29056898,-0.2749894,-0.21697864,0.30106604,1.216398,-0.08736265,1.5677925,-0.5551095,-1.3300837,0.0,0.81349206
0.24499366,2.4542959,-1.8535578,-0.12555888,0.11293614,-1.3749218,-1.2337797,0.16183127,-0.15582143,-1.2492034,-0.27136153,0.39941397,0.5648514
0.18768914,0.0069965916,-0.6899538,-0.011577907,0.3607011,-0.19408448,0.2145947,-0.1601793,-0.9906085,0.18864635,-1.0269282,0.0012582801,0.9067927
-0.43516773,3.8345203,-2.1915398,-0.36354938,-0.024496855,-1.3258734,-1.6643027,-0.005633969,0.89185447,-0.5268616,0.008830668,0.7237337,0.0
-1.2398309,0.70244384,-0.78866434,-0.75357234,-0.33555132,-0.42296916,-0.26636368,-1.3226188,-1.2338567,-0.39955676,-0.43030995,0.0,1.0
0.7597979,-1.0442101,-0.31361577,-0.5183789,0.44935814,0.84348625,0.2904153,0.8072741,1.1986376,0.95570004,-1.325115,0.0,1.0
0.21063997,1.217709,-1.7426088,-0.91703653,0.6902625,-1.4551666,-1.4800667,0.29570407,0.8191714,-0.18607393,-0.10028091,0.7046159,0.0
2.0155878,1.6479464,-2.1915398,-0.5031083,0.43132567,-0.28348213,-1.8718446,0.16280708,0.78878886,-0.68376464,0.20769048,1.0,0.0
-0.30367982,-0.91447186,0.083623186,0.33312544,-0.4014384,0.5914917,0.50570625,0.52208537,0.30787385,0.2601496,-0.7004326,0.36616763,0.629817
1.4101886,3.656374,-2.1915398,-0.32792324,2.304239,-0.5929782,-1.8718446,1.1475023,0.6633991,1.7739867,0.8617766,1.0,0.0
0.22657113,1.0046372,-0.3548192,-0.32320517,-0.11309709,-0.88558835,0.9073589,0.34653565,0.027204888,-1.2232394,-1.112715,0.0,0.82989156
-0.70801455,0.25147033,-0.5083059,0.63154006,-0.46444848,-0.08993925,0.68248975,0.35479963,0.5301642,0.06397431,-0.4676109,0.0,0.98387486
0.2312304,-0.09060478,-1.3894979,-0.34121096,-0.09359656,-1.4270442,-0.020768557,0.15283516,-0.908458,-0.53126884,-1.0487641,0.4303556,0.61902255
-0.4713891,-0.27475902,0.08083185,-0.23979312,0.19870722,-1.400102,0.54288834,0.20038337,0.92603076,-0.23031405,-0.7799153,0.0,0.64442426
-0.2621448,0.62169904,-1.3479084,-0.9103884,-0.03957694,-0.97379595,0.19558606,-0.29554355,-0.98152673,-1.6747506,-1.6267483,0.0,1.0
-1.1083518,0.42382902,-0.57524544,-0.38760078,-0.42787102,-0.13047135,-0.60686773,-0.60401106,-0.3163405,-1.0867411,-0.61212367,0.0,1.0
-0.07805163,-0.010058552,1.0881394,-0.64669895,-0.93371063,-0.6748763,-0.98160505,-1.2470878,-1.7867264,-0.045324974,0.3410294,0.29747382,0.9095575
-1.1516361,0.48852837,-0.31474066,-0.3484389,-0.6313971,-1.4954358,0.073819056,-0.167811,-0.12875569,0.645265,0.42679334,0.0,1.0
-0.35969326,-0.60804015,-0.76593786,-0.7971151,0.12991612,-0.39213133,0.59836704,0.013499567,-0.43819156,-1.0025028,-1.7593788,0.0,1.0
-0.24911213,-0.5671856,0.21951288,1.4813032,-0.86687654,2.857743,0.49438572,0.9594855,0.56641597,-1.2089803,-1.7593788,0.0,1.0
-0.5317891,-0.35397515,-1.0144875,0.0373431,-0.0015971866,1.4783127,0.054664675,-0.20876862,-0.62584376,0.21820316,-0.7707142,0.16886906,0.810097
-1.0645102,-1.0442101,-1.193184,-0.27274936,-0.21606685,0.9470315,0.6874032,0.65529305,1.2229689,0.3427747,-1.4168416,0.14870319,1.0
-1.8776025,3.676365,-1.9552917,-0.62924004,1.177587,0.3502614,-0.23285471,-1.0067475,2.3379502,1.6771308,1.3738079,1.0,0.29213405
-1.5151461,-0.8172706,-0.1542406,1.6658492,0.57291555,2.2485032,1.9227258,1.0149649,0.61134094,-0.35207206,-1.7593788,0.017547907,1.0
-1.8776025,-1.0442101,-0.8937346,-0.458923,1.7843131,1.7253244,2.0607152,0.46026298,2.7518206,0.8937885,-1.4755292,0.17070937,1.0
-1.8776025,2.2945457,-2.1915398,0.9115037,-0.93371063,-0.3103906,1.8925501,-0.20785052,0.16878259,0.20982741,0.28303784,0.0,1.0
0.003790835,0.7674847,0.48801312,-0.97236925,-0.6254155,-0.70467126,-0.12441634,-0.32259944,0.53472424,-1.158158,-0.5500653,0.0,0.9277029
-0.13117433,1.0940382,-1.8042493,-0.5290132,0.30535057,-0.97216636,0.78376764,0.011707036,-1.0169127,-0.6086935,-1.7593788,0.082615815,0.40786433
0.6199705,4.570739,-1.2881931,-0.42289037,0.4923838,-1.377377,-1.6733608,0.36759394,2.1679893,0.86218524,1.8658206,1.0,0.0
0.023937168,0.17722778,0.029380543,-0.3750563,-0.29662597,-0.18178798,-0.092568785,0.06957869,-0.38460246,0.24968676,-1.35805,0.0,0.671593
0.027821394,0.42955598,0.13130212,-0.43076482,-0.34497193,-0.33999354,-0.9466196,-0.21438996,-0.382518,-0.64015865,0.028489687,0.0030907309,0.98037124
0.5972204,-0.61733353,-0.84044766,-0.4215994,-0.71106166,-1.1120805,-1.1538626,-0.06114946,-1.2613904,-0.6226333,-1.3258616,0.5756136,0.6780384
-1.2052007,0.8688585,-1.8751166,-0.022546176,-0.50502497,-0.57066786,-0.96388525,-1.1582731,-0.87253374,-1.6747506,0.61429256,0.0,1.0
-1.2773358,0.96874005,-2.1915398,-0.1831632,-0.4637745,-0.38626915,-1.1455152,-0.9121756,0.108320735,-1.2101754,0.2167508,0.013186736,1.0
-0.8327245,1.9405636,-2.1915398,-0.60610646,-0.7339242,-1.2683394,-0.93040085,-0.40780059,0.36591893,-0.3025487,-0.59382695,0.0,1.0
0.7887205,2.089658,-0.4043676,-0.78958714,-0.29537946,-0.6830361,-0.9070001,-0.2555396,-0.4119691,-1.4529911,0.7229559,0.4467865,0.7948704
-0.38401857,-0.78461206,0.3705121,-0.12539256,-0.105476126,-1.0776061,-0.8877563,-0.8558199,-0.35510013,0.019879669,0.8370762,0.13357155,0.6843
-0.2858715,0.40602157,-0.8686317,-0.062906876,-0.2978813,-0.8211021,-0.31631744,-0.23315349,-0.042335097,-1.126461,-0.11261951,0.08153106,0.7737418
0.2696106,-0.13713467,-0.43685165,-0.74882174,0.029216386,-1.4826028,-1.2073431,-0.19481744,-0.66814315,-0.17458773,-0.5742361,0.0,0.88738805
0.047720976,0.38219297,1.1985503,-0.51036966,-0.61812294,-0.85281205,-0.33983338,-0.508034,0.06968729,-1.1138705,-0.19577621,0.0,0.64142406
-1.8009913,0.7425893,-1.5086151,0.092625454,0.13092543,-1.3057545,-1.1793578,-1.1050143,1.3985163,-1.4769179,1.0026156,0.005469173,0.23063274
0.12788174,2.123134,-0.5497378,0.5644322,3.679903,-0.105238535,-0.17636469,1.5773169,0.47629344,2.2838242,-1.3848692,0.45543233,0.69074935
-0.4072876,0.4892189,-0.17058183,0.62201226,-0.81694245,-0.08781223,-0.007763078,-0.56649417,0.05638677,-0.25825584,0.6377455,0.08821606,0.72192377
-0.017449228,1.128045,0.8696574,0.6998697,-0.7633401,-0.699,-0.43154144,0.1635588,-1.2373254,-1.1144444,-1.6574914,0.0,0.96594447
-0.61991096,-0.30352452,-0.6510663,-0.55848217,-0.13026057,-1.1503758,-0.45482427,-0.8913951,-1.1195496,-1.1706789,-0.69595426,0.0,1.0
1.4987197,2.3297613,-0.9771945,-0.13907136,-0.3044469,-1.2667322,-1.2309291,0.9252879,-0.5140866,1.6307447,0.43864506,0.44100848,0.4520697
2.9511237,3.306442,-1.0255833,-0.23079835,2.377917,-0.22786081,-1.8718446,1.4709802,0.13712242,0.35778397,0.28545105,1.0,0.0
-1.1435478,-0.5257527,-0.77501065,0.46282247,1.2350118,4.3430514,1.518322,-0.22284573,1.3856119,1.5311979,-0.41418582,0.2466039,0.7596989
0.21285494,0.07757886,-1.1242083,-0.44371483,-0.32966006,-0.8835564,-0.5051869,-0.04824738,0.23617664,0.74861,0.17885087,0.24371305,0.45686203
-1.211955,2.753652,-1.7856768,0.6100077,0.060144152,-1.5386337,-1.4729761,0.21095742,1.8163768,-0.80828154,0.8146063,0.702002,0.2802127
1.0191078,0.70716447,-0.31590316,0.41511583,2.481241,-1.4461777,-0.38394418,1.1451457,-1.0023106,1.2558544,-0.89498335,0.3313298,0.66158205
-0.5471036,0.19616765,0.5120895,-0.4154654,-0.61462677,-1.3934417,-0.50554115,-1.0370815,-0.81962246,0.2384067,0.7000878,0.0,1.0
0.8728295,0.6364902,1.2457716,0.89486104,2.7460334,-1.5386337,0.114733845,1.4168844,-0.3968765,2.2838242,0.36032414,0.87720555,0.3065249
-1.8776025,-1.0442101,-1.2567797,1.8929747,1.0422562,0.64701647,2.317571,1.5868534,0.7824744,0.35982722,-1.7593788,0.0,1.0
0.037272803,-0.42081186,0.6048083,-0.16360776,-0.93371063,-1.0825309,-0.58489263,-0.51860833,-0.40233168,-0.17248169,0.07015083,0.042232268,0.4695366
0.28339848,0.09355064,2.0951977,2.1267874,-0.9295601,1.7012857,0.47118288,0.89437693,-0.104741365,-1.2939329,-0.76067,0.0,0.66472095
0.24879792,-0.9083734,-0.21374016,0.9764505,1.6293926,1.3198509,0.5504382,0.8197033,-0.66588885,0.1276376,-1.1377907,0.0,1.0
1.0698911,-0.35227305,1.5064325,0.2078115,-0.35654786,-0.4492619,-1.34109,-0.5871076,-0.49544185,-0.38776582,1.5442913,0.0,0.0
-0.07369043,0.6838241,-0.20418014,-0.34234425,0.24118249,-0.6257849,-0.21675761,0.11424647,-0.121225074,-0.74895525,-0.48125094,0.0,0.5888976
-0.17332204,-0.40112314,-0.47964403,-0.58995193,-0.48027852,-0.46953046,-0.29344147,-0.7844642,-1.625063,0.7084787,-0.26725107,0.0,0.7410598
1.4752102,2.4759414,-0.89403,-0.97236925,1.0580703,-1.5386337,-0.5436233,0.6230379,-0.24719049,0.8448726,-0.49891853,0.40848237,0.8595265
1.0519542,3.3724244,-2.1915398,-0.3725349,1.3666022,-0.36537707,-1.8718446,0.94080126,0.4926292,-0.49291486,-0.3327906,1.0,0.0
0.25191298,1.6197321,1.1955713,1.4275546,-0.6029692,1.0229176,1.2313552,1.0342475,-1.0153717,-1.6747506,-1.3803844,0.0,1.0
-1.8776025,0.14638822,0.35169163,0.48053622,-0.92669594,-1.2440863,-0.7198694,-1.17552,0.43623087,1.3121023,1.8658206,0.0,1.0
-1.2263908,-1.0160068,-1.0907125,0.76425683,2.3934374,0.748463,0.7530041,0.91418433,0.7442089,0.98148674,-1.0711724,0.0,0.30952373
1.610989,-0.7625457,1.1957163,-0.519462,0.4653901,-0.70172036,-1.1933281,-0.30573866,0.9630281,0.43321568,0.74752206,1.0,0.095822215
0.84982985,2.2874126,-1.4253323,-0.119668305,1.9404777,-1.5262767,-1.8718446,1.3625171,0.6909021,0.69174755,-0.939469,1.0,0.0
2.1527417,-0.015762545,2.2233255,0.4199041,-0.41049206,0.66666716,0.11622201,0.29562867,-0.81024635,-1.3838172,-0.45036322,0.0,0.813012
-0.853909,-0.7135577,0.80524504,0.9360862,0.5356515,-0.31820035,1.3698606,1.3067726,1.157316,-0.28460854,-1.4566052,0.0,0.84960514
-0.2960484,-0.58070886,-0.82427216,-0.8362994,0.23692296,-0.051768765,0.60103875,-0.11424726,0.70470804,0.13695025,-0.38966334,0.20654279,0.91997313
0.56283087,1.4984393,-1.9742141,-0.47635606,0.23005228,-1.5386337,-1.2468635,-0.01336848,-1.7140971,-0.67019385,-1.0432377,0.0,1.0
0.37859046,2.0962315,-1.7517521,0.0412486,0.025743708,-1.2064977,-0.75811297,0.2545234,-0.25336754,-0.64231604,-0.0859118,0.2705913,0.5843263
-0.2809429,-0.33548814,0.53745455,-0.32845607,-0.4851905,0.10286079,0.5191866,-0.16181159,0.15480286,-0.42945433,-0.6812487,0.0,0.7333189
-1.8776025,-0.28190312,-0.31196618,-0.3889269,0.9899927,0.38895643,0.67458117,-0.4837884,0.6513585,1.6524173,1.1717469,0.0,1.0
1.963518,4.7222033,-2.1915398,-0.917515,3.3642876,-1.4712923,-1.8718446,1.7367737,1.7570597,1.1698245,-1.2117682,1.0,0.0
-0.25708082,2.1335104,-1.0621635,-0.20856147,0.55743694,-0.088931985,-1.4631283,0.35419056,0.44688353,1.0246208,0.7890373,0.60402167,0.45118785
-0.604791,0.23751985,-1.4702939,-0.2345769,-0.007361614,-1.5386337,-0.4969953,-0.21564451,-0.90303034,-0.72234315,-1.2671378,0.0508865,0.8222568
-0.061141513,-0.26026502,-0.8138431,-0.97236925,-0.7026364,-0.69096774,-0.52031,-1.0446811,-0.9902541,-0.31195277,0.08023787,0.016889656,0.49181703
0.23196742,-0.83381873,-0.25410253,0.979804,0.12956676,1.2835516,1.1277082,1.192624,0.03550585,0.61244184,-1.7593788,0.0006259009,1.0
2.6862423,-1.0442101,1.5728809,-0.16607796,-0.92306966,-0.7033752,-0.9632243,-0.025791451,-1.3468995,-0.3920526,0.2647726,0.0,0.94310063
0.7120825,-0.10259466,-0.66417015,0.20635621,0.68526524,-0.840283,-0.9976096,-0.13837184,-0.8810634,-0.60986984,-0.71645254,0.39606598,0.90103674
-0.17830198,0.3644256,-0.543231,-0.6027422,-0.6394608,-1.0196589,-0.21800685,-0.19355394,0.6274522,0.43504953,0.63416576,0.0,1.0
-0.51888514,0.20485766,-1.8071805,-0.69268477,0.29179078,-1.3916366,0.7072831,0.10736172,0.034265596,-1.1302425,-1.7593788,0.0,1.0
0.5394926,0.905913,0.28712854,-0.2752445,-0.82822853,-0.35941,-0.52889276,-0.23718578,0.7417541,-0.6991391,0.48212582,0.13462147,0.7796307
0.794561,-1.0442101,-0.02772933,0.13106146,0.23155649,-1.5386337,-0.5262888,0.63642454,-1.2819574,0.8783222,-1.7593788,0.28447604,1.0
3.3844666,4.7222033,0.82556474,-0.79102236,1.6969665,-0.5138032,-1.6247464,0.9769569,-0.7082261,-0.27394044,0.24293102,1.0,0.35807586
-0.18914108,0.40227848,-0.7098126,-0.97236925,-0.35564774,-0.9939111,-0.33497888,-1.0043612,-0.70266926,-0.9031654,-0.5223875,0.0,1.0
0.3131456,0.6319845,0.03536194,0.26938325,-0.14317554,-1.5386337,-1.1029203,-0.09892939,-1.1847224,-1.2608225,0.4950328,0.0,0.64224654
-0.60268766,-0.49033636,0.3482574,-0.12500109,-0.43125537,-0.16310994,0.49846923,-0.33417642,0.6853072,0.16706187,-0.08091959,0.0,0.9820241
0.651881,0.9375709,1.164881,0.70541656,-0.93371063,1.1401753,1.3903583,0.06728984,-1.6596272,-0.0550789,-0.1778241,0.029488582,1.0
0.3481578,-0.080941916,0.5497032,-0.026848733,-0.082350224,-0.5249824,-1.3417469,-1.0867813,-1.4630495,-0.43832916,0.83051836,0.22069834,0.4339287
1.1727045,1.504287,0.78224623,-0.49319872,0.5182268,-1.2706134,-0.3195483,0.8676857,0.8985989,0.53592414,0.08463942,0.6771573,0.31269035
0.5111113,1.627134,0.9724517,1.1684871,-0.08555658,-0.91659606,-0.17723706,0.8221589,0.49410233,0.8618303,0.5083932,0.2112674,0.31000012
-0.29326177,-0.35249144,0.12798356,0.60341555,0.2972707,0.84411746,1.1451802,0.32473674,-0.2530278,0.78245205,-0.884052,0.0,0.7558898
0.19302908,2.859347,-1.6339318,-0.33987913,0.59104884,-1.3909193,-1.7538954,0.82689214,1.240216,-0.30874938,-1.1837815,0.73232275,0.021134853
0.19806628,3.1615782,-0.9323986,0.06541603,0.14792654,-1.0565418,-0.3873899,0.23135059,0.10577539,0.7381199,0.8955583,0.26044902,0.72775793
0.63829625,-0.84923226,-0.76352185,-0.56618387,-0.22862664,-0.79725516,-0.45541313,-0.05572963,-0.70897734,-0.7603468,-1.2829224,0.0011299988,1.0
-1.5508382,0.5581775,-2.1915398,-0.043670338,-0.45861477,-0.8234513,-1.5400367,-0.8657494,0.24059685,-0.8082326,-0.037050437,0.0,0.852077
1.5140446,2.0357413,-1.3401798,-0.97236925,4.0287166,-1.4374341,-1.8718446,1.5429951,1.0078944,2.2838242,-0.86766845,1.0,0.0
-0.11336463,-0.32243755,-0.07406358,-0.6012088,0.14252639,-0.5812093,-0.659869,-0.27937445,-0.29590312,0.2451537,-0.24145477,0.19525729,0.5619556
-1.8776025,0.9289122,0.64580715,2.1267874,0.29183248,2.6674216,2.317571,1.2310575,-0.7852474,-0.7268913,-0.9800642,0.0,1.0
-0.042901084,0.42030832,-1.5793527,-0.15943944,0.06808722,-1.0810559,-0.74845654,0.15837212,0.4764293,-0.5091519,-0.9437618,0.63660216,0.61217636
-0.6407383,1.1203752,-0.8935467,-0.8714702,-0.5957105,-0.8564949,1.1666794,-0.24102539,-0.09554748,-0.8473165,-1.4242548,0.28014895,0.8666217
-0.2545944,0.22067894,-0.3170323,-0.71945256,-0.50772136,-1.4205922,-1.0745867,-0.79527676,-0.8959983,-1.0603392,-0.25707054,0.003774723,0.8293881
0.6271611,-0.7907594,0.734581,1.0274116,-0.3180654,-1.3553834,-0.581546,-0.18627207,-1.8776056,-0.9511834,-0.03635116,0.0,0.69312227
-0.423454,0.63044375,-1.9901724,-0.93822265,-0.0377525,-1.2880888,0.19105262,-0.03783304,0.24688524,-0.79344636,-1.5239089,0.0,0.83205515
-0.44765195,2.057607,-1.3146207,-0.64145255,-0.07920009,-1.5386337,-0.8075053,-0.15486209,0.49157968,-0.9756595,-0.10055403,0.28825685,0.6438395
0.10344751,0.0642049,0.63815427,-0.14032531,-0.29041258,-0.72297114,-0.35205334,-0.5131683,0.0054346398,0.1208518,0.84629375,0.24664085,0.56802183
-0.16585718,0.66203046,-1.458021,-0.97236925,-0.24444376,-0.6978031,-0.103025734,-0.44437373,-0.21393546,-1.6747506,-0.5447779,0.13934846,1.0
-0.20047814,1.680937,-2.1915398,-0.014493436,-0.43655375,-0.82652843,-0.8452041,0.37815648,1.6222781,-0.5084728,0.16829403,0.27137884,0.7240253
-0.63634187,-0.29260433,0.35087392,0.009017765,-0.260597,0.79850745,1.5746361,0.17153984,1.1291716,-0.41767138,-0.8513025,0.061620105,0.31783247
0.21587428,-0.4348998,0.81192225,-0.8169036,-0.41082793,-1.3234136,-0.8060514,-0.54061455,1.1567723,0.124622576,0.86875767,0.16644217,0.5317394
-0.49585673,0.17762128,-1.4320168,-0.97236925,-0.15151611,-1.2623671,0.20133936,-0.5154101,-0.406728,-0.94029516,-1.6290035,0.15404786,1.0
-0.5503473,-0.19730438,-0.7569514,-0.15651919,-0.41579583,-1.4990504,-1.1902444,-1.0283984,-1.8373805,-0.25530565,0.22493525,0.0,0.95174366
-0.6583563,2.370261,-1.6005663,-0.07360472,-0.09696776,-1.5386337,-0.8127793,0.6111616,1.0146128,0.04552761,0.045694016,0.17155863,1.0
0.3370374,0.15211445,1.8927202,2.1267874,-0.4304823,1.9363004,0.9239835,0.5796913,-0.8581216,-1.4549167,-0.9869358,0.028808419,1.0
-1.8776025,-0.29106125,0.5950182,2.1267874,0.54171884,4.9273443,2.317571,1.7367737,-1.4812796,-1.5374479,-1.7593788,0.0,1.0
0.19779567,0.037690986,0.79309434,2.1267874,-0.11167507,2.1170964,1.7383617,1.7367737,-1.5837337,-1.6747506,-1.7593788,0.0,1.0
-0.11608878,-0.7483892,-0.7403625,0.25010794,-0.49202746,0.66186523,0.44400725,0.28691655,0.6300456,1.8068205,-0.48253018,0.06580284,1.0
-1.8307215,2.742229,-1.8402947,-0.2668011,-0.5753715,-0.9918842,-0.9993807,-0.4898887,2.2720203,1.0340831,1.6126791,0.7967792,0.4036363
-0.2975721,1.411862,-1.2624413,0.2832146,-0.5350993,-1.5240973,-1.2133102,-0.4451283,-0.27657372,0.07560778,1.1962008,0.0,0.87316746
-0.5152138,-0.24959683,-0.68344754,-0.8863721,-0.5494488,-0.20369866,0.13876496,-0.37646875,0.6003755,-0.1622466,-1.0394492,0.031439476,0.74691224
1.1751215,2.0535803,-0.5942391,-0.7064613,-0.5436408,-1.5386337,-1.3443197,-0.4349063,-0.81730366,-0.849331,1.8658206,0.27208713,1.0
1.6950996,0.0400434,2.0765536,0.43379694,-0.872533,-0.13107102,-0.12280875,0.46762583,-0.6179419,-1.4917698,-0.66677815,0.0,0.816585
-0.5511258,-0.036511224,-0.8885067,-0.7114643,0.061184313,-1.0046707,0.1036097,-0.35374707,-0.048607513,0.18435565,-0.92071044,0.0,0.8194754
0.7225825,1.7956283,0.36851692,-0.7836993,0.7506168,-1.4168228,-0.90299034,0.99895674,1.1049559,1.5163741,-0.13782804,1.0,0.0
0.5064577,-0.07619554,0.3242533,-0.4183457,-0.93371063,-1.2848476,-1.1196365,-0.74349403,-0.6767656,0.46413082,0.76051706,0.0,0.9515805
-1.305369,-1.0442101,-0.5600034,2.1267874,-0.22214699,2.6780365,1.5002499,0.8613304,-0.2913543,-0.17694697,-1.7593788,0.094832234,0.46166626
0.4196408,1.9060841,-0.028144669,-0.6721754,-0.7734221,-0.5481099,0.18954642,-0.08985223,-0.34846953,-1.6747506,-0.12656243,0.0,1.0
0.5541223,-0.67661345,0.89993834,0.777068,1.4963982,-1.0670507,0.073419794,0.90658724,-1.2490379,0.080283925,-1.2986532,0.2602325,0.7633072
1.49971,2.7511485,-1.1442249,-0.8903819,0.4442999,-0.5108663,-1.4808394,0.40506446,-0.5374091,0.8521809,-0.87826395,0.9537176,0.38674796
0.21121699,-0.5466494,0.24071164,-0.5015466,-0.11105785,-1.2697049,-0.29681078,-0.26997706,-0.11093593,-0.17023216,-0.09452695,0.0,0.7252622
-0.034040973,-0.38602945,-0.43853793,0.25497293,0.025420718,1.2681929,0.6054675,-0.053710993,0.7550385,-0.8561187,-0.8947932,0.053955216,0.95065165
1.8990768,0.908206,-0.44022155,-0.97236925,-0.37149236,0.33212262,-1.10875,-0.17503592,-0.9941991,-0.59561604,-0.7869499,0.30629143,0.49334475
0.071385786,4.7222033,-2.1915398,-0.023657266,0.5098105,-1.5386337,-1.1954342,0.064457685,0.36725894,-1.2925807,0.035858244,0.8570187,0.81739205
-1.2826912,-0.5824727,-0.09526408,0.28254843,-0.092032656,-1.5386337,-1.2403023,-1.1138675,-0.0008292807,-0.3112408,0.68260795,0.0,0.872233
0.4655901,3.214398,-0.88147783,-0.41463274,-0.22990337,-0.45672917,0.15780915,0.335739,-0.016111337,-0.4300897,0.33679724,0.27918747,0.31709215
1.1141284,3.672555,-0.33339113,-0.8948639,2.9841995,-1.5386337,-1.8718446,0.81669724,2.1610599,2.2838242,0.38602728,1.0,0.0
-0.3741404,-0.50214285,-1.3030142,-0.8689897,1.6893574,-0.11828433,-0.43182606,0.40090916,2.2413766,0.8200965,0.025399283,0.86027765,0.08217856
-1.8776025,0.19375034,-0.4943282,-0.43500006,-0.2773212,-1.1942343,0.1156507,-0.8901225,1.1420715,0.6941136,0.15446994,0.0,0.9121812
-0.952817,0.9192783,-0.9022335,1.3337873,-0.3254577,-0.33420414,0.9329975,0.37924427,-0.6241776,-0.4664181,-1.0487514,0.0,1.0
0.50499123,4.7222033,-2.1915398,-0.97236925,2.431998,-1.5386337,-1.8718446,1.2253667,2.7518206,1.7162039,1.2711035,1.0,0.0
0.80595523,2.2466342,-2.1915398,-0.21191283,0.7240367,-0.6786037,-1.8718446,0.9215785,1.4044706,-0.863096,-0.365694,1.0,0.0
-0.72353697,0.34141687,-1.3132391,-0.97236925,0.31645963,0.12163085,0.98942137,-0.31442046,-0.63171566,-1.5275145,-1.7593788,0.2470448,1.0
-1.7802806,1.4462743,-0.98825914,-0.6817079,-0.33404464,-0.5289007,0.93316233,-0.48755184,0.8495249,0.3164689,-0.86711204,0.0,0.9734694
-0.5742678,1.1173815,-0.17964827,-0.16781339,-0.47749287,-1.0065168,-0.297905,-0.22817689,0.117122196,-1.2674649,-0.05737553,0.0,0.91579324
0.03889934,1.7805129,-1.0038592,-0.8380899,1.30959,-1.2050536,-1.4101732,0.5336048,2.7518206,0.62245244,1.0168575,1.0,0.02789413
-1.1862007,2.7515788,-2.1915398,-0.34437203,-0.67564166,-0.87764114,-1.684923,0.20811121,0.41762,-1.2582295,-0.8658056,0.2867448,1.0
-1.2967792,-0.2056561,-1.277697,1.0812694,-0.075550236,1.4199,1.7716869,0.20254372,0.58072925,1.6020765,-0.07793707,0.0,1.0
0.11642472,-1.0442101,0.51245874,0.45379594,0.33091852,0.6811306,0.37414923,0.643924,-0.21024776,0.28273815,-1.0546273,0.0,0.98477083
-0.3212261,0.30646786,-0.8197186,0.30525604,-0.60352796,-1.5386337,-0.3562495,-0.7302549,0.3089182,0.24480473,1.2420264,0.5039517,0.7217984
-0.97977567,2.1880832,-0.6083765,1.1313587,-0.14101425,-0.10824451,1.2471757,0.24009962,-1.411539,0.69680685,-0.7765436,0.0,0.9812093
-0.9237297,1.7121149,-1.5694891,-0.96274674,0.18823585,-0.6858509,0.293897,-0.87937737,-1.3520604,-0.92899483,-1.0548277,0.107596695,0.92682135
1.2063885,0.41170228,1.764557,0.26293033,-0.40717667,1.0014528,0.6830309,0.5788094,-0.31130487,-1.2395654,-1.1849977,0.0,0.6746037
-1.0983452,-1.0442101,0.620354,-0.56723344,-0.032635797,-0.4659732,0.4528992,-0.18184286,2.6392794,0.3718993,0.3914892,0.22179507,0.6227664
-1.4360181,-0.31835562,-0.00888992,-0.034186866,-0.46320033,-0.60075307,-0.83694875,-0.44173235,0.79353654,0.35947692,0.9629282,0.40639415,0.5168969
-0.5033372,0.5604004,-1.1230556,-0.20387739,-0.33319604,-0.7710716,-0.44162658,-0.32054406,-0.24973944,-0.6410937,-1.5045832,0.0,0.9944619
-0.5776639,4.3777723,-0.8587893,0.14173706,0.033783123,-1.5386337,-0.19446102,0.98247695,0.99355525,0.21096703,0.4853235,0.33144575,0.85372293
0.76117176,2.9404545,-1.5901746,-0.8843765,1.7053618,-1.4480113,-1.8718446,1.1844097,1.7375675,0.12819386,-0.27872622,1.0,0.0
0.78556716,1.6989597,0.19442345,-0.24355197,-0.1650702,-0.7220654,-0.7047259,0.27927592,-0.037722256,0.47826064,-0.024185546,0.72459424,0.22811562
0.38719195,2.5320983,0.59762233,-0.27828875,2.0252657,-0.699936,0.34305027,0.0112786535,0.28481355,2.2838242,0.53683305,0.5907202,0.5659069
0.3802526,3.9911733,-1.0062296,-0.9308673,-0.2670266,-1.0159554,-0.28099883,-0.06212819,0.7149254,0.026155569,0.65315247,0.84112906,0.78034234
1.5219368,-0.7187612,1.0753651,0.54612124,1.1036083,0.79504496,-0.21355037,1.009074,-1.0413457,0.900909,-0.79117376,0.0,0.9009881
-1.6432214,-0.57917464,0.3849407,0.6709854,-0.49656186,1.9372522,-0.42831582,-0.42417276,2.375878,-0.39404827,0.29335535,0.23837359,0.6892618
0.23391917,-0.40483603,-0.42582142,-0.15406843,-0.686917,-1.5386337,-0.46469113,0.10193464,0.0063491827,1.2520196,-0.01089076,0.01942832,0.71348363
0.0055156704,4.7222033,-2.1915398,-0.23108678,0.163494,-1.5386337,-1.8718446,0.8121314,2.60734,0.82198393,1.1933664,1.0,0.0
-0.17468542,-0.09470205,0.11777722,0.023161523,0.20196241,-0.8683235,-0.06396955,0.12198013,0.901351,-0.3140036,0.5159777,0.05407972,0.33303615
2.1679316,0.020717205,2.8018205,-0.19842273,-0.7821645,-0.4504912,-1.365297,-1.2116516,-2.183889,-1.6747506,0.84032565,0.0,1.0
0.44197038,0.77971643,-0.34106803,0.007116492,-0.29970533,-1.5386337,-0.9500515,0.42182347,-0.2915961,1.5875794,1.1526939,0.36209965,0.4887146
0.5708242,1.989544,0.07603381,-0.5758811,0.7202362,-1.1802006,-0.44963363,0.7072755,0.9784647,1.1858165,0.8635065,0.3135437,0.32720047
0.625,-0.5993862,-1.1275192,-0.97236925,-0.7904084,-1.0459197,-1.2850779,-1.1909512,-2.183889,-1.5082952,0.09918847,0.11899732,1.0
-0.460628,-0.058543433,-0.15813051,-0.2472253,-0.4123104,-0.9828612,-0.4736892,-0.6979192,-1.1617355,-1.1606159,-0.13530686,0.0,1.0
-0.16134927,2.4781997,-1.976821,0.24119848,0.6947339,-1.4720602,-1.3358567,1.0787195,0.696832,0.22150646,0.36996806,0.77508205,0.0
0.66369885,-1.0442101,-0.008123196,-0.37795892,0.23343916,-1.5224044,-1.1392308,0.51593477,-0.5675918,0.33276176,-0.51825505,0.34496552,0.592721
0.48928228,1.1947784,1.2301502,-0.124664575,0.9062095,-1.5386337,-1.549564,-0.24580044,-1.2069576,0.41512662,0.025457904,0.06560893,1.0
0.23527116,0.5950136,-0.38310724,-0.97236925,-0.037294123,-0.35210198,0.37849352,-0.13780493,-0.33553898,-1.6747506,-1.3821301,0.0,1.0
-1.0364752,0.03166759,-0.21246783,-0.97236925,-0.71235317,-0.3137688,-0.59745353,-1.5922731,-0.6209628,-0.8642515,-0.01386925,0.0,1.0
0.2840706,0.6229671,-0.65874434,-0.97236925,-0.91881776,0.42665493,-1.3789406,-1.5922731,-2.183889,-1.4679632,-0.19700839,0.0,1.0
-0.18105343,3.930759,-1.2534256,-0.43588376,-0.78427553,-1.5386337,-0.6054743,-0.64546174,1.4342431,-0.17485708,1.5705047,0.37733394,1.0
-0.25838834,4.7222033,-2.1915398,-0.48533002,1.966324,-0.7508795,-1.8718446,-0.05646948,2.7518206,0.7413689,1.8658206,1.0,0.0
-0.22343703,3.7844512,-1.8420463,0.14691006,0.84431416,-1.5386337,-1.8718446,0.87223923,2.7518206,2.1552176,1.0796613,1.0,0.0
-1.0674775,3.028726,-2.1915398,-0.5368324,0.5207629,-1.2301885,-1.8718446,0.27287462,2.586524,0.98905045,0.46688402,1.0,0.0
-0.3849598,-1.0442101,-0.7299927,1.5068309,0.9847073,2.0309775,1.2620317,1.4862314,0.16905652,2.1198156,-0.44948202,0.0,1.0
1.1766958,0.54090947,0.36338937,0.05022966,-0.16974705,-1.4924908,-1.1794282,-0.13709976,-0.87899727,0.35909927,0.36976916,0.3552581,0.68144953
-0.3445619,0.043855652,-1.6053371,-0.61553687,-0.30964822,-0.4947737,-0.75739866,-0.07506338,0.28918782,-0.02263625,-0.63035816,0.32825372,0.56794643
-0.107625335,1.1141163,-0.6401438,-0.10786813,-0.7548136,-1.1230258,0.09407242,-0.042184804,0.6800077,-1.3516136,0.67433697,0.0,1.0
-1.1011658,0.11406237,-0.6403707,-0.62552446,-0.32900584,-0.03445953,1.4038272,-0.29482532,2.0675914,0.23760034,0.31116277,0.0,0.9169482
0.1347432,-0.7544805,0.052963153,-0.4835852,-0.925984,-1.1227227,-0.8117919,-0.94179034,-1.628874,-0.29394817,-0.26877773,0.0,1.0
-0.36338428,-0.3524783,-0.8635144,0.12349874,-0.10686457,-1.0654513,-0.7577706,0.23341104,-0.033585988,-0.1553819,-0.81289375,0.13071416,0.51518506
2.0464249,-0.4071998,0.33612698,0.64372545,-0.5391229,-1.5386337,-1.386115,1.0287931,-0.008851815,-0.3770578,0.41606355,0.69647926,0.0
1.0719583,2.773706,-2.1915398,-0.12259923,1.3687674,-0.5872596,-1.8718446,0.33483702,1.0862234,0.66029173,0.5640543,1.0,0.39594683
-1.5691984,-0.368426,-1.1735874,-0.39241084,0.4197429,-0.5687692,0.35802212,-0.5318099,-1.0554832,0.31701946,-1.7490646,0.0,1.0
0.090719804,0.9480543,0.019929638,-0.060514417,-0.23229766,-0.2204721,0.49960792,-0.22645551,-0.7295425,-1.1662143,-0.8869901,0.0,1.0
-1.7473773,0.011611812,-0.29331,0.23256548,-0.14301388,1.2719142,1.1484522,-0.342382,0.46557146,0.17010579,-0.07017839,0.033128656,0.99749446
0.38251483,0.3195382,0.4091337,-0.97236925,-0.1351627,-0.32639736,-0.26366344,-0.76818454,-0.19047154,-1.1878942,0.0024187826,0.0,0.9866589
-0.5226432,0.5865686,-1.1198381,-0.74743843,-0.28771904,0.38940245,-1.0007063,0.051830836,0.98407197,-0.96153694,0.15429614,0.7166767,0.26093584
-0.014620426,2.8763046,-2.1915398,-0.898239,1.2824191,-1.345107,-1.8718446,0.28767675,1.0280101,0.123907894,-0.55324143,0.856297,0.0
-0.9486656,2.9253786,-1.1386814,-0.16316606,0.45427734,-1.3903409,-1.6698227,-0.0777491,2.335166,1.5023478,1.4391941,0.9679188,0.0
-0.26803547,-0.59400505,1.3584806,-0.66887146,-0.73131245,-1.5386337,-1.3760227,-1.4193997,0.2661786,-0.75623137,1.6821522,0.20335291,0.5395198
0.60927886,0.09933506,-0.71453136,-0.61792755,0.10994361,-0.9155818,-1.0969635,-0.51633376,-0.5385266,-0.7894648,-0.1981335,0.18975967,0.69650304
-1.8776025,2.0490122,-2.1915398,0.5657316,0.7247279,-1.5386337,-1.5026561,-0.97583896,-0.5136046,-1.6747506,0.09918724,0.0,0.7812079
0.8925333,-0.8347932,0.8188083,0.00038310327,-0.45934215,-1.0244972,-0.9379874,-0.48929325,-0.96294326,-0.9634729,-0.124549985,0.2670242,0.97554564
0.8030312,-0.6187737,-0.2263439,-0.54929364,-0.33019373,-0.8998192,-0.2815132,-0.13633828,-0.59306395,-1.3164159,-1.2732031,0.10685915,1.0
-0.22521272,1.7002817,2.0682237,2.1267874,0.24253006,4.1982155,2.317571,1.7367737,-1.4351737,-1.4367119,-1.7593788,0.0,1.0
0.059820108,-0.9834698,-0.45501807,-0.48685232,-0.48553988,-0.90830296,-1.2261019,-0.81977874,-0.36277568,-0.5468259,-0.042492412,0.0,0.8890485
0.6435362,0.50514644,-0.79696286,-0.4956992,-0.93371063,-1.5200119,0.029706221,-0.28955847,-1.0611947,1.3464572,1.0716193,0.09172331,1.0
-1.8776025,0.32857046,-1.174383,2.1267874,0.6579982,4.3652534,2.317571,0.35583875,0.41255045,-0.5873548,-0.9161122,0.0,1.0
0.9084774,0.5525357,-0.89528835,-0.32253328,-0.13465868,-1.1868716,-0.57679766,0.47086182,0.08934272,0.915035,-0.09499642,0.6774202,0.8309389
-0.72536576,0.69992787,-1.6243982,-0.5573871,-0.40469205,-0.954448,-0.9982424,-0.63511455,0.13967614,-0.8620649,-0.1991633,0.0,1.0
0.18919124,-0.5680737,-0.2500323,-0.54876775,-0.71959776,-1.1402225,-0.7246554,-0.85928375,-2.023994,-1.3223333,0.9128893,0.12826696,1.0
0.9822144,-0.4924751,0.28829825,-0.90295875,-0.008279384,-0.9441277,-0.053546846,0.38627166,-0.6027215,-0.7556909,-0.8581275,0.06171954,0.8552694
-0.49095348,0.80312586,-2.0848894,-0.52338284,-0.06352268,-1.1400236,-1.0109844,-0.24662563,0.83745486,-1.0813975,-0.18978319,0.0,0.39969644
-1.1346705,1.1822941,-1.7407322,-0.32920897,-0.3389431,-0.13129127,1.4553179,-0.44966507,1.2821281,-0.2793796,-0.350877,0.08538022,1.0
1.4809673,2.1426709,-0.5777437,-0.274237,1.4503224,-0.8625488,-1.3396215,0.16895644,0.43135235,-0.6423909,0.72653335,0.77840286,0.19329797
-0.2751605,0.2467805,-1.7776034,-0.7979455,0.14295381,-0.6114399,0.06785892,-0.07694043,-1.4782325,-1.3935978,-1.5478485,0.11983002,1.0
-0.27168837,0.87613004,-0.75770223,-0.5277043,-0.09407893,-1.273657,0.08705873,-0.18057899,-1.11804,-1.40238,-1.2412926,0.0,1.0
1.9063123,2.2764704,-1.5943117,-0.48675472,2.0995936,-0.98831844,-1.8718446,1.0956532,0.67200243,-0.3617099,-1.2679961,1.0,0.0
-1.0350081,-0.7350968,-0.8329153,1.9935014,-0.7876974,2.8628354,2.1456902,1.2556895,0.53961784,0.326204,-1.7593788,0.0,1.0
-0.39862394,2.031633,0.5066156,-0.14964183,0.8139313,-1.3777614,-1.318841,0.4966726,1.6217382,1.8923042,1.8658206,0.9729232,0.0
-0.58250874,1.9844005,-1.1198608,1.3278656,-0.15368,-0.55087,-0.45958632,0.06387518,-0.14169118,-1.0586877,0.3799417,0.39373627,1.0
-0.90246516,1.4568174,-0.24101305,1.6852096,0.38995424,0.101419285,1.5545981,0.55024105,-1.6926495,-1.4561476,-1.749255,0.0,0.9251007
-0.282256,0.044632107,0.04809779,-0.13894182,-0.12368275,-1.518223,-1.0044469,-0.69143903,-0.45137465,0.110519975,1.1212336,0.0,1.0
-0.8249524,1.4036148,-2.1915398,-0.9334536,-0.24763891,-1.0721594,-0.0883768,-0.91530067,-1.19851,-1.6747506,-1.7593788,0.27437848,1.0
0.5893744,1.8458804,-2.1915398,-0.42894536,-0.15600003,-0.72910136,-1.5196443,0.06621592,-0.20181732,-0.35009056,-0.14764006,0.6499544,0.0
1.9737834,1.3578537,1.4200529,-0.049982768,0.19090319,-0.91437954,-0.64230406,0.31667125,-1.1774064,-0.56976306,0.2660852,0.32916397,0.63153964
-0.6278337,-0.05848941,-0.027017418,0.4011481,-0.2535521,0.27015132,0.3511323,0.16106258,0.2835377,-1.1076217,-1.1317042,0.0,0.94403446
-1.7334061,-0.21473749,-0.7266783,-0.28027624,0.049760487,0.41218597,0.96359473,-0.95836556,0.13944992,0.77183956,0.4052878,0.0,1.0
-0.5267672,0.028965682,-0.9222787,0.0044329073,-0.14710395,-1.467057,-0.0699395,-0.34316394,-1.7380425,-0.57055265,-1.7593788,0.22610152,1.0
-0.2769578,0.88804907,-1.8744102,0.1115251,0.11837347,-1.4274012,-1.8718446,0.30306834,1.4221882,-0.10804904,-0.07334693,0.91436577,0.0
0.24522027,2.4008272,-2.1915398,-0.97236925,-0.41623414,-0.61144876,-1.3148584,-0.48097363,0.31025928,-1.6747506,-0.4568767,0.66200423,0.7012022
0.48014352,0.36852187,-0.34495428,0.115405336,1.3838264,-1.1079996,-1.8064967,0.9232554,0.58811045,1.8851181,0.23079522,1.0,0.07051062
0.6042753,1.0892229,-1.2103399,0.78971595,0.79648024,-1.5386337,-0.77099353,0.59590745,-0.20548673,0.1804526,0.3979497,0.34032032,0.71350044
0.2758622,-0.22107857,0.2217189,0.29490975,-0.46543926,-1.4011039,0.15666541,-0.24827448,-0.29321232,-0.1578084,-0.3107968,0.01834827,1.0
-0.6049223,0.24138108,-1.0263876,0.42785683,2.1846802,0.9002309,0.11616704,0.7369476,1.5969225,2.2838242,0.76851434,0.4107322,1.0
-0.50147635,0.43675962,-0.42950103,0.7771604,-0.37178597,-0.44096345,1.3450749,0.44843662,0.8558444,-1.3978812,-0.5551449,0.0,1.0
-0.13263346,0.75043684,-1.8997102,-0.17813021,-0.34915692,-1.5386337,-0.5860809,-0.30934998,-1.8548527,0.6424813,-0.13041216,0.14997588,0.97086906
-0.38911015,0.30187574,-0.5994283,-0.97236925,-0.453545,-0.05641183,-0.28966945,-0.5782776,0.5953488,-0.7485236,-0.83995515,0.11637539,0.25644898
-0.44720644,0.11867985,-1.2369621,-0.80620563,-0.19590539,-0.69362366,0.16526219,0.001693964,0.7203786,-1.1373762,-1.3786823,0.0,0.8790745
2.1997454,0.9276505,0.5313679,-0.6747221,1.3568015,-0.840192,-0.52504116,0.83914447,-0.47855347,0.75501186,-0.17002259,0.41531056,0.5940609
0.41880533,0.3722136,1.3572941,-0.97236925,-0.92007434,-0.4661255,-0.7033182,-0.78961486,-0.121960714,-0.773941,-0.02972118,0.044902585,1.0
2.2015324,0.68983924,1.0213382,0.58106977,1.2499882,-0.7384643,-0.25027156,1.6004584,-0.52654403,-0.18595825,-0.936199,0.42677644,0.6350678
-0.787092,0.8374339,-0.21047404,-0.055014312,-0.46585825,-0.55553144,-1.6261094,-0.12885217,-0.70362556,-0.49832064,0.5694361,0.123726755,0.94548994
-0.39233693,1.153546,-1.0847554,0.25214472,-0.026263898,-1.4187393,-0.28676406,0.160135,-0.207919,-1.2860122,0.10338169,0.0,0.679842
-0.2628679,0.79269975,1.0271976,-0.2616855,-0.93371063,-0.44296128,0.25253907,-0.284172,-0.8282103,0.17875168,-0.2965117,0.0,1.0
0.17148562,4.7222033,-2.1915398,-0.64115125,-0.29164392,-1.5386337,-1.5376488,0.34523836,0.80921054,-1.1178172,0.100396365,0.53265476,0.6685827
-1.0136759,-0.49840105,-0.39510086,2.0921228,0.8931633,1.5242487,1.0416749,1.0646821,-0.6751769,-0.31347418,-1.7593788,0.0,1.0
-0.5090407,2.8372912,-2.1915398,0.4462374,0.41357276,-1.5386337,-1.8718446,0.47297686,2.6904275,0.24695675,1.0661867,1.0,0.0
-0.23896693,0.2764846,-1.9015163,-0.08537617,0.3013796,-1.2331837,-0.9922645,0.41359508,0.5500041,-0.37185395,0.25749218,0.35918432,0.059284426
0.65312624,3.8006725,-2.1915398,0.00010190345,0.37126526,-0.87148076,-1.8718446,0.85727763,0.9375063,-1.0717734,-0.62821186,1.0,0.15624021
-0.5971753,0.13214071,-1.5406027,-0.97236925,-0.269713,-1.0157474,0.26023158,-0.72872424,-0.72400475,-1.0040333,-1.7593788,0.0,1.0
0.27494287,0.4533399,-1.349521,0.83278435,1.3632277,0.08262797,0.19302642,-0.07030921,-0.85424304,-0.8838604,-0.43342453,0.030083254,1.0
1.7271928,-0.28718597,0.18461893,-0.97236925,-0.507667,-0.6228946,-1.7621237,-0.87176853,-2.183889,-0.34469885,-0.022002222,0.15619121,1.0
0.5373465,-0.14299795,0.7281167,-0.3757236,-0.93371063,-0.89301294,-0.3508313,-0.25386465,-0.30518687,0.046103615,0.62093437,0.0,0.717719
1.0286126,4.11567,-1.1121527,-0.37282497,0.60206664,-1.5386337,-1.8718446,1.1943645,2.7518206,0.5888986,1.0381896,1.0,0.0
1.9904776,3.2046623,-2.1915398,0.003510992,0.71379346,-0.7919353,-1.2866173,0.57366437,-0.38944483,0.847245,0.463454,0.7321565,0.15299392
0.7446833,4.7222033,-1.8136321,-0.97236925,0.7462479,-1.2820293,-1.7282946,0.31110698,0.64035904,-0.82200074,0.12605189,0.9183026,0.27271998
-1.4140664,-0.77714497,-1.4371196,-0.5148606,0.0079571605,-0.4256004,0.114202425,-0.82819366,0.5761586,-0.25423926,-0.9469932,0.0,0.7677295
1.4042664,-0.5439988,-0.26164147,0.1755232,1.427517,0.44759387,-0.08708627,1.1059701,-0.9690809,0.30539006,-1.2466058,0.098709,0.9784198
0.084759474,3.2746706,-2.1915398,-0.97236925,0.7627089,-1.5386337,-1.8718446,0.31836334,1.8620132,0.50120735,0.32285792,1.0,0.0
-0.26605234,1.0121979,-1.7539067,0.020110913,0.4851534,-0.89030135,-0.8541582,0.6939027,0.5227717,-0.75948,-0.98782074,0.35083854,0.5912218
-1.775518,-0.02123208,-0.93889403,-0.41998208,0.7579888,0.81411856,1.305794,-0.19650857,0.5736228,-0.33232272,-1.201412,0.0,1.0
-0.7609319,-0.31885362,-0.8372249,-0.28625137,-0.20336601,0.9957197,0.5618578,-0.15584585,-0.39300156,-0.19389533,-1.5867158,0.0,0.9602817
0.069901936,-1.0442101,-0.055043474,0.7935091,0.979592,-1.4822097,0.036933847,1.113728,0.12506391,0.25595266,-0.85546833,0.040398333,0.49458304
-0.5856911,-1.0442101,1.5505509,-0.4927834,-0.93371063,-1.4043576,-1.3767724,-1.5922731,-1.1803025,-0.8207099,1.8658206,0.104113385,0.77746356
-0.07669172,0.12714845,-0.031722113,-0.38881502,0.21073914,-0.90763795,0.20211746,-0.19998376,-0.25332335,-0.9632744,-1.2750823,0.0,0.77311444
-0.5935208,1.3328311,-0.13968585,-0.16552795,0.31723413,-0.99588776,0.5109203,0.30702806,-0.75277406,0.73116505,-0.6004065,0.0,1.0
0.46029794,-0.048182163,1.0747145,-0.2651869,-0.93371063,-1.3319471,-1.4539448,-0.96014506,-1.0705556,-1.1321272,0.76730806,0.0,0.66809106
-0.47285444,-0.22713563,0.43422744,1.6205662,0.24751629,0.078954026,0.63940245,0.84628457,-0.8793121,-0.8087259,-0.836039,0.0,1.0
-0.37198105,0.8756351,0.6204269,0.7656702,-0.52863616,1.8399504,1.7761151,0.41372478,0.29563072,-0.66311413,-1.1492395,0.06283854,1.0
-1.6439505,-0.04133861,-0.84783685,0.3681476,0.44165578,0.58470714,2.317571,-0.05510832,0.97931224,0.2754224,-0.463665,0.005891907,1.0
-0.20868789,-0.31455922,-0.67693317,0.1437925,0.5492165,0.41995138,0.7285467,0.103778735,0.88307303,-0.59271574,-0.8799966,0.0,0.82852495
1.1965117,4.6559486,-2.1915398,0.21828298,1.9547501,-0.46751338,-1.8718446,1.7367737,0.69545907,0.9052338,0.23713033,0.9927546,0.0
0.33436358,0.40363988,0.6839318,-0.15351948,-0.714443,-1.3960934,-0.6263802,0.42487752,-1.2572814,-0.038687307,-0.75440705,0.24037963,1.0
0.62280184,-1.0442101,-0.62090063,-0.72927946,0.66578007,1.0779036,0.87296253,0.6909607,2.1455445,1.9694674,-0.45752776,0.0,0.51690793
-0.43561625,-0.37927508,-0.5241555,-0.34626058,-0.20561548,-1.0139383,-0.7091779,-0.73995095,-1.1343904,-1.6747506,-0.26097122,0.0,1.0
1.564611,3.6739693,-1.7565904,-0.37232012,1.0534469,-1.3351071,-1.480391,1.0005982,0.05384534,1.1311073,0.20051289,0.8337151,0.38146755
-0.8553107,0.4849303,0.095712,-0.6668581,0.09965761,-0.12889579,1.1392704,-0.4156386,1.0916721,-0.49611324,-0.31657094,0.0,1.0
-1.8122938,0.7347103,-0.8553786,-0.58962345,0.3059679,0.5477112,1.8380874,-0.5446602,1.6443222,-0.31904954,-0.6476271,0.0,1.0
-1.0143616,-0.40929303,0.2957127,1.5775741,-0.02277639,1.4498178,1.6081696,0.8389871,0.4320441,-0.013679294,-1.7223296,0.18502985,1.0
0.8088028,0.225596,0.42852706,-0.5786288,-0.23999843,-0.8727503,-0.31881908,-0.024580363,-0.77981323,0.6638021,-0.30208188,0.0,0.8795677
0.8977176,2.3446915,-1.2878902,-0.39258587,1.4353133,-0.8283327,-1.1708201,0.7569803,0.14853504,-0.029905986,0.0684847,0.86113393,0.11200105
-0.9347283,1.2342495,-0.0051331567,1.9325774,1.3266386,0.9871197,1.4877578,0.8040401,-0.5237841,0.96622306,-0.7433353,0.0,1.0
-0.6269158,-0.8936947,-0.92394096,-0.53449965,0.57284254,-0.34967124,0.85967517,0.40051848,0.47143596,0.35433948,-1.6701211,0.0,1.0
-1.8776025,0.21763818,-0.2738901,0.36109674,-0.5043803,-1.5386337,-0.33268356,-0.32940024,0.83313745,0.47735488,0.867911,0.0,1.0
0.6413193,1.6367013,-0.5776412,0.21681106,0.46023554,-1.4348328,-0.88544065,0.2767153,-0.93962085,2.2838242,0.71268755,0.44626018,0.81221807
-1.2569602,0.097001836,0.4387974,0.96853197,0.009554591,-0.7274269,0.5566929,0.15703732,0.37537906,-0.7478153,-0.030040849,0.065601096,0.67346907
-0.43295228,0.26730356,-0.25576767,0.1937182,0.30658898,-1.5386337,-0.62316686,-0.13796149,-0.54562044,-0.5743848,-0.060639385,0.0,0.7660326
-1.8776025,2.3096519,-2.1915398,-0.71380585,-0.4106542,-1.0553492,-0.43239564,-1.0940136,2.457559,-0.10145716,0.62546474,0.30369788,0.6370973
-0.3447166,-0.20577507,-0.91198444,0.01659333,0.005307587,0.20856494,-0.17153968,0.56382877,0.21045485,0.22760528,-0.46628958,0.3308906,0.72093123
2.346819,0.06458331,2.8018205,1.430435,0.28323248,0.4266746,0.5366672,1.6559044,-0.8501047,-0.08625096,-1.5090007,0.29204625,0.95263386
0.8148055,-0.2825075,0.29023242,-0.49288842,-0.43286452,-0.72811997,-1.0394324,-0.67442167,-0.8063536,-0.9514016,0.040000755,0.3258433,0.6686197
-0.024647355,-0.20732121,0.11758397,-0.49229187,-0.4219981,-0.942326,0.03134879,-0.2555459,0.29349357,0.10415607,0.061629117,0.069668405,0.61174387
0.62075084,4.7222033,-2.1915398,-0.97236925,2.24456,-1.2962908,-1.8718446,1.1703632,2.137509,1.7898308,0.6334144,1.0,0.0
-1.4024554,-0.4888991,0.56114674,0.13094284,1.2431982,1.3948509,1.7470679,0.54535186,1.205522,0.75964874,-0.21405503,0.0,1.0
-0.43925735,-0.20567946,-0.5390434,-0.8687595,-0.36881432,-0.65316385,0.81959283,0.18443152,1.2478447,0.16400526,-1.4047989,0.0,0.91003555
-1.0387182,1.0972275,-1.874428,-0.39795837,-0.11727519,-0.88389915,-0.6963508,-0.79629165,-1.1785297,-1.6747506,-1.288613,0.0,1.0
-0.23995318,-0.48456895,-0.1064637,0.06752079,-0.21103813,-1.5386337,-0.016681341,-0.6043946,-0.1994928,-0.17674433,0.5637068,0.0,0.89839476
-0.39845973,0.0007479945,0.58188236,-0.5594461,0.12134087,-0.6017116,-0.30246213,-0.4655225,-0.27764925,-0.9765901,-0.49884897,0.0,0.79970837
0.8342544,4.2910085,-2.1915398,-0.97236925,0.37698424,-0.47105682,-1.8195264,0.7768843,-0.09368738,-0.5578904,-1.7593788,0.68142533,0.018260038
-0.5949281,-0.048369076,-1.1519176,-0.94618213,0.45156074,-1.0500745,-0.73641974,-1.4123136,-2.1665027,-1.4176912,-1.4315572,0.0,1.0
-0.33434078,-1.0442101,-0.7599563,0.043332823,0.6062304,0.0606279,0.5433344,0.8267578,-0.34905535,0.3998071,-1.7593788,0.16153108,0.6921922
0.93719757,1.5265989,-0.71409935,-0.3887016,0.03615096,-0.97525644,-1.583352,0.68944716,0.7397713,0.7751413,0.056878686,0.9446613,0.06465565
0.38876152,0.9062038,0.5379765,-0.6215931,-0.93371063,0.060322024,-0.4683171,-0.42396867,-0.539768,-0.82620597,0.12251526,0.0,1.0
-0.31588003,1.0529436,-0.25133845,0.8009046,0.070065886,-0.2152509,-0.3041634,0.07242456,-0.35698822,-0.19120824,1.2388322,0.0,0.7194538
-0.8022161,0.15920825,0.28243226,0.14522621,0.012356911,-0.2981335,0.7778975,0.10602392,0.2425795,-0.9052284,-1.5005358,0.0,1.0
-1.8776025,-0.36107105,-2.1711202,-0.84375584,-0.2156894,0.45238364,0.54499876,-0.93256783,1.3805788,0.30673152,-0.0049402155,0.0,0.96700627
-0.19588107,0.92916137,-0.6392288,-0.40720266,-0.13756958,-0.8934863,-0.032644264,-0.39672548,-0.21038917,-0.74069685,-0.64246106,0.060104255,0.282382
-0.5410597,0.7187213,-1.3767872,-0.7689008,-0.50855476,-0.81373703,-0.76912653,-0.34763092,0.04170019,-0.858593,-0.4039672,0.11734241,0.8875071
0.011178527,0.63034177,-0.59902745,-0.59583944,0.08295387,-1.5386337,-0.11264978,-0.060992282,-0.47589725,-0.7721726,-0.5530318,0.0,0.65993893
0.48140657,-0.5555611,0.8400889,-0.1319847,0.094257,-1.5386337,-0.6614056,-0.44938722,-0.034730203,-0.13709737,0.62109035,0.33677945,0.31222123
-1.1399345,0.14146881,-0.5010692,2.1267874,0.6154135,2.7011364,1.5839798,1.3368196,-1.521176,-1.1898214,-1.7593788,0.0,1.0
-1.4218774,-0.25205097,-0.8617533,-0.40600833,-0.14182793,-0.108620115,-0.108879425,-0.518726,1.4838955,-0.34972954,-0.038348865,0.0,0.4470017
-0.81859976,-0.36313045,-0.2429783,-0.8642616,0.30646676,1.6574086,1.181258,-0.5949619,1.0356461,1.041765,-0.5596445,0.0,0.79546
-0.21527258,-0.40853974,-0.010960498,0.28635386,-0.06728754,-0.6951268,-0.83344674,-0.5202967,-0.94394463,-0.61763436,-0.31178218,0.0,0.522917
-1.0924082,1.2648716,-2.1915398,0.18444973,0.059932347,-0.959429,-0.6665836,-0.36938986,-0.20860304,-1.2515457,-0.28480577,0.041406285,1.0
-1.6284688,0.60248125,-1.7364595,-0.43231145,0.20299263,-0.2645124,0.76947767,-0.89281976,0.5708429,0.40910316,-0.13005762,0.020946316,0.9277444
-0.08606453,-0.2772764,1.1738875,2.1267874,1.0271702,2.8354425,1.3525606,1.3976971,-2.0935667,-0.4372108,-1.7593788,0.0,1.0
-0.045328133,1.2013818,-0.73066366,-0.6181353,-0.438842,-0.6913436,-0.44979638,-0.5004623,-0.065652676,-0.66971207,-0.19863671,0.13121876,0.98168546
0.21182203,-0.24863455,0.47489193,-0.75981,-0.6186296,-0.75693196,-0.6364675,-0.9223298,-0.33343062,-0.9193866,0.062690325,0.0,0.7457309
0.09632143,3.2313476,-2.105768,-0.10520468,0.04741172,-1.1160295,-1.2507259,0.649203,1.0320058,0.47401875,0.42564017,0.8316647,0.19625075
-0.18336338,2.14932,-0.5193321,0.62598526,-0.61491185,-1.3909917,-0.947835,0.7041403,1.666971,0.45038515,1.2232599,0.38278726,0.54127693
0.40584835,-0.5471299,-0.2422889,-0.54534453,-0.23106521,-1.5386337,-1.0768495,-0.0926252,-0.9263554,-0.41916,-0.39337552,0.40678442,1.0
0.152564,-0.16082835,-0.065632366,-0.14575756,-0.43928546,-1.1457027,-0.84715337,-0.52234215,-1.8510903,-1.2404218,0.10143821,0.0,1.0
-0.7308717,2.5729566,-2.1915398,0.39113128,-0.7487435,-1.5350381,-1.4672883,0.12962592,1.6857085,-0.54281783,0.58782357,0.87662125,0.8412112
-0.572347,-0.061784673,-0.116073854,-0.3912964,-0.47241467,-0.6359916,-0.058146227,-0.01992274,0.52365774,-0.12689315,-0.5163612,0.16066651,0.4316473
-0.80916584,1.2741992,-1.0484517,-0.115996204,1.4199306,-1.0423127,-0.3749045,0.34899598,1.9498979,2.2838242,0.55705976,0.62100965,0.060445134
0.05922012,2.3350315,-0.5723056,-0.24588722,-0.632825,-1.5386337,0.14279687,-0.058663007,0.6498631,-0.27332765,1.0672188,0.0,0.6123957
-1.845796,0.08849236,-0.05851174,0.08225079,-0.13516487,-1.4250853,0.3420125,-0.5409454,1.1989063,-0.14786056,0.42843485,0.20562488,1.0
-0.7804187,-0.25333527,-0.8090802,0.38947845,-0.30758366,-0.97689617,-0.73588276,-0.4435167,0.20838588,-0.4916396,0.5749038,0.0,0.623015
-1.4528482,0.05974614,0.40636924,-0.93772364,-0.29898226,-1.5386337,-1.4309478,-1.5922731,-0.2103991,-1.1209837,1.3432935,0.0,0.9716493
0.44564682,1.1934206,0.76178277,0.52581525,-0.72610193,-0.3447675,0.13086198,0.19759728,-0.7663186,-1.6747506,-0.19545893,0.0,0.8079546
0.7353243,3.0529354,0.08398988,-0.37614655,0.32897025,-1.5386337,0.14404234,0.5789354,0.3011913,1.5901173,1.0003371,0.0,0.72514325
-0.14496318,0.31951463,-0.05710333,-0.3362041,-0.31448743,-0.015258163,0.20349157,-0.23738036,-0.33220407,-0.6883639,-0.5153774,0.014221226,0.8001275
0.42549843,0.3288786,0.25629422,0.6646172,-0.28045186,-1.3659708,0.12443569,0.51248354,-0.5387518,-0.45023245,-0.46776533,0.23035096,0.23604608
-0.024289599,-0.103191674,1.8034898,1.524121,-0.5530471,2.250127,1.3628901,0.9913744,0.70000845,-0.3967067,-1.2638031,0.25743756,0.8221311
1.2053387,0.6274355,0.5289024,-0.60705465,-0.93371063,-0.0008998886,-0.48579353,-0.47009304,-0.093582086,0.21774839,1.154166,0.27603567,0.16232206
-0.0630833,1.2233057,-0.6651068,-0.14703141,-0.57044405,-1.1779311,0.5309959,0.41116253,-0.30585447,-0.52468586,-0.45548528,0.0,0.63611484
-0.12603334,-0.0058847573,-0.8192922,-0.8106135,-0.056972224,-0.9395125,0.042334966,-0.2570895,-0.2452245,-0.4251638,-1.5283089,0.0,0.68819547
0.48943606,-0.5627457,0.6606036,-0.6985848,-0.93371063,-0.96430916,-1.3671687,-1.1270274,-0.46831542,-0.97841287,1.4338143,0.11710467,1.0
2.9632957,-0.55058205,1.7478808,-0.049089596,-0.5110541,0.034393005,-0.7271912,1.1031905,-1.1963646,-0.18656886,-0.56144094,0.0,0.5283184
-0.7857244,1.6051089,-2.1915398,-0.88393635,-0.6610705,-1.3170481,-0.92466414,-0.3081724,1.5170367,-0.931168,-1.4633181,0.4385816,0.3374479
-0.89565986,0.3040308,0.17823218,0.34657636,-0.55559665,-0.8189675,-0.3960769,-0.65728724,-0.079881236,-0.34609097,0.89834154,0.0,0.75716627
-0.7930151,1.4035008,-0.6699827,0.3700296,-0.22577967,-1.3962054,-0.37934735,-0.0048845783,-0.3903076,-1.476441,-0.3086574,0.0,0.6925507
1.2030385,0.6044252,1.4803867,0.23703156,-0.8414631,-0.39034826,-0.08711984,0.29204756,-0.72021884,-0.9240214,-0.42709517,0.054019652,0.7635096
-1.6726689,-0.123990625,-2.0612783,-0.19054273,0.6160476,1.7967353,1.3818417,-0.8911352,1.1764594,0.72478604,-0.18035795,0.0,1.0
-0.18081808,-0.3908669,-0.06178587,0.5398521,-0.5457127,-0.46371198,-0.4282088,-0.4915013,-1.0530133,-0.7779442,0.28350878,0.0,0.41544706
-1.8776025,-0.73832685,-0.31858408,1.5777079,2.0550919,3.8802636,2.317571,0.23382531,1.0234289,2.2838242,0.5745652,0.0,1.0
-0.35389856,-0.17889233,-1.6997066,-0.97236925,0.19804822,-1.4315003,-0.3068159,-0.8785514,-2.183889,-0.76821846,-1.5826592,0.0,1.0
-0.603358,0.0916954,1.2933931,-0.9033275,-0.93371063,-0.80487674,-0.1619194,-1.3737816,-0.051783618,0.24527003,1.5077771,0.041859467,0.8188198
0.7100641,2.3651407,-0.45757753,-0.23291405,0.80657303,-1.0171537,-1.1127503,0.54736817,0.84057236,1.1569123,0.4132039,0.74770886,0.46281797
1.6404089,0.98615074,-0.19051082,-0.21035439,3.394816,-0.6490721,-0.5184082,0.5461342,1.4396536,0.48523623,1.0952667,1.0,0.0
0.26550576,-0.21811017,0.16580558,2.0993452,1.3200477,-0.123977736,1.0627733,1.4608607,-2.183889,0.12704578,-1.2433804,0.051704206,0.5382426
-0.19864605,2.2014327,-0.6431799,0.95600367,2.422827,0.15216559,0.26635346,1.346878,0.21181321,1.2164614,-0.26756042,0.88684434,0.25201607
-0.79819894,-0.7889515,-0.48293528,-0.4664623,-0.2514394,-1.1024985,-0.35749853,-0.8467671,-0.20750853,-0.03461774,0.08856247,0.0,0.76480836
0.034595534,1.7796481,-0.5477977,0.6409827,-0.030214902,0.6457187,1.1888819,0.36954445,-0.6345356,-0.21997444,0.08747633,0.0,1.0
-1.4697379,-0.4337388,0.174902,-0.19240218,-0.5469215,-0.30546534,-0.046781987,-0.74076873,1.711684,0.49744493,0.97260416,0.0,0.8747352
-1.7507118,-0.66115206,-0.94841325,1.9851202,0.49009785,1.8261689,2.317571,1.3038958,1.1502725,-0.6325843,-1.7593788,0.0,1.0
-1.3893286,-0.1950099,0.04255359,0.33050385,0.20921992,-0.32026416,1.3363771,0.16213565,-0.32464617,1.7910956,0.13323008,0.0,1.0
3.3844666,3.6642783,2.344507,0.014420965,3.1785553,-0.93332094,-0.5004329,1.7367737,-1.5722761,-0.82858527,-0.6505352,0.92006433,0.71359974
-0.28960255,0.5443054,1.4233494,0.14098206,-0.84070075,-0.76642233,1.1955096,0.61479217,0.11985891,0.1894677,-1.2989358,0.321301,0.9708428
-1.2980394,-0.5741995,0.023831027,0.018738195,-0.42629704,0.5950474,1.4271498,0.15700708,1.6216023,-0.18598941,-0.18575303,0.0,0.4764479
0.59418315,0.58784485,1.3272978,-0.29926074,-0.35253266,-0.39888686,0.5954371,0.3900146,0.6168552,0.18423848,-0.17991245,0.004255605,1.0
0.7151351,-0.18473549,0.154293,-0.0033867736,0.5076324,0.62025315,-0.18902637,0.9208109,-0.12679705,-0.28525752,-1.6293269,0.4535115,0.67917114
-1.0839576,-0.078473836,-0.30011755,-0.9177896,0.11323103,-0.90913975,0.55012524,-0.024746843,1.6489474,1.2262866,-0.38365012,0.27047613,0.83336174
0.0975378,0.2650464,1.4391177,-0.62298423,-0.20208693,-1.1538376,-0.6078837,-0.501847,0.55017966,-0.4046902,-0.05440832,0.0,0.49131763
-1.0337538,0.34779012,-1.1904647,-0.97236925,-0.14645885,0.3981728,0.017741475,-1.2508818,-0.5244059,-0.8760628,-1.0703385,0.0,1.0
1.3917195,2.1013665,-2.1500862,-0.18529399,1.9878359,-1.5386337,-1.8718446,1.3164008,1.2955794,0.18013814,-0.73292154,1.0,0.0
-1.1341801,3.973266,-2.1915398,-0.16306144,1.7376866,-1.2558085,-1.8718446,0.47331682,2.7518206,1.1249437,0.7893468,1.0,0.0
-0.09466853,-0.42439368,0.67279243,-0.43364903,-0.45530102,-0.38199723,-0.017223671,-0.1645853,1.0100094,-0.1424895,-0.08735119,0.0,0.45316958
0.2469857,1.6468533,-2.1915398,-0.41017428,-0.3281701,-1.009925,-0.6481966,-0.01877604,0.4311507,0.6923091,-0.52864075,0.8261683,0.59538937
1.4224068,3.8046703,-0.46280235,-0.25200784,3.7496517,-1.0175502,-1.2404913,0.84390193,0.5508144,2.2838242,0.9231811,1.0,0.0
-0.19606605,0.17021433,0.11052979,0.3412973,-0.7441585,0.83918893,0.46797428,0.025582373,1.0846077,-0.0051386748,-0.298463,0.0,0.91325873
0.09449217,-0.23637912,1.3701854,1.2614529,0.5930863,-0.19703415,1.5587279,0.90420383,-0.15403938,-0.44961405,-1.6130254,0.034433573,0.9936164
-0.1381693,-0.6746361,-0.2856729,0.29146636,0.5489608,-1.0934967,-0.2580376,0.28588223,-0.006080268,0.042715497,-0.9887704,0.0,0.7069887
-0.2893863,0.65390956,0.9425668,-0.33351445,-0.4096668,-1.1458404,-0.7916698,-0.12471801,1.0472502,0.49499726,0.15726383,0.5604544,0.52668005
0.7295381,-0.22659406,0.46615958,-0.97236925,-0.4582027,-1.5386337,-0.6293909,-1.025013,-1.735739,-1.1415728,0.22314884,0.26019925,0.9889906
-0.47798815,-0.32535762,-0.52977467,-0.65132153,-0.12279256,-0.13942209,0.08900597,0.14742076,0.014032524,-0.09882572,-1.3261381,0.08662996,0.7192392
-0.690433,0.83393294,-0.45777726,0.9748122,-0.2850949,0.55831516,1.0810199,0.37109244,-0.51121426,-0.6134301,-1.4078128,0.0,1.0
-0.66728586,0.20362543,-0.95224816,0.013792976,-0.32809213,-1.3459787,-0.555197,-0.6212552,-1.0808779,-0.6587656,0.67217904,0.0,1.0
-0.0498826,-0.61245567,0.3746032,-0.8071998,-0.9216149,-1.5386337,-1.7628974,-1.5922731,-1.4123223,-0.82477224,1.6307338,0.0,1.0
-0.91360587,-0.20106296,-0.86553884,-0.13183701,-0.1380475,-0.36085618,0.6388558,0.33654833,1.5738952,0.44767904,-0.41560924,0.033182997,0.7714903
0.17743617,2.3255415,-2.1915398,0.16312657,-0.9057262,-1.29721,-1.5544772,0.1453706,0.8954993,-0.68593216,-1.0618868,0.5069366,0.8317587
-1.2123196,0.3349837,-0.056199223,0.09823942,-0.93371063,1.2198865,0.22521016,-0.79809165,0.62643725,0.5276069,0.3924861,0.15408956,0.9512318
-0.17938873,-0.076181784,-0.22883368,-0.28396225,-0.6753446,0.64938194,-0.45225507,-0.3264422,0.06135064,0.101677,0.13460883,0.0,0.2020114
0.47885242,1.8494244,-1.6812645,0.21764395,0.52312267,-1.4165844,-0.36695868,0.5739785,-0.6831282,-0.40623605,-1.1853849,0.47934812,1.0
-0.9515878,-0.2953602,0.15615307,1.7503692,-0.13285664,0.4337002,0.5807547,0.6814908,-1.6214491,-0.08611991,-1.685659,0.0,1.0
0.06184771,0.9474208,0.1254893,-0.31009173,0.86395663,0.28000557,0.37792164,-0.1810875,1.6792512,2.2838242,1.8658206,0.88439363,0.5956416
-1.5326008,2.7369118,-2.1915398,0.9381066,0.78114384,-0.7533011,-1.8718446,-0.16060044,2.4557495,0.993292,1.8658206,1.0,0.0
0.23054424,-0.8324234,-0.7298838,0.29770225,-0.035034403,-1.5386337,-0.7536871,0.3766923,-0.58558255,-0.8275186,-1.1118042,0.0,0.9040872
0.12553246,0.13257529,-1.3893392,-0.020300956,0.05527054,-1.5386337,-0.7030646,0.48770136,-0.66899747,-0.9423092,-1.3630241,0.0,0.7991359
-1.8776025,-0.30403396,-1.9087511,-0.03978832,0.77350444,2.680189,-0.21134765,-0.95804614,2.7518206,1.5897213,1.747481,0.80688363,0.39958555
-0.7054247,0.05323799,-0.12679419,0.10184412,-0.12248652,-0.90782744,-0.1517335,-0.4020793,-0.4071038,-0.98684,-0.3096627,0.0,0.7935712
1.4374132,0.8303101,-1.1484169,0.22641872,0.3668633,-1.0673269,-0.9996576,1.182182,-0.7572215,-0.54455745,-1.0075406,0.06330025,0.61585593
-0.41607144,-0.6749529,-0.583595,1.6084318,0.24067552,0.12865415,0.99121594,1.23181,0.26698104,0.76487464,-1.0916837,0.14862014,1.0
-0.27024606,0.369809,-0.023783749,0.6542983,-0.06598747,0.09282863,0.41415626,0.021252371,-1.2378763,-1.097523,-0.32231057,0.0,0.9667186
1.6831275,-1.0442101,0.56012183,-0.028083783,0.5923945,-1.5386337,-1.8718446,0.4610477,-1.6775628,0.38027513,-0.37341297,0.31649548,0.51598054
0.012011735,-0.07141273,-0.15670568,-0.6042344,-0.16121146,-1.2401261,-0.92071,-0.1635904,-0.033262253,-0.707378,-0.49460405,0.034464356,0.5814873
-0.5225715,-0.11491406,0.3177141,1.5667564,0.15736713,0.61722094,1.3656024,0.9572018,-0.41256887,-1.2210449,-1.4368736,0.0,0.8644743
-0.15564041,-0.43740463,-1.0375366,-0.95367485,-0.30544308,-0.9153449,-0.55922824,-1.3346593,-1.5507208,-0.4251424,-0.083563134,0.0,1.0
-1.0137838,1.0991801,-0.5267033,0.7362963,-0.5681194,-0.36869115,0.5666957,0.2715257,0.21335226,0.42512453,0.6180639,0.0,0.74662215
-0.7245517,4.1181235,-2.036764,-0.6519524,2.969039,-0.58349067,-1.8718446,0.24338251,2.7518206,2.2838242,1.8658206,1.0,0.0
-0.66748124,0.92601526,0.831562,-0.9716528,0.05209438,-1.5386337,-0.79644746,-1.1616502,-1.1024315,-1.3304032,-0.5916431,0.0,1.0
-1.8776025,1.3679346,-0.9335128,0.14566565,0.21186519,1.1835243,0.94196904,-0.89271015,2.7518206,2.2468457,1.8658206,0.37132996,0.23359142
-0.43056706,0.3659361,-1.3907189,-0.1413417,-0.10229422,-1.0918139,-0.9131724,-0.5715326,-0.0520253,-1.5686909,0.6397998,0.15923704,0.88392925
-0.17316586,-0.17182814,0.22517177,-0.031588327,-0.30694732,0.78030145,1.1161802,-0.13312948,-0.44346008,-0.28862154,-0.8625799,0.011678202,0.65982467
-0.5355911,0.46901542,-0.5547559,1.681724,0.2518172,0.4857335,0.84947616,0.3728711,-0.64264977,-1.6747506,-0.71097034,0.0,1.0
-0.57108885,-0.038046587,-0.88487476,0.40979138,-0.5174089,-1.5386337,-1.4001081,-0.3240402,-0.29818898,-0.25479788,0.36463922,0.0,0.7463322
-0.29655898,4.7222033,-2.1915398,0.2026324,1.0519779,-1.3162264,-1.8718446,0.7055369,1.1126446,-0.653238,-1.1002706,1.0,0.0
-0.13194002,-0.22231598,-0.23133123,-0.95427865,0.1766224,-1.5386337,-0.26148307,-1.2178893,-1.3962802,-1.0560265,-0.54869497,0.0,1.0
-0.18006438,-0.48602033,0.6258316,-0.465533,-0.5334875,-1.5386337,-0.8080742,-1.3091404,-1.0206267,-0.8431333,0.5318873,0.0,0.68725324
-1.8776025,-0.52660006,-1.6786474,1.0526192,-0.23818551,1.9904492,2.317571,0.32196254,0.94482017,1.0653353,-0.26957232,0.0,0.81097347
1.3009044,0.6320034,-0.26806277,-0.47319514,0.16527915,-1.1659613,-0.75318944,0.4130278,-0.35465118,0.6315305,-0.28857005,0.38914594,0.64766914
-0.97421247,3.615097,-2.1915398,0.34850854,1.1664845,-1.4777356,-1.8718446,0.44715974,2.456269,0.7844782,0.22792093,1.0,0.0
-0.99142706,0.07510632,-0.58805144,-0.5631269,-0.016376596,2.7422335,1.1029913,-0.6126515,1.2863942,-0.15210287,-1.3443046,0.0,1.0
-1.490338,1.9908977,-2.1915398,-0.12737171,-0.35641563,-0.7282504,-1.8718446,-0.64779043,2.7518206,1.6672392,1.8658206,1.0,0.15644275
1.7784504,1.2878199,2.8018205,0.8337601,0.38619488,0.08488384,-0.26952228,0.98032767,-1.0154587,0.83277756,-0.6191282,0.0,1.0
-0.11336707,-0.50363743,-0.68975717,0.3129398,-0.035241596,-1.5386337,-0.54761994,0.539932,-0.114419885,0.8796879,-0.22774696,0.11370812,0.6099552
-0.13953397,-0.58440584,-0.34500498,-0.24268843,-0.5434248,-1.2910746,-0.32660446,-0.5355379,-0.5986759,-0.598699,-0.42130888,0.0,1.0
-0.3636407,-0.4137231,-0.23589799,-0.05208814,-0.5831341,-1.2953207,-0.33997658,-0.111014396,1.0378187,-0.24447353,0.19707566,0.0,0.6969692
-1.0436659,1.2412299,0.21490072,-0.035602216,3.3543024,-0.7888136,1.0357878,0.055945553,1.1886194,2.2838242,1.8658206,0.13102715,0.5170145
-1.7194107,1.2677722,-2.015693,1.1608739,0.46372625,-0.6758325,-1.8718446,0.18203679,2.7518206,0.99878234,1.8658206,1.0,0.0
0.073216006,0.8722353,-1.6851846,-0.45047858,-0.14079177,-0.9661279,-0.7733615,0.02483209,0.5921437,-1.4090002,0.67916185,0.26341978,0.5953489
-0.2597803,4.7222033,-2.1915398,0.12588504,1.502186,-1.5386337,-1.8718446,0.85045165,2.3765326,-0.81840307,1.3788635,1.0,0.0
-0.5550236,3.364347,-1.2517128,-0.4744809,-0.23321803,-1.5386337,-1.1456205,0.9717057,2.1279476,0.13332644,0.12350112,1.0,0.64399356
-0.32540807,-0.21582721,0.06449621,0.6071887,-0.83011353,1.9404256,0.5139603,0.14151832,0.10966991,-0.008868702,-0.6316223,0.012030658,0.82914776
0.58426213,0.5212016,1.1568791,-0.97236925,-0.60404336,-0.959877,-0.6775352,-0.32717064,1.3384676,-0.93972003,0.0020195525,0.0,0.9237456
-0.3521339,-0.29530758,-0.97239864,-0.86203206,-0.10485539,-1.2469095,0.44133303,-0.63958555,-0.7776332,-0.36823416,-0.9725301,0.0,1.0
-1.0495614,-0.5056971,-0.22027686,-0.3026447,0.30155623,-1.0311122,1.1302714,-0.31309462,-0.052315425,-0.09898417,-1.3440598,0.0,1.0
-1.2585437,2.511088,-1.159787,-0.6980173,-0.15297896,-1.483659,-0.96368474,0.05221867,1.6691566,0.038928077,-0.06543948,0.5771015,0.37552342
-0.66834617,-0.46429378,-1.5253286,0.11110846,-0.93371063,-0.32596797,0.95231146,-0.3625671,0.4661076,1.1981028,-0.08300221,0.0,1.0
0.88285,-0.38112625,-0.38672903,-0.021257881,-0.14018472,-0.61473584,-0.67750037,0.16202302,-1.0632467,-0.7309036,-0.44815058,0.12545855,0.5296714
-0.17077436,-0.30677658,-0.09945354,0.47348386,-0.35122684,3.7976675,1.5338356,0.047777575,1.0537481,1.2593167,-1.0048256,0.12436311,1.0
-0.5888715,-0.25811166,1.2347612,-0.97236925,-0.66573983,-1.5386337,-0.73769426,-0.69673777,1.2360681,-0.54000944,0.25450563,0.34813112,0.8726992
-0.07515583,-0.4912709,-0.06230615,-0.1711779,-0.14619038,-1.5386337,-0.72956765,-0.45847672,-0.09208509,0.33243728,0.17946827,0.0,0.89649624
-0.60576814,4.7222033,-2.1915398,1.0430087,1.3434645,-1.5386337,-1.8718446,1.0420623,2.7518206,-0.4343518,1.8658206,1.0,0.0
1.0965904,-0.023155563,0.29905885,-0.97236925,-0.93371063,-0.02271454,-1.510688,-1.3796558,-1.2780428,-1.3343993,0.37747514,0.06715115,0.8603084
-0.1356827,1.2379274,-1.3240474,0.32632354,-0.17529514,-0.30543888,0.30570075,-0.17568772,-1.5466424,-1.262916,-1.5278422,0.0,0.8873944
-1.6346973,-0.38942558,0.31865445,0.53933436,-0.12682062,-1.5386337,-1.8718446,-0.52890384,1.3218831,0.012867873,0.8342676,0.38642588,0.016942542
-0.43545762,0.34606382,0.3476696,-0.97236925,-0.6336958,-1.0799998,-0.84929323,-1.5922731,-1.5223564,-1.6747506,0.76170564,0.0,1.0
-0.5582879,0.3212565,0.5977445,2.1267874,-0.2651418,1.9906213,1.6936123,0.83740926,-1.1517347,-1.4349204,-1.5200974,0.0018562842,1.0
0.5349022,1.1712333,-1.2909096,-0.26790997,0.430678,-0.68321395,-1.1629063,0.2672749,0.6988928,-0.49214774,0.046604805,0.92975783,0.12534557
0.9252427,0.42267877,2.6430342,-0.96604025,-0.93371063,-0.25558805,-1.239628,-1.5922731,-1.1751475,-1.6747506,0.3737147,0.0,0.9038495
0.47582844,2.723347,-2.1915398,-0.09096045,0.20782168,-1.5386337,-1.8718446,0.9015797,1.5113301,-0.59094197,-0.35956907,1.0,0.16144606
-0.20447233,-0.37013093,-1.0458156,-0.17075618,-0.14190644,-1.0589725,-1.786643,-0.61987925,0.3477623,-0.8979213,0.6949007,0.3007355,0.76462954
1.3819679,-0.18023595,0.6525706,-0.3121268,2.024084,-1.5386337,-0.061628718,1.4633834,-0.40432116,1.6744287,-0.8382134,0.48217767,0.37103733
0.1216022,1.479634,-0.4135983,-0.26502168,-0.09506258,-1.5386337,-0.49200824,0.41805053,0.5143884,0.32965356,-0.34764236,0.38831633,0.6302171
-0.68815494,0.3353837,-1.4308232,-0.7560161,-0.46123582,-1.0934343,-0.18616503,-0.61492306,-1.0472796,-0.7330022,0.043505743,0.0,1.0
-0.6768502,-0.23749268,-0.8680411,0.13286014,-0.2637282,-0.66312736,-1.1350251,-0.43201378,-0.4842038,-0.97032315,1.0470697,0.15509233,0.9498266
-0.65843004,0.84819955,-1.5516839,0.4001219,0.005060898,-0.9918244,-1.5294871,0.008326376,1.0694469,-0.6854926,0.230321,0.24361296,0.53421724
-1.690936,0.15844578,0.2275398,0.6032934,0.30170444,0.040369913,2.1020226,0.5109731,0.48211733,-0.6301121,-1.7344962,0.0,1.0
-0.985048,0.3698705,0.90913767,1.7554973,-0.7917495,3.147559,1.285009,1.0631475,0.43263537,-0.9823962,-1.4604341,0.0,0.43906012
0.7538169,3.525828,-2.1915398,-0.4198647,0.83555585,-0.5669522,-1.8718446,0.64122206,0.8357735,-0.7538784,-0.54915863,1.0,0.17225634
-0.6457564,0.53144634,-1.5072572,-0.9582966,0.13814189,-0.9143985,-0.37677646,-1.0213541,-2.025455,-1.6747506,-1.7593788,0.0,1.0
-0.48669875,0.4264974,0.835167,1.0332122,-0.39222327,0.06553292,0.64540553,0.3793928,-0.03684915,-1.325277,-0.7805615,0.0,0.6388658
-1.4690316,0.0437705,-2.1915398,-0.43056396,1.60974,0.597352,-0.14159556,0.122233525,1.7133461,-0.18885145,-1.6771487,0.8059441,0.75159824
-0.36494955,0.58895886,-1.2214531,-0.5369264,0.053675886,-0.62456053,-1.0061314,-0.11308394,-0.37666503,-0.47207862,-0.16169342,0.059025686,0.8815904
2.51507,0.6257038,-0.69592994,-0.3798618,4.159454,-1.5386337,-1.8718446,1.7367737,1.3043268,2.2838242,0.5042943,1.0,0.0
-0.89065796,-0.6926444,0.91611457,2.1267874,-0.7224641,3.1808095,2.317571,1.7367737,-1.333061,-1.0550191,-1.7593788,0.08013415,0.7704495
1.1318341,-0.78277814,2.0059888,0.24181058,-0.3518367,-0.90023005,-1.5356206,-1.0162833,-1.3519036,-0.041327707,1.1579996,0.0,0.9963398
-0.61607546,-0.7880942,-0.9236276,0.08128487,1.1908277,-0.025567334,0.8872241,0.18409808,0.3258393,1.5368234,-1.3050177,0.0,1.0
-0.23754956,0.5086065,-0.4617647,0.5016953,0.30775362,-1.5386337,-0.2118044,0.59301656,0.6208744,-0.30140442,0.5015203,0.33835822,0.44033813
-0.7035345,0.3608767,0.88823605,0.5533674,-0.93371063,-0.5386256,-0.2969483,0.05613236,-1.8504521,0.23978439,-0.88127136,0.0,0.062465303
0.00067919865,0.8845665,-0.33177453,-0.5418457,1.330073,-1.5386337,-0.4195841,0.009664003,-0.7470285,0.32222223,-0.77484334,0.10419242,0.5280678
1.0297215,4.2283154,-2.1915398,-0.97236925,0.8254539,-1.3600954,-1.8718446,0.7086084,1.5386473,-1.1658478,-0.14341196,1.0,0.0
-0.15299554,1.6994295,-2.1915398,0.46862042,0.61000806,-1.0088418,-1.8718446,0.6576636,1.2899287,0.41978163,0.37413555,0.7874569,0.1468482
-1.675264,-0.0335917,-0.57723004,-0.82888174,-0.34512255,0.17696115,1.3423667,-0.5384957,2.7518206,0.62973934,0.85230255,0.0,0.88488495
1.0787805,-0.42879292,1.0179001,-0.97236925,-0.93371063,-1.2654986,-1.0475632,-0.7617504,0.3689921,-0.5227171,1.2072396,0.18036827,1.0
-1.6305977,-0.51248246,0.34382713,1.2425337,-0.07591355,2.5664277,2.317571,1.6246433,2.492623,1.0448823,-1.7593788,0.0,1.0
0.26685616,-0.5685643,-0.24427572,-0.97236925,-0.33049417,-0.5467264,-0.40354502,-0.8693544,-0.86788553,-0.29986602,-0.41107398,0.0,0.6731869
1.1137004,0.96191716,-0.2528181,0.18925376,0.7758584,-0.13408384,0.395147,0.27914402,-0.14665894,-1.1885569,-0.34512275,0.5813944,0.18653572
-0.8400142,1.1487305,-1.8488281,-0.52010983,0.045348983,-0.7800386,-1.2103125,-0.20129117,1.5572618,0.661928,-0.21804537,0.54454833,0.25123525
-0.4830839,0.43713257,-0.80248,0.18507876,-0.21348055,-1.3611839,-0.23254117,0.012671867,-0.12737496,0.64658153,-0.26569644,0.17412025,0.8228663
0.21309803,0.050210863,2.0289283,1.9136235,-0.4639393,0.8793927,1.0031753,1.2228609,-0.015398365,-1.0944325,-1.6621356,0.0054658446,0.9838439
-0.62020546,1.1887379,-0.76297534,0.72192526,-0.09722899,-1.2245378,0.2545435,0.49298322,-0.09916591,-0.30090255,-0.9693262,0.040455207,0.8133272
-0.5225141,0.8750767,-0.7907715,0.1383143,0.07112323,-1.2165715,-0.29597205,0.18730518,-0.50868195,-0.1551145,-0.8185689,0.1835186,0.8030299
-0.24512751,-0.19484638,-1.2882518,0.44201702,0.051413145,-1.0168046,-0.03625035,-0.08614342,-0.32209978,-0.97933674,-0.47891027,0.0,0.73509055
-1.1678463,0.89735544,0.9628247,1.6761954,-0.6924391,2.3449779,2.2158194,1.0353985,0.74768907,-1.6135627,-1.7593788,0.0,1.0
-0.030818507,-0.62417144,-0.14124466,0.28253978,-0.26599652,0.18208255,-0.2901583,-0.16927683,-1.3237535,0.36509567,-0.9762788,0.15511079,0.6934328
0.3617257,-0.13758197,-0.57053286,-0.108038425,-0.0040706675,-0.9407733,-0.5288393,0.654673,-0.1758269,-1.4512439,-0.40323567,0.53710836,0.72429687
-0.3649418,0.29690874,-1.1522052,-0.9707877,-0.11512332,-0.6543854,-0.699816,-0.65166444,0.5614256,0.25575304,-0.22285667,0.21912825,0.31036454
0.5770288,0.20208883,1.2118462,-0.03309078,-0.49180722,-0.37664765,0.024632443,-0.11245048,-2.079013,-0.32080024,-0.3795591,0.0,1.0
0.4834732,0.64209443,-0.12993355,-0.7159025,-0.3738522,-0.99776036,-0.6851867,-0.3558117,-0.5660456,-1.5433937,-0.41479564,0.030485177,0.93325907
0.5106,-0.77851295,1.0913311,-0.97236925,-0.28556496,-1.5386337,-1.825808,-1.5922731,-2.183889,-1.2525125,1.1154264,0.0,0.81126755
-0.37626603,1.0947598,-0.33184978,0.95888436,-0.47107992,-0.6752023,0.32048172,0.060577594,-1.2747641,-1.0088408,-0.32575858,0.05982269,1.0
1.1473991,-1.0442101,1.5884533,1.6837994,1.4370351,2.04424,1.0414596,1.496081,-0.9525422,0.2870379,-1.7593788,0.0,1.0
0.5483014,-0.27760643,1.7031552,2.1267874,0.38224852,2.583365,1.3535365,1.1402792,-1.96374,-0.9176864,-1.6979748,0.0,0.90642625
-0.9047945,0.64515,-0.74680847,-0.22880886,-0.41801572,-0.7820082,-0.093165584,0.30429965,-0.24934055,0.0006054677,-0.11908403,0.0,0.64519435
-0.9868952,1.4990658,-2.1915398,-0.73695195,0.06535347,-1.0315087,-1.5049384,-0.30271116,1.0012255,-1.6747506,-0.5497185,0.3053495,0.9610205
1.9520092,4.7222033,-2.1915398,-0.97236925,1.444644,-1.5386337,-0.40615612,0.7826085,0.42440122,-1.2438507,1.5586017,1.0,1.0
-0.5376528,4.405159,-2.1915398,-0.8777342,-0.50711846,-1.5386337,-1.8718446,-0.3905867,2.7518206,0.24646105,1.8658206,1.0,0.058519986
-0.86952674,0.4288147,-0.19148107,-0.38493672,-0.4681724,-0.9556286,-0.697622,-0.36197838,0.10778244,0.02787031,0.5647376,0.0,0.62016696
0.21006083,-0.9527875,0.3691872,-0.48446262,-0.1334032,-1.2767589,-0.7885537,-0.8823452,-0.88932514,-0.33519477,0.17911665,0.0,0.88457054
-1.0576496,1.1280135,-1.3209087,0.19967733,-0.9301136,-1.237495,-0.068824336,-0.19757146,0.60606444,0.39083993,0.8563403,0.04080922,1.0
0.7644078,0.14267014,1.1633693,0.021005306,0.69822645,-1.5087947,-0.72137254,0.5369472,0.18245532,-0.18417658,0.124787405,0.42120317,0.63681597
0.4864711,1.5357714,-0.817672,-0.769916,-0.47010288,-0.8154551,-0.34388798,0.39443165,-1.5247757,-0.59853476,-0.9846099,0.029840495,0.42302516
0.40593863,0.8956166,1.0918292,-0.3198434,-0.46390402,-0.9834876,-0.858897,-0.9595239,-1.8995763,-0.502613,1.3703626,0.0,1.0
-0.59765726,0.055476353,-0.11380041,0.85016996,-0.5515032,2.5275025,1.5496539,0.35909936,0.20067415,0.0056866976,-1.7593788,0.0,1.0
-0.53304726,4.2886443,-2.1915398,1.4187045,1.0782989,-1.5386337,-1.8718446,1.300515,1.6008172,0.21851519,0.8709311,1.0,0.0
0.49511603,0.115056425,0.8774744,-0.4849262,-0.6471794,-0.69973695,-1.0214053,0.030448947,0.27377385,-0.48165667,0.4285928,0.31545892,0.23492654
0.27844533,0.0063793138,-0.82042843,-0.12818886,0.07159303,-1.5277368,-0.6200071,0.5334671,-0.1777732,-0.46694976,-1.3452666,0.34079581,0.6801386
0.14580852,1.9598883,-2.1915398,-0.39971843,0.43785486,-0.71625364,-1.7739974,0.6380772,-0.2958701,-0.6105135,-1.7593788,0.3725122,0.13400477
-0.019348139,2.484227,-0.65528977,-0.28741506,0.4015877,-1.5386337,-0.6915521,0.5807696,1.6610972,-0.24236204,0.0982144,0.5227583,0.5273982
-1.4194443,2.033598,-0.2232854,1.6147294,-0.18913738,3.218158,2.317571,0.24715355,-0.6462161,-0.38489622,-0.94765013,0.0,1.0
-0.78381205,1.6938983,-1.8734043,0.28382304,-0.31915328,-1.5386337,-1.4256397,-0.18126479,0.44679555,0.18537453,0.25301516,0.2748223,0.77628285
-1.8776025,1.3370237,-1.3723686,0.904557,-0.35284698,-1.0738286,-1.3879921,-0.0150913745,1.712613,0.60102224,1.8658206,0.6787201,0.84291214
0.6297525,3.3769455,-2.1915398,-0.34182683,0.6869954,-1.5386337,-1.8718446,1.1587902,1.9730278,1.1769284,-0.22963545,1.0,0.0
0.72033125,0.64917064,0.4627975,-0.024079796,0.3170621,-1.248742,-0.5470812,0.2904849,-0.27344704,-0.06597186,-0.53506994,0.0,0.5817568
1.035661,-0.015306409,1.1466023,0.057039533,-0.76087487,-0.82836795,0.08968913,0.46173972,-0.9242527,0.32300657,-0.36681128,0.031933434,0.92683184
0.51493293,-0.5269627,-0.16416824,-0.48911113,-0.1836884,-1.2734312,-0.59556586,-0.606221,-1.8606486,-0.033140656,0.124922335,0.0,0.85905266
0.12875435,-0.33649462,0.045362234,0.101087786,0.44769183,-0.9919263,-0.30426085,1.1341949,1.1417319,1.7227498,-0.038925234,0.6105139,0.53130925
1.3742657,0.03710657,1.8136885,-0.81392944,-0.93371063,-0.6308971,-1.1307425,-0.97302645,-0.7300076,-0.9955286,0.7231036,0.10239508,0.64713514
-0.08009776,-0.711822,1.3876053,-0.61163193,-0.93371063,-0.91689664,-0.6064779,-1.4277061,0.8733204,-0.5454979,1.4008077,0.27963945,0.5770275
2.140095,-0.04098664,1.6402115,-0.4008433,-0.5088047,-1.314791,-1.5589455,-0.54759645,-1.6890087,-0.5956789,0.48469573,0.23387659,1.0
1.8712687,-0.034077294,0.148479,-0.584915,0.2394949,-1.2076982,-1.072452,0.1796103,-1.5355982,1.6582367,0.47664458,0.4179574,0.15529086
0.36422715,-0.32993025,-0.67705303,-0.5093591,-0.52520686,-1.129926,-1.1316669,-0.8059111,-1.036051,-0.8351488,0.19291739,0.028922388,0.7347111
-0.76359665,2.3266375,-2.1915398,-0.5570636,0.009804055,-1.5386337,-0.3634281,-0.41778913,-0.96585035,-1.634448,-0.76902205,0.0,1.0
-0.21806286,0.2897057,-0.9415835,-0.22011285,-0.006932985,-0.23968898,-0.507357,-0.64598733,-0.8300699,-0.09694878,-0.34456688,0.064072765,0.92092794
0.11190491,-0.25819564,0.005724579,-0.52405393,-0.06694993,-1.5386337,-0.24537091,-0.33731925,-1.4718146,-1.1039768,-0.7144916,0.051919755,1.0
-0.7438338,0.5042928,-1.7003089,-0.37963384,0.2852813,-1.5386337,-0.3987073,-0.22845057,-1.5080984,-1.1221634,-1.4994655,0.0,1.0
0.18562494,0.0851967,1.0742284,-0.97236925,-0.4242873,-1.1839325,-0.60386163,-1.202078,-0.853087,-1.5502325,0.011160299,0.15521204,1.0
-0.7491855,0.89369345,-0.5033656,0.72506255,-0.93371063,-0.083713144,0.73821425,0.61866015,1.6334442,0.18177456,0.26931137,0.22888707,0.8371419
-0.8400597,2.0781467,1.0555356,-0.06531205,-0.018149085,-0.24843384,1.9842855,0.13231544,1.0322181,0.59416527,0.39360178,0.091234796,1.0
0.78065276,0.25588897,-0.14207684,-0.61933905,1.7493819,0.058966078,-0.69678795,0.4057207,0.94112486,0.70005304,-0.5335599,0.60270154,0.33940455
0.38799617,0.9553037,-1.4288099,0.46820816,1.8493994,-1.3543513,-1.7240238,1.1545463,1.9780697,0.63014644,0.2266532,0.8616306,0.0
0.37760895,1.0773014,-1.2219234,0.13947473,0.23471163,-0.6716212,-0.107581146,0.3341913,-1.6750369,-0.2487862,-1.7462889,0.5995774,0.6045786
0.15451713,-0.54866207,-0.5269484,-0.06388697,-0.05888837,-0.612718,-0.13873391,0.4185796,-0.27826637,0.024353962,-1.1246583,0.13103633,0.76347196
1.0413061,1.3360941,-0.24480294,-0.11587081,0.19324757,-0.91249496,-1.8335575,0.48866886,1.6035273,-0.24498664,0.34210235,0.9094327,0.0
-0.2540367,0.22450055,0.39964715,-0.97236925,0.67090297,0.24225883,0.3316335,-0.46799967,0.23235913,1.3838774,0.11093822,0.05551845,0.5053849
0.29959464,-0.29098123,0.7499447,0.6617281,-0.7406883,4.3384457,1.2738183,0.61388135,1.2348088,-0.63863117,-1.7593788,0.0,1.0
0.87017906,-0.43236068,1.4174563,-0.6948082,-0.7384781,-1.1435664,-0.82300174,-0.51844764,-0.8908694,0.09610431,0.0033208579,0.0,1.0
-0.024881218,-0.16764374,-0.9238509,-0.97236925,-0.85287005,-0.860604,-0.59199446,-0.9195111,-1.7344446,-1.5350562,-0.69300085,0.06989714,0.9563026
-1.268983,2.7190638,-1.1479621,-0.06268999,-0.16930695,-1.5386337,-1.3782392,-0.26657,1.7770952,0.4198799,1.8259603,0.38019153,0.14121628
0.10948839,-0.6685159,-0.272814,-0.07743516,-0.52489316,-1.5386337,-1.019093,-0.7560176,-1.6430318,-0.30101687,-0.13445017,0.0,1.0
0.54606485,2.4365788,-0.26329586,-0.6774334,0.4222649,-0.4055454,-0.7851107,0.23069194,0.94502854,1.2544314,0.78772914,0.9713462,0.71187955
-0.70322925,-0.11705564,-0.70144415,-0.62415415,-0.27081034,-1.0713768,-0.11703508,-0.39074793,-0.2095351,-0.6588361,-1.3898578,0.052500583,0.83902305
1.9180454,3.0224695,0.57938683,-0.62491524,0.5682827,-1.1298406,-1.0087653,1.2216016,0.121870965,0.041854564,0.3872059,1.0,0.8146259
0.24459875,-0.55627584,0.30150402,0.5160064,-0.11111553,-0.78554195,-0.554343,0.17989013,-0.47051847,0.497182,0.07685327,0.14803736,0.57898206
-0.7811254,1.5829316,-2.1915398,-0.21113625,-0.20992589,-0.57213354,-1.8718446,-0.5126335,-1.0697461,-1.6747506,-0.21846554,0.040334534,0.87629634
-1.7858245,-0.2032719,-1.3102279,0.4029006,0.2193371,-1.4587688,-1.5207767,-0.9528622,0.46377134,-0.8832355,0.7310239,0.058255102,0.81078744
-0.30496627,3.0449648,-1.2416664,-0.030421335,0.28253752,-1.5386337,-1.8586257,1.0638084,2.3835824,-0.16765517,0.5375144,0.8914713,0.0
-0.958175,3.3108451,0.20674612,2.1267874,1.4088243,1.4843974,1.7960113,1.6325784,-2.183889,0.21423863,-1.7593788,0.0,1.0
-0.9663057,-0.5746444,-1.0401624,-0.11870808,0.31577224,0.360111,0.7592946,0.16569749,1.2909704,-0.20090015,-1.3924133,0.0,0.85280347
1.747105,0.6783391,-0.15232162,-0.6346252,2.0117261,1.6287292,0.32244176,-0.28205577,1.0893112,2.2838242,1.3998392,0.7089037,0.5545119
-0.47440618,0.06743492,-0.0822655,-0.32820305,-0.07171959,-1.5386337,0.02061399,-1.0167888,-0.8724111,-1.6747506,-0.16441198,0.0,1.0
-0.3231577,-0.38156834,-1.0487418,-0.5608766,-0.293019,0.30084366,0.22228159,-0.11230017,-0.16213402,0.79289144,-0.16703732,0.0,0.49632117
-0.33199355,-0.7281936,-0.5690139,-0.4735629,-0.3104804,0.34714365,0.43930998,-0.12660281,-0.062543586,0.13751316,-0.9652447,0.09733521,0.62244403
-0.06883418,1.9023807,-1.7769474,-0.22238974,1.914165,-1.0638111,-1.8718446,0.9985369,2.5320227,1.4230336,0.23921685,1.0,0.0
-0.34886777,-0.21428761,-1.2882198,0.17173107,-0.26850712,-1.05651,-0.3575633,-0.28165367,-0.31859842,-0.5008295,-0.06891724,0.16622053,0.90968
-0.5917389,0.605918,0.4162464,0.10970822,-0.75723857,-1.0761855,-0.3137953,-0.5543534,-0.31037033,-1.2305994,1.1032233,0.0,0.769065
0.5904947,0.3190062,0.86490846,-0.23207003,-0.93371063,-0.3801418,-0.4159687,-1.0072553,-2.183889,-0.1231468,1.0137372,0.0,1.0
-0.45632198,1.9789761,-1.4050461,-0.63767415,-0.01965718,-1.3733596,-0.16785891,-0.08758843,-0.58738136,-1.6747506,-0.6871521,0.0,0.6717751
1.8329523,2.5984004,-0.73721725,0.44388568,1.4923649,-1.0530977,-0.54304546,1.4126472,-1.101777,-1.0425223,0.18957421,0.7083859,0.56123006
0.32781926,1.2053019,-0.96260387,-0.2750419,0.28546587,-1.5386337,-1.6124526,0.41368937,0.37143898,-0.40848106,0.067614086,0.70591676,0.44576588
-1.8776025,-0.2381745,-1.1631014,1.4427668,-0.19248192,-1.093406,-0.95451695,-1.2356563,1.9808296,-0.7339752,1.8658206,0.0,0.6539253
-0.09179094,1.4032042,-1.6384467,-0.3311575,-0.052359313,-1.2553546,-0.3334492,-0.17200914,-0.54551274,-1.024993,-0.26362538,0.026436485,0.82667637
-0.4820073,0.7486394,-1.7939652,-0.35918328,1.0964853,-0.9236794,-1.7714534,0.013281586,0.59668446,-0.14024943,-0.44479656,0.71941787,0.0
0.40860203,1.9582897,0.37454268,-0.63238156,0.96268576,-0.85604304,-0.0030672448,-0.13122883,1.4738618,0.4229384,0.844828,0.65006864,0.74745643
-0.4526272,1.5286663,-1.8369416,-0.027654674,-0.05961009,-0.84989166,0.036542878,0.11942066,-0.30843303,-0.4965638,-1.0109302,0.06690673,0.8526981
-0.5452342,1.3976057,-1.8846842,-0.50738597,2.6406634,-1.3177643,-1.7764986,0.30150712,1.7136172,2.2838242,0.4456994,0.7824129,0.41383508
-1.8776025,0.07005288,-0.57748437,0.074425764,1.698447,0.5574598,0.16987763,-0.7419536,2.2851999,2.201573,1.8658206,0.19541813,0.48771074
-0.4282003,2.1376421,-1.485108,-0.3213488,-0.43395415,-1.5386337,-0.88580066,0.13879551,1.1214215,-0.4259435,0.22537668,0.23747818,0.46021628
-0.38942626,0.053815775,-0.017943671,1.2233351,1.3356491,-1.1074492,-1.8718446,0.052455653,0.24936783,0.20678774,1.1143792,0.35171017,0.0
-0.19198127,-0.4000278,-0.66550565,-0.4602226,-0.35341263,-1.2220463,-0.90884787,-1.3828863,-1.9798845,-0.7470765,-0.2870174,0.0,0.9339892
0.46979764,4.7222033,-1.821357,-0.8934807,2.271294,-1.375771,-1.8718446,1.0394232,2.7518206,2.2838242,1.7933531,1.0,0.0
-1.5519384,0.35602373,-0.60938287,1.7577338,0.5378587,2.3665078,2.317571,0.5159639,-0.2640009,0.43296742,-1.4906876,0.0,1.0
1.2967967,3.0066473,-1.7551674,-0.69760436,2.2382267,-0.79348564,-1.1792458,0.7007482,1.2875049,2.2838242,0.47360593,1.0,0.0
0.31218544,0.9521499,0.14009784,-0.380169,-0.4078337,-1.0371827,-0.03069695,-0.39902827,0.28638977,-0.7805934,0.87379456,0.0,0.48627418
-1.4575278,0.120666474,-1.2766931,0.086396545,0.04799777,-1.0874882,-1.7049587,-0.5794325,0.40027496,-0.8777466,0.19893013,0.0,0.7498578
-1.4762387,0.2220715,-1.1277225,-0.6387327,-0.5553706,-0.102486454,0.5060705,-0.38779807,1.5875912,0.34337908,-0.5468008,0.012222489,0.6644349
-0.4828131,-0.18641764,0.23881201,-0.5726158,-0.19381861,-0.82046264,0.61740565,-0.058408793,0.96531117,-0.82000405,-0.3575738,0.0,0.632986
-0.8542014,0.808206,-1.1374344,-0.09388335,-0.556254,-0.8381624,-0.5758524,-0.55961007,0.0018617872,0.4310484,-0.018216642,0.0,0.9333859
0.4260108,-0.50834346,0.85744697,0.44612184,-0.93371063,-0.2139622,-0.15652944,0.03775081,0.04159782,0.1369532,0.050911963,0.12790778,1.0
-1.6747049,0.1255384,-0.88142514,0.88754356,0.8726493,4.1425605,2.317571,0.3372841,2.092669,2.2838242,0.40240228,0.0,1.0
-0.86213875,-0.24429941,-0.7872496,-0.17748344,0.007735612,-1.1978649,-0.995363,-0.7631029,0.11145263,-0.27293152,-0.089641,0.0,0.9412085
1.2293895,0.43399933,1.071499,1.5960641,-0.11797704,1.1122512,0.376986,0.7784897,-2.183889,-0.35776043,-1.7593788,0.0,0.7705788
-1.8776025,0.9748873,-0.1239937,0.6704827,2.5965083,2.9727857,2.317571,0.6840506,0.54050285,0.84536314,-1.2525938,0.191422,1.0
-0.116363086,-0.1306704,-0.17099789,0.13440898,-0.3455986,-0.14039098,0.1679541,-0.4867001,-0.39314887,-0.3267787,-0.33452266,0.0,0.448633
0.7641189,1.9691042,-1.6277165,0.061459113,1.2922285,-1.3166481,-1.2466294,0.7154054,-0.008647669,0.36822915,-0.3116958,0.8170199,0.38014933
-0.25293264,-0.29188484,0.4261768,-0.97236925,-0.93371063,-0.40200126,-0.83392066,-1.5774747,-0.07403798,-0.40700936,0.87266,0.11859282,0.73280466
-1.8776025,-0.42220262,-1.3776275,2.0522177,1.6043534,3.1670418,2.317571,0.6309138,-0.1626415,-0.047073916,-1.7593788,0.0,1.0
0.045707554,1.133168,-0.7811441,-0.058364816,0.5517595,-1.5386337,-0.83684945,0.38584605,0.15965116,0.69427437,0.017512724,0.812821,0.7126911
-0.97370136,2.716445,-1.686209,-0.10612418,0.04117002,-1.5386337,-0.77270937,0.346319,0.9255273,-0.30911118,-0.63577056,0.0,0.9654669
1.519131,2.4256191,0.42030427,-0.28975058,1.512436,-1.5386337,-0.9740909,1.0931164,0.69471025,1.2767066,1.1793166,0.7858245,0.5657179
-1.2222869,0.7062876,-1.166429,-0.63055986,-0.11734548,0.3601997,0.5256998,-0.52156955,0.9124693,-0.5975346,-1.1277213,0.0,0.5521135
-1.0095509,-0.253957,-1.2810907,-0.385164,-0.2748967,-1.5386337,-0.98105633,-0.97954994,-0.44557336,-0.8434936,0.01576683,0.0,1.0
1.1868597,-0.41723037,0.70748156,0.13673767,0.20516056,-1.1746963,0.26204556,0.1487189,0.14121287,0.5628313,0.19178674,0.07353421,0.6874092
-1.5552859,0.93380314,-1.5987853,0.22403933,-0.88727766,-1.5386337,-0.987504,-0.89145505,-0.5349716,-1.2814512,0.93748724,0.0,1.0
-0.9475194,1.0318741,-1.677841,0.22589712,-0.09615199,-1.0637871,-1.3522059,-0.24337098,0.6021665,-0.3912533,-0.04108498,0.27987036,0.6564055
-0.8948326,2.048495,-2.1915398,0.85042745,-0.93371063,-0.3677349,0.42036298,-0.1954121,0.120670795,-0.34981054,0.32492572,0.33300292,1.0
0.7106504,4.7222033,-2.1915398,-0.5798779,1.7833811,-0.9166578,-1.8718446,0.91888374,2.376987,1.7182256,1.8658206,1.0,0.0
-0.6161662,0.39989156,0.11400499,-0.657323,0.5400718,-1.4538257,-0.38201272,0.18186858,-0.37318563,-1.097746,-1.7222648,0.0,1.0
1.5840253,3.5427892,-2.1915398,-0.31024215,2.7161965,-1.5386337,-1.8718446,1.7367737,2.5504284,2.148223,-0.39464062,1.0,0.0
-0.9278546,0.6499142,-0.6379333,-0.029822662,-0.0118796155,-0.76033497,0.21199006,-0.0892151,-0.2030413,-0.8107864,-1.1212877,0.0,1.0
-0.6966811,-1.0442101,-0.23422006,1.2202793,0.46742463,0.8321424,0.61531615,0.5160481,-0.46427074,0.36260563,-1.4311582,0.0,0.61682236
0.51780397,-0.3106662,1.1573079,-0.47237673,-0.56542045,-0.09705593,-0.31907856,-0.5934526,-0.33087927,-0.32361054,0.2833528,0.0,0.5947866
1.0214297,2.9661875,-2.1915398,-0.27574345,1.0675024,-1.1154215,-1.8718446,0.6464161,1.9026215,0.087623894,0.5516773,1.0,0.0
-0.67897254,0.29325175,-2.1915398,-0.071027204,-0.40393403,-0.900838,-1.6005976,-0.28428218,0.9155574,0.51040995,0.7609029,0.292764,0.62444735
-0.21519284,0.38477668,0.46146327,0.05262274,-0.08361477,-1.0885153,-0.17511213,-0.3380212,-1.3573107,-1.1366951,-0.70813066,0.06472297,0.5814376
-1.6832302,-0.470897,-1.8239193,1.2733485,-0.35735825,1.5720145,1.2721282,0.32026824,0.48602962,0.47482628,-1.1234431,0.0,1.0
1.836606,0.3937519,-0.52985567,-0.5186362,1.0524337,-1.3008723,-0.86978024,1.273463,-0.38162667,1.167998,-0.88178825,0.71624035,0.024680553
-1.0799122,-0.9592136,-1.7943287,-0.07391202,-0.43395552,0.7993026,0.3496141,-0.06296119,1.4523106,0.018197527,-0.6284575,0.05894087,0.9310945
-1.4942234,-0.59570676,-0.17962347,1.5712959,0.44834507,0.3532076,1.1760862,0.9158876,-0.6941021,-0.9314937,-1.7593788,0.0,1.0
-0.9383831,0.3153975,-0.7391387,-0.4075709,0.7743965,-1.5386337,-0.2721762,-0.20319517,-0.8051139,-0.9970722,-1.7593788,0.0,1.0
-0.4823172,-0.12019646,0.51690227,-0.6144292,0.10204269,-0.9190816,0.67323697,0.3359544,1.899042,-0.11006363,-0.35617614,0.0,0.6999142
-1.5628532,2.5128787,-1.3848165,0.3480252,0.1373037,-1.3825762,0.5187361,-0.11241512,0.099758536,0.65779096,0.062188245,0.2106629,0.8416449
-0.34937143,1.0207354,-2.1915398,-0.97236925,-0.7330502,-0.5748016,-1.4432801,-1.4576076,-0.24153341,-1.6747506,-0.06303197,0.07630283,0.5579009
-0.23484235,1.3848094,-1.9735707,-0.496201,-0.102207005,-0.30881393,0.32540524,-0.1445826,-0.47725785,-1.3895158,-0.31282556,0.43512854,0.7412022
0.560503,-0.39920795,-0.9688061,-0.21185635,0.17955112,-1.3490818,-0.8390624,-0.07876222,-1.0575905,0.097360566,-0.62577,0.052547522,0.5249191
1.1437886,-0.62444866,0.75145185,-0.5594392,1.2636946,-0.62330383,-0.6788714,0.6238309,0.40693077,0.9318181,-0.6915244,0.43210828,0.61045575
-1.2331064,-0.14093487,-1.9523365,0.056718033,-0.08031696,-1.5386337,-0.35625434,-0.13023567,-0.11601564,-1.0043881,-0.8820406,0.0,1.0
1.1880852,1.2735505,-1.1758722,-0.97236925,1.4630791,-0.98376995,-1.302868,1.0420865,0.217373,-0.7491237,-1.6336961,0.768807,0.6248441
-0.25347787,-0.17993367,0.14465015,-0.8351873,-0.45383748,-0.7191369,-0.7964129,-1.2139385,-0.79625404,-0.7839195,0.5380822,0.0,1.0
1.2725716,0.7865783,-0.03561559,0.20679602,1.115747,-1.2078441,-0.58764243,1.1156417,0.08361101,-0.05253849,-0.66786087,0.60050917,0.09914802
2.4526968,2.3463876,1.3544065,-0.55716074,-0.62459487,-0.16137311,-0.97750837,0.18166389,-1.4540408,-0.013498496,0.72003305,0.28300694,0.5415352
0.89428747,-0.783363,0.524257,1.3730143,0.7785582,-1.2357879,-0.26927716,0.956092,-1.3378344,0.09894675,-0.656986,0.080159076,0.43445385
-0.39839512,-0.020534236,-1.1816155,-0.26793236,0.31232846,-0.26161808,0.16384393,-0.15864865,0.06509637,1.0174239,-0.7813769,0.0,0.98184156
-0.15209584,1.0143316,-0.17085527,-0.97236925,0.26322654,-1.5386337,-0.93272144,-0.93150574,-1.7760845,-1.6747506,-1.2776906,0.14784755,1.0
0.8698636,-0.22618912,1.2357975,-0.3639687,-0.15566505,-0.8194584,0.53013194,0.13803722,0.20013691,0.85530627,-0.6267646,0.07622862,0.8219939
-0.015740773,-0.22452682,1.7201382,2.1267874,1.1765844,4.5368557,2.30677,1.7367737,-1.9480951,0.07053749,-1.7593788,0.0,1.0
-0.3306442,0.4028127,-1.3702173,-0.97236925,0.004538074,-1.3999528,-0.3929385,-0.505726,-1.1610894,-1.050654,-1.2423939,0.0,1.0
1.0333151,-0.25844818,0.177616,-0.4183697,-0.33067554,-0.7463242,-1.3262664,0.025691286,-0.5650347,1.6033378,1.2757539,0.29338005,0.20560883
0.1510871,-0.16457625,1.8666077,2.1267874,0.43053254,1.5557234,1.037409,1.6825414,0.054324605,-1.0342492,-1.1176504,0.061816357,0.8062446
0.501902,1.6282641,-0.3034387,-0.28900152,-0.14039618,-0.20682274,0.2334987,-0.13323042,-1.2861269,-0.56738096,-0.4525448,0.0,0.6954586
-1.4400332,0.007988549,-0.3092648,0.88469005,0.3885945,1.538069,1.8039334,0.30244622,-0.37219173,0.7270355,-0.91027606,0.0,1.0
-1.600911,1.1444529,0.32716098,0.19491959,0.7031251,-0.44226617,1.843451,0.043325573,1.4668063,-1.4918416,-0.52755874,0.0,1.0
-0.70159274,1.5423359,0.72511786,-0.3521423,1.7737975,2.4665072,0.8287938,-0.8544177,1.5437188,2.2838242,1.1905332,0.0,0.13515522
-0.029501233,1.4561172,0.12105674,-0.1859291,-0.48522353,-1.0773413,-0.41575587,0.2316063,1.2079098,-0.080434166,0.5629867,0.32986027,0.79805195
-0.7922413,0.22496402,0.37442458,0.20938799,-0.93371063,0.30457127,-0.6643073,-0.6888181,1.2450176,0.71291393,1.3482811,0.13205476,0.3505118
2.4205337,3.9154818,-1.8971282,-0.97236925,4.3843455,-1.5241815,-1.8718446,1.7367737,-0.26974013,1.3405942,-1.7593788,1.0,0.0
-0.3665147,-0.28941104,-0.113725916,1.0854295,-0.50854105,-0.4037512,0.20380227,0.29741436,0.35673103,-0.45746827,0.4161281,0.03833479,0.8299712
1.7182579,0.060828913,0.6746755,1.5510734,1.651176,-1.5386337,-0.8353077,1.6771985,-0.5389987,0.21974082,0.58643395,0.62819594,0.30333716
0.42528367,2.6002302,-1.5213484,0.17060995,0.12378116,-1.122676,0.055854928,0.29715198,-0.77038825,-1.0550215,0.22757846,0.0,0.79805714
0.09291962,-0.6061476,0.040877663,-0.21497846,-0.3467338,-1.1640453,-0.91949236,-0.3587891,-0.41581565,-0.029494759,-0.10033754,0.12751833,0.5793214
-0.23775405,-0.446272,-0.48081663,-0.38021025,-0.7859628,-1.0178535,-0.3440211,-0.22195366,0.46053597,0.1022556,0.18622492,0.49104849,0.84059405
-0.38768643,2.6861715,-2.1915398,-0.25496358,0.009751387,-1.3869637,-1.8325708,0.32096344,1.4579087,-0.68779385,0.008381911,0.5572295,0.19072178
0.92143875,1.3687756,-0.7766076,-0.97236925,1.1185099,-1.2231319,-1.0116006,0.7906299,0.6100577,-0.46440053,-0.77948624,1.0,0.137789
-1.1759975,0.99361557,-0.40568328,0.64348006,0.13290684,-1.219935,-1.0866262,-0.41355816,0.04132228,0.69686997,0.60775673,0.37642688,0.39553759
0.89668,1.8102882,-0.11819449,0.54042447,1.4395932,-1.5386337,-0.62289745,1.0017503,-0.70132196,0.30998737,-0.48469108,0.88485366,0.6574135
-0.24965253,3.502824,-2.1915398,0.782454,-0.4088672,-1.5386337,-1.8718446,0.39015174,2.64133,0.03933064,1.8658206,1.0,0.0060192626
-1.4197035,-0.38351977,1.2275285,2.1267874,4.260697,5.277437,2.317571,1.7210301,-0.9721827,0.96857744,-1.7588276,0.0,1.0
1.6328003,-0.19510266,0.030913124,-0.25256473,0.7746136,-1.3395264,-1.1032648,0.67363834,-0.06496992,-0.40297705,-0.6114213,0.90211785,0.19135635
-1.078044,0.34115273,1.5709822,1.1716119,1.0322852,2.3514516,1.6252278,0.96449137,0.5046159,0.7335617,-1.477477,0.0,1.0
-0.63747555,4.7222033,-1.6371425,-0.23280725,-0.318754,-1.5386337,0.1732597,-0.19623029,0.12514184,-0.34723276,0.8863633,0.1319342,1.0
0.86802447,-0.5292414,0.15669261,-0.45254853,-0.12706323,0.1395718,0.51545966,0.5491065,0.8810341,-0.25376767,-1.1299676,0.0,0.7020825
2.0849855,2.4665997,-0.55938274,-0.1443606,2.7752228,-1.0633302,-1.5712453,1.1370081,-0.4507731,-0.6380574,-0.2965675,1.0,0.35192287
1.1417792,1.0796621,0.8346784,0.1907751,1.5083067,-1.2514579,-0.21383375,0.8621323,-0.027430974,0.9898547,0.47341764,0.22720015,0.5001424
-1.1791681,0.31383908,0.18575673,-0.8698967,-0.6553162,-1.5199614,-0.8935163,-1.5922731,-2.183889,-1.488129,0.5254027,0.0,1.0
-0.64622855,-1.0442101,-0.57825226,2.1267874,0.09849428,1.8650112,0.65614855,1.2144839,0.08867366,-0.043896556,-1.1334342,0.0,0.65944535
1.1505818,-0.10482961,-1.0863043,-0.97236925,-0.6619316,-0.0020690933,0.18892144,-0.12139213,-0.97880375,0.3260473,-0.4094472,0.0,0.51716137
-1.8776025,-1.0442101,0.42658317,0.46921304,0.8964272,4.1922665,2.317571,0.027921472,2.0316951,-0.63030833,-1.3363435,0.0,1.0
-0.3355564,0.47399306,-0.70235145,-0.4337418,-0.44147035,-1.2035964,0.045286227,-0.32225236,0.08555921,-1.1789291,-0.25283504,0.0,1.0
-0.3166559,0.20443684,-1.3330251,-0.66989523,-0.09861572,-1.0494107,-0.4098124,-0.14159742,-0.8472791,-1.1866409,-1.1795545,0.0,0.9114659
-1.0305923,0.6852814,-0.30656907,-0.34069803,-0.02606616,-1.5291748,0.04589477,-0.10061276,0.9852287,-0.5997284,-0.6101619,0.0,1.0
-1.8776025,0.42017546,0.06754579,0.20708218,0.26756784,-1.3738875,-0.826065,-0.3271941,2.242859,1.1735315,1.8658206,0.45767227,0.7170895
0.13606764,0.11964336,-0.50671065,1.4346992,-0.28098688,0.009553093,0.25213626,0.49314132,-1.2735695,-0.07250865,-0.5751644,0.0,0.42332268
-0.64815855,0.24324542,-0.03940367,-0.27203226,-0.33567786,-0.8938181,-0.08055815,-0.59734154,0.4616472,-0.5814759,0.16565908,0.0,0.6725671
0.26943573,-0.7136225,-0.1594828,-0.5193324,0.06802994,-1.2681751,-1.2516333,-0.65349233,-1.3722943,-1.1425813,-0.24004978,0.0,0.5438528
-0.277844,4.6230016,-2.1915398,-0.18686895,0.35170335,-1.3988364,-1.8718446,1.2314165,2.7518206,-0.6554432,0.39058256,1.0,0.0
-1.2323226,0.8069503,-1.2356141,-0.33483186,0.12227322,-0.61427635,0.15130489,-0.7740934,-0.7448161,-1.0758665,-0.7474307,0.0,1.0
1.1753154,0.033579603,2.2399805,0.25595364,-0.93371063,-0.24816959,-0.7459404,-0.78738374,-1.0494385,0.014446648,-0.24730824,0.11322433,1.0
-1.6627027,2.0222387,-2.1915398,0.40835932,-0.20609464,-1.4094795,-0.90119207,-0.5363974,-0.53878164,-1.2590967,-0.598973,0.0,1.0
0.22839455,-0.83284134,-1.6566002,-0.97236925,-0.15105759,-0.27490252,-0.17309023,-0.12157415,0.10066846,-0.5238903,-1.5847284,0.19265427,0.91543037
2.1590517,-0.22110848,1.3003951,-0.97236925,-0.26235595,0.33716995,-1.3857964,-0.5967909,-0.890356,0.07633435,0.19884916,0.0,1.0
-0.7934623,0.04469733,-0.28456768,-0.35385177,-0.05511606,0.12027411,0.9331339,0.25261307,1.0318465,-0.22667967,-0.80282944,0.0,0.9047749
0.3419276,-0.11000028,1.3012439,0.20076483,-0.4010017,-0.077036545,0.0011475747,0.37889364,-0.31357357,0.23932116,-0.41234213,0.18964244,0.66260844
-1.6455998,-0.42324272,-0.0976905,-0.07421226,0.0182379,2.056407,2.0609431,0.52636737,2.4162593,0.01094473,-1.5144545,0.0536763,1.0
-1.8776025,0.5569865,-2.1049097,1.1314588,-0.262296,-1.1907921,-1.8718446,-0.6934411,1.0011532,-1.3428055,1.32578,0.0,0.9740867
0.39847222,-0.24812469,1.2130855,-0.24971375,0.1237431,-1.0284215,-0.23685944,0.38179535,0.29119667,-0.17220193,-0.13230231,0.09221558,0.20903234
0.24790931,0.4014018,0.5485822,0.30685812,-0.6663249,0.7035786,0.3800329,0.07924322,0.49614275,-1.0015666,0.11649576,0.0,0.29867327
-1.8776025,0.5820782,-1.0032337,0.86091065,-0.37351406,0.61607283,2.102818,0.44049865,1.18921,1.8898578,0.40913028,0.0,1.0
0.07519887,-0.5840079,-0.8547297,-0.81384164,-0.41948974,-1.156013,0.066704035,-0.6941652,-0.7100714,-0.08108831,-1.2957546,0.0,1.0
0.2763845,-0.5049966,0.71307933,0.051490232,-0.11429356,-1.3948243,-1.0257863,-0.3259581,-1.0246133,-0.3530314,-0.24007446,0.11821374,0.71526766
-0.3355212,1.0450921,-0.8076319,-0.06820396,-0.15463628,-0.76886094,0.21010458,-0.35222653,-1.2480714,-1.6747506,-0.43404615,0.0,0.5846747
0.08031463,-0.5016853,0.0056078434,-0.9430055,-0.47529292,-0.72058827,-1.3181839,-1.2242802,-0.5699081,-0.46442956,0.40113842,0.0,0.9293313
-0.73852545,0.87100375,0.31149754,0.29892892,0.57642,-0.9032347,-0.42147148,0.2116998,1.0995095,2.2838242,1.4154296,0.20959744,0.27548805
0.6711732,-0.47530326,0.7123028,2.069023,0.9636831,1.2574782,0.4427479,1.5363673,-2.183889,0.44961822,-1.1049329,0.0,0.76457715
-0.644384,0.98325026,0.10442179,-0.5473256,-0.23714128,-0.9561034,-0.65210176,-0.89374936,-0.52824533,-1.5262526,0.0030342303,0.0,0.984941
-0.12863185,-1.0012163,-0.12592159,-0.27805254,0.06511551,-1.5386337,-0.5623441,0.041215077,0.26189506,0.82171917,-0.069200285,0.0,0.92043453
-0.48290664,1.6327026,0.79699975,0.18520176,0.4642977,0.1888845,0.8451867,0.06878506,-0.6771461,0.16884507,0.21174984,0.0,0.43440244
0.30214372,1.9066595,0.08933945,-0.11339582,-0.93371063,-1.2094686,0.03799228,0.42648026,0.4207016,-0.47518307,0.5321537,0.0,0.8465763
-1.2954148,0.40362638,1.4696275,1.0757935,-0.6347953,-0.5326811,0.5573988,-0.4154126,0.16692993,-1.0346543,0.11972988,0.0,1.0
-0.31205618,2.2681086,-2.1915398,-0.543693,0.088323966,-1.216124,-1.8718446,0.24205151,0.62035644,0.28916645,-0.3256185,0.6735294,0.38378334
0.7747519,0.4005974,0.9795281,0.22502263,-0.2267793,-1.3137116,-0.16732307,-0.009962548,0.389725,0.44454795,0.5259441,0.0,0.9296923
2.3998795,4.7222033,-2.1915398,-0.62587136,2.5978272,-0.9896898,-1.8718446,1.7367737,1.5295873,-0.2129661,1.4101716,1.0,0.0
-1.1460456,-0.12725414,-1.6538287,0.51264566,0.2761855,-1.3846356,-0.8998879,-0.7617694,-0.89133507,0.7283697,0.81449264,0.35065323,0.3810879
-0.6370934,-0.17831874,-0.3458677,1.1076041,-0.05964034,0.65366405,0.45850837,0.5158248,-0.41355085,0.29102266,-0.6728425,0.06413568,0.6559372
-0.7139135,-1.0442101,-0.8312313,0.49837208,-0.3534245,1.7043478,1.7974752,1.2369869,0.5155015,-0.028450627,-1.7593788,0.0,0.84205145
-0.13062319,-0.33344528,0.06470272,-0.09934375,-0.12660515,-1.5386337,-1.208459,-0.5380899,-1.0257895,-0.6948774,-0.16006386,0.0,0.9486307
1.3742669,4.7222033,-2.1915398,-0.810508,0.8453729,-0.27648163,-1.8718446,1.3258468,2.6354523,1.2171919,1.7986174,1.0,0.0
0.8907916,3.2325296,-2.1915398,0.6942564,1.1536505,-1.5386337,-0.5868031,0.63861597,-0.14660549,-1.071154,0.6678849,0.8315095,0.5139603
2.4992864,3.953096,0.045212753,-0.1326352,2.7585993,-1.1204425,-1.6686195,1.7367737,0.6035308,1.968123,-0.20558374,1.0,0.0
-0.22097066,0.102669194,1.3319488,-0.43094733,-0.29985055,-1.4346489,0.20862415,-0.17271352,-0.30884844,-0.41657948,-0.17675212,0.0,0.5886844
-0.23940574,0.6193434,-1.0862651,-0.5122736,-0.064472236,-1.4023283,-0.17060204,-0.12941802,-0.66905475,-1.2486862,-0.5595262,0.085937634,1.0
1.6919521,1.9648632,-1.2654729,-0.2041955,3.5483062,0.03871665,0.3279038,0.91558397,-1.028386,2.2838242,-0.9768739,0.60602415,0.6699166
-1.1710081,0.40116572,-0.9778429,-0.0607587,0.221494,0.03436157,0.6086635,-0.06996904,-0.21759503,-0.31405145,-1.4123222,0.0,1.0
-1.1788137,0.09521584,-1.2669164,0.2260731,-0.45599252,0.29622346,0.21367538,-0.5164575,-2.183889,-1.6747506,-1.7593788,0.0,1.0
-0.09625548,-0.006401347,-0.038842052,-0.97236925,-0.93371063,-0.09246028,-1.3178458,-1.3157184,0.055794507,-0.5701384,1.0248771,0.0,0.53961676
0.042446263,1.1760024,-0.89442146,-0.53301907,-0.73570234,-1.2700644,-0.37527245,-0.39165387,0.0003445642,-0.60223365,0.6035833,0.046665933,0.7410785
0.14132471,1.041144,-0.8595913,-0.8468912,0.21928132,-1.1473298,-1.0234818,0.017011765,0.24766286,-0.5345086,-0.65960544,0.33284104,0.23339342
3.3844666,2.300378,2.2789764,-0.3529394,2.1329849,-0.87658036,-0.5277471,1.7367737,-1.055731,2.0588253,0.51271117,0.89960754,0.86655575
-0.5772931,0.37720686,-0.5145949,-0.13759711,0.10633263,-1.3905464,0.10171767,-0.330388,-0.4575986,-0.4929458,-0.5269886,0.0,0.9769319
-0.99740154,-0.21983257,-0.78530705,-0.25543153,-0.6605668,-1.2359693,-1.3337135,-1.3220985,-0.6228905,-1.3021344,0.6961532,0.0,0.85326713
0.19508931,-0.11525297,-0.97967374,-0.31381226,-0.311891,-0.90793604,-0.68858767,-0.5429239,-0.9113345,-0.41237998,-0.43775696,0.3123393,0.48736116
0.8637379,0.98982537,0.85134614,-0.41593507,1.2494494,-0.99917,-0.13056386,0.9541323,0.13164876,0.8258242,-0.7062826,0.5057909,0.1795203
-1.8677671,1.238232,-1.5182481,0.05587421,-0.25271043,-0.82816994,-0.816245,-0.49691334,0.5180008,-0.46124285,0.524854,0.0,0.5680264
-1.022182,4.7222033,-2.1915398,0.2763017,2.389513,-1.5386337,-1.8718446,0.5986474,2.7518206,2.2838242,1.8658206,1.0,0.0
-1.4053084,0.6861822,0.27081627,0.59939915,1.2983075,0.6230558,1.4608442,0.53820527,-0.09194863,1.7249157,0.10144156,0.0,1.0
-0.19709393,0.04348597,0.055589035,0.22345963,-0.036663894,-1.3653134,0.023335394,-0.34398454,-0.797313,-1.0813217,-0.7059988,0.0,0.9958
-1.6779509,-1.0442101,-2.1915398,1.4137309,0.4218435,5.277437,2.317571,1.0541193,0.34261924,-0.06085404,-1.7593788,0.0,1.0
0.20133403,2.6200635,-2.1915398,0.16224457,0.46548757,-1.1952019,-1.8718446,0.8141115,1.8567406,0.024386156,0.020540461,1.0,0.0
1.4927828,-1.0442101,-0.1073907,-0.6132258,-0.73588216,-0.92709464,-0.8568579,0.0002483949,-1.060765,-0.037863143,-0.090730235,0.17011526,0.8413352
0.0020188708,-0.14012156,-0.682684,-0.7040915,0.74316114,-0.92059416,-0.48376206,0.33971915,0.50440896,0.95437574,-0.9524361,0.1640796,0.7645182
-0.64539206,1.102978,-2.1915398,-0.14783926,-0.14827359,-0.7706609,-1.4257253,0.7668742,1.433374,-0.75168407,-0.8357265,0.44269407,0.39503172
0.23621976,-0.25654554,0.32294336,-0.6310146,-0.5993238,-0.7403045,-0.4309462,-1.0258783,-0.26495063,-0.52201587,1.0725042,0.0,0.7951063
0.3263563,0.2674817,-1.2961938,-0.74410576,-0.33358356,-1.1102974,-0.11970928,0.015644493,-1.0440089,-1.6644068,-1.5275769,0.08759243,1.0
0.6475859,4.7222033,-2.1915398,-0.85176665,1.4890976,-1.5386337,-1.8718446,0.8202448,2.7518206,0.87441856,0.9104658,1.0,0.0
1.0022581,-1.0442101,0.97725326,0.63887525,0.9682583,0.15512806,0.2545201,0.923272,-1.3165319,-0.07572108,-0.6541671,0.0,0.89230216
-1.8776025,-0.85086554,-0.77033097,2.1267874,0.2525387,2.8271914,2.317571,1.4344984,0.42300016,-0.83258194,-1.7593788,0.0,1.0
0.07517419,3.8338645,-1.3240373,0.1404254,0.41731143,-1.5386337,-1.8718446,0.41576442,2.7518206,1.6620893,1.8658206,1.0,0.0
0.91279244,0.9125324,2.5378988,2.1267874,-0.20765413,0.5784026,0.83672893,0.93163747,-1.2676197,-0.8934368,-1.3010757,0.0,0.95655555
0.27965567,0.27600214,1.5949069,0.29941252,-0.78050905,-0.5701871,-0.5359303,-0.14991918,-0.25110003,-0.09558733,0.33117652,0.0,0.0
-0.17136446,1.1805731,-1.4405375,-0.4569144,0.20045687,-1.3718456,-1.1910315,0.23317094,0.5887543,-0.04265027,-0.3369403,0.65946674,0.26824853
-0.7811945,0.5735489,-0.60392165,0.24466853,-0.1471868,-1.5386337,-1.3444712,-0.45418695,0.61527693,0.26838678,0.6888336,0.23115513,0.39099357
-0.72004884,-0.5063558,-0.0055404278,-0.47753367,0.10306668,-0.8113175,0.26391453,-0.41948974,0.54960155,-0.05733434,-0.21747826,0.0,0.627393
-1.2660301,-0.1952557,0.5045594,0.4653674,-0.93371063,-1.0496238,-1.3961707,-1.060551,1.7560511,0.24453254,1.8658206,0.352533,0.6460259
-1.6869732,-0.6707857,-1.004118,0.3215356,0.73836714,1.0082175,2.2302356,0.630758,1.4820006,1.786723,-1.0352198,0.0,1.0
1.3260925,-0.46694988,0.18384431,1.0168843,-0.27204713,-0.1659866,0.03640892,1.0492717,-1.2051196,0.6518181,0.46498406,0.0,0.727604
1.0564435,-0.5032905,0.65040034,0.11714254,0.9533523,0.3136655,1.0514547,0.7780693,-0.0063365167,0.34491813,-1.0099331,0.08216515,0.927975
0.8107873,1.6429223,1.5251664,0.46890724,-0.93371063,-0.80350107,0.37337193,0.15396465,-0.5587562,-0.45977908,0.8149499,0.0,1.0
-0.5965896,0.94832784,-0.9748018,-0.5727213,0.09110612,-1.5386337,0.023080245,-0.29914752,-1.8688226,-1.4361063,-1.7593788,0.0745856,1.0
0.4937072,4.7222033,-2.1915398,-0.35385808,2.908865,-0.9622002,-1.8718446,1.7367737,2.7518206,2.2838242,1.1368207,1.0,0.0
-1.7663262,0.436945,-0.41372094,-0.97236925,-0.93371063,0.11616248,-1.3119484,-1.5922731,-0.75546384,-0.6411742,0.9578732,0.0,1.0
-0.9189692,1.074353,-1.4422433,-0.8756617,-0.3531161,-1.182309,-1.0152884,-1.2618268,-1.7940091,-0.36806893,-0.28287458,0.0,1.0
-0.5985219,-0.18378419,-0.063263215,-0.45959616,0.1543591,-0.37216008,0.017133448,-0.33345157,0.6289105,-0.177693,-0.18128473,0.0,0.8696802
-0.692964,4.7222033,-2.1915398,-0.36301458,2.4767864,-1.0872072,-1.8718446,0.8529243,2.7518206,1.7172542,0.7807518,1.0,0.0
-0.10458969,-1.0442101,0.8934275,0.01002556,-0.5921935,-0.84020513,-0.5583006,-0.7175036,-0.00014026067,-0.026009113,1.1974858,0.32652888,0.60210425
0.18690091,1.4153297,-2.1915398,0.35132518,0.494297,-1.5386337,-1.5274903,0.6587389,-0.580005,-0.82588685,0.3169304,0.7967255,0.059178986
-0.6500283,0.3768086,-0.01908963,-0.027441412,-0.64882517,-0.5902366,-0.16814382,-0.42746964,-0.24768624,-0.71062267,0.6672105,0.0,0.8249327
-0.27800348,-0.5396995,0.3788891,-0.88141704,-0.34944063,-1.187209,-0.13999692,-0.5950377,0.84458125,-0.11637324,0.11057162,0.0,0.8770885
0.06767728,1.386588,-0.29418746,0.10125264,0.08268085,-1.4014837,-0.6123787,0.15327139,-0.37266442,0.14309055,-0.3508855,0.29351327,0.8716938
0.4218053,2.517536,0.4274181,1.2029822,3.982702,0.8743152,0.40423983,0.7800633,0.78082454,2.2838242,1.2800916,0.11925481,0.9901078
-0.49994138,0.067419186,0.23260875,0.8040954,-0.10347989,1.2354016,-0.10083153,0.16105798,-0.15632594,-1.3033643,0.6275799,0.0,0.47886527
0.055988915,0.048353747,0.66829175,-0.09824122,1.6866229,0.9084397,0.65944225,1.0329561,0.5493371,0.64522463,-0.5827537,0.0,0.7842287
-1.0907314,0.031094894,-1.107041,-0.49346846,0.045306463,-0.7578288,-0.43289244,-0.22872308,2.4535837,-0.049287096,0.71811134,0.0,0.30050886
1.081565,-0.8071407,0.08744973,-0.1775354,-0.36137486,-1.210932,-0.011035252,0.8530635,0.62074405,0.07293688,-1.6158369,0.074716866,0.92407113
-0.35594055,1.3120621,-1.8938401,-0.91186416,-0.92647874,-0.6354655,-1.5591184,-1.0828195,-1.4832495,-0.94751,0.22117896,0.0,0.875419
-0.31066996,0.8236716,-1.2641393,0.115309194,-0.021478057,-1.0837135,0.21426296,0.24045047,-0.2033749,-0.8995243,-0.2198473,0.1095748,0.43728822
0.45504582,2.1894999,-0.52068,-0.97236925,1.9616227,-0.727813,0.0023360634,1.0656649,1.3043025,2.2838242,-0.35252726,0.5722545,0.21528663
-1.2523354,-0.32155377,-1.8528428,-0.07947254,-0.41818687,0.07942065,0.6282415,-0.8275378,0.24131174,0.46660447,0.286874,0.2953059,0.8866857
-0.5938808,1.337033,-2.1915398,-0.97236925,-0.5824095,-0.8062458,-0.48239502,-0.9849871,-1.6258256,-1.4352721,-1.1713163,0.006281956,0.96604973
0.73758185,0.20699945,0.1841621,-0.53561234,-0.93371063,-0.39714122,-0.87308943,-1.0354593,-2.183889,-0.7765744,0.8318783,0.0,1.0
1.5345808,-1.0442101,0.45792058,1.4281512,1.3428062,0.5235154,0.3292584,1.7051384,-1.5934126,0.19093366,-1.6766307,0.08136688,0.5148557
-1.1735767,-0.61014485,-0.7795712,-0.5978268,0.04795556,0.5317444,0.11672297,-0.59035265,1.915914,-0.14493869,0.7465629,0.40538993,0.22053768
-0.5734799,0.26463705,0.14436801,-0.8615298,-0.35036013,-0.2632373,-0.23217846,-0.5391854,1.376811,0.16540655,-0.013865276,0.0,0.86772853
-0.640232,-1.0442101,-1.0258235,0.62957937,0.43871516,1.6182195,1.2476085,0.6348709,0.7972738,0.5932137,-1.7593788,0.0,0.9772608
-0.5098699,0.2550961,-1.0843632,-0.97236925,-0.079718694,-1.330048,-0.17772801,-1.5631185,-1.1920738,-1.6747506,-1.4494596,0.15458903,1.0
0.58472675,4.7222033,-2.1915398,-0.97236925,0.5823231,-1.5386337,-1.7477021,0.2257736,0.374378,-0.7700633,-0.6010844,0.9190185,0.44324276
-0.55836713,2.71338,-2.1915398,0.14166585,-0.1292863,-1.1313106,-1.6200596,0.25448206,2.5772862,1.1364568,0.69356054,1.0,0.3800476
-0.065447815,-0.37492025,0.7853761,-0.045028456,-0.4812745,-1.5386337,-0.5634733,-0.7958648,0.04774859,-1.4502211,1.1055117,0.0,0.4851484
0.90697205,0.1042237,2.2696655,-0.71088284,-0.93371063,-0.73696953,-1.575058,-0.98765403,-0.16419293,-1.5900755,1.256221,0.0,1.0
0.08271126,0.6421507,-0.3913141,-0.38017595,0.039834697,-0.039881434,0.46706352,-0.44617233,-1.0782446,-0.73195195,-0.9633296,0.07459714,0.8728614
1.104258,1.3702114,-0.667061,-0.15544079,0.58661073,-0.65064037,-0.8800668,-0.0011159927,-0.6088964,0.3386376,0.007377552,0.42928094,0.16446532
1.9473926,2.0902236,0.034771413,0.27177432,4.790785,0.27101475,-0.90398633,1.3118896,-0.3691764,2.2838242,0.41182572,0.91365236,0.0
-0.64715964,0.16865999,-0.7152039,-0.86883694,-0.060454946,-1.243224,0.6184609,-0.42179936,-0.7451417,-0.7461603,-1.7593788,0.071225405,1.0
0.6499486,-0.73914915,0.3110602,-0.97236925,-0.21058418,-1.5386337,-1.3153493,-0.3138794,-1.0622329,-0.65847874,-0.4965843,0.0,1.0
0.081543066,1.8532009,-0.06322301,1.3665243,-0.6709832,-0.2932347,1.2297758,0.62485796,-1.6934822,-1.6155797,-1.2255483,0.15313777,1.0
-0.062261835,1.7937355,-1.2026328,-0.8233959,-0.03176015,0.15075567,-1.8548036,-0.30651695,0.91865396,0.8445691,0.5093275,0.8001149,0.0
2.2492177,-0.08465031,0.74668914,0.20206285,1.2941766,-1.0369964,-1.5856397,0.78017944,-0.7531339,2.0551307,0.66692984,1.0,0.0
0.18044949,2.9676044,-1.4157213,-0.97236925,0.19186693,-1.5386337,-0.83879024,-0.015286058,1.1639296,-0.73991483,0.5670106,0.622718,0.5072163
-0.039954577,3.8191538,-2.1915398,0.3332766,0.4822063,-1.1154875,-1.8718446,0.8969832,1.7294992,-0.24182065,0.5212853,0.8924935,0.0
0.011068488,0.40490943,-0.12391886,-0.17564225,-0.023499073,-0.77450657,0.4310626,0.24436526,-0.53299755,-0.90304214,-1.2921253,0.12080556,0.6319585
1.0972466,0.060342506,0.5608988,-0.7819324,-0.500276,-0.1576271,-0.29685652,-0.31973574,-0.6428198,-0.60375476,0.013968833,0.0689331,0.5362501
-1.0740744,0.6906829,-2.1915398,0.2747961,0.12954952,-0.99694186,-1.7862766,-0.3918578,1.9114231,0.24286914,1.194865,0.68810725,0.17826612
1.0236533,-0.5149263,-0.06159216,-0.050522737,-0.21566096,-1.4007621,-0.9929215,0.01653478,-0.17862286,1.467417,1.2600503,0.29333216,0.25697336
-0.43847007,0.51400226,-0.6291801,0.73804337,-0.02601658,-1.5386337,-1.4677454,0.05271426,1.165263,0.38278627,1.4155757,0.7168358,0.017518084
-0.49230465,1.4913019,-2.1915398,-0.34858888,-0.14638941,-1.083909,-0.51673967,0.24410856,-0.20995478,-0.30632156,-1.0182557,0.3145855,0.8220643
1.6395538,2.6939256,2.3780646,0.1727392,0.21766947,-0.0792975,0.3306909,0.30756268,-0.6829698,1.038521,0.52584255,0.043996505,1.0
1.1404095,0.28809643,1.6275039,-0.3059133,-0.5740226,-0.81344587,-0.18583204,-0.07369627,-0.25354686,-0.7273541,0.1940072,0.0,0.7354894
0.089567594,-0.42557052,0.052956387,-0.97236925,-0.93371063,-1.2523333,-1.2915959,-1.5922731,-2.183889,-1.3751909,0.14081858,0.0,1.0
2.4667265,1.1490289,0.5854488,0.3095595,2.8627198,-1.3729604,-1.2783192,1.1115091,-0.6571685,0.7788355,-0.4099239,1.0,0.0
2.9947968,1.4821728,2.5719469,0.0190101,2.9224832,-1.4282708,0.46692342,1.7367737,-1.6902059,2.2838242,-0.125435,0.41320887,0.956911
-0.4110235,0.021082824,-1.903647,-0.64861363,0.18406025,-0.3632216,-0.9739511,-0.37362728,0.22057196,0.119894266,0.020438522,0.07376737,0.57524633
-0.84544367,1.7112893,-2.1915398,-0.736113,0.017013293,-1.029881,-0.43311903,-0.21596271,-0.19908608,-1.3042253,-1.031537,0.0,1.0
0.9515625,0.18958761,1.0672643,-0.875625,-0.93371063,-0.3652419,0.023451094,-0.62685746,-0.97125506,-1.487635,0.5937973,0.027155727,1.0
-1.1135253,-0.7102615,0.5234226,-0.26680356,0.660864,3.4944324,2.2529507,0.2750033,1.8610135,0.5661374,-1.2531732,0.051757794,1.0
0.16495651,4.2142158,-2.1915398,-0.97236925,0.2068055,-1.1219021,-1.640838,1.0808849,0.083599344,-1.6747506,-1.7593788,0.20387939,0.32063177
-0.46280107,0.8671468,-1.7689973,-0.8467536,-0.35303885,-1.2765856,-0.85936165,-0.28974682,-0.02058153,-1.225978,-1.1155045,0.04220188,1.0
-0.42517114,0.0552845,0.10202269,-0.97236925,-0.35675544,-1.134733,-0.2878555,-1.2471985,-1.6757084,-0.5646732,-0.032996684,0.0,1.0
-1.8776025,-0.2640801,-0.77335674,-0.6007342,0.3724641,1.9363347,2.317571,-0.8716732,2.7518206,1.1834257,-0.12522244,0.0,1.0
-0.37378654,-0.35498717,-0.9413204,-0.24580075,0.041747127,-0.44364494,-0.016986175,0.033143412,0.38605943,0.6772773,-1.0825149,0.04012362,0.8313598
-0.36360154,-0.18039228,-0.4031942,-0.5651406,0.10887176,-1.4084438,-0.43513343,-0.305839,-0.574406,-0.872493,-0.7244576,0.0,1.0
-0.5884996,0.34499243,-1.2862993,-0.68912476,-0.43272352,-1.4656931,-1.3774993,-1.2205489,-1.0156045,-1.0893959,-0.15041104,0.007338455,1.0
-0.48417422,-0.2577367,-0.6892411,0.6804804,0.22735688,-1.0126927,-1.0049431,-0.4096146,-0.80249643,0.06753346,0.690432,0.137102,0.51119095
-0.785467,0.70720845,0.2195407,-0.15427439,0.19189271,-0.48842323,0.67902726,-0.4360347,0.39176002,-1.6747506,-0.42912328,0.0,1.0
0.1325261,-0.20544995,-0.73666763,-0.61049914,-0.18891574,-1.3158715,-0.9714667,-0.5045703,-0.8642825,-0.696073,-0.378547,0.0,0.8803538
2.5346014,0.8869449,2.0752676,0.9518828,1.1044171,0.87483126,0.21189064,1.5674915,-2.000743,-0.12272349,-1.3753114,0.19698748,1.0
-1.2813438,-0.46170253,-0.2461354,1.8559474,-0.017217353,1.7095602,1.8213581,1.117962,0.090057164,-0.16934244,-1.3579627,0.13171649,0.6502704
0.15386075,1.3722572,-0.64790666,-0.19901015,-0.8759645,-1.5386337,-0.09024448,0.26354945,0.15851241,0.18055084,0.53715485,0.0,0.9306958
0.05802487,0.89680195,-1.2658713,-0.38760522,1.8621743,-1.187489,-1.8718446,0.70676994,1.482378,1.4907641,-0.40285534,0.88526744,0.0
-0.6217354,-0.68047565,-0.43195212,0.091271736,-0.13324663,-0.54787576,0.80827105,-0.47453764,-0.012548772,0.29718697,-0.8075654,0.0,0.9330207
-0.3784677,0.3475538,-1.478299,-0.41729355,0.62221444,-1.516404,-1.1017835,0.7963059,0.5426661,-0.09457769,-1.7593788,0.0438833,0.7765455
-0.7267129,-1.0442101,-0.94490665,-0.61298764,-0.25564507,-0.37448657,0.7410391,-0.4900628,1.017275,1.7324296,0.42634553,0.0,1.0
-0.22578214,-0.76439553,-0.4603383,1.3085237,-0.35047892,-0.74205595,-0.18768866,0.46104246,-0.9537976,-0.009874504,-0.8613082,0.50801164,0.90249306
1.4635127,2.1367178,0.23744462,0.27783534,4.4077187,0.6539295,1.2128377,1.7367737,-0.9268301,1.6252795,-1.7593788,0.15493663,0.43099353
0.10415039,1.347682,-0.11199388,-0.062223073,-0.22454268,-1.0119885,0.19705504,0.7679658,0.56523323,-1.0209523,-0.5420912,0.16427572,0.8594481
1.2479073,2.2575142,-1.53464,-0.4014161,0.6194861,-0.79375404,-1.8718446,0.98803425,1.9720522,-0.15892315,-0.124389045,1.0,0.28710037
-0.26176462,1.0517006,1.6375319,1.108699,-0.33983773,2.1351597,0.85275245,0.4682074,0.037998047,0.33381408,-0.68940717,0.0,1.0
0.3288758,2.5802903,-2.1240597,-0.91721046,-0.23225988,-1.3967171,-1.1724831,-0.5262494,0.38820258,-1.2005298,-0.20062888,0.62253976,0.59542626
1.2550337,0.20819238,0.116215535,-0.49909654,1.2217473,-1.4024568,-1.2951652,0.77804804,0.5755064,0.40042156,-0.6982025,0.51431113,0.19434686
0.10557795,3.1291947,-2.1915398,-0.5750012,0.90128124,-1.5386337,-1.4102832,1.1642711,0.24657792,-0.78583115,-1.7593788,0.8138762,0.037742034
0.17681207,-0.6101522,1.2168368,0.29757783,0.30777976,-1.0229515,-0.0128098875,0.69976974,0.43065152,0.3028074,-0.36682874,0.0,0.8845064
1.5813109,-1.0442101,0.73284876,-0.54978263,-0.6033584,-1.109325,-0.89766616,-0.48143414,-2.183889,0.15685259,0.6646369,0.0,0.50352746
2.3394663,1.0681126,1.1277882,2.0949717,2.0271034,0.89226604,0.03023512,1.6149001,-1.9124478,-1.6747506,-1.0748448,0.0039929915,1.0
-0.3303725,0.29429328,1.4649184,-0.8489925,-0.5529292,-1.5386337,-0.03044368,-0.8403466,0.49578485,-0.7411885,0.47444665,0.0,1.0
2.3844466,0.40295413,0.40116063,-0.41426513,-0.35932043,-0.17046614,-0.9810774,0.4661727,-0.57055753,-1.2242657,-0.81311285,0.53652,0.49723738
0.44871303,1.3758059,1.112304,-0.18178956,-0.8795219,0.7736344,0.59018964,-0.1702998,-0.01145861,-1.6747506,-0.33355618,0.0,0.8886952
-1.7976997,-0.2216788,-0.9825874,1.0172484,-0.21077737,0.7135114,1.2255162,0.045085784,0.4645689,-0.27782065,0.057351373,0.0,1.0
-1.8776025,-0.4789877,-0.13642207,0.24167515,0.0058760364,-0.14821452,0.68029404,0.08966354,2.3451378,0.1871543,0.62011886,0.0655227,0.87339884
-1.2592676,-0.0077491943,0.9502198,-0.27551207,-0.8406427,-0.96973896,0.6351746,-0.5818361,1.0726092,-0.14773464,0.41128552,0.0,0.9420828
-1.6506774,0.46654597,0.18676358,-0.16080792,-0.93371063,-0.9264793,0.6597904,-0.4073274,0.6359341,0.27838844,-0.14713702,0.0,1.0
-0.8654793,0.53568923,-1.3717269,0.10001357,-0.6986459,-0.5489129,-1.1477075,-0.75445795,-0.16096851,-1.4251863,0.8917564,0.14253154,0.9558969
-0.514426,0.030447021,-0.44721976,-0.97236925,-0.42408288,0.1500612,0.5837798,-0.6873068,2.060644,0.005725515,-0.46253544,0.0,1.0
-1.8776025,-0.92392164,-0.22684619,-0.1356318,1.1605481,2.231409,2.1838927,0.09315285,1.8474873,1.0950212,-0.8319972,0.0,1.0
-0.2323446,4.7222033,-2.1915398,1.0701438,2.500479,-1.5386337,-1.8718446,1.7367737,2.3795004,0.53617024,0.2434779,1.0,0.0
1.138433,4.2597814,-1.8718783,-0.97236925,2.305739,-1.5386337,-1.8718446,1.4210842,1.028504,1.2405573,-0.9093527,1.0,0.0
-0.5908042,0.23475128,-0.29694334,-0.5935049,-0.63764066,-0.42149156,0.47856337,-0.78282297,-0.23098394,-0.54624426,-0.73340833,0.0,0.87536204
-0.035513617,-0.8753586,-0.18757989,-0.97236925,-0.42026985,-1.0219885,-0.1927094,-0.8122914,-0.77429533,-0.5883758,0.03817933,0.0,1.0
-0.33578524,0.24704665,0.7768748,-0.283006,-0.24358523,-0.22201307,0.16593078,-0.25676876,0.2762888,-0.14717129,-0.5602436,0.0,1.0
1.3560147,0.42559224,0.6282277,2.1267874,-0.2597938,0.47609973,1.146312,1.0302821,-1.658206,-0.35326302,-0.72921234,0.0,1.0
-1.2537148,0.93577135,-0.98760253,0.16997655,0.36691463,-0.73394895,-0.70546144,0.20085083,2.7518206,0.20726265,0.60046923,0.3412236,0.57052505
-0.09672425,1.5676515,-1.3972814,-0.5460986,-0.22213994,-1.5386337,0.14989346,0.1532065,-0.44375983,-0.79198384,-0.35236013,0.0,1.0
-0.7224909,-0.631763,0.3953496,-0.29617885,-0.7292888,-1.1467339,-0.206334,-0.42915586,0.4639894,-0.104878634,0.106714025,0.16242294,1.0
-0.010393844,1.3441353,-1.4776261,0.018636342,-0.5240489,-1.5386337,-1.2366382,-0.07318433,-0.2129013,0.539111,0.12021145,0.29018864,0.6454701
1.2358162,-0.26898518,-0.12798709,-0.23951422,0.7386362,-1.5386337,-1.8718446,0.04579647,0.15083699,-0.7479513,1.0375829,0.79554105,0.05821817
0.02397131,-1.0442101,-0.5192672,-0.8697006,-0.93371063,0.3067022,-0.05639971,-0.2000064,-0.611941,1.2428014,1.0803357,0.05854097,0.9272546
-1.0394729,1.4168658,-1.8025805,0.03047644,-0.93371063,-1.0936751,-1.0739962,-0.24918729,1.6903882,-0.54903686,0.83504885,0.06848657,0.8481212
-0.82341945,-0.54594755,0.51093435,-0.33191997,-0.38321662,-1.0138307,0.7588022,-0.43010753,0.8499151,0.03380678,-0.053476855,0.0,0.8530313
-0.34323338,-0.2504647,-0.017697098,-0.5568774,-0.024559645,-1.1328816,-0.8056765,-0.67497355,-0.90250224,-1.0187365,-0.5764839,0.119803764,0.8413629
-1.8776025,0.6120853,-1.0003554,0.031363375,-0.027466012,0.048031606,0.835183,0.13660029,0.8934192,0.89496547,0.5485526,0.0,0.6677231
-0.1723745,-0.030835416,-0.697519,-0.7256625,-0.40290913,-1.1233561,0.19845332,-1.0027678,-1.168303,0.20721132,-0.31377345,0.029886402,1.0
-0.6593859,-0.026569415,-1.1025561,-0.519791,-0.41776365,-0.8589102,-0.8371856,0.010374431,0.907563,0.33881968,-0.099302314,0.11873927,0.73632044
-0.00031201914,0.22507986,-1.0450056,0.3171606,-0.1194839,-1.2925235,-0.39998326,0.6044964,0.5833724,0.58541083,0.16998255,0.0792652,0.5570208
0.10948052,1.222789,-0.389923,-0.5624797,0.1802271,-1.331077,-0.5839951,0.4753367,1.570907,0.9291174,-0.49589288,0.44036803,0.17172839
-0.32846192,-0.28653377,0.025762508,-0.6156131,-0.70381516,0.0097695105,0.46386486,-0.7069637,1.2011172,-0.11279109,0.23084797,0.0,0.6015048
-0.7531771,1.4189157,-2.1915398,-0.68248457,-0.0443196,-1.3984137,-0.88060844,0.60598236,1.7576582,-0.59507275,-1.1905682,0.39586094,0.5079076
0.05305081,1.6380682,-0.70178866,-0.77372587,-0.47960764,-0.7560245,0.34935945,-0.41215533,-0.19977485,-1.0643156,-0.46840113,0.0,0.999407
-0.66192335,4.7222033,-2.1915398,-0.6932901,1.3771871,-1.5386337,-1.8718446,0.8709693,2.7518206,1.0176488,1.0489107,1.0,0.0
0.6567,-0.71030444,-0.19508663,0.2496335,0.9989708,-1.5386337,-0.7793808,1.0484737,-0.59729415,0.16008376,-1.3753177,0.111337215,0.57256526
-1.1297479,0.30040196,-0.12311181,0.22282287,0.10316093,-0.013326414,0.665509,0.22127563,0.9376209,1.1288826,0.5396607,0.0,1.0
-0.22690845,0.33098856,-1.0735537,-0.53386796,0.16777097,-0.60994726,0.3039023,0.53712034,-0.32602537,-0.33352476,-1.6014196,0.0,0.989599
1.082856,-0.8268539,1.4158211,1.5504857,1.0215042,-1.5386337,0.13363923,1.392378,-1.4287037,0.32194096,-0.4522993,0.25583318,0.61255085
-1.6982843,-1.0209543,-0.6583985,-0.9128719,-0.0320256,1.0493327,0.7012745,-0.40186912,2.247416,0.12541682,0.21193917,0.0,0.76092577
0.50557524,0.5561353,-1.7412404,-0.050946236,0.40217802,-1.531284,-1.6824187,0.75530815,0.9430651,-0.4094326,-0.34991086,0.78167,0.2882165
-1.0548998,-0.008079035,-0.42328468,-0.3413801,0.7162428,0.4915657,1.1433319,0.029149778,0.44787237,1.1053855,0.23366477,0.0,0.6183565
1.4594291,4.7222033,-2.1915398,-0.86794037,1.6857355,-0.84593153,-1.8718446,1.5077132,2.1171968,0.13722146,-0.6386768,1.0,0.0
-0.85585636,0.20529744,-1.3014765,1.1213648,0.96920425,0.6623142,0.6912338,-0.29767525,-1.4165272,-1.6102607,-1.7593788,0.0,1.0
-1.6377941,-0.47732297,-1.2710576,-0.5702151,-0.29413652,0.48242658,1.8783861,-0.67015964,1.9586258,0.4965691,0.4258271,0.0,1.0
-1.177341,1.1900005,-0.6702803,-0.36811915,-0.038716584,-0.32097965,0.6521423,-0.3632423,1.2341417,0.36066186,-0.2278614,0.0,0.70936364
-1.1932787,1.1222376,-2.1915398,-0.7138443,-0.21641222,-0.05716249,0.12299259,-0.58191144,-1.2346565,-1.6747506,-1.7593788,0.21406367,1.0
0.00046779588,0.77486587,-1.0853897,-0.97236925,-0.1617683,-0.7809674,0.24754763,-0.3031082,-0.5559468,-1.4945891,-1.7456286,0.112503834,1.0
1.0618873,0.5986803,1.3821225,0.16826491,-0.7190022,0.046798453,-0.6793167,-0.14590228,-1.3292705,-0.7337387,-0.8969153,0.0,0.9420257
0.6673156,0.5534815,-0.9611038,-0.56665736,0.0723654,-0.5321782,-0.4604902,-0.13648833,-0.85727,-0.54792815,-0.91461056,0.0,0.83795613
-0.3382114,-0.223447,-1.7777076,-0.066347174,-0.5142465,-1.1529846,-0.9713858,-0.51288396,-1.4806911,-0.7008524,-0.46553975,0.0,1.0
0.70276976,-0.40225363,1.2940097,0.14005156,-0.30707797,-1.5386337,-0.5806634,-0.21686086,-1.1046118,-0.9523921,-0.13458152,0.0,0.95118994
-0.66968995,0.16437665,0.020681439,-0.97236925,-0.6529467,0.80001074,0.31692165,-0.8570314,0.9936086,-0.2562281,-0.19760326,0.0,0.6850384
-0.02575437,4.7222033,-2.1915398,-0.2950028,-0.31854984,-1.5386337,0.13898888,-0.03167147,-0.18138883,-1.6747506,0.5053591,0.34249726,1.0
1.8410293,0.62816423,1.1878374,-0.19047739,-0.4411073,-0.63237613,-0.41082627,0.14918157,-1.759796,-0.1562526,-0.6645003,0.0,1.0
0.25467086,0.039235074,0.82094675,0.07298929,-0.63728315,-0.11594154,0.12452355,0.0796037,0.18152693,-0.54641366,-0.31058323,0.013962692,0.6556949
-1.8776025,0.83240855,-1.6270981,1.144277,-0.15664274,-1.5076972,-0.696392,-1.3414471,0.4650014,-1.5180961,1.5718055,0.0,1.0
1.0676315,2.8174348,-1.1058192,-0.35047942,0.55634946,-1.5386337,-1.1809791,0.79582804,0.19841473,-0.42049712,-0.2617879,0.7196217,0.6580126
-1.8776025,0.6526652,1.4406791,0.16079485,-0.18605,-0.6554041,1.0470717,-0.89702505,2.4009295,0.70759565,1.8658206,0.0,1.0
-1.2254351,0.46002367,0.5528756,2.1267874,1.0522538,2.8786957,2.317571,1.0535527,-0.6555709,-0.812162,-1.7593788,0.0,1.0
-0.8722083,0.68714213,-0.43718442,-0.28524986,0.26288474,-0.45528942,0.06577242,0.031702224,0.7073147,0.30113113,-0.036576092,0.0,0.60979986
-0.93817383,-0.063958496,-1.4752148,-0.52959645,-0.5117853,-0.9634412,-1.3515638,-1.1755276,-0.29104576,-0.9098353,0.34633917,0.0,1.0
-0.23274256,0.3910657,-0.6093621,0.019165374,0.25886017,-1.4812561,0.4156193,0.19053678,-0.80389524,0.6264978,-0.8134936,0.0,1.0
-1.6646765,-0.482499,0.17327389,-0.7187171,0.31197467,-0.24955647,0.85977685,-0.7218465,0.9755949,0.80053383,0.37152195,0.0,0.9283935
0.41910622,1.7057918,-1.2181588,-0.010244029,0.23971386,-1.1560622,-0.551917,0.47120792,0.39514056,0.35728216,0.16387656,0.24529563,0.34926388
0.05308059,-0.3964514,-1.2780241,-0.7479328,-0.4439196,-1.5386337,-1.8718446,-1.0229757,-1.6257465,-0.8322968,-0.36638582,0.0,1.0
-0.30387992,0.3459048,-0.17217997,-0.564305,-0.35841003,0.6077904,1.2321584,0.37945876,0.13620476,-0.009425892,-0.404738,0.0,0.68558496
0.021527736,0.037989054,-0.64917845,0.29123408,1.4958339,-0.21918114,1.1191293,1.104354,-0.39543638,1.0178236,-1.7593788,0.0,1.0
-0.95048,0.71766657,-1.7146565,-0.879126,0.16920418,-1.5217024,-0.1208298,-0.98733944,-1.7371993,-1.327855,-1.7593788,0.0,1.0
-0.033703927,0.30574998,0.13503624,-0.6293596,-0.31584564,-0.63326496,0.40988597,-0.040072102,0.68290246,-0.48641843,-0.6005439,0.0,0.62034446
-0.45156905,-0.40851206,-0.42805806,-0.5971893,0.22113363,-1.4660382,-0.789874,-0.64532167,-0.76598567,-0.9883063,-0.7841317,0.06904344,1.0
0.850613,-0.16146708,0.017473454,-0.97236925,-0.48044756,-0.77994955,-1.2559786,-1.5922731,-1.7742238,-1.3283033,0.15607952,0.1409792,1.0
-1.1411813,-0.17084374,-1.687292,-0.28048864,-0.2006041,0.72758627,-0.5750836,-0.036898162,1.4269001,0.47303146,-0.22612897,0.74304116,0.81709564
-0.4387187,-0.23443457,-0.8802699,0.6476554,0.629197,-1.0462686,0.5203145,0.63384074,-0.6487066,0.20204952,-1.6452208,0.0,1.0
0.7232538,1.7760075,-2.1915398,-0.21246678,0.7349277,-0.76426435,-1.8718446,0.21677835,0.25422758,0.67486787,0.29492146,0.8305004,0.0
0.39113986,4.343874,-1.7716694,0.21904467,-0.044119284,-1.5386337,-0.1628245,0.42902038,0.96313715,-0.4265957,1.1419194,0.71557677,0.77563494
0.6808646,-0.7457522,1.2082424,0.010176021,-0.69990367,-1.1372744,-0.72505844,-0.5185216,-0.47530395,-1.3369311,0.7275445,0.31892487,0.59205806
1.109577,0.11443344,1.6029726,1.781026,-0.24636236,-1.031064,1.4979322,1.6869544,-1.0792775,-1.1372625,-1.0951139,0.0,0.8632387
0.6331664,0.1345836,-1.086719,-0.677767,-0.017162148,-0.8332746,-1.2505498,0.43009305,1.2449071,0.4467132,-0.47983515,0.50780344,0.4278798
0.28453472,-0.09069078,-0.8969133,-0.043465734,-0.32714427,-0.06919746,0.11531764,0.44544974,-0.30236906,0.0049024047,-1.0637302,0.0,0.9014321
1.2736651,-0.45980048,-0.10460509,-0.6637093,-0.4343823,-1.1173537,-0.6448154,0.34277344,-0.95727307,-0.093995504,-0.122666426,0.0,0.54287714
0.35373995,-0.5314407,-0.42833048,0.10739902,0.13488007,-1.5386337,-0.7267535,0.5855264,-0.55619764,-0.3927132,-1.0005057,0.014199826,0.9044722
-1.0422921,1.180329,-2.1915398,-0.832228,-0.25878716,-0.4203282,0.6440319,-0.69998777,0.17643991,-0.035508752,-0.5090875,0.0,1.0
-1.4430976,0.24199492,-1.991393,0.51343596,0.04912777,-1.1688019,-0.99717474,-0.6756107,-0.80982846,-0.9099155,0.45832098,0.0,1.0
-1.1966097,0.9212936,-1.8298637,0.007254094,0.0042056143,-1.3096122,-0.31854385,-0.5426343,-0.75523555,-1.3156412,-0.60822475,0.0,1.0
-0.22486456,3.8091269,-2.1915398,0.48238114,0.5589215,-1.1744004,-1.8718446,1.099138,1.1318495,-0.021640934,-0.76837134,0.9797571,0.14636509
-0.18357633,0.97659916,0.9313874,-0.0090891905,0.94024473,1.179742,1.4200872,-0.018673178,0.22668809,0.7134931,-0.7519995,0.0,1.0
-0.7522678,3.2625847,-2.1915398,-0.32679164,-0.2216362,-1.5386337,-0.977422,-0.047666807,0.20875059,-1.6747506,-0.36636925,0.0,0.48836428
-1.4308331,1.3031001,-2.1915398,-0.49315602,1.3502792,1.2390436,-0.9159324,-0.61379325,2.7518206,2.2838242,1.6535994,1.0,0.23217563
0.58546454,-1.0442101,-0.23753105,-0.0559183,-0.93371063,-0.6396266,-1.2004583,-0.6509938,-0.91378045,0.2795844,0.72434187,0.26597583,0.47704998
0.34522197,-0.18265766,-0.78086305,-0.22847635,0.1459956,-1.314899,-1.7887053,0.4171467,0.9211473,-0.46674085,-0.43579656,0.43469205,0.5068136
0.98834676,4.7222033,-2.1915398,-0.23015665,1.7472297,-1.5386337,-1.8718446,1.4709282,1.9757272,-1.2263284,-0.30669504,1.0,0.0
-1.1552413,0.40040395,0.04893539,-0.62029415,-0.8817348,-1.5386337,-0.2272936,-0.98828334,-1.4566612,0.97795963,0.594573,0.0,1.0
-0.4197985,1.357892,-1.0881101,0.9045066,-0.59680647,-1.1775477,1.1687762,0.17295797,-0.086338565,-0.51281154,0.5285781,0.0,0.9779022
0.79211676,-0.5532741,1.5579947,1.9648225,-0.12020777,0.94393444,0.25715312,0.4071742,-1.4327176,-0.62832975,-0.6640877,0.0,0.7832691
-0.09733937,0.7243731,-1.3279127,-0.16612166,0.82348347,-1.1571288,-0.6250169,0.52092427,1.9871067,0.9696616,0.33171946,0.77349275,0.0
-1.8776025,0.6924917,-0.97028184,1.7571064,0.9733566,1.7035291,2.2528548,0.010559864,-1.2511,0.39264387,-1.3629245,0.0,1.0
0.25954187,1.527282,-0.14651972,-0.16385542,-0.40775648,-1.3731223,-0.013142206,-0.20482416,-0.16669257,-1.1216846,0.29836398,0.0,0.9886665
2.0331213,-0.29733935,0.45097673,0.2712214,1.3551533,-1.5386337,-0.78632885,1.6196625,-0.3763846,0.57954633,-0.956255,0.53553706,0.2731537
-0.44098812,-0.56822085,-0.37087354,1.3089623,-0.058199655,-1.1830817,0.2683002,0.90891224,-0.76059943,-0.33055693,-1.4371866,0.110726185,0.84801126
-1.2449862,-0.11421391,0.70173335,1.9081154,1.601112,3.7631793,2.317571,1.0271618,-0.92675585,-0.33425415,-1.7593788,0.0,1.0
-1.8776025,-0.3904579,-0.39380643,0.36244676,0.35852057,1.3933846,1.9889466,0.20004125,0.9186753,1.2619853,-0.6392354,0.0,0.8872935
-1.2528278,1.2912396,-1.1524094,-0.26544094,-0.15665352,-1.3227639,0.049179714,-0.25971657,1.0093403,-0.51532084,-0.23017618,0.0,0.565497
-0.9384782,-0.78872526,-1.3638602,0.110072516,0.4399438,-1.5386337,-0.015665578,-0.89611566,-0.52948517,0.27527064,-0.5782555,0.0,1.0
0.3844349,-0.6225079,-0.009663813,0.11255327,-0.4185319,-0.40250617,-0.30023843,0.2912147,0.29338422,-0.29006958,0.22500698,0.0,0.7429488
-0.4148062,0.59986913,-0.5649125,0.62133336,-0.93371063,-0.6880564,0.38492405,0.02100421,-0.45294937,-1.6747506,-0.9495293,0.0,1.0
0.41834056,1.474933,-2.030733,0.26766324,0.35150358,-1.275355,-0.94582605,0.7119884,1.833984,0.0055171223,0.7265069,0.9929433,0.22552867
0.017249977,-0.086216405,-0.2676683,-0.061007712,0.055169072,-1.408731,-0.78805846,0.312342,0.50540227,-0.000173809,-0.74123186,0.044864163,0.49376988
-1.3168751,1.854086,-0.4642722,0.42541802,0.5506904,0.9037363,2.1016493,-0.041940507,-0.685977,-0.21244088,-1.7593788,0.0,1.0
0.8151381,4.7222033,-2.1915398,-0.73973167,1.3313409,-1.5386337,-1.8718446,1.4412034,2.5024333,-0.20808776,0.51830363,1.0,0.0
-0.54573363,-0.4161406,-0.10953499,0.09720792,0.120152906,-1.3490189,0.2672873,-0.4819024,-0.7547291,-0.51967853,-0.6312039,0.0,0.9177587
1.5283909,1.4113169,0.8004774,-0.38340142,0.7043665,-0.78215504,-0.9954847,0.11290863,0.4300167,0.88667095,0.5828072,0.70866144,0.6998673
0.11130928,-0.3938409,-0.72405916,-0.043888684,-0.32259822,-0.37389594,-0.40748236,0.10397893,-1.2330362,-0.6388596,-1.3976003,0.0,0.5756448
-0.61660486,0.5850433,-0.5784354,-0.8351999,-0.27635193,0.19757366,1.3225821,-0.3852265,-0.33158958,-0.5145699,-1.3767676,0.0,0.64976
1.1136885,4.0718184,-1.3088682,-0.97236925,0.58369696,-1.0895607,-1.5824515,1.1518556,2.2029939,0.7829001,0.6820561,1.0,0.093471095
-1.2716022,-0.44615626,0.017308963,1.1240656,0.47007892,2.9254777,1.3923234,0.14577767,0.24780115,-0.4105811,-1.7593788,0.0,1.0
-0.45715654,0.563418,0.17217593,-0.4034022,-0.28395337,-1.3337414,-0.12744485,-0.6221996,-0.49188253,-0.22418828,0.26831162,0.0,0.9290818
0.08018469,-0.128486,-1.342396,0.4966213,-0.70960534,-0.6237582,-1.8674034,-0.36347705,-0.13540131,-0.2477415,0.97747815,0.4683128,0.05353544
-0.734747,-0.8603209,-0.9010386,0.050264172,-0.2527439,1.2513002,-0.21908191,0.24709849,-0.067627035,-0.085549206,-1.2960311,0.19911572,0.63439363
0.96711046,-0.44496697,0.42343777,-0.97236925,-0.32644135,-1.5386337,-1.3651671,-1.2679764,-2.183889,-1.2272527,0.07380253,0.0,1.0
-0.75973284,-0.85473245,-1.0870097,-0.46488112,-0.4349115,-1.333736,0.112382144,-0.8350489,-0.83737266,-0.2617854,-0.56202185,0.0,1.0
0.05300819,0.057300832,-1.0704193,-0.597083,-0.043806415,-0.95266026,0.0064059375,-0.13876925,-0.31535986,-0.1344241,-0.9205581,0.0,0.75457966
0.58894783,-0.2472311,-1.5677068,-0.96276,1.2742337,-0.45819366,0.6669597,-0.028955743,0.36655635,2.2838242,0.23311053,0.02284452,0.81134623
-0.96147263,0.31029686,0.35261685,-0.06687122,-0.32016602,-1.5386337,-0.8282238,-0.9590049,-0.95786905,-0.62699777,0.2320842,0.0,1.0
-0.6224254,-0.7389909,-0.21564226,0.019106925,0.49024805,-1.2100233,0.35260823,-0.16209432,-0.0007733357,1.2337399,0.035146847,0.0,0.78186285
-0.1371166,0.16717349,-1.7562448,-0.83988297,-0.1919154,-0.6542797,0.030885436,-0.77057457,-1.1770992,-0.21182142,-0.4792549,0.071005605,0.53715664
-0.059682965,0.19924326,0.28446674,-0.97236925,-0.93371063,-0.6411055,-1.2714038,-1.5670565,-0.17844684,-1.3558344,0.37178886,0.07571328,1.0
0.28989935,4.7222033,-1.7716279,-0.46955216,0.6250668,-1.5386337,-1.8718446,0.683911,2.7518206,2.2838242,1.8658206,1.0,0.0
0.8258695,-0.63247365,-0.8958722,-0.97236925,0.10532375,-0.81839794,0.090719886,0.19221158,-0.14586522,-0.4706447,-1.7593788,0.28463733,0.9026587
-0.56696653,0.4849095,-0.67382395,-0.087299086,-0.22827785,-0.6916909,0.21775185,-0.5277565,-1.2953527,-0.1443207,-0.48596168,0.0,1.0
0.46069738,0.29333687,-0.17736427,-0.45075282,-0.70726377,0.79374605,-1.0119779,-0.12187876,-0.755331,-0.60302174,-1.2270472,0.008392213,1.0
-0.2421863,0.110225424,-0.85112464,-0.068705134,0.18153207,-0.9244325,-1.184277,-0.5305983,-1.0556583,0.073528126,0.49735993,0.13161187,0.35966074
-1.5716312,1.1199563,-2.0369866,0.51196694,-0.27506617,-0.81660974,0.7922795,-0.027860343,0.5159877,-1.0907117,-1.0881455,0.0,1.0
-0.47166508,0.73271537,-0.26397055,-0.5229311,-0.93371063,-0.38357288,-0.078201026,-0.5601146,-0.3332222,0.4992994,0.34109312,0.26922792,1.0
0.15344742,-0.5631416,0.65796465,1.4868326,-0.5972832,1.2716806,0.523967,1.179018,-0.6686107,-0.5084197,-1.7273246,0.015593212,0.51262206
-0.7664575,0.85409,-0.11842412,-0.2102315,-0.11476855,-0.8062533,0.141554,0.3587205,0.7601313,0.4375059,-0.0033104029,0.30284986,0.504269
2.1460943,-0.79174274,0.042781226,-0.53813183,-0.93371063,-0.52498,-1.8718446,-1.5922731,-2.183889,-0.34265167,1.5299402,0.0,1.0
-0.7745907,0.3673032,-0.87615716,0.19480664,-0.9304392,-1.090613,-0.17624518,-0.083829686,-0.70118,0.25601012,-0.36101633,0.0,1.0
0.63646686,-1.0442101,-0.35726315,-0.55512315,-0.93371063,0.82098496,-0.108178616,-0.33642885,-0.49177343,-0.43338215,-0.75916415,0.04165442,0.75091845
1.3570979,3.898185,-2.1915398,-0.8108288,1.3651807,-1.0882995,-1.8718446,0.51611733,-0.6484067,-0.20890898,-1.4705268,0.87392706,0.0
-1.0049798,0.77566683,-1.4084609,-0.11856957,-0.29782653,-1.0594949,0.7347958,-0.07273182,0.82173115,0.30501175,0.3200928,0.021250032,1.0
2.1511858,0.13825002,0.35333982,-0.52123916,1.579906,-0.9964947,-1.0836319,1.190312,-0.47752097,1.5680487,0.007680541,0.5981876,0.020841423
0.4016985,-0.30521825,0.38990924,-0.43692002,-0.22739278,-0.38712913,-0.23319963,-0.18680297,-0.5062867,-1.117795,-0.4554503,0.15239868,0.8648482
-0.8748031,0.33203685,-1.0658809,0.041946355,0.2722991,-1.5386337,-0.689171,-0.36449248,-1.1394957,-1.6068572,-0.50949633,0.08577945,0.776841
0.826063,0.87756646,-1.4451905,-0.0154159535,-0.07029208,-0.60665524,-1.0549957,0.7630939,-0.18766372,2.0106258,0.69970876,0.69886893,0.0
3.0848706,2.0869532,2.1549842,1.239705,4.3337235,-1.5386337,-0.15107273,1.7367737,-0.4275221,2.0181603,-0.27484286,1.0,0.46052375
1.304187,-0.21052326,1.3811252,0.12292731,-0.5251594,-0.07267207,0.76173735,0.6487423,0.485121,-0.93540084,-0.5267988,0.0,0.84604895
-1.0364842,2.9163156,-1.0670785,1.0148894,-0.16027921,-0.90293205,-1.6232778,-0.085541055,0.22105777,0.13271105,1.4453573,0.7651436,0.34651777
-0.13657013,-0.42241767,0.048469722,0.010078481,-0.14033866,-1.493927,-1.0348641,-1.1438202,-1.019943,-0.57150686,0.95501375,0.0,1.0
-1.3157363,-0.30450886,-0.6966876,-0.97236925,-0.18951127,1.202154,0.31164542,-1.0508134,0.59599453,0.00541092,-0.8207198,0.0,0.96757776
-0.3162537,-0.027302489,-0.9590676,-0.7202298,0.2956137,-1.5348415,-0.74592274,-0.9011783,-1.527901,-1.198991,-1.5598805,0.0,0.8132192
-1.8776025,0.53518176,-0.85499847,0.1913529,-0.27795118,2.5034955,2.317571,-0.22607675,2.5780458,-0.30457354,0.10867114,0.0,1.0
-0.83382004,-0.15843147,-0.32846713,-0.1432966,-0.44028163,-0.84033763,-0.16896173,-0.57058394,-0.028128916,0.51186305,0.39097512,0.021572404,0.75682133
2.3913171,2.3334153,0.6629897,0.06671104,3.0479932,-1.1646391,-1.8718446,1.1447525,0.34069696,0.45056838,0.47641677,1.0,0.0
-1.8776025,-0.07702814,-0.89519113,-0.23455678,-0.19542328,0.799615,-0.14856628,-0.9439347,1.5335339,1.0696661,1.4747983,0.15030974,0.4050496
0.3073549,-0.3767547,0.12730457,0.19288379,0.030375097,-0.9562818,0.026774261,-0.045511942,-0.7955011,-0.9620651,-0.45622885,0.0,0.8421567
0.7048011,-1.0442101,0.67178875,1.3424168,-0.35840568,-0.45008475,-0.18616207,0.80549043,-1.1629114,0.017870892,-0.9822692,0.0,0.5298617
-0.58458567,3.0349143,-2.1915398,0.3830456,0.5836111,-1.1817548,-1.8718446,0.45966327,0.79048085,-0.09219129,0.14533699,0.65471154,0.0
-0.7802744,-0.38646817,-0.5092806,-0.059861895,-0.68195087,-0.79312766,-0.5041789,-0.2849493,1.3756497,0.8126244,0.30410457,0.11786667,0.33462736
-0.17671706,0.4175906,0.8770331,-0.10524629,-0.78528047,-0.4685002,0.31822035,-0.2565843,0.38236934,-1.2983154,0.047099598,0.0,1.0
0.1524651,1.1936152,-0.57372373,-0.6535684,-0.27665582,-1.0424533,0.09215845,-0.15766834,-0.60951173,-1.222493,-0.33310926,0.0,0.7801942
-0.63702786,0.15805504,-0.22919314,0.55955774,1.1372406,-1.5386337,0.63754976,0.9590297,-0.8255516,0.0121095935,-1.5724078,0.0,1.0
0.9871356,0.25695062,0.36902845,0.31847227,-0.263555,0.43318737,0.48239666,0.54643095,-1.896719,2.2838242,0.12058769,0.0,1.0
-0.67429817,0.49416044,1.2811829,1.90904,-0.19791467,2.7573237,1.1484957,0.9395035,-0.53639704,-0.22925065,-1.7593788,0.17711107,0.90486306
-0.3908339,-0.020889487,1.0113198,2.1267874,0.35292983,1.370641,1.5687717,1.7367737,-1.5392778,-0.45275396,-1.7593788,0.09538568,1.0
0.37158886,4.7222033,-2.1915398,0.27666187,2.3297682,-0.9073309,-1.8718446,1.2320617,2.2858348,0.5862482,1.0614051,1.0,0.0
-0.29634318,0.23331591,0.5791537,-0.8013535,0.10759282,-1.5386337,0.05090448,-0.5520941,0.35052904,-0.48456627,-0.2050506,0.0,1.0
-0.6567409,0.8783819,-1.6163857,-0.24572544,-0.5496976,-0.90519655,-1.742224,-0.058557864,1.5504282,0.35256934,0.727567,0.4602862,0.12325697
0.295029,3.547194,-1.9684176,-0.97236925,-0.4476407,-1.5386337,-0.4445916,0.32022598,0.12057001,-0.52120197,-0.6364133,0.6087882,0.4183857
1.491463,-0.17948698,2.6125476,-0.77821535,0.3327462,0.15168367,-0.39685458,-0.2326496,-0.4360984,1.1103194,0.2790814,0.5640224,0.465059
-0.31611225,0.5206585,-0.16679676,0.045798473,0.063114464,-0.6374582,0.6131744,0.2768442,-0.26407033,-0.5020338,-1.1960673,0.0,0.68628085
1.570453,0.7210757,-0.36815056,-0.97236925,1.5140747,-0.81321937,-1.0489802,1.3209715,1.1722866,1.943895,-0.7108641,1.0,0.0
-1.5630971,0.84936,-1.1071564,0.2222887,0.01881909,-1.4959263,-1.1146795,-0.7071689,0.76873285,-1.6747506,1.5416386,0.11730988,1.0
0.6357115,-0.31797108,-0.22833192,-0.12211596,0.15845698,-0.778185,-0.5375843,0.52485543,0.12635136,0.4013632,-0.2733512,0.44451827,0.7713508
-0.67487043,0.65261096,-0.37292427,-0.45538482,0.052751917,0.6858272,0.28541303,-0.0020075515,-0.6919007,-0.3542351,-1.7593788,0.0,0.779586
-0.041308958,0.4426933,-0.40765664,0.020348877,0.09938192,-0.8327831,0.11876936,0.112138286,-1.2049648,-0.49340695,-0.61281747,0.0,1.0
-0.37745103,0.25361475,-2.123173,-0.4448502,-0.38107252,-1.1336197,-1.5969448,-0.04751132,0.043821383,-0.91458434,-1.0878401,0.13309044,0.5905458
1.8097234,-0.94996965,1.0472552,-0.65067285,-0.89165556,0.85156375,-1.5078243,-0.8543925,-2.1432996,0.9674105,1.7149295,0.21179786,0.7043525
-1.0246705,1.6946096,-1.7974311,-0.4572927,-0.9088351,-1.5386337,-0.16644679,-0.3224757,1.1970123,-0.40019894,0.07793825,0.019154828,1.0
-0.13788453,0.052872136,-0.77032393,-0.8421678,-0.7382315,-0.07735297,-1.0957139,-1.5922731,-1.8803144,-0.3736639,1.0295027,0.0,0.8907507
0.008903971,0.5346944,-0.54913974,-0.75357,-0.25807092,0.43909085,-0.43148008,-0.6251715,-1.0313151,-1.6666433,-0.37390298,0.19120392,0.74364907
0.36862788,0.99354196,-1.0460722,-0.9286162,-0.3566559,-1.3227084,-1.03774,-0.01241504,0.23625597,-0.7996287,-0.32060266,0.2386091,0.4598929
0.09768469,0.38867563,-2.1915398,-0.2876134,-0.93371063,-1.2747276,-1.7139046,-1.0362465,-2.183889,-0.0058212467,0.47231054,0.0,0.9193877
1.6466419,3.343722,-2.0026312,-0.97236925,1.1130395,-1.5386337,-1.8718446,0.92166203,0.8147963,0.4256388,-0.7976047,1.0,0.097675085
-0.26273686,4.7222033,-2.1915398,1.0775168,1.1657213,-1.3417245,-1.8718446,1.3555453,2.7518206,-0.098090254,1.0659485,1.0,0.0
-0.6645399,0.58965033,-1.9593384,-0.4598783,-0.14305936,-1.240242,-0.58622897,-0.08530706,-0.35241577,-1.2338551,-0.5266043,0.0,0.9366242
-0.73222995,2.2869444,-1.4970703,-0.44366825,3.7144797,0.9066921,-0.43609124,-0.5887687,1.0619211,1.2176303,0.14687179,0.34983405,0.3227951
0.91297805,-0.982906,1.5800923,-0.97236925,-0.8967936,-0.6387605,-1.5859092,-1.5922731,-1.2539229,-1.4826633,0.8897398,0.15406284,1.0
-1.4413338,0.40472445,0.33574098,-0.20725793,-0.93371063,0.9197002,0.41736445,-0.5709893,0.5304123,-0.32130474,-1.115858,0.29108337,0.78892064
-0.840777,-0.77876526,-0.19173212,0.8333105,-0.27677244,1.1637824,0.80977136,0.7413695,0.7865002,-0.15980808,-1.5796193,0.0,0.7597724
0.018807808,2.8144007,-2.116601,0.079756096,-0.32234102,-1.5386337,-1.3303292,0.23053046,0.8759962,2.2838242,1.8014431,0.7225667,0.682521
-0.08309337,-0.6470424,0.17349792,-0.033937335,-0.18851443,-0.7162899,-0.8419449,-0.63928884,-0.22612582,0.30649185,1.386821,0.0,0.50232756
-1.8776025,2.1523542,-2.1915398,-0.043811236,-0.23557445,-0.4905535,1.0424755,-1.0256368,-0.5161618,-0.62039804,-1.0792544,0.0,1.0
2.6934001,-0.43623337,2.4465394,0.40569755,0.7524965,-0.9057841,-0.2671437,1.1610255,-0.8034569,-0.13898368,-0.18363442,0.2351261,0.8197662
-0.9445847,3.4934225,-1.0722318,1.2390054,0.98621505,-1.5386337,-1.8718446,0.44133997,2.7518206,0.13812444,1.8658206,1.0,0.0
1.0227646,-0.86459804,-0.2777291,0.15240967,-0.24358617,-0.09020021,0.32485718,0.5435242,-1.3531748,0.12248374,-1.463943,0.12372022,1.0
0.86708,-0.21566561,1.4918956,-0.36344352,-0.37437266,-1.5386337,-1.5499262,-0.92302126,-1.784438,-0.3118497,0.4995318,0.0,1.0
0.021569872,0.1637451,-0.026656603,-0.76088464,-0.3400853,-0.5482443,-0.056685884,-0.46568528,-0.30855116,-0.8268415,-0.24586132,0.043033596,0.837316
1.9835653,-0.573327,1.6598814,0.15377738,1.1273719,-0.5840918,-0.21124592,1.4739826,-0.18462378,1.221714,-0.53351986,0.3542664,0.6790577
0.51717776,1.9899348,-0.21056713,0.012010171,-0.82630205,-1.5386337,-0.47091675,0.2269518,1.1837858,0.41561878,1.054449,0.42462757,0.5223413
2.4872637,2.8494735,-0.20056379,-0.22548468,5.9524918,-0.11069768,-1.0845536,1.4658852,1.3218418,2.2838242,1.3817964,1.0,0.0
0.6213597,0.33636624,-0.25929794,-0.6888105,-0.8234423,-0.46069098,-0.3075968,-0.43348518,0.4998766,-0.40849668,0.49889874,0.2724573,0.3533634
-0.117642365,-0.20895669,0.57245904,-0.50196826,-0.524432,0.27368653,0.19400498,-0.2709124,0.5554725,-0.2579903,-0.9655804,0.0,1.0
2.0184608,3.3891323,-0.9260452,-0.1234642,0.52672607,-0.7948729,-1.3119242,0.78294075,-0.88449335,0.01603278,-0.648798,0.494599,0.41523057
-1.6721047,-1.0442101,-0.5843447,-0.7233732,1.0624402,-0.1661979,0.23383245,-0.12310043,2.4744914,0.9439704,0.2550847,0.0,0.43257406
-0.06332854,1.2459856,-0.032868564,-0.16920118,-0.25922576,-1.4566745,0.28346637,0.27967256,-0.2192584,0.27935857,-0.2947976,0.0,0.98030126
0.31424367,3.0502183,0.99826115,-0.22315729,-0.5217334,-1.2997582,0.33863467,0.33104205,-0.25245744,0.2845235,0.3553527,0.12900315,0.7229328
-0.073146455,-0.7114424,0.059214815,-0.26687112,-0.44529304,-1.1861209,-0.5063215,-0.5329394,0.74792016,0.031323917,0.68533623,0.0,0.77153945
-1.8776025,0.6232428,-1.5136168,-0.42309496,0.6886385,1.0470645,1.1056678,-1.3376923,0.014433313,0.768867,-0.39506608,0.0,0.806618
1.4176309,0.33160126,-1.0776179,-0.97236925,1.3706349,-1.5386337,-1.239034,0.9561016,-0.7554677,1.061731,-1.4509809,1.0,0.0
-1.8776025,1.7354937,-1.4295812,-0.28695577,-0.16586706,-1.4364425,0.12864482,-0.5458308,1.3453997,0.43035448,-0.15547279,0.0,1.0
0.038157173,0.81057256,-2.0727901,-0.82098997,-0.50978476,-1.5386337,-0.35623533,-0.79266226,-1.3063048,0.23184896,-0.5050977,0.0,1.0
-0.34340823,0.9650505,-1.9900151,-0.39824703,-0.1902074,-1.5386337,-0.5286793,0.24214426,0.563534,-0.8393015,-0.8097626,0.25442836,0.64086735
0.052779578,-0.10387798,1.292138,0.594748,-0.86486584,-0.7942137,0.067658104,0.29873165,-0.5478138,-0.5197702,-0.526799,0.08118336,0.482664
-0.4531186,-1.0442101,-0.46907035,-0.35849273,-0.93371063,-0.47283775,-0.5641943,-1.199191,-0.4967665,-0.38345653,1.0316375,0.014424558,1.0
-0.22235517,1.085526,-0.32105494,-0.54045516,-0.12674366,-1.4306628,-0.77302194,-0.47080007,-0.046268914,-1.6747506,0.39965582,0.048726104,0.57317543
-1.6829205,0.25760686,-1.479556,0.0776248,-0.2763285,-1.5150411,-1.052762,-1.5922731,-2.0091903,-1.6747506,0.50310385,0.0,1.0
-0.8269841,1.0871128,0.107258506,-0.5241531,-0.93371063,-0.5715372,0.3783709,-0.43420464,-0.34163558,-0.6399772,-1.0083871,0.0,1.0
-1.2342373,1.3284675,-1.0725999,-0.45386267,-0.93371063,-0.7921525,0.10941014,-0.56873983,1.624224,-0.21831465,1.2903622,0.23801546,0.7705509
0.38289407,-0.23033093,1.1250125,1.2891095,-0.33683118,-0.67487854,0.23331718,1.0372721,0.26843733,0.027330965,-0.9855255,0.03703812,0.73557246
1.0577487,4.1619143,-2.1915398,-0.22411193,0.61870074,-0.6605662,-1.8718446,0.98660123,0.799046,-0.20876125,-0.09009,1.0,0.0
0.13091241,0.86431897,-0.77188206,-0.97236925,-0.22453661,-0.841968,-0.57613194,-0.58870685,-0.49837008,-0.6889292,-0.18397868,0.068889566,0.3663624
-0.16394442,1.6551248,-1.6202875,-0.9096335,0.23580916,-1.0737671,-0.60353047,0.216175,1.2264876,0.6551982,-0.18793917,0.3316297,0.60609967
-0.053623296,-0.043589782,-0.89011365,1.8138164,0.57420594,-0.73045707,0.26717758,0.5927872,-1.3785099,0.122239545,-0.8680687,0.0,1.0
0.0020729266,0.41540143,-0.917349,0.28569558,0.67612314,-1.1954216,-1.8718446,0.50853395,1.6121128,1.7110288,1.1158758,1.0,0.0
-0.37376186,0.12859961,-0.22052485,-0.8258039,-0.45152277,-0.5664645,0.35755447,-0.6687794,-0.5076768,0.19447622,0.005668644,0.0,0.85317385
-0.4981193,-0.6207431,-1.2283353,-0.061369173,-0.8205655,-1.46779,-1.2181811,-0.9205288,-0.9692554,-0.06202294,0.19257246,0.0,0.9467987
-0.45346224,-0.5073134,-0.6679436,-0.15055123,-0.5167249,-0.24677524,-0.9874819,-0.5055888,-0.30722186,0.64233965,0.81527257,0.0,0.6937766
-0.9652919,3.4201248,-1.5877041,-0.97236925,2.1740952,-1.5386337,-1.8718446,0.07094311,2.7518206,2.2838242,1.8658206,1.0,0.0
0.03687709,0.046122774,-0.08819044,-0.45647982,-0.47222275,-1.3787923,-0.033200756,-0.20155294,-0.14015156,-0.3341577,-0.3895777,0.0,0.85259247
-0.12504856,0.7176619,-0.8787236,-0.5418729,0.53728783,-1.3590913,-0.100445494,-0.06606473,-1.3240256,-1.5010858,-1.3734313,0.0,1.0
-0.56172043,1.8339813,-2.1458132,0.27573118,-0.23717164,-0.8547773,-1.6689143,0.47907802,1.4472001,0.29617882,0.16646431,0.5991663,0.19226943
0.5688793,-0.90425444,0.87091786,-0.38570318,-0.49110797,-0.46560854,-0.7855599,-0.76224583,-0.601687,0.66550356,0.8472031,0.0,0.79845834
-0.58154947,3.6355429,-1.1800658,-0.81101304,1.3394477,-0.75213414,-1.341038,0.16156456,1.9728359,1.4653302,0.92673725,1.0,0.2758661
2.201115,2.0924647,-1.5156264,-0.59602606,1.2711325,-0.80621934,-0.671488,1.7367737,-1.1875436,0.52105284,-1.0148726,1.0,0.14985521
1.678754,2.6496718,-1.4636179,-0.3634365,1.7080293,-1.5386337,-1.8718446,1.6273869,0.74948865,0.43914098,0.008297108,1.0,0.14156556
-0.11295995,0.38702717,-1.6520084,0.44846967,0.27274713,-1.1737833,-1.2621883,-0.15845849,0.3285468,0.7996446,1.0708328,0.7416543,0.0
-0.8598599,2.2213547,-1.705444,-0.8056321,0.67795146,-0.96388525,-1.8718446,-0.36763033,2.3710063,1.1231652,0.9319214,1.0,0.021927783
-1.3212523,0.796701,-0.86721605,-0.008199976,-0.93371063,-1.5386337,-0.15158868,-0.41515532,-0.20151888,0.65499574,1.5776379,0.0,1.0
-1.5691745,-0.2466596,-0.8959585,2.1267874,0.7826886,2.1930876,1.6291932,1.3375182,-1.7354616,-0.13544445,-1.7593788,0.0,1.0
-0.5318349,3.2894614,-2.1495862,0.024797484,-0.49945036,-1.3844676,-1.2721636,-0.13134137,1.2659122,-0.95325226,0.9811757,0.42653108,0.0
0.28524697,0.20334332,-0.9884094,-0.35425967,-0.78034735,-1.5386337,-0.27031094,-0.3158668,-1.4548434,-0.09043163,-0.37139326,0.0,1.0
0.16100603,1.0350512,-1.97816,-0.39974138,0.15362275,-0.9880158,-1.1452656,0.24954094,-0.7845176,-0.76739186,-0.7854068,0.0,0.8505611
-1.3677667,-1.0442101,-0.5547987,-0.59510976,0.34361118,-0.9228909,-0.07252553,-0.46009424,2.7518206,1.2065911,1.0457274,0.039009012,1.0
0.17892425,4.7222033,-1.5171998,-0.97236925,0.68783593,-1.4055828,-1.8718446,0.464672,1.367698,0.21758375,0.29401964,1.0,0.16715601
0.14454235,1.6074628,0.99164444,0.08645715,0.22366112,0.16486754,0.50617415,0.41549614,-1.0486033,1.5012269,-0.12109676,0.0,0.77674997
-1.347492,-0.073951006,0.38187075,1.3586739,0.05145527,0.40510798,0.8115162,1.1573843,-0.5712676,-1.1146709,-1.6902343,0.038611777,1.0
-0.34205964,0.52119064,-1.0427915,-0.21276961,-0.2952363,-1.12303,0.36551568,0.11548455,-0.57813555,-0.8887966,-1.3286779,0.0,1.0
0.65122706,-0.8924759,1.1887753,-0.97236925,-0.93371063,-1.1526793,-1.8718446,-1.5922731,-2.183889,-1.6235249,1.4811547,0.0,1.0
-0.6507368,0.15935048,-1.5682435,-0.40353844,-0.31355402,-1.1398662,-0.58115774,-0.431205,-0.20672895,-0.9406933,-0.0821258,0.12145777,1.0
-0.6345014,0.25988746,0.019337414,-0.85611093,-0.21634188,-0.9683253,-0.045573797,-0.8409588,-0.024245458,-0.87751436,0.081918776,0.0,0.8990316
0.13789023,0.81915593,-1.3275131,-0.9488865,-0.30156013,-1.1046494,-0.42783523,0.16779459,-0.23241392,1.0914679,-0.97094053,0.10834086,0.42276394
-1.1777581,2.1811028,-1.0610591,0.47584867,-0.38217002,-0.40203017,0.43071616,-0.34293818,1.3557323,0.3125685,1.7226403,0.0,0.3603433
-0.64093345,-0.351878,-0.1523044,-0.34362176,-0.13198057,-1.2718152,-0.5174873,-0.51167005,1.4142821,-0.6600135,0.37085354,0.0,0.9063912
2.012969,2.6095254,0.33500126,-0.9434566,1.5211806,-1.0246934,-0.7473813,1.614582,-0.053887937,0.27122468,-1.0549635,0.5499176,0.44802946
-0.9641804,0.85974175,-1.47414,-0.5783547,-0.12720683,-0.062249437,1.3123243,-0.29255033,0.002688029,-1.6747506,-1.7593788,0.0,1.0
-0.82774615,1.3274144,-1.9568747,2.1267874,0.6330128,-0.671716,1.4129208,0.8310798,-1.378916,0.16900711,-1.16444,0.011821039,1.0
2.737992,3.974736,1.0462083,-0.043469086,3.4140673,-1.1021914,-1.1016154,1.4975423,1.2688055,2.2838242,1.5549257,0.8867426,0.45697865
-0.9376822,3.3898199,-1.6681637,0.1622234,-0.45118126,-1.5386337,-0.13101809,-0.20645493,0.052362047,0.31430638,0.774021,0.0,0.70637757
-1.8776025,-0.12933388,0.48228684,0.24444474,1.3445244,2.3440402,2.2187338,0.47206274,2.7518206,0.6340377,0.20620696,0.0,0.8813794
0.63673866,1.6812778,0.8785025,-0.44040042,1.2923473,-1.2043471,-0.26199946,0.41772786,-0.21561897,2.1516297,0.36467433,0.6273486,0.3864885
-1.274744,-0.7698112,-0.7324362,0.16906825,-0.6447548,-0.92353755,-0.6361959,-1.4061248,-0.3355305,-0.49184078,1.0628365,0.024020493,1.0
-0.23093702,1.0341991,0.038645066,-0.29184583,0.38885552,-1.3764868,0.74147546,0.2708742,0.031342175,2.0322437,0.34545034,0.10327222,0.8018691
-0.85460013,-1.0442101,-0.7820406,-0.18317853,-0.069809884,1.5562855,0.027571924,0.3546461,0.5635524,-0.85413915,-1.7593788,0.05347564,0.7788245
0.06752712,0.49808627,0.37154084,-0.15385841,-0.3709596,-1.1176307,-0.40700388,-0.53783417,-0.7536138,-0.6060607,0.25464827,0.0,1.0
-1.756155,0.24693704,-1.202978,-0.748292,-0.32077843,-0.21795489,0.8993134,-0.13082357,1.6640162,0.42121887,-0.71293503,0.20101269,0.94765127
0.95559263,-0.03936362,1.7128996,-0.92282933,-0.93371063,-0.025666252,0.013162057,-0.58719975,0.92914414,-0.16778003,0.27243662,0.104656875,0.93823284
-0.03717977,-0.36640954,0.056611612,-0.97236925,0.1665449,-1.5386337,-0.44819716,-0.8684954,-1.2556446,-0.66914564,-0.51000047,0.0,1.0
2.6963105,0.23577726,0.10531085,-0.97236925,0.80937934,-0.8403117,-0.82948947,1.2914314,0.19880429,1.1817417,-0.9634483,0.69635737,0.26439765
-0.25009328,2.7726018,-1.5236046,0.6358855,-0.13973005,-1.2734112,-1.8430784,0.7940098,1.5032679,0.5476832,1.0471715,0.56960917,0.35297003
-0.22554833,-1.0401475,-0.28219128,0.7602502,0.5557889,3.080628,1.3062642,0.29689005,1.0920894,1.2172459,-1.315184,0.0,0.87333226
-0.6784789,-1.0442101,-1.0871851,1.2218679,-0.277669,2.4064333,1.5153109,1.0560923,1.0890242,0.39457685,-1.7593788,0.0,1.0
-0.26758197,2.6436255,-2.1915398,-0.5335764,-0.5874589,-1.5386337,-1.4988998,0.06297061,1.4065884,-0.606108,0.3922819,0.5860501,0.6297633
0.40518612,-0.11186749,0.4507641,-0.62763214,-0.57709336,-1.5386337,-0.87370324,-0.9795199,-1.3680377,-1.3321893,-0.19683194,0.0,1.0
2.8178053,4.2347174,-1.8271765,-0.97236925,2.643303,-1.3903353,-1.8718446,1.7367737,2.0543575,1.8444821,0.23658906,1.0,0.0
-0.9459585,0.08854495,-0.33747867,-0.97236925,-0.7661406,0.3553192,0.8037885,-1.1484613,0.8823593,-0.10143475,0.20663148,0.0,1.0
-1.8776025,-0.13512732,-0.8185171,0.006813878,-0.6829521,-1.4678131,-0.8866037,-1.2943037,1.2093612,0.1677781,1.3334913,0.17383936,0.5375983
0.73552036,-0.01736122,-0.72505665,-0.6387384,-0.7656813,-0.54060537,-0.14672521,-0.1387103,-0.67260355,-0.13362607,-0.7556384,0.0921828,0.46510467
0.5806484,0.20208004,0.63557947,-0.7129501,0.026509058,-0.6212268,0.100311615,-0.052859385,-1.0415667,0.4460293,-0.7867889,0.0,1.0
-0.071430415,0.42260677,-0.24578243,-0.8743004,-0.44360986,-1.194707,-0.809735,-0.7070177,-0.40309358,-1.029351,-0.023395779,0.0,0.969873
1.4167991,2.90501,-1.0441968,-0.00093568256,0.2009175,-1.0689796,-1.0128831,1.2105508,0.35714865,0.23463053,-0.19008856,0.64729315,0.67708254
1.4230877,4.7222033,-2.1915398,-0.121797316,3.1944382,-1.5386337,-1.8718446,1.7367737,2.7518206,-0.5631525,1.4251667,1.0,0.0
-0.28325358,4.7222033,-2.1915398,-0.5841507,0.47943774,-1.5386337,-1.8718446,-0.15428354,1.2889,-0.00207215,0.18190062,1.0,0.5579912
-0.15943134,0.11803824,-0.5723778,-0.8491729,-0.63569707,-0.69007975,-0.08527556,-0.51745117,-0.20012332,-0.9873513,-0.33803654,0.1340705,0.82982343
-0.8376457,-1.0442101,-0.29829443,2.1267874,-0.12529853,3.1939895,1.904921,1.2113252,-0.20148544,-0.6888899,-1.7593788,0.15136519,1.0
-0.390753,-0.9822376,0.19212426,0.047039438,0.1450315,1.099853,0.91739285,0.41156754,1.1399757,1.1675051,-0.5012868,0.0,0.90146506
1.1410646,2.2523625,-1.977808,-0.21197824,-0.3435567,-1.3766993,-1.024319,0.6349351,-0.62490577,1.0097333,0.22348653,0.0,0.45464098
1.1541634,1.9868813,1.1478878,0.71057993,3.2541645,-0.69521374,0.3203564,0.7986655,0.73607147,2.2838242,1.269009,0.7978559,1.0
-1.3047957,-0.9954687,-1.291527,0.030673295,0.14818294,-0.032782592,0.2595413,0.010457238,1.2695082,0.42433017,0.3067174,0.0,0.55259645
-0.2877911,-0.2410543,0.09186826,1.9889374,0.01250051,0.8448132,1.1650599,1.1516058,-0.6603841,-0.5605717,-1.7593788,0.0,1.0
-0.27327108,-0.25924593,0.06949996,0.54829323,-0.5241149,1.0230342,0.7212302,0.38507387,1.2235265,-1.021003,-0.6978679,0.19868869,0.91669023
-0.6629554,-1.0442101,-0.2116229,-0.25227574,0.042256806,-1.2832128,-0.28029594,-0.4379909,0.08561658,0.2803827,-0.016679049,0.11545717,0.68453044
-0.24228178,1.6291043,-2.044235,-0.20502391,0.14105137,-1.1015149,-1.0369703,0.683512,-0.5604136,-0.8405142,-0.8178121,0.057806026,0.7623999
-1.2129651,0.42526898,-0.88582426,0.4574179,0.78286856,-0.81758046,0.24726403,-0.77456063,-2.183889,-0.16483568,-1.2147874,0.2297124,1.0
-0.3100682,0.19652387,-1.7607704,-0.97236925,-0.48442975,-0.7492082,0.03681688,-0.26166034,-0.34311303,0.37437838,-0.69279563,0.0,0.84751457
0.43554935,-0.45099008,0.58205634,-0.22546533,-0.66306543,-0.25083107,0.12504691,0.3837411,1.0435947,-0.3995551,-0.3644895,0.12240754,0.69977593
-0.31710556,1.5129588,-1.6593211,-0.6852711,-0.33626056,-0.86573416,-0.15019366,-0.4730648,0.00022148271,-0.9849652,-0.5032132,0.0,0.77744347
0.6860823,-0.53714335,1.8687176,-0.44945312,-0.93371063,-1.0254793,-0.32307056,-0.78796315,0.42462784,-0.8068988,1.4129201,0.15982926,0.9973299
0.5505048,-0.44676274,0.18318605,-0.68334544,-0.6972779,-1.1288476,-1.8718446,-1.3861883,-1.573368,-1.2836632,1.3224441,0.0,0.5504619
-1.4174232,1.2984556,-1.722519,-0.25441468,-0.30372941,-0.89435095,-0.3781814,-0.6155685,0.73060167,-0.026045635,0.1673309,0.45842656,0.7211074
0.08824261,0.8807664,0.9171857,-0.55665797,-0.8046252,-0.9886231,0.65399903,-0.052358005,1.4514887,-0.47877395,0.19312543,0.0,0.577439
2.7453399,4.343215,1.7054008,0.14442234,2.3021593,-0.7000861,-0.16462049,1.7367737,-0.8819386,1.5899082,0.113735616,0.948755,0.0
-0.5151102,-0.08338782,-0.49826494,0.15229097,-0.10018039,-1.2578378,0.22737616,-0.4785954,-0.9926703,-0.52847576,-0.6475705,0.0,0.8283795
-1.7385093,1.269871,-1.385515,-0.021294883,0.55884993,-1.5386337,0.40126607,0.40938696,1.321558,-1.2707654,-1.1727175,0.0,0.79055077
1.0216143,2.418451,-2.1915398,-0.7489405,0.6071352,-1.2386599,-1.8718446,0.58718294,0.966031,-0.5098959,-0.82265806,1.0,0.12584147
-0.9094825,3.773603,-1.792629,0.34205446,0.52022046,-1.5386337,-1.2886119,1.2488405,1.9947166,0.32025212,0.69765705,0.6214793,0.5368581
0.0022578947,-0.61644936,-0.08545534,-0.23755352,0.21584626,-1.2680206,-0.7495104,-0.5568267,-0.1683181,0.7464419,0.685345,0.3286884,0.3050065
-0.46054938,-0.6635455,-0.4924519,-0.19168918,-0.43718567,-0.2865057,0.31337088,-0.7939725,-0.38490653,0.16536283,-0.54669726,0.0,1.0
-0.4380217,0.5279486,-1.2737532,-0.97236925,-0.39872232,-1.452197,-0.24068046,-0.514667,0.3045033,-0.84060377,-1.2593784,0.0,1.0
-1.6857561,0.21949647,-0.046496883,-0.2610868,-0.030656911,-0.45848858,0.06467079,-1.2645721,0.046409857,-0.29766166,0.46822453,0.11293833,0.86753637
0.6647592,0.5552864,0.6105873,0.16784543,-0.053197812,-1.3127487,-0.1536636,0.8039003,0.44870844,0.22302847,0.42629027,0.059589837,0.19094746
-0.24029632,1.038252,-2.1915398,-0.59164023,-0.08985691,-0.79517967,-0.85234725,0.11193067,-0.15949625,-0.52077615,-1.2944535,0.1096675,0.61671466
-0.51039946,-1.0174819,-1.4002242,1.1498575,0.24622194,-0.11012831,1.1521138,0.796106,-0.02064901,-0.89460176,-1.7593788,0.0,1.0
-1.8776025,-0.9725973,-1.7773522,1.7556268,1.7858721,3.5812383,2.317571,0.19965877,2.0728076,0.7271014,-0.009638859,0.0,1.0
-0.282723,1.0754242,-0.12149521,0.17357215,0.019653503,0.97153926,0.91685265,-0.038270276,-0.5319776,-0.17590798,-0.6207974,0.0,1.0
-1.4764259,1.5441389,-0.7985813,0.093391635,0.36236054,-0.10718391,-0.13064781,-0.5153421,1.4592457,-0.9081066,0.799243,0.6381986,0.2863931
-0.3836749,0.7916621,0.83256453,0.32299656,-0.93371063,1.7664692,0.43708527,-0.47991255,-0.18086018,0.25495613,0.12936155,0.1437495,0.59542745
-1.3961183,-0.26903063,-0.54317176,0.9369127,0.19021297,0.31769902,0.85746044,0.17479853,0.33059743,-0.36769855,-1.4331849,0.0,1.0
-0.12429999,2.6989918,-2.1915398,-0.124802805,-0.07665632,-1.044669,-1.8718446,0.13003126,1.6160736,-0.54406446,0.65370107,0.6711292,0.25516993
-1.1125579,0.48336875,-0.68774456,0.67448187,0.14740734,-0.5600942,0.64644945,0.33536133,-1.779113,-1.5178583,-1.7593788,0.38946798,1.0
-0.6619723,0.3924141,-0.35266292,0.62829906,0.04765043,-0.84828085,0.42997798,0.5416189,-0.21363862,0.65939933,-0.41338736,0.0,0.73361254
-0.07941325,-0.5161646,0.029526057,-0.3912595,-0.80981845,-0.44556653,-1.8424174,-1.4977671,-2.183889,-0.3143294,0.099243864,0.17477936,1.0
1.0395375,-0.48002344,0.32231835,-0.23318571,-0.23510024,-1.5386337,-1.0410966,0.117433,-1.279443,0.33142662,0.55370146,0.0,0.9562779
-1.1058128,-0.8858918,0.23286436,2.0836017,-0.7073291,4.6698985,1.8193055,1.1974026,0.55056393,-0.48850012,-1.7593788,0.0,1.0
0.085092075,4.7222033,-2.1915398,0.28662816,0.08884658,-1.5364494,-1.8718446,0.6595775,2.7518206,-0.6177587,1.3894091,1.0,0.0
-0.52176905,3.029017,-2.1915398,-0.21336564,-0.6457625,-1.345954,-1.7617172,0.26329875,1.4375466,-0.9216277,-0.0014570579,0.596767,0.6056509
0.18002756,0.86894304,-1.5228602,-0.97236925,0.16469489,-1.3610476,-1.4429748,0.19878082,0.28887546,-0.86723584,-0.14820653,0.3069824,0.8419408
-1.1289191,-0.43723422,-0.3663762,0.040490773,-0.19011381,-1.0623263,-0.9388076,-0.7136214,0.79309255,0.7032632,0.92710024,0.0,0.4995531
-0.78353924,-0.17558147,-2.0831795,-0.6299578,-0.5187283,-1.5386337,-1.4389014,-0.78429854,-1.1614243,-0.83950585,0.013556473,0.0,1.0
-0.94638294,-1.0371358,-0.1743608,2.1267874,-0.017827976,0.72677,1.2124728,1.4473504,-0.85540575,-0.7692712,-1.7593788,0.0,1.0
0.21912088,3.281248,-2.1915398,-0.39475384,0.9188268,-1.4184877,-1.8718446,0.19591726,1.8633652,1.2357879,1.3590945,1.0,0.0
0.17220952,-0.45152307,-0.28866875,-0.77049124,-0.6040544,-1.5386337,-1.3185391,-1.252284,-1.5473325,-1.0814478,0.20903108,0.0,1.0
-1.3196478,-1.0442101,-0.079301216,-0.49518424,0.75121456,0.43070507,1.1305934,0.015937926,1.4030786,1.5777148,-0.29175365,0.0,1.0
-0.42312238,-0.9030981,-0.0043421015,-0.47962782,-0.93371063,-0.8845693,-0.42691854,-1.5922731,-1.3385518,-0.601285,1.5248302,0.0,1.0
-1.0268308,0.21186507,-0.2651356,-0.62824506,-0.49978942,-0.6736057,-0.9636183,-0.67616045,0.06251734,-1.0602881,0.009677831,0.0,0.88544536
-0.41370195,0.28053194,1.1168022,2.1267874,-0.21317166,1.453996,0.5218298,1.4411799,-1.4037255,-0.8170883,-1.7593788,0.0032592406,0.4042571
0.42033854,0.8439801,-1.0386982,-0.09328435,0.5344169,-1.2695926,-0.31003132,0.5575916,-1.979538,-0.23674567,-0.8796901,0.0,0.2659479
-1.8776025,2.838526,-0.97256243,0.7162737,0.016271688,-1.4337418,-1.8718446,-0.012249362,1.8438923,0.24353601,1.8658206,0.9734269,0.0
-1.8776025,-0.18247657,-0.66520405,1.99178,0.55075175,4.940868,2.317571,0.9062215,1.2124585,0.4659003,-0.8526865,0.0,1.0
0.14623752,0.08656937,0.45067638,-0.39830834,-0.4463005,-1.3184211,0.091612,-0.4677314,-0.9289617,-1.0180238,-0.24803221,0.0,0.77709395
-1.3705139,1.3724728,-2.1915398,-0.18330073,-0.6846242,-1.2618742,-0.7055112,-0.49021038,1.0951778,-0.296965,-0.15205033,0.12493832,0.5559717
-0.065732524,1.756656,0.62675524,0.48995337,-0.79620355,-0.45668548,0.4043282,0.224367,-0.93956226,-1.6747506,-0.35371548,0.0,0.689309
1.018707,0.77698195,2.2717512,1.8476224,-0.93371063,2.3776786,0.48302892,1.4802475,0.23110232,-1.5817256,-1.6366088,0.0,0.8469126
-1.1315286,0.92956996,-0.66596216,0.32848904,-0.61674434,-0.32283312,1.6295044,0.33144122,0.78560734,0.029056393,-0.08385646,0.0,1.0
-0.5721201,0.01467517,0.74451876,1.4815276,-0.43822724,2.667276,1.321564,0.5344061,-0.9066395,-0.61109465,-1.4337611,0.0,0.63040626
-0.1307859,0.65463436,-0.6216828,-0.05915142,0.1889212,0.007220123,-0.17141387,0.031710993,0.87509835,1.4668694,0.73509675,0.6980244,0.7662995
-1.8776025,0.6625057,-2.1915398,-0.78818494,-0.32338148,0.69794357,-0.31763282,-0.78333175,2.698811,0.021248966,1.2491229,0.5157946,0.6523588
-0.28542936,-0.09800136,0.6185822,-0.10644621,-0.14353295,-0.82771593,0.32615292,0.004393341,0.31099978,0.021058798,-0.32753277,0.0,0.9125767
-1.1551565,-0.27038744,0.4963893,0.40384004,-0.013017183,-0.5491482,0.14700335,-0.31173167,-0.54400647,-0.686798,0.19244508,0.32608405,0.19442594
-1.2801001,0.35307038,-2.1915398,0.3700547,0.116350695,-1.2069548,-1.6288157,-0.92114323,-0.68290144,-0.80902505,0.3279764,0.0,0.7795557
0.19275725,0.6597654,-1.127116,-0.73104954,-0.7618138,-0.60680956,0.27599263,-0.4623969,-1.3278692,-0.39126992,0.14436351,0.0,1.0
-1.8776025,-1.0131105,-1.5020033,1.7891513,1.7009333,2.6650453,2.317571,0.6610077,0.30508173,-0.6079186,-1.7593788,0.0,1.0
-1.8776025,1.3304676,-0.71327,0.7737875,0.59725946,-1.0182605,-1.6389694,-0.67769533,0.15524913,0.86256975,1.8658206,0.20451541,0.2505841
0.8499629,1.0186944,0.009595018,0.3969645,0.5912011,-0.5469602,0.30644676,-0.30090868,-1.9541391,-0.8528681,-0.4591729,0.02289414,1.0
0.027717067,3.2675183,-0.26551715,-0.34816313,0.8827205,-1.1281562,-0.16043477,0.68837225,1.1147364,1.2227206,-0.2762878,1.0,0.39308926
-0.05226107,2.2365522,-2.1915398,-0.48156133,-0.24580164,-0.8646131,-1.0010767,0.5492906,1.238545,-1.2050412,-0.3782174,0.22443324,0.70864046
-0.90700245,0.8163473,-1.9067073,-0.97236925,0.067586735,-0.5346157,0.14595126,-0.19423254,0.2091606,-1.2126257,-1.4806752,0.0,0.5394159
1.136211,0.11183171,1.7061973,1.7427653,-0.61028314,0.45120567,0.7103261,0.9934608,-1.2177976,-0.12734082,-1.0573318,0.0,1.0
-0.69020975,0.059985906,-1.0972136,-0.97236925,0.23675932,-0.37903345,0.43245605,-0.8691062,-0.50336456,-0.5065283,-1.5174596,0.0,0.99292827
0.5899305,0.9059455,1.9538047,-0.2506594,-0.41558993,0.5547908,0.7607465,-0.13365854,0.22102122,-0.082382284,-0.07271213,0.18905032,1.0
-0.5765157,1.5114965,-1.9589969,0.4978621,0.5228582,-0.46529186,-1.3336484,-0.20628552,0.5387324,-0.84219056,0.41798604,0.46397835,0.06353225
-0.07974722,2.7637732,-0.30470037,0.20402673,-0.11605966,0.07806139,1.5731775,0.4286223,-0.44542688,-1.6747506,-1.7593788,0.0,1.0
1.2190844,4.7222033,-2.1915398,-0.85838,2.1394277,-1.5386337,-1.8718446,1.3738678,2.6163557,0.18190296,0.1995643,1.0,0.0
3.3684824,0.9486866,1.8232534,0.13726795,3.1900835,-1.0872318,-0.27220806,1.7367737,-0.516196,1.2018884,-0.28303397,0.9079127,0.55111593
-0.10609911,0.43482357,-1.6107094,-0.21099336,0.2504093,-1.5386337,-0.3029336,-0.08556695,-1.188416,-0.4949211,-1.4415568,0.13857253,0.46165225
1.53219,4.7222033,-2.1915398,-0.76293993,1.5266322,-1.5386337,-1.8718446,1.5189823,2.4262893,-0.79185504,-0.08008463,1.0,0.0
-1.2143108,-1.0442101,1.3609304,2.1267874,0.70380706,3.3820188,2.317571,1.7367737,-1.2145002,-0.3357569,-1.7593788,0.16263843,0.8468882
-0.8580368,-0.2974454,-0.34909213,-0.4179121,-0.67483765,-0.98537177,-0.60369897,-0.6165267,0.9076975,-0.18532693,0.29125315,0.0,0.5146562
1.471411,-0.42539623,1.2701362,0.34853867,-0.0069689415,-1.3233958,-0.24852297,0.5041457,-1.1744422,0.3145613,-0.2122262,0.2909413,0.24845497
-1.8776025,0.11274281,-1.5867012,-0.075507596,0.13816166,2.2736704,2.317571,-0.57093245,1.8054798,0.3328659,-0.43873733,0.0,1.0
0.031720266,-0.44325742,0.5815577,0.6055501,0.21303388,-1.5386337,-1.5769194,-0.9175922,-1.4024045,-0.97475547,1.5237956,0.1761396,0.35696384
-1.1905836,1.017364,-0.24453588,0.148305,-0.27265662,-0.4184283,1.0564512,-0.056577515,0.037164092,-0.6023627,-0.71428615,0.0,1.0
-0.2540134,1.047092,-0.5675832,-0.97236925,0.017004233,-1.2162877,-0.37586302,-1.0378253,-1.8122345,-1.2017686,-1.0047364,0.0,0.80837464
-0.26035288,1.2821757,-0.42204896,-0.048299212,-0.025796004,-1.0081551,0.35095158,0.300805,-0.57956815,-1.094525,-1.0980392,0.0,0.73534906
-0.12524804,4.7222033,-2.1915398,-0.8737693,0.84846324,-0.50967973,-0.1204833,-0.15025197,2.0024893,1.2703502,0.9756437,0.5654853,0.47858462
-0.014992299,2.032386,-0.06618921,0.17150733,0.44402584,-1.468455,-0.7316418,0.4680136,1.5634348,0.76542544,1.0227677,0.6055482,0.37667835
0.51222646,-0.23563525,-1.1488966,-0.5174128,0.7124259,-0.71760225,-1.8718446,0.4299344,0.70792735,0.3322963,-0.8816044,0.9140069,0.0
-1.2085377,-0.4642708,-0.70725083,-0.38823572,0.24379893,-0.27565774,1.0018444,-0.7179965,-0.21444306,-0.13161881,-1.0078781,0.0,1.0
-0.2869506,2.1255674,-2.124127,-0.21276025,0.20501515,-0.845968,-0.9166823,0.13281329,0.058261544,0.30303466,0.7273902,0.19063953,0.51320755
-0.36949143,-0.167299,0.15080999,0.18906638,-0.18720412,-0.5190841,0.011951494,0.079071306,-0.32309553,-0.42325193,-0.39010715,0.08681861,0.71570575
-0.30347377,0.19340713,-0.7214927,-0.9201206,-0.108836874,-1.3266101,-0.5130665,-0.47161916,-0.2748511,-1.4174086,-0.3830222,0.086779095,1.0
0.8367313,-0.76194227,0.8151974,1.0011375,-0.6669283,2.2556386,-0.21815388,0.4223587,-0.07615326,0.2996971,-1.0039141,0.37471253,0.59231716
0.7533067,2.3582072,-0.7184529,-0.7330812,0.06245512,-0.32933283,-0.58729494,0.113701,0.42064098,-0.9793985,0.13128383,0.49366325,0.18499246
-0.8266446,0.53763205,-2.1915398,-0.8233221,-0.12090686,-1.3941846,-0.16807897,-0.063821375,-0.34952846,-0.80235445,-1.5985278,0.25472856,0.6029878
0.088211745,2.3646436,-1.965753,-0.8078479,0.7025524,-1.1183327,-1.8718446,0.3207637,0.6157318,0.24019344,-0.99364233,1.0,0.17470813
-0.461029,-0.3468933,0.5015603,0.102830864,0.7577786,-0.6469859,0.10439366,0.377479,0.34187973,-0.063212164,-0.4420687,0.14230374,0.49518844
-0.006491391,0.3772332,0.7302178,-0.5647873,-0.76102084,-1.3873527,-1.8718446,-1.4667474,-0.985109,-1.3418269,1.1379474,0.0,0.9456168
0.6284359,0.42250845,-1.0373414,-0.31664735,0.36060295,-0.89180756,-1.8718446,0.22607076,0.4328982,-0.8837919,-0.22903658,0.88086575,0.47097886
-1.8776025,-0.09630817,-1.2805284,1.0465673,1.8555694,1.5794058,2.317571,1.0762413,1.6172842,1.4176174,-1.1509564,0.0,1.0
-1.3667996,-1.0442101,-0.55083716,-0.16610555,2.559284,2.1651416,1.5817587,0.31308857,1.8394811,0.8237219,-1.7593788,0.0,1.0
1.4820107,2.8272681,1.2599549,0.94077337,2.4736295,1.7825881,1.3879,1.4113582,-0.44898325,1.2352726,0.11425859,0.3951901,0.15903418
1.9643062,0.4175203,2.0809417,-0.76837486,0.80049473,-1.111623,-0.51541215,0.4107185,0.09634521,0.46727782,0.065242566,0.40882114,0.8245408
1.8367144,-0.78068835,1.648205,-0.5367826,-0.93371063,0.66328067,-1.5300769,-1.3332232,-1.4912335,-0.3998288,-0.095405795,0.116124146,1.0
-0.04804702,-0.06339303,1.0075161,-0.2543678,-0.93371063,2.3390982,1.0316576,-0.09911382,1.3310149,-0.44333857,-1.4074068,0.18874764,0.4703982
-0.065677024,1.2153038,-0.52678823,-0.8769884,2.5870192,-1.5386337,-0.82897717,0.6322196,1.5781338,2.2838242,-0.23160608,0.5628023,0.0
-0.3401947,-0.43512574,-0.2175058,0.4629589,-0.087402,-0.11900282,0.25043857,-0.24135318,-0.343669,0.0017674966,-0.13057724,0.0,0.6118581
-0.8014717,0.040790923,-0.09828188,-0.9639237,0.6837677,-1.1363524,0.5323072,-0.08617495,0.6048451,-0.6792701,-1.1833472,0.0,1.0
-0.009445094,3.7597342,-1.3715903,-0.5086297,2.4314692,-1.5386337,-1.3000916,0.92312425,0.36462855,2.2838242,0.3644418,0.860052,0.0
-0.2782698,-0.8979979,0.26262277,-0.8321765,0.051544193,-0.89281577,0.29212075,-0.95114595,-0.64907736,0.30942315,-0.50294936,0.32072723,0.5900442
-0.6605459,0.51226777,0.023166524,1.3277775,0.030100644,2.3946805,1.1633422,0.3031196,-1.4718173,-0.7588159,-1.7593788,0.0,1.0
-0.7170092,-0.54145503,-1.8567168,-0.44786948,0.10707429,-0.9455203,-1.637298,0.12267321,0.6696598,0.13756958,-0.39820105,0.39837563,0.52676505
-0.20673615,2.0952187,-1.6376233,-0.70671713,-0.5312102,-1.5386337,-0.64441925,-0.5717576,0.5739102,-0.40169364,0.4457419,0.23081541,0.75504434
-1.0984496,-1.0442101,-0.08334185,0.34283164,0.32249653,0.255567,0.24790132,0.04304557,0.51900697,0.8842084,-0.33334798,0.22659124,0.6907209
0.76786345,4.010691,-2.1915398,-0.5730554,1.7835157,-1.2886366,-1.8718446,1.380926,1.5022227,-0.419697,-0.91830635,1.0,0.30156633
0.2629047,-0.86578685,-1.1081622,-0.049829796,-0.5529302,-1.5386337,-0.2521853,0.33582795,-0.7139843,0.18282317,-0.5310282,0.072160825,1.0
-0.36751586,-0.90932834,2.2672694,2.1267874,0.93231535,1.6191711,1.3527583,1.7367737,-0.67902863,0.4153614,-1.7593788,0.051820148,1.0
0.9731914,4.323409,-1.4671167,-0.97236925,0.23928468,-1.5386337,-1.8718446,0.5409995,1.7161905,-0.28978992,0.16452786,1.0,0.09982523
-0.26115662,4.0539813,-2.1915398,-0.7134269,1.001868,-1.0361683,-1.8718446,0.38373467,2.7518206,0.92390144,1.2282887,1.0,0.0
0.1755902,-0.11491805,0.44286716,-0.19299684,-0.43657693,-1.2811656,-1.0461864,-1.0423431,-1.6624846,-0.89038336,0.45891386,0.0,1.0
-0.27594355,0.42444304,-1.0366917,-0.97236925,0.0072571095,-0.4502086,-0.3435871,-0.39784718,-0.5569255,-1.1095322,-1.7108507,0.049106713,0.8282393
1.9198768,-0.35545018,0.8388491,-0.20616032,-0.016184686,0.8629381,0.02962362,0.502905,0.4809395,0.7761114,-0.9347523,0.22094856,0.9765236
0.10008605,0.8623564,-0.16154304,-0.4343846,-0.15056714,-1.1040773,-0.35204786,-0.13498802,-0.17953232,-1.0044754,-0.08659943,0.0,0.79512334
-0.42266923,2.38478,-1.4755595,-0.5491004,0.7727768,-0.97170556,-0.9686104,0.27863982,2.2153764,2.1639738,0.43185228,1.0,0.26574594
-1.5504487,1.0995191,-0.805745,-0.5997294,-0.2773331,-1.3337446,-0.28625187,-1.2520643,0.44258204,-1.448813,0.74160767,0.0,0.63701385
-0.87121606,0.2250889,-1.2680852,0.36900553,0.8080972,0.17557067,2.077373,0.41636994,-0.08205415,-0.7068163,-1.7593788,0.073305,1.0
-0.14285617,0.96406806,-1.7154952,0.20672159,0.5539267,-1.3208722,-1.3840146,0.54786265,1.1449401,1.3009744,0.5380947,0.43697226,0.47431985
-0.04854711,-0.47812918,0.46127227,0.7562479,1.0324394,-1.2423334,0.54391867,1.1413486,-0.60358995,-0.18941782,-1.6796759,0.0,1.0
0.23645258,-0.36184973,0.82716703,0.7411726,-0.4023258,0.6865133,0.19388475,0.8460886,0.11331578,-0.38448685,-0.6005412,0.0,0.4105385
0.88394165,-0.45391968,-0.3902576,0.73788697,-0.3970686,-0.4683587,-0.07767948,0.70875055,-1.1058644,-0.46916968,-0.77418745,0.0,0.57402235
-1.3248974,-0.328639,-1.5921859,-0.27869806,0.3012065,0.73915523,0.5437514,-0.28633434,-0.26127097,-0.75500315,-1.1854326,0.0,0.61031485
-1.3915578,-0.5684767,0.14455159,-0.64085025,0.7782587,-0.8166317,0.94285965,0.055667285,1.0499873,-0.6692413,-1.0117303,0.0,0.92243093
1.383477,0.37864074,0.9253616,0.2916547,0.20433733,1.4259584,0.27243072,0.47510168,-0.2436211,0.14611481,-1.1951357,0.16252445,0.34182712
-0.35941142,0.6051129,-0.79960376,-0.09645947,-0.1905209,-0.55972403,-1.0434643,-1.0498277,-2.0541573,-1.5307108,0.24431519,0.0,1.0
-1.8776025,-0.030956205,-0.9225983,0.7445717,0.057851274,-1.2572416,-1.3699386,-1.0479825,0.74934405,-0.8549321,1.0746977,0.14392991,1.0
0.23632625,0.62410766,-0.7375202,-0.8593527,-0.29001707,-0.53919035,0.29954687,-0.29877096,-0.47515866,-1.1696814,-1.2136828,0.039048918,0.95219296
-0.014141263,0.12055221,0.10524673,-0.30458248,-0.22124258,-0.6700647,0.30513895,-0.09203151,0.2769515,-0.47690552,-0.6365044,0.0,0.8334113
-0.274827,0.07276176,-0.008379752,-0.31873572,-0.44726685,-0.18913022,0.5996091,0.1722002,-0.5384608,-1.2251232,-1.7593788,0.13177513,0.8528221
0.8531495,2.1480646,0.83822405,-0.16963981,-0.079619005,-0.8401471,-0.21234241,0.47623903,-0.36207104,-0.48986423,0.0016414132,0.31437722,1.0
0.33147943,-0.8838499,0.32116082,-0.06656054,-0.46001062,-1.5386337,0.11470997,0.20031545,0.17897859,-0.03605801,-0.7630549,0.0125795845,0.8577012
0.17865062,-0.41275665,0.85109675,0.02236202,-0.6658109,-0.972603,-0.9069495,-0.5807561,-0.4072457,-0.6392768,-0.065048814,0.12143316,0.6873677
-0.0054476056,-0.884988,-0.24567345,2.0401158,-0.55304796,0.64819515,0.65773755,1.0457989,-0.3467804,0.12371954,-1.6827909,0.33675566,0.6609829
0.08455921,0.021557825,-2.1915398,-0.8831707,0.53540975,0.55712616,1.3866897,0.6477341,1.0117276,0.6887517,-1.7593788,0.07090957,0.9628246
2.1404054,-1.0442101,0.4008693,0.1164313,1.5843984,0.32911795,-0.36489117,1.7362288,1.1665453,1.6070831,-1.2207437,0.0,0.5005657
-0.7018503,-0.37848207,-0.1375731,0.9330983,-0.20704162,0.79394597,-0.08189336,0.27586985,-0.5160664,-0.5030965,-0.7607135,0.0,0.6471747
0.33302912,0.5026226,0.31540763,-0.37786427,1.1238642,-1.1736428,-0.11899544,0.46770397,0.75457275,2.213532,0.13336012,0.30125663,0.53260624
-1.7151601,-0.71453,-1.3051853,0.679363,0.14701203,-0.49103814,2.317571,0.39081666,0.36429536,-0.13020274,-1.7593788,0.08099055,1.0
-0.7008405,-0.5489091,-1.0614525,-0.4930741,1.4982768,-0.2635579,0.35760444,-0.42513892,0.059254013,2.2838242,1.3420086,0.0,0.6991473
-0.53919697,-0.38427666,-1.2185737,-0.12939182,0.06420168,-1.4645127,-0.6818736,0.071171254,0.28101128,0.13346241,-0.12532306,0.032575093,0.5935929
0.7034203,0.82538706,1.5997442,-0.49401596,-0.6836643,-0.097672075,0.0020062635,-0.15532424,0.6896928,-0.9564057,-0.39999753,0.0,0.7229627
0.019856324,-0.23354834,-1.5079257,-0.82707113,-0.69859004,-0.5538688,-1.0387053,-0.9466437,-1.535204,-1.5547814,0.3031556,0.0,1.0
-0.33286196,0.292105,-1.435244,-0.35944137,-0.069584936,-1.5386337,-0.66984636,-0.52259004,-1.039852,0.3104663,-1.2161466,0.0,1.0
-0.74930614,0.31852663,-0.64242923,-0.3749225,-0.39148277,-0.69337755,0.55690837,-0.4441915,-0.27506542,-0.8176302,-1.6707914,0.0,0.7331608
-0.27862376,1.1570001,1.0944355,-0.008904468,3.5625591,1.1946694,2.317571,0.06442767,2.0086567,2.2141318,0.87850463,0.0,0.16415891
0.8690464,-0.13929833,-0.22747828,-0.23172325,-0.14680722,-1.5386337,-0.64322835,-0.09745909,-1.4959652,-0.8786079,-0.4163419,0.0,0.7664413
-1.8776025,0.05380153,-1.0047137,1.0646913,2.8969555,2.4094024,2.317571,0.45823398,-0.43562257,1.7769995,-1.2120745,0.0,1.0
-1.5871725,1.8472937,-0.64114386,-0.52285206,-0.5639054,0.2889639,0.21399763,-1.1753671,-0.58476704,0.118129194,0.099331684,0.0,1.0
0.55890214,-0.29020414,1.4296409,0.9611671,-0.6913996,-1.4408658,-0.6883092,0.56290185,-1.1908351,-1.2969023,-1.2139144,0.0,0.8706543
-1.6453058,1.5116845,-2.0480793,0.206581,-0.71460027,-1.4993654,-0.6784086,0.060991056,-0.1836437,0.23298952,-0.09371512,0.0,1.0
0.42120254,-0.027866215,0.048084065,0.049315352,-0.7042373,-0.7748319,0.09073597,0.25969046,-1.3366178,0.6435535,-0.89110404,0.14984307,0.82061535
-0.45935524,-1.0442101,-0.1766658,0.07055051,0.13883275,-1.0324063,0.22319844,0.16066971,0.37187663,0.18682876,-1.4770621,0.0,1.0
-0.62235063,-0.6958208,-0.20949839,-0.22989413,-0.046289556,-1.1288844,0.5170474,0.16179556,0.0047495933,1.3487909,-0.75296783,0.0,1.0
-1.8776025,-0.5807451,0.110186405,0.22148399,-0.36547524,-0.65887016,-0.49643594,-0.817556,0.9207007,0.19453982,1.4146689,0.33753356,0.6592597
1.2024552,0.10304469,-1.012653,-0.4778097,-0.93371063,-1.3749901,-0.9799039,0.0582781,-1.8529748,-0.060190402,-0.9114804,0.32258692,0.92708415
0.6052446,1.3950533,-1.7377403,-0.36581504,0.15309225,-0.68116343,-1.2710388,0.14129889,0.22944024,-0.12671876,0.5921367,0.8947901,0.0
-0.28537643,-0.03847947,0.44201335,-0.49702063,-0.83091915,-0.46587116,-0.49913743,-0.7233742,-0.90474755,-1.4513614,-0.23108459,0.0,1.0
-0.16493978,2.912022,-2.1915398,-0.70039797,1.5293213,-1.460298,-1.8344623,0.04164163,2.1842833,1.0658331,1.2853848,1.0,0.0
0.6646626,0.30095556,-1.0095963,-0.22039002,2.2978096,-1.2226448,-1.4260204,1.2020453,0.8035275,1.1161084,-0.2725364,0.6859896,0.48189205
-0.76391363,0.48916757,-1.081068,-0.21887423,-0.27588925,-1.5386337,-0.15338004,-1.1417898,-1.6255803,-1.6747506,0.3611406,0.0,1.0
0.13729262,0.7868326,1.646948,-0.63795716,-0.75310093,-1.2574263,-0.3650319,-0.9210287,-0.7800449,-1.6747506,0.8230403,0.0,1.0
0.77261674,0.7756196,0.5054941,-0.37204084,-0.31749946,-0.059436105,0.17991084,-0.07431494,0.41652784,-1.1202741,0.0017247703,0.0067624617,0.6114151
0.60802263,-0.6016774,0.92697793,-0.107560486,-0.93371063,-0.95924497,-0.5814404,-0.27064613,-1.384067,0.22091629,0.05696412,0.0,0.9446138
2.5684822,-0.0020547137,-1.1528609,-0.26227844,1.3896358,-1.5386337,-1.8495077,1.7367737,0.22856209,0.9053966,-1.3807834,1.0,0.028089408
-1.2025387,0.49770972,-0.17846912,2.1267874,-0.054833993,4.1045876,2.317571,0.98951364,-0.9451209,-0.70490754,-1.7593788,0.0,1.0
-1.282451,-0.8425758,-0.5972527,0.3425472,0.14818656,-0.50633633,0.12931883,0.61121416,1.5411985,0.6255939,-0.6934082,0.0,0.8973956
0.5597129,0.056567647,1.7738588,1.1028548,-0.84538287,2.1096497,0.7920575,0.3429051,0.38314122,-0.3814509,-0.6103782,0.41454506,1.0
-0.12238491,-1.0442101,0.36242422,1.1761655,0.69007355,4.627224,1.220886,0.9502093,1.0075281,0.025301792,-1.7593788,0.18310235,1.0
-0.2719787,0.96679765,-0.5740598,-0.6344969,0.016181171,-0.967392,-0.26348692,-0.86953837,-1.3725767,-1.264134,-1.0142564,0.0,0.46507683
0.9989341,0.9190737,-0.5091742,0.038888056,0.8120105,-0.7885934,-0.6532993,0.3945616,-0.11994518,-1.6747506,-0.27338445,0.33942667,0.25465792
0.67831933,0.21994379,0.99658495,-0.3229697,-0.3602025,-1.1510584,-0.29261804,0.16028656,0.016508177,-0.25355214,0.50717354,0.13299082,0.4089112
-0.19824882,-0.13248965,0.1605565,-0.37862164,-0.36997557,-0.84907377,-0.25211963,-0.15921892,0.8277941,-0.40224302,0.1139338,0.016474066,0.48511836
1.5736654,0.26906943,1.7430655,0.19395985,0.48821303,0.060595125,0.059036244,0.468408,0.2691025,-0.36631858,-0.58611166,0.10417249,0.51906157
0.016113823,0.7320688,0.015810234,-0.5929558,-0.060344245,-0.88418853,-0.48288915,0.26100206,-0.62907994,0.4940846,-0.2949742,0.21390192,0.9387273
-0.9351353,-0.009852335,-0.0633456,-0.11254367,-0.08951518,-0.032941893,1.0067174,-0.089295566,0.88614637,0.27234834,-0.49977416,0.0,0.8728853
1.0338212,-0.20202713,-0.09061475,-0.09428925,1.1922035,-1.1546824,-0.5801242,1.1902332,0.5749691,0.20300733,-1.0920279,0.86924255,0.07967896
-1.3014114,2.6742647,-2.1915398,0.8933821,0.9090409,-0.55340946,-1.8718446,0.35834315,2.7518206,-0.64398414,1.8658206,0.81678945,0.038935132
-0.8035766,0.07127349,-0.015147683,0.25321978,0.0833074,-1.5386337,0.18650103,-0.45401016,-1.8021723,0.5924813,-0.43330848,0.0,1.0
-0.29157242,0.106194735,0.9885308,-0.58587843,-0.119505286,-1.4732437,-0.96357936,-1.1177971,-1.5305138,-1.6669699,-0.12052602,0.0,1.0
0.09342094,4.262763,-2.1915398,0.24430402,1.582959,-1.1883527,-1.8718446,1.0654136,0.61581784,-0.6865023,0.31451392,1.0,0.0
0.46935913,-1.0442101,-1.1543188,0.40600234,-0.8095617,1.2711204,0.9753436,0.4641836,0.18359242,-0.5547458,-1.7593788,0.0,0.99541533
-0.7255596,1.2267554,-2.1205657,-0.81043416,-0.4958394,-1.0479522,-0.23574403,-0.36509764,0.07193518,-0.46634024,-0.8171163,0.21746513,0.45573917
-0.72754675,1.2323217,-2.1915398,0.3171187,-0.050871003,-0.17468093,-1.8718446,-0.10760176,-0.5928225,-0.46541488,-0.15522341,0.116146915,0.58928984
0.5870024,0.19555669,-1.1205356,-0.39569935,-0.2265083,-1.075023,-0.5327025,0.72910523,-0.14853384,-0.630108,-1.4954721,0.45118618,0.46429536
-0.72764367,0.13063413,-0.48069903,-0.09601779,-0.655839,-1.2668613,-0.91739273,-1.183509,-0.9113631,-1.4523525,0.90149534,0.0,0.8173104
-0.4395642,1.1309321,-1.4412508,-0.012760183,0.30340087,-1.3370394,-1.1381886,0.4978966,0.51264864,-0.55629236,-0.5573501,0.33507425,0.6245473
1.1004235,-1.0442101,1.7511575,0.36873156,-0.33160302,-1.1564339,-1.724917,-0.7060806,-1.3730189,-1.0802069,0.90721846,0.19726245,0.6279262
-0.04764306,-0.6051318,-0.4096649,0.07817729,-0.7733881,-0.94968367,-0.21992832,-0.7457143,-1.097604,-0.61622596,0.42824513,0.19160564,1.0
-0.033768333,0.45176765,-1.0412776,-0.2782061,1.4623933,0.50360984,-0.6429537,-0.1531647,2.5566688,2.2838242,1.8658206,0.637851,0.42720142
-1.2128229,1.6024384,-0.4768028,0.013712608,0.8669657,-1.435996,-0.94946885,0.3468738,2.7518206,2.2838242,1.8658206,0.81385064,0.0
-0.7668183,0.20390488,-0.82598066,-0.72770447,-0.2759986,0.17818284,0.1512177,-0.19605131,0.094381146,-0.5617378,-1.231121,0.19995616,0.70507115
-1.6899719,0.88000405,-0.78003705,0.27399805,0.21390927,-0.43549496,-0.021531986,-0.384325,0.24892434,0.31981605,0.3911336,0.19775462,0.47104937
-0.3637244,-1.0442101,0.2829313,1.0334159,-0.13215339,-0.46466905,0.43515748,1.1091583,-0.24544348,0.085425094,-1.065688,0.19620533,0.6330496
1.5915933,-0.06710531,-0.21763085,-0.96476036,-0.870153,-0.35313773,-0.6561806,-0.47140947,-0.7577385,-0.10597892,0.29464173,0.04745336,0.97412544
0.14783941,0.5457712,0.4367603,0.9494516,-0.4870242,1.0864477,1.3890979,0.8806425,-0.55722207,-1.6747506,-1.7593788,0.0,0.92979836
0.57894146,2.0314076,-0.42928806,-0.6184007,1.8039359,-0.7760523,-1.684436,0.40395293,-0.09036024,2.025613,0.10932806,0.7462286,0.0
-0.44798437,0.108290225,1.0351089,0.83477527,0.48165825,2.2738109,1.6109757,1.0279679,0.2583626,-0.39202428,-1.7593788,0.0832595,0.97531813
-1.3366588,-0.033940125,0.8244942,1.5430492,0.11635429,0.17409714,1.2855858,0.9473835,0.3194241,0.22864303,-1.2652909,0.0,0.76164955
0.5143235,1.6829273,-2.1915398,-0.19843262,1.3843006,-1.1109468,-1.8718446,0.6996958,0.2837912,-1.2955234,-0.17004625,1.0,0.33210918
-0.9009806,1.1156033,-1.8486367,-0.2504778,-0.54485184,-1.2799249,-0.0075998725,-0.27336568,-0.18310249,-0.5228406,-1.4171374,0.4369428,1.0
0.20244783,-0.5147036,-0.67393947,-0.78465116,-0.68335956,0.208885,-0.49412432,0.3896193,1.1926856,0.3115657,-1.1966014,0.3304298,0.6372258
0.54879636,0.3436532,1.7720991,2.1267874,0.19958323,4.1418595,1.857465,1.4804033,-2.1296248,-0.12770168,-1.7593788,0.0,1.0
-0.3052913,-1.0442101,0.108755924,0.20723878,0.36262733,0.5237237,0.08581628,0.35651678,0.21250519,1.0631553,-0.8802116,0.27203813,0.40139565
-0.10098482,0.5695871,-0.46174496,-0.35520646,-0.3328835,-0.1547375,0.23891369,0.15731175,0.53687555,-0.66058505,-0.8396191,0.0,0.97023576
-0.37330535,0.06306555,-1.6663291,-0.13698535,0.25997275,-1.4328607,-1.3557918,0.6194607,0.5995453,-0.6036666,-0.5239619,0.13617413,0.980714
0.12443898,0.9187154,-1.076104,-0.35040486,-0.2744092,-1.5386337,-0.0062475475,-0.3125733,-1.6777037,-0.30453348,-0.7786783,0.0,1.0
1.2138441,4.3894978,-2.1915398,-0.85519695,0.75668436,-1.4357375,-1.8718446,0.97609377,1.3156074,1.0461093,-0.3366754,1.0,0.0
-1.526638,0.1793534,0.482393,2.1267874,0.11680099,2.7837138,1.9502944,1.7367737,-0.59044355,-1.2440197,-1.7593788,0.13231114,1.0
0.5401816,0.32235974,-1.3362201,-0.24713638,-0.30365565,-0.47579098,-0.6058503,0.05553014,-1.013596,-0.9004356,-0.95157623,0.24911468,0.72981155
-0.4570406,1.1308824,-1.940135,-0.115428224,-0.59705424,-1.5386337,-1.1111753,-0.15589082,0.010537324,-0.40273857,-0.6625698,0.0,1.0
-0.17793249,1.1013731,-1.0177425,0.29037604,0.44202328,-1.5386337,-0.965404,0.7207203,1.708273,0.3924622,0.8262532,1.0,0.25953767
-1.0605285,1.1770579,-2.1915398,0.3048667,0.580887,-0.8096857,-1.6544777,0.12360673,0.17245959,-1.0358921,0.09380305,0.0,0.39050564
1.1611816,3.9723358,-1.0322043,-0.5100288,0.6362009,-1.4905925,-1.8718446,1.3351923,2.5138526,0.5025324,1.2222278,1.0,0.0
0.24604014,0.08380285,0.4140239,-0.3263552,-0.21550022,-0.93789154,0.27187437,-0.20636663,-0.8832485,-1.5553021,-1.0979117,0.15144566,0.8954874
-1.338192,1.3008581,-2.1915398,-0.84232104,-0.21586935,-0.96155566,-0.6095659,-1.0904133,-0.25657928,-1.6340857,-0.5702845,0.0,1.0
-0.84267205,1.5752567,-1.8017063,0.36050564,0.045683805,-1.2970982,0.1646297,-0.032028753,-0.40569213,-1.1146523,-0.977463,0.037528664,0.70737654
-0.2516591,1.2137516,-2.1670182,0.011041322,-0.0774603,-0.71520275,-1.8718446,0.0901447,1.1979555,0.47209996,0.3581215,1.0,0.0
0.14072171,1.9842651,-1.6250913,-0.72654784,0.12937078,-1.2300789,-1.383677,-0.1558039,0.29577857,-0.058104753,-0.38134474,0.7801577,0.8481894
-1.1085628,0.2374682,-0.9275851,-0.5545721,-0.15356825,-1.3031654,-0.40949193,-0.4340094,0.33669642,-0.037188422,-0.13782877,0.0,0.45624197
-0.21281032,-0.18454769,-0.5309618,-0.4311047,-0.40175948,-0.9020624,-0.3233222,-0.52112764,-0.729351,-0.76267534,-0.37105852,0.0,1.0
0.5752972,2.6431181,-1.3287631,-0.9251749,-0.7821145,-1.0466216,-1.0288578,-0.5733063,-1.2834074,-0.5036985,1.218128,0.0,1.0
-0.077043466,-0.5595971,1.4441717,2.1267874,2.9652934,4.219261,1.8549533,1.1603711,0.8057214,0.50493544,-1.0548388,0.021699259,0.9284429
-0.94339037,0.3028982,0.44919533,0.6654651,-0.59131706,0.65549135,1.189667,0.19261882,1.2445571,0.05439802,-0.33444703,0.0,0.66122943
-0.2814374,0.12635829,-0.8453796,-0.36400554,-0.22252582,-0.42127728,-0.5131749,-0.22532392,-0.34837988,-1.1437697,-0.47642452,0.01991322,0.889214
-1.0137005,0.9621956,0.8233348,0.3171565,-0.93371063,-0.011828281,0.5470808,0.22661984,0.31740138,0.2684602,0.5159298,0.0,0.22955658
-0.76388216,-0.5332308,0.60400194,2.1267874,1.036711,1.8762598,0.7049967,1.6619884,-0.95944595,-1.4507114,-1.7593788,0.1960284,1.0
-0.8331431,-0.28515303,-0.16798516,-0.18243673,-0.062619135,-0.6567517,0.8258459,-0.4117632,0.044765595,0.20412013,-0.6859329,0.0,1.0
-0.7605809,-0.077067256,0.9211895,-0.7673758,-0.41867474,-0.6396747,0.15459645,-0.48680875,1.3958479,0.6920074,0.6539227,0.08357489,0.8042464
-1.28115,0.35637584,-1.2173115,-0.4798347,0.12709017,-1.4724437,-0.6102354,-0.88993806,-0.96604776,-1.6747506,-0.7221412,0.00012310129,1.0
-0.8519642,0.5951348,-0.26844853,0.074906446,-0.57142913,-0.7294446,0.07381938,0.066372335,0.45938897,0.7810295,0.49952316,0.0,0.5853657
-1.5969015,-1.0442101,-1.5214913,2.1267874,2.0506585,2.0059323,1.8722942,1.7367737,0.31890032,1.7912191,-1.7206275,0.0,1.0
-1.2977167,1.2110066,-0.8300906,0.65347755,0.24547009,1.2022282,0.9399006,0.022774428,-2.183889,-0.3703081,-1.7593788,0.0,0.8680703
-0.49807188,-0.21556881,0.059658192,-0.56070936,0.021068584,-0.84380335,0.5523244,0.061723523,0.6695638,0.28410393,-0.8242025,0.0,0.8944096
0.29734978,1.3779767,0.34093717,0.4101831,1.3724815,-0.9051033,-0.85710335,0.7812184,0.6196997,1.1068054,1.3037496,0.66008806,0.118520916
-0.0018995982,2.000788,-0.7642982,-0.19951066,0.7995542,-0.76513433,-1.8718446,0.90950733,2.5784807,-0.59276557,0.2875461,1.0,0.0
-1.321081,1.2770412,-0.6186842,0.15592788,-0.47856253,0.6722191,1.4085139,0.50203884,0.71952206,0.44783217,0.30971462,0.0,0.5973418
0.29318723,1.6743542,-1.9072559,-0.12370439,0.0025361627,-0.8824398,-1.6451985,0.47474873,-0.074709095,-0.38877493,-0.28248227,0.37425944,0.41219848
-0.37661958,4.2775893,-2.1915398,-0.9407629,-0.34965405,-1.5386337,-1.550245,-0.7705097,0.5917311,-1.4901472,-0.9113763,0.7262106,0.81312454
0.37302962,-0.22717746,1.7184976,1.1054778,-0.83775145,2.469446,1.0255985,0.1919302,0.62308216,0.24882497,-0.23614204,0.48944777,1.0
0.47952035,-0.2676624,-0.42422467,-0.8434171,-0.93371063,0.10461341,-0.43914175,-0.86707115,-1.592175,-0.8727013,-0.1189453,0.0,1.0
-0.6288891,0.012991613,-0.89094335,-0.29327524,0.08592662,-1.290581,0.2442193,0.10198508,0.12507352,-0.8892283,-1.6021013,0.0,1.0
0.6864489,-0.30028957,-0.92735505,-0.97236925,-0.25862673,0.72255343,0.85571,-0.36006665,-0.21220802,-0.33397692,-1.2087302,0.0,1.0
-0.4079508,0.021394927,-1.3662983,-0.0020339517,0.019147914,-1.5386337,-1.0468568,0.021576628,0.09699724,-0.52741563,-0.6791996,0.36940846,0.29449993
-0.72087944,1.4444811,-2.0322306,-0.07241283,-0.3809727,-1.4739778,-1.085957,-0.019997504,0.8579981,-0.4889232,-0.3865375,0.0,0.8280898
-0.6575659,-0.082148015,-0.90281904,-0.5297126,-0.120483294,-1.2372099,-0.87991345,-0.6328762,-0.4352254,-0.6778295,-0.22035491,0.040572617,0.9130704
-0.15819798,0.47064328,0.7671676,-0.11888865,-0.93371063,0.7013378,0.7440788,-0.53604966,1.2256504,-0.1753533,1.3142672,0.0,0.57403266
-0.071640596,-0.7373878,-0.11165076,0.38811627,-0.62749803,-1.0091186,-0.93808866,-0.8552126,-1.3520474,0.09448707,0.6600011,0.0,1.0
0.0059537496,-0.30146867,-0.69458896,0.3081787,0.055967484,-0.71481293,0.6760391,0.47365838,-0.33724415,-0.6545316,-1.2124684,0.0,0.87486845
-0.84770447,-0.0036316998,-1.5832081,-0.47102037,-0.13239813,-1.5386337,0.013019438,-0.7123736,-1.8567846,-0.7617843,-0.69729155,0.0,1.0
0.005791679,0.29303908,1.3528814,1.010981,-0.0023207646,0.364904,0.49019086,0.9639052,-0.47248918,-1.2272952,-1.5397402,0.0,0.72807294
0.38965738,-0.1864876,0.43421185,0.20288421,1.1420684,-1.1883814,-0.24067415,0.3170263,-0.70784014,2.2838242,0.33020973,0.40982628,0.6520915
-1.1066992,0.80206376,-0.66248983,-0.13939427,-0.55220294,-1.3352315,-0.19269514,-0.4189429,-0.38529247,-0.65615207,-0.08704224,0.0,0.83861774
-0.3964164,0.71845937,-0.57648057,-0.40994936,-0.3414734,-1.3735822,0.6510038,0.16761173,0.39647746,-0.046617202,-0.28873283,0.0,1.0
-0.27702713,-0.86077917,-0.1674213,1.6544521,-0.3482528,3.1720955,0.7233788,1.0724425,0.012207126,0.53893286,-1.3524774,0.0,1.0
-1.4757771,1.2215587,-0.55641985,0.19661312,0.5447772,0.20759375,0.97257847,-0.2922912,0.440792,0.80075616,0.5029767,0.0,0.7240388
0.3094994,0.859507,-0.83432317,-0.97236925,-0.93371063,-0.7064744,-0.35861197,-0.30865863,-0.3648804,-1.0086025,-1.077995,0.0,0.77547747
1.8261703,4.552519,-0.9943953,-0.97236925,1.6123176,-0.95558506,-1.4024246,1.4952306,0.20801263,-0.060245104,-1.3690332,1.0,0.0
-0.42046115,-1.0442101,-1.4634169,-0.2517087,-0.5124711,1.5734453,-0.0052423812,-0.21322387,0.47729662,1.8467518,0.4862315,0.13545373,0.6310172
-0.96616834,-0.075025916,0.8535216,1.900676,0.19844814,0.687266,1.0423532,0.97693354,-0.4632077,-1.4757165,-1.5659158,0.12090885,0.91976535
-1.071425,0.076344185,0.07213975,-0.1684247,-0.22399558,-1.2876196,0.28582534,-0.75387967,0.3913927,-0.028390177,0.24703835,0.0,1.0
0.63817865,0.27317175,-1.1137356,-0.97236925,0.90129584,0.113721594,-0.26961935,0.024447076,-0.8691003,0.7493829,-1.5278778,0.0,0.53101
0.5811003,-0.68447155,1.291358,0.76122624,0.0127467215,-1.5386337,-0.67733914,-0.23035237,-1.598381,0.037267007,0.38024694,0.22082192,0.5061455
-0.55417556,-0.47850686,-0.7581099,-0.36418846,-0.25301543,-1.5386337,-0.0892737,-1.0560718,-1.100311,-0.052607305,-0.3038026,0.0,1.0
0.31006753,-0.69937366,0.22548532,-0.97236925,-0.050189342,-1.5386337,-1.3101047,-1.5922731,-2.183889,-1.3176574,-0.26980895,0.0,1.0
-0.51059777,-0.039942674,-0.6514905,0.06354438,-0.16923419,-0.30961478,0.75174916,0.0501367,0.32047358,-0.96558154,-0.73728514,0.0,0.52125275
-0.2925534,-0.78709245,0.54498225,0.12848239,-0.35647514,-1.5386337,-0.98202914,-0.91263217,-1.4137142,-0.86002636,0.86571705,0.07196095,0.9504206
-0.08486951,1.7674494,-1.2660648,-0.34603012,0.10191481,-0.9004,-0.88131475,-0.106553,-0.8771065,-0.33481503,0.762209,0.3716105,0.8483862
0.66949177,-0.30551916,0.15507193,-0.88265705,-0.11475669,-1.5322108,-0.0029186532,0.18035308,0.19116971,0.24266171,-1.1561048,0.0,1.0
0.69954216,-0.382811,0.6964497,-0.44179344,-0.30259466,-0.83740264,-1.3216637,-0.80733675,-0.90166515,-1.6747506,0.6735863,0.34869823,0.8366046
-1.115924,2.7101488,-1.8105645,-0.5715307,-0.53272814,-1.5386337,-0.108277105,-0.8875134,0.5809261,-0.72752625,0.35941494,0.0,0.6046706
-0.98565346,2.1782727,-1.9401332,0.28696987,-0.22328933,-1.1906583,-0.92244905,0.09632172,1.5512178,1.66145,1.4908038,0.31232825,0.524034
0.2978412,3.8277538,-2.1915398,-0.54503137,1.0442766,-1.452725,-1.8718446,0.45597094,1.5935762,0.94132316,1.0243539,1.0,0.0
-0.2830869,1.523046,-2.1915398,-0.20904395,0.42372975,-0.7814774,-1.1509324,0.56336087,0.8857584,-1.2596577,-0.50336826,0.5235183,0.5534878
-0.87884635,0.6825777,0.084671855,-0.65780646,-0.2363807,-1.1584291,-0.544765,-1.2902434,-0.34687674,-1.6747506,0.17358643,0.0,0.7355532
-1.7751002,-0.19067585,-0.34266013,1.5934899,0.46159407,1.0492568,1.1022313,0.2206019,-0.8610944,0.24370459,-0.73942363,0.0,0.86931586
-0.01073223,3.9168808,-1.152557,-0.0027293535,1.1798762,-0.87667125,-1.7807704,0.6131699,0.9918804,2.0581596,1.2088988,1.0,0.0
-0.2194396,1.0890533,-1.9988264,-0.94497764,0.19855025,-1.0661578,-1.0673648,0.039805863,1.8466322,-0.99432564,-0.29859424,0.5531267,0.19092983
-0.58510756,-0.5236008,0.30060664,-0.17065121,-0.42083934,0.3037678,0.6820949,0.1644211,0.31979212,-0.8259806,-1.1480424,0.27696118,0.13274115
0.46612528,3.513515,-2.1915398,-0.20056391,-0.030979581,-1.231424,-1.8718446,0.7935035,2.2067378,-0.0057313163,0.5708332,0.8978711,0.30959138
-0.88182503,0.19692095,-0.43261918,-0.828799,-0.4210014,-0.78840125,-0.13893071,-0.59574777,0.14619178,0.22807306,-0.057627596,0.0,0.94659984
0.1231504,1.1934414,-0.7512439,-0.4913608,-0.24393022,-0.78325635,-0.50709486,-0.7981172,-1.1287433,-1.6747506,0.16251957,0.0,1.0
1.8286031,4.7222033,-2.016843,-0.44687483,0.89135826,-1.5386337,-1.8718446,1.1755413,2.3573706,1.4847801,0.17185016,1.0,0.0
-0.88537586,-0.6757786,1.6679418,-0.13326639,-0.7751599,-1.5386337,-0.97078747,-1.3267769,1.2135036,-0.5895858,1.7249432,0.26748782,0.6430928
0.39446685,1.8519579,-1.8643554,-0.029873896,2.08408,-1.5007708,-1.8477017,0.85004795,1.3861883,1.0368706,0.85312915,1.0,0.0
2.291982,0.7422692,2.8018205,0.96176887,2.1306326,1.650736,0.9902166,0.67963237,0.12070412,0.98579925,-0.2436483,0.0,1.0
1.8070413,4.7222033,-2.1915398,-0.97236925,0.6134722,-0.2501681,-1.8718446,0.18536909,-0.006685823,-1.6747506,-1.7593788,0.7103176,0.0
-1.3396237,0.33211455,-0.84238404,-0.07633188,-0.79401296,-1.1617017,-0.83452153,-0.74755025,0.5985082,0.6320006,0.76715654,0.0,1.0
0.6473492,3.5232542,-2.1915398,-0.36004883,2.0283015,-1.0759127,-1.8718446,0.98740095,1.6741574,1.1381155,-0.095418625,1.0,0.0
0.7325747,-0.18716833,0.6979364,1.2519276,0.27989972,-0.41710323,0.42223355,0.6912553,-1.1002841,-0.47740966,-0.80834347,0.0,0.5483708
-1.0530992,3.0101368,-2.1915398,-0.21407741,0.20580828,-1.272204,-1.4082341,0.0552669,1.7495648,-0.10066086,-0.2586118,0.9379513,0.13335975
0.02128583,0.498111,0.87833536,0.24836604,0.1378805,0.017473847,1.0041535,0.62891334,0.087125994,-1.6747506,-1.4051495,0.0,0.8717031
0.20580955,-0.9542654,0.12258545,-0.3786774,0.5442713,-0.10404701,0.42717108,0.6743097,2.425913,0.46823055,-0.8374342,0.51688725,0.8742471
-0.61121917,2.905634,-2.1915398,-0.93419844,1.7440813,-1.5386337,-1.8718446,0.2568515,2.0796192,1.4866847,1.4921421,1.0,0.0
0.049374364,1.0316668,-1.1870365,0.51328903,0.77423346,-1.3552544,-1.8147647,0.18204255,0.010818284,-0.6116039,0.8827499,0.5492935,0.0
0.68785316,-0.3034844,2.1931765,1.4235005,1.664384,1.9505358,1.0443746,1.0171447,-0.461388,1.3854866,-1.1313858,0.0,1.0
-0.9764856,-0.3623203,0.004607631,-0.6187254,-0.5366473,-0.8701474,0.09658084,-0.9544744,1.8602775,-0.2262919,0.66823965,0.0,0.7600178
-0.3036564,-0.22644958,-0.3845604,-0.50242984,-0.3436139,0.26321697,-0.25736105,-0.37549496,0.19872715,-0.745468,-1.0297899,0.0,0.6561296
-0.00034748763,-1.0442101,-0.26877865,0.72485703,0.102416575,-1.2398033,-0.43533275,0.66833824,-0.7993806,-0.029941145,-1.1583847,0.0,0.684135
0.070771545,-0.95295614,0.17365925,0.3146469,0.18298821,-0.6084246,0.6872368,0.7700145,0.61212236,0.73711497,-1.6358516,0.0,0.9707237
-0.34491688,1.491723,-1.9774173,0.3853113,0.3554651,-1.5386337,-1.8718446,0.51670814,1.2108244,0.5931584,0.27722603,0.8276296,0.3242655
1.3546396,2.1575267,-0.21208951,-0.6623466,-0.93371063,-1.5386337,-0.5371795,0.25551897,0.24931043,0.5494681,1.2194753,0.17961201,0.6404589
0.3634494,1.3528769,0.45650697,0.5125853,3.64945,-1.5386337,0.002291155,1.7367737,-0.5150942,1.9834769,-0.317038,0.60983443,0.024993047
-0.27143666,-0.44832706,-0.15551572,-0.69591224,-0.22687417,-1.1374992,-0.23503467,-0.37168762,-0.90935475,-0.963821,-0.13586944,0.0,0.9534739
0.9755113,0.101239055,-0.31585947,0.6648437,1.9807425,-1.2764062,-1.8718446,1.3412453,0.41650438,1.9349118,0.051759593,1.0,0.0
-0.3799907,3.735395,-2.1915398,0.24261339,-0.19996877,-1.1090899,-1.2702192,0.5456782,1.4965113,-0.17794688,0.9349418,1.0,0.11921696
-1.3565737,1.0668927,-1.7394422,-0.18174258,-0.56658053,-1.4836154,-0.1273064,-0.5723551,-0.0045561884,0.11697275,-0.5788913,0.0,1.0
0.7616321,-0.07910137,1.1763748,0.1546142,-0.93371063,0.611452,-0.009810431,0.058743473,-0.44049567,0.08933838,-0.24183647,0.0,0.9016593
0.20788506,-0.7553216,-0.0910588,-0.97236925,0.11520201,-1.3916956,-1.0938598,-0.2649498,-0.84231204,-1.1230841,-0.67915136,0.14449987,1.0
-0.7053632,0.3996413,0.6857356,-0.56070614,0.3580466,-1.5325644,0.18662898,-0.44593567,0.544237,-1.2682106,0.0018357467,0.0,0.7253051
-0.64345163,0.64253795,-0.52823955,0.018366523,0.1961961,0.18612099,0.9493258,-0.20755379,0.020374566,-0.72744054,-1.2963203,0.0,0.67085934
-0.47611699,-0.11817998,0.30202463,-0.7947879,0.3438089,0.5466259,-0.08559989,0.050107524,0.7208593,1.524485,0.10792416,0.0,0.6754575
-0.875024,1.9508439,-0.38907537,0.13487588,-0.026069725,-0.7852788,-0.46619844,0.019751722,1.7675744,0.7646577,1.8658206,0.43651542,0.075987
-1.1011901,0.075530194,-0.65422815,-0.096149385,-0.58470297,-0.6302121,-0.91147393,-0.7956471,-0.5311238,0.12365068,-0.33338362,0.0,0.88776124
-0.040544804,3.1031847,-2.1915398,0.89028734,0.62888557,-1.3144114,-1.8718446,1.3353946,2.4250128,0.98456675,1.6561505,1.0,0.0
-1.8776025,0.9606691,-0.9304616,0.9379841,-0.38550434,0.78102905,0.69058996,-0.05344108,0.05368564,-0.61937445,-0.6999649,0.055592384,0.56440526
-0.9184003,-0.13276169,-1.8052018,-0.36671942,-0.38407984,-0.9579965,-0.28105468,-0.34738553,0.4827938,-0.27197003,-0.23403455,0.0,0.84982437
-1.4671749,0.02677954,-1.4888297,0.13671224,0.10177426,-1.5386337,-0.939421,-1.0930328,-1.1787009,-0.24069668,0.061098047,0.0,0.8375222
0.019401079,2.6728516,-0.21635714,-0.25872073,-0.45678863,-1.5386337,0.011505981,0.32970032,0.36091626,-0.51588976,0.28956473,0.18123633,1.0
-0.78282624,1.3946921,-0.6697603,-0.17831174,-0.22143915,-1.5386337,-0.32979771,-1.4799793,1.2583079,-1.0513227,1.8658206,0.0,0.68763053
-0.37312046,0.4293435,-0.82052463,-0.5293443,-0.19993794,0.9834249,0.9204914,-0.28650197,1.645748,0.6807371,0.3679735,0.0,0.9723654
1.0232457,2.5170927,-0.31556112,-0.7099815,0.83284336,-1.5386337,-1.0920851,1.3906416,0.19179972,1.2800388,-1.0133198,0.898686,0.104393214
1.8817397,-0.35703966,1.1678479,-0.12637384,-0.93371063,0.31652635,-0.16224176,0.26421553,-2.183889,-0.5407249,-0.7721971,0.0,1.0
0.45911017,0.35335812,-2.0279737,0.24520482,-0.3535005,-0.917759,-1.0662793,0.13386525,-0.54467523,0.85577554,0.4958642,0.3122534,0.69413555
1.2075341,-0.5101811,-0.74337584,-0.97236925,-0.42511165,-1.1013414,-0.84604114,-0.67979574,-1.4763166,-1.2138089,0.1777108,0.07918724,1.0
0.60734147,-0.5190348,0.43254554,0.15720533,0.18561955,-0.2910815,0.1658565,0.7007335,-0.47639075,-0.20467655,-1.3137258,0.014936991,0.7206558
0.0467059,-0.2990945,-0.06943231,-0.97236925,-0.6140353,-0.50705963,-0.19049421,-0.9961582,-0.75162554,-0.5774651,-0.79685616,0.023176145,1.0
-0.029411465,-0.8762955,0.4263847,-0.52890426,-0.44681916,-1.471671,-1.3154266,-0.7155193,0.8424852,0.12344529,0.85288066,0.0,0.7067429
0.78931403,0.29029468,0.28924674,-0.94296265,0.49041227,-0.868015,-0.5993975,0.36221614,0.030217795,0.05721217,-0.5979087,0.40837115,0.5529915
-1.0464112,0.026522208,0.34052336,-0.59264684,-0.8207829,-1.5097581,-1.8718446,-1.5922731,0.03496299,-1.6747506,1.8658206,0.0,1.0
-0.20279348,1.3070694,-1.523923,-0.7708707,0.75448465,-1.5386337,-0.75725937,0.78891957,0.70062083,-0.15997571,-0.5819438,0.62110966,0.8800806
-0.3989327,0.7653463,0.22555275,-0.8445978,-0.6266307,-0.83602893,0.09514243,-0.008482505,1.05515,-0.20721737,-0.3271274,0.19998562,0.9136379
0.9873994,3.3974116,0.9592753,-0.5125299,0.26327807,-1.3170122,-0.19679812,1.0747235,-0.07100597,0.70035106,-0.10218377,0.68219936,0.8921427
-1.3028475,1.2291676,-1.7583302,-0.4120392,-0.18915553,-1.2760584,-0.15477069,-0.70422083,-0.3236136,-0.6852338,-0.32614285,0.0,0.6264559
0.129762,0.60773224,2.282164,1.0791396,-0.0055125337,-0.014001755,0.47419083,0.3778565,0.20975143,-1.672672,0.17209294,0.0,0.89746064
-1.8776025,1.0988615,-2.1915398,-0.533863,-0.1277947,-1.2236416,-1.0580162,-1.5922731,-1.1523144,-1.6747506,-0.16869481,0.011011056,1.0
-0.34590358,-0.45658487,-0.13128015,-0.06344567,1.2090901,0.7558216,-0.51047343,-0.041961256,0.9940371,1.7249401,0.9344027,0.62617016,0.025094505
0.44116965,3.6805491,-2.1915398,-0.4453769,0.051477868,-1.3674344,-1.3579084,0.5180931,1.2680026,-1.075812,-0.040129412,0.7414193,0.4119313
-0.42249265,1.5571543,-2.1915398,-0.6515855,0.27119446,-0.96442425,-0.6826303,-0.07692632,-0.43675503,-1.1628315,-1.7593788,0.22773698,0.8542937
-0.098537095,-0.71632177,1.9615932,-0.088459305,-0.6219321,-1.5386337,-0.11385686,-0.9202177,0.1159093,0.041267,1.3117589,0.5211132,0.80878377
2.275267,4.7222033,-1.3441286,-0.738401,2.6877296,-0.5469871,-1.6055195,0.8824477,-0.22470056,0.105733044,-0.04431819,1.0,0.0
-0.37210846,0.9454864,-1.2781883,-0.97236925,-0.55466497,-1.2475508,-0.52442014,-0.9811099,-0.89959115,-1.1332616,0.6746253,0.037360024,0.891617
-1.3078493,1.5341104,-0.5507519,-0.9666064,0.1626557,-0.8067198,1.0525581,-0.4931818,2.1392894,0.6084602,0.44981503,0.0,0.704869
-1.3734239,1.0479157,-0.7074355,0.60748154,0.030100461,-1.5386337,-1.4248701,-0.38356444,-0.94234073,0.20548679,1.7451609,0.0,0.7785696
1.0811759,3.9514537,-0.64392614,-0.46041685,-0.058049776,-1.2030544,-0.24498522,0.40535834,0.2758934,-0.906811,0.25549567,0.40323025,1.0
-1.8776025,0.8310026,1.3043582,0.46025553,-0.43873885,0.9780042,2.2908325,-0.24567944,2.100189,-0.04927054,0.03552647,0.0,1.0
0.33990684,0.5405637,-0.31565386,-0.59178966,-0.14838864,-0.33683854,-0.33938193,-0.14351168,-0.6550128,-1.3041011,-0.633838,0.0,0.85061663
0.35619965,2.7937613,-0.5411225,-0.4505977,0.5281642,-1.2875712,-1.6379296,0.75947624,2.1401029,0.18043746,1.4377319,1.0,0.18309775
0.14328335,0.36351094,0.04185775,-0.6767428,-0.8025532,-0.34963363,-0.14710237,-0.7121227,-0.9092043,-0.8995481,-0.251355,0.11355107,0.96782345
-0.17739448,-0.49291682,1.8782549,-0.46078813,-0.23734228,-1.5180279,-0.81259114,-0.95562017,0.48747092,-0.32113624,0.7806947,0.024313506,0.71261567
0.8434135,0.47197548,2.5064614,-0.17100841,1.1201689,0.47036028,-0.0091414675,0.7239521,1.0983067,1.6013327,0.7959071,0.19314311,0.5289238
1.9167718,2.2889924,-1.034914,-0.9406576,1.9214774,-1.2941306,-1.8718446,1.4302126,0.6481408,0.48541093,-0.406919,1.0,0.0
-0.63035595,2.7447615,-2.1037917,-0.97236925,0.056853976,-0.86629075,-1.1871496,-0.17916954,1.452835,0.18975714,0.11704598,0.8347401,0.14664851
0.06967998,1.1598711,-1.6137881,-0.2897863,0.33810753,-1.2553355,-0.5588469,0.6482097,0.14354177,-0.6545061,-0.60508,0.51359236,0.4720563
-1.8776025,0.25598088,-0.372791,-0.5629123,0.20603395,-0.5812699,0.3206914,-0.27041703,0.7292831,0.35896564,0.23618011,0.015992904,0.49530935
-1.6589837,-0.5525767,-0.7312949,0.74340063,-0.12761758,1.5572398,1.1165067,0.63833356,-0.03806279,-0.09471448,-1.7593788,0.011476604,0.93442786
-0.09100589,4.7222033,-2.1915398,-0.24869701,0.18538891,-1.5386337,-1.4461814,0.15063561,0.5883911,-0.62871736,-0.08068162,0.83345926,1.0
2.1382444,1.217548,0.8721815,-0.3567857,2.221626,-1.2669889,-0.43514004,1.6383206,-0.7710908,2.2838242,-0.59134066,0.8670582,0.6472432
0.097241335,-0.4656097,1.031924,-0.7610922,-0.67595786,-0.86982596,-1.2258092,-1.3157407,-1.5528132,-0.98244905,0.7830873,0.0,0.9797089
0.87130415,0.34483442,-2.0763085,-0.97236925,0.025891561,-1.5309385,-0.51141936,0.52744204,-0.21328169,-0.29875714,-1.7593788,0.25826225,0.8699735
0.23007675,0.017502163,0.22745778,-0.97236925,-0.86782604,-0.32432264,-0.71574754,-0.9871132,-0.49303994,-1.2909693,0.3800549,0.02586369,0.903856
-1.7222766,-0.5965239,-1.3210384,-0.97236925,-0.77541786,-0.060634047,-0.22951734,-1.1090012,2.2875178,-0.564812,0.4893161,0.009005567,0.66241384
-0.4272898,1.0378603,-0.66913635,0.22761035,-0.88425463,-1.5386337,-0.3545812,-0.17000163,1.1485426,1.3281771,1.7737505,0.5397753,0.61428964
2.0456011,3.9919116,-1.3984212,-0.39655545,1.7618766,-1.5386337,-1.6812593,1.4040877,0.1898294,-0.2290045,0.26270974,0.46700883,0.6227474
-0.39343664,-0.014515292,-1.3669997,-0.35884196,-0.22698472,-1.0685327,-0.24519502,-0.18141489,-0.5394419,-1.2807695,-0.46843362,0.0,0.87135106
-0.13118505,0.015085911,0.1302887,0.65996313,-0.15243062,-1.4651324,0.21883033,-0.27022234,-1.4659269,-0.6915927,-0.37656063,0.0,0.9683737
-1.4907119,-0.014200898,-0.15084529,0.15501812,-0.26788303,-0.67836404,0.56038874,0.42412594,0.792984,0.38346618,-0.6166118,0.0,0.786164
-1.3555882,-0.479407,1.4333019,-0.22586842,-0.93371063,-0.87498367,0.55739754,-0.6330785,2.1685033,0.9911364,1.5350718,0.38384655,1.0
-0.5640757,0.07244086,-0.9826844,-0.7457887,-0.36731005,-1.5386337,-0.43764082,-1.2334837,-2.183889,-0.65945685,-0.47839868,0.0,1.0
0.10514772,1.6482346,-1.9624759,-0.8541426,-0.0030787382,-0.68265766,-0.33813033,-0.2614282,0.23253794,0.6951897,0.1535393,0.0,0.53742754
0.010310192,3.2961705,-2.1915398,-0.27844846,0.25633278,-0.38904184,-1.7532371,0.055192947,0.99581426,-1.2977927,-0.21324645,0.731158,0.00441958
3.11389,0.49075797,2.6895044,0.43609688,2.6227434,0.16704892,0.10504334,1.306803,-0.20403616,0.89950484,0.6373476,0.59886634,0.8260812
-0.090544686,-0.21368653,0.5080224,0.6187371,-0.12755579,-0.6173639,-0.68480754,-0.40228972,-1.1146641,-0.980396,-1.3184378,0.0,0.99101156
-0.08031245,0.56273854,-0.33043188,0.15382479,-0.15396726,-0.5403389,0.5545439,0.37659526,-0.19826387,-0.6601273,-0.85826135,0.0,0.5581476
0.4533385,1.0680574,-1.243885,-0.24705693,0.64235914,-1.135648,-1.6682012,0.9369836,2.1764326,2.2838242,0.35661006,1.0,0.030554494
-0.72564304,-1.0442101,-0.5711852,-0.35710236,-0.38835993,1.9651079,0.92278886,-0.103924066,1.1011734,0.8512536,-1.2795414,0.39623794,0.86412203
-1.8776025,-1.0442101,-1.6543818,0.74493194,1.3481706,2.8474016,2.2716348,0.21473595,1.6956131,1.4249933,-0.48950583,0.0,1.0
-0.3440015,0.15312842,-0.88061327,-0.39746028,-0.47823966,-0.76131237,-0.59438854,-0.3409703,0.2714703,-0.42560685,0.03683821,0.20264293,0.7988378
-0.3951004,1.646573,-1.8387151,0.22438537,0.085870504,-1.1125528,0.16555408,-0.1512223,-0.8342314,-1.0576512,-0.51364815,0.039729968,1.0
1.4546921,0.07636896,2.8018205,2.1267874,1.2928035,1.6574565,0.73215914,1.5206978,-2.183889,1.5787754,-1.5247889,0.0,1.0
-0.49071094,0.4628005,-2.0694246,-0.58315694,0.5446258,-0.44376618,-0.4708231,0.2869368,0.5619727,-0.80500716,-1.6021266,0.12593192,0.97945017
-0.8280083,0.21494819,-1.2190562,0.31866646,0.45501906,-1.2018111,-0.86317915,-0.16439508,0.24296308,-0.6961449,0.1435614,0.30014777,0.49268103
0.50826615,-0.15108892,-0.21090603,-0.6404148,-0.24789922,-1.4391974,-0.52555776,0.01895336,1.2249442,-1.1553061,1.170591,0.0,0.89707214
-1.4181827,-0.34983757,-2.0473573,0.6649427,-0.10128522,-1.3337475,-1.4285333,-1.2004621,-1.7465872,-0.18257506,1.2752926,0.2737659,1.0
0.26499033,1.9599547,1.3271205,1.3923321,-0.9209829,-0.1256038,1.0314125,0.42312214,0.18271923,-1.6747506,-0.14134249,0.0,1.0
0.47899824,-0.8027472,-0.23404305,-0.97236925,-0.93371063,-1.402787,-1.6909175,-1.5293676,-1.7322906,-0.09446504,0.56150144,0.0,1.0
0.4808686,3.221093,-2.1915398,-0.69710535,0.5340415,-0.8976833,-1.7871064,1.0942162,1.739575,-0.29505086,-0.43457085,1.0,0.0
-0.40988556,-0.3473477,-0.52477473,0.7195577,0.3372552,-0.696273,0.5995721,0.7593485,-1.4712958,-0.23777677,-1.7593788,0.07999851,0.8585069
-0.8633147,0.9097807,0.6061397,0.011600741,-0.8298821,-0.11122189,0.24301335,-0.4646315,0.15429166,0.6009624,0.5618341,0.0,0.438923
0.19952826,0.015343675,-0.7004046,0.026437312,0.0827138,-1.0578439,-0.39143446,0.8009371,-0.5229504,-0.9011906,-1.5282022,0.1934561,0.789935
-0.45576757,-1.0080694,-0.3514961,1.0579484,1.5186859,-1.5386337,0.8804001,1.048055,-0.52174395,0.057534046,-1.7593788,0.027427116,0.9358829
0.15912567,-0.6943986,0.24761747,-0.8342622,-0.21467468,-1.2740618,-0.14472477,-0.7706994,-0.80386263,-0.23618968,-0.81205505,0.025297843,0.9139978
-1.4135478,2.7827811,-2.1915398,-0.3384868,0.2293772,-0.8352228,-1.8718446,-0.45806015,-0.3718583,-1.6747506,-0.777259,0.47198972,0.3297078
0.37146416,-0.5847344,0.052650206,-0.95366263,-0.5799064,-1.5386337,-1.5883223,-1.5922731,-2.183889,-0.84586173,0.0770199,0.0,0.97250307
0.44428408,3.7372737,-2.1915398,-0.97236925,0.22704946,-1.4235182,-1.3442997,-0.07050982,0.56996995,-0.15735155,-0.29973894,0.9977774,0.5637548
0.10270844,0.51286703,-0.75496894,-0.50233126,-0.62578803,-0.717595,-0.55433494,-0.17582753,-0.8508291,0.54087245,0.5238333,0.46401796,0.61786425
-0.37527108,2.096738,-0.7698087,-0.002583893,-0.7292902,-1.1099131,-0.74956274,-0.01288683,1.0872544,-0.40186292,0.8593394,0.31236544,0.5752657
-0.55558336,4.7222033,-2.0606883,-0.44892022,0.48023584,-1.5075479,-1.8718446,0.41047946,2.7518206,2.2838242,1.8658206,1.0,0.0
-1.406365,-0.10748252,-0.1327016,0.25740087,-0.9104505,-1.177069,-0.7546861,-1.2074611,0.5915306,-0.27216434,1.46056,0.0,0.91813797
-0.39877963,2.576618,-2.1915398,-0.62281054,-0.15115847,-0.8349318,-0.8685488,0.14133713,0.80134904,-1.5142039,-0.9412558,0.21792024,0.35686854
0.92126644,-0.119676605,0.62236935,-0.45833558,-0.27488863,-0.6512221,-0.18533428,-0.07965881,-0.98789746,-0.16918252,0.29179263,0.043222312,0.97640073
0.09427896,-0.1699855,1.5287458,-0.62005055,-0.79633003,0.14080626,-0.6703022,-0.9879387,0.80017895,-0.47211516,0.78872055,0.5603586,1.0
0.8819871,-1.0423615,0.9299464,-0.62209564,-0.93371063,-1.238026,-0.7979852,-0.3747108,0.2310542,0.6344431,0.59445363,0.36716938,0.9881208
0.1137821,4.41989,-0.28490096,-0.59460884,1.575963,-1.5386337,-0.9072714,0.3951421,1.9904298,1.6283609,0.9653658,1.0,0.0
-0.5499588,-0.20097055,-0.08601187,-0.57287556,-0.26720232,-1.0074854,0.101162836,-0.33232316,0.673807,-0.45688546,-0.35986155,0.101376496,0.68197775
-0.13480105,-0.94689053,-0.4469822,0.3164837,0.124492556,-1.5386337,-0.6667875,-0.13595514,-1.7248793,-0.8280852,-0.83542526,0.0,1.0
-0.19626617,0.7285127,0.49097595,-0.4516666,-0.92870843,-1.3685809,-0.041076645,-0.47724363,-1.2738719,0.812893,0.605773,0.03144193,1.0
0.0977932,0.78849494,0.7967269,0.9116113,-0.13604163,1.4583573,1.1704382,0.47656107,-1.4521543,-1.6747506,-1.6860465,0.0,1.0
0.77405506,0.2579931,1.182417,0.06772592,-0.84712684,-0.5955927,-0.38394642,-0.5638069,-1.478666,-0.0035376325,1.4585422,0.11365935,0.6536663
-1.8738867,0.5900621,-0.61840254,0.73879933,-0.048088554,0.12874687,2.0326595,0.19363904,1.088722,0.3197264,0.13300005,0.0,1.0
0.19977225,-0.51145166,0.12702802,0.20539655,0.2621476,0.17661352,0.5115955,0.4040651,-0.5709876,0.22233716,-1.0216582,0.0,0.88904023
-0.8447899,0.73103416,-0.3726735,1.9539611,0.43769303,1.3030428,2.07271,0.6774082,-0.624668,-0.44037473,-0.89016837,0.0,1.0
1.7771038,-1.0442101,2.0249555,2.1267874,-0.65082127,1.314719,0.59141916,1.7367737,-1.169093,-1.183868,-1.6990237,0.087143384,0.8321891
-0.11692417,2.6380594,-2.1915398,-0.87634766,0.041271377,-1.1943842,-1.257492,0.67803526,1.4839706,-1.6727837,-0.8900165,0.480116,0.91707593
-1.6342044,-0.5043991,0.20048918,0.6599129,1.0596359,0.6575278,2.130248,0.45930952,1.1155009,-0.58820194,-1.4197533,0.0,1.0
-0.6737347,0.1591114,-0.9625326,-0.97236925,-0.057711553,-0.33392435,-0.6154537,-1.4180593,0.20122385,-0.33867317,0.12874074,0.0,0.6466624
-0.06830809,-0.4746068,-0.8574602,-0.24621385,0.027650561,-1.1499723,-0.40326735,-0.27599397,-0.43063185,0.27407354,-0.60357875,0.12672639,0.63457894
-1.759313,0.19612868,-1.8636687,0.38482034,-0.058824487,-0.54932725,-1.0048345,-0.533932,0.9047277,-1.1522405,0.8124339,0.31253615,0.37061256
-0.6954676,-0.8591592,-1.0114125,0.015489521,0.037239973,0.5308062,0.78847927,0.34404173,1.0727261,0.18007733,-1.2936565,0.0,1.0
-0.611803,-0.010564394,-0.6677931,-0.6910527,0.2852526,-0.8503266,0.5674302,-0.9006802,-0.7026389,0.37550217,-0.82567936,0.0,1.0
-0.53718376,0.3809441,-1.4944817,0.5899874,-0.80926555,-1.1002635,-1.8017024,-0.3139921,0.14516258,0.0035926523,1.0433049,0.23793079,0.8063262
0.7855716,1.8244766,-1.4802787,-0.553488,0.36746627,-1.081183,-0.9988196,0.43859735,-0.10032455,-1.272684,-0.52017426,0.5935884,0.40341067
-0.85704505,0.5143266,-0.28252885,-0.97236925,-0.04883019,-0.5705329,0.9112962,-0.2158463,1.2527496,-0.37400007,-1.3376056,0.0,1.0
1.2432426,0.25617203,1.7463661,-0.97236925,0.46615788,-1.0333086,-0.5162847,0.4305264,0.34422675,0.39769006,-0.32391697,0.7768871,0.6045024
0.79180425,1.1029718,1.5679662,1.155328,3.160109,3.2850347,1.7801034,0.6654519,-0.46043998,2.2838242,-0.6237071,0.0,1.0
-0.8602639,-0.51533985,-0.7872939,-0.97236925,2.1683161,-0.4696626,0.23947084,0.19817111,0.7918304,2.1035075,-1.0296179,0.0,0.28547013
-1.1479707,0.063553244,-1.2615913,-0.359858,-0.35998544,-1.0825044,-1.160932,-1.0342848,-0.0117969625,-0.8337883,0.21220593,0.0,0.67801654
-0.5345567,-0.5243074,0.56237185,-0.61293024,-0.19928116,-1.5386337,-0.6584945,-1.2569199,-0.34611672,-0.6701647,0.3421325,0.0,0.9910535
-0.20217037,-0.5639499,-0.8494729,-0.97236925,-0.46790394,-0.6281723,-0.51858556,-1.3835688,-1.6524928,-1.3481524,-0.4916035,0.28123283,1.0
-0.66726774,-0.015001077,-0.7267775,-0.30355188,-0.02558636,-1.5346874,0.06519158,-0.5693454,1.3398862,-0.55289084,0.046397284,0.0,0.69204986
1.185652,-0.74034476,1.3198063,0.31129843,0.6286991,0.2135563,0.86997116,0.7535265,-0.12533103,0.15158154,-1.0698062,0.04580467,0.81524366
0.7720364,-0.15585682,1.4952906,-0.97236925,-0.2506098,-1.5386337,-1.1397057,-1.1110164,-1.7500237,-1.5167743,-0.15657295,0.018303113,0.8678741
-0.09637306,1.5911481,-0.6359863,0.08858728,-0.21424483,-0.7608472,0.1613695,-0.021957807,1.6265936,-0.710631,1.3705177,0.37448013,0.8517447
-1.024184,-0.9352853,-0.46689397,-0.24219833,-0.53055656,-0.4045074,-0.9833115,-0.5379351,0.58633953,-0.683906,0.84371454,0.14839861,0.84037733
0.23290949,1.0134166,0.88470715,-0.49670485,-0.93371063,-0.78186166,-0.490444,-0.35318276,-0.70624363,-0.67817134,-0.35784656,0.11598685,0.78424245
-1.6810915,-0.054792825,-0.6657329,0.6163358,-0.6962092,-1.2162458,-1.2925383,-1.4690013,-0.21007149,0.5728651,1.5604457,0.049584616,1.0
0.520524,-0.83982235,0.73913896,-0.03947862,0.6045207,-1.1452233,0.18501787,1.0712304,-0.04648632,0.55261636,-1.3071241,0.0,0.42543346
-1.0755281,-0.112650946,-0.9169681,-0.08015055,0.28419137,-0.66961473,0.30980566,-0.41066873,-0.7222212,-0.41896433,-0.8559937,0.0,0.8539107
-0.55725163,-0.33936712,0.71266156,-0.15813658,-0.93371063,-0.98645985,-0.824486,-1.1328262,-1.3706973,0.6456552,1.4428726,0.0,1.0
1.2301798,-0.17406845,-0.07331255,-0.7109994,-0.52566123,-0.99791265,-0.8836487,0.31726274,-0.58852166,-0.64373267,-0.32891476,0.18819514,1.0
-1.0735534,-0.795694,1.2907946,1.4933974,-0.15961972,1.5816727,1.4616042,1.1733847,0.9554921,0.16260125,-1.6618795,0.21917357,1.0
0.26844844,-0.6029035,0.5834069,-0.3296907,-0.7398023,-0.84398615,-0.54613924,-0.7924248,-1.289842,0.2824239,0.3445096,0.045158934,1.0
0.46527869,0.3347159,2.6879647,2.1267874,0.00123409,2.5723727,1.3670008,1.7367737,-0.5293608,-1.131269,-1.7593788,0.0,1.0
1.1517274,0.29815364,1.5752993,-0.20524433,-0.93371063,0.1215661,-0.4235679,-0.13809465,-0.9972518,-1.5366035,-0.40105355,0.0,1.0
-0.711488,-1.0442101,-1.2668962,-0.12772208,0.2820847,1.6728661,2.0198765,1.0146557,2.1682417,0.89504486,-1.7593788,0.0,1.0
0.38262317,0.23355806,-1.4353901,-0.33985198,0.18663488,-1.2679888,-0.89744633,-0.23229057,-1.3078104,0.06969109,-0.9095242,0.17775264,0.81073827
0.24882555,-0.58001703,0.32981172,-0.3143941,0.51837635,0.32977122,-0.28281736,-0.13850573,0.19630627,0.029962916,-0.73469806,0.13269758,0.5165638
-0.23368454,1.1087805,-2.1915398,-0.97236925,0.63866657,-0.6261639,-0.73238087,-0.005397115,-1.0219499,-1.6747506,-1.7593788,0.031128999,0.77390975
0.480247,0.6099011,-0.29526782,-0.5106927,-0.6198712,-1.1021136,-1.0118253,-0.6699479,-0.7036303,0.5520098,1.218028,0.0,1.0
-1.3461614,-0.31240034,-0.7466113,-0.37747368,-0.30722308,-1.0446149,-1.2583039,-0.77944165,1.0852469,-0.4323917,0.7265845,0.30790916,0.37645838
-1.1354164,-1.0442101,0.20758691,1.6574513,1.3416609,-0.30271453,1.058336,1.4942968,0.112523295,0.3168196,-1.593698,0.13403781,0.84089303
-0.5346867,3.2016857,-2.1915398,-0.10129729,0.68143547,-1.5100502,-1.8718446,0.51035357,1.8966169,0.24818015,0.76933867,0.8150416,0.015851807
-0.87928385,-0.13192403,-0.36617044,0.2706605,-0.17696434,1.152182,1.5731144,0.1687041,0.42744306,0.085017525,-1.6701304,0.0,1.0
-0.16762713,0.4401249,-0.4949364,0.3021528,-0.27920523,-1.5386337,-0.94771767,-0.32703388,-0.6496694,-0.78386587,-0.17280953,0.039843068,0.639107
-0.8973317,0.049082745,-0.44304958,-0.42654282,-0.3276075,-0.25308216,0.0032769917,-0.9230054,-1.1966479,-0.6947499,-0.8447152,0.0,1.0
-1.1251553,-0.9246309,-0.33880687,0.17307687,0.46811002,1.6672708,0.6193167,0.15201943,0.627495,1.0498337,-0.40210432,0.22152407,0.42099902
-0.61111176,-0.5269063,-0.41283467,-0.2907531,-0.50965136,0.090090126,0.49745375,0.16307622,0.92937756,1.7860321,-0.347252,0.0,0.8051707
0.3690956,1.7656788,0.57966304,-0.37275225,-0.64842975,-0.44488466,0.51660603,0.55466646,0.011750426,-0.562624,-1.2863472,0.061904162,0.954855
-0.7716478,4.673918,-2.1915398,-0.9181138,0.29327327,-1.5386337,-1.342228,0.14728065,0.73859364,-0.58276254,-1.7593788,0.7704371,0.18221223
-0.6664346,0.065113604,-1.5497736,-0.370832,-0.25544536,-1.2574521,-0.005295134,-0.4227718,-0.38502088,-0.6824862,-0.7336339,0.0,0.83427835
0.114163496,-0.28895992,-0.59029436,-0.8211064,-0.6858506,-1.5386337,-0.5524017,-0.12006019,0.26565638,-0.76539534,-1.023996,0.027600491,1.0
-1.3454188,1.3150555,-0.42907226,1.0566978,0.7369703,0.56279844,1.6888853,0.6176596,-0.20046541,1.1451182,-1.662721,0.0,1.0
-1.3460062,1.3590134,-1.4112175,-0.8427794,-0.6770576,-1.5386337,-0.4127304,-0.38680583,1.8359537,-0.1721244,0.690913,0.3663971,0.3877661
1.3558602,-0.7230028,0.1981047,0.89992267,-0.3692858,-0.6423438,0.5431614,1.3513392,-0.24313945,0.32525033,-0.7267728,0.04534804,0.68997043
0.5289838,-0.023198098,-0.3856222,0.6665391,-0.08192789,-0.30178064,0.3651045,0.70485646,-0.5509606,-0.26920635,-0.20619693,0.25744075,0.9816399
2.500442,1.9744782,0.36676958,-0.6320163,0.35730135,-0.423685,-1.204417,0.50059885,-1.1841719,-0.12775984,0.08842343,0.7300805,0.28047875
-0.20901844,0.34301028,0.5913517,-0.3835902,-0.93371063,0.88555914,-0.4637075,-0.2956038,0.30595928,0.38756245,-1.0289614,0.18403406,0.69847596
0.7906535,3.0656276,-0.6308368,-0.97236925,2.0034146,-1.3931956,-1.8718446,1.0348632,2.110335,2.2838242,0.41688752,1.0,0.0
-0.9381896,1.3068604,-2.1915398,-0.07563234,-0.50224394,-0.99791855,-0.28307754,-0.14617644,-0.30932927,-1.2211411,-0.27545947,0.03227034,0.68911046
-0.19155371,1.1454693,-1.4039913,0.09395218,0.43314663,-0.83426636,-0.5369087,0.7336256,0.76610655,-1.059753,-0.4287023,0.5171207,0.07127021
-1.1544597,0.314617,-0.059116244,1.0292464,0.46260673,0.73532635,1.4206986,0.47796136,-0.058772724,-1.0735171,-1.5065697,0.04581367,1.0
-1.6203232,-0.5976634,0.8073685,0.23789972,1.2567867,0.57204276,0.719428,0.24778467,1.9341106,2.0343578,-0.19424099,0.0,0.92926425
-0.86871,0.24369167,-0.8311703,-0.026974328,-0.22907148,-0.82504535,-0.44266927,0.2451809,0.9584157,-0.45436233,-0.13817549,0.18449722,0.70082873
0.071770966,-0.33842257,0.7458405,0.22860652,-0.11158055,-0.63339245,0.18634607,0.056253277,-1.4303921,-0.0749054,-0.73068804,0.0,0.62055486
0.39395717,0.6645332,0.90055126,-0.14009696,-0.22315323,-0.39862776,0.35085878,-0.18420643,-1.043726,-1.3167758,-1.2221539,0.122348,0.5918883
0.45772758,0.13538086,-1.0349298,-0.81015426,-0.012792466,-0.81831473,-0.41581592,0.15708783,-0.3437638,-0.57444274,-1.3762208,0.0,0.6059355
-0.23833779,0.6506895,-0.72081757,-0.7797126,-0.20213427,-0.9906222,-0.10613073,-0.2691731,0.30235288,-0.38249195,-0.5375611,0.11140045,0.9102935
-0.32031098,0.6186802,-1.9054124,0.39464515,0.45711583,-1.5386337,-0.9160637,0.2839057,-0.6006898,-0.27476388,0.42799836,0.37716576,0.88479155
-0.8112405,0.27941284,0.4670924,-0.97236925,0.35528627,-1.0323771,0.32826254,-1.4376768,-0.41241956,-1.0696735,-0.2753479,0.0,1.0
-1.105768,0.39837846,-0.7492733,0.019585785,-0.090639636,-1.423189,-0.2934324,-0.30791146,-0.3925498,-0.75969124,0.086334944,0.0,1.0
-1.141443,1.5679054,-0.75503653,0.27876377,-0.6823323,-1.1355689,-1.6890507,-0.5338979,1.2231344,-0.88820136,1.8658206,0.33030045,0.3166319
-1.2793268,-1.0442101,-0.3716103,1.7743393,2.0465884,2.1386895,2.1336029,0.87161666,0.59776527,0.6353201,-1.7593788,0.0,1.0
-0.63597125,0.5874895,-0.7155852,-0.6687936,0.38405707,-1.5386337,-0.43253592,-1.1324453,-2.1039407,-1.6747506,-1.3080466,0.02356299,1.0
2.5904448,4.7222033,-2.1915398,-0.67420036,3.2058249,-0.78077114,-1.8718446,1.7367737,2.2087958,-0.10305624,0.14704314,1.0,0.0
-0.34591225,1.1969596,-0.2024445,-0.97236925,0.7756278,-0.42335385,-0.28209558,-0.4450058,1.102542,1.667143,0.64323825,0.21244882,0.5763416
1.5953443,0.34149674,0.32674474,0.16433458,1.3927251,-0.76977783,-0.2832563,0.49147114,-0.29787943,-0.8729043,0.20798567,0.7882829,0.16994072
0.50276,0.25902152,0.25533617,-0.82343155,-0.43387833,-0.11726914,-0.40068355,0.013681026,0.5576093,0.41856825,0.29154867,0.3799741,0.14243414
0.55381364,3.0488913,-0.4563818,-0.603413,-0.040162686,-0.95059913,0.22334461,0.34378114,0.07117324,0.255957,0.16337043,0.2636595,0.5085822
-0.47542146,0.0857352,0.648264,-0.05754696,-0.39660484,0.14681666,0.9906962,0.123927936,0.28809124,0.5248774,-0.8727063,0.0,0.86402744
-0.6737392,-0.67344016,-0.65117115,-0.97236925,0.24580897,-0.7341579,0.21727595,-0.80622876,-0.16575898,-0.41792727,-1.2595419,0.14016396,1.0
0.5515774,1.099387,-1.4232031,-0.13490185,-0.25468224,-1.5386337,-0.020752372,0.63117445,0.44798243,-1.1990603,-0.66148674,0.1923524,0.5852498
0.14384119,0.93865025,-1.6651522,-0.004268844,-0.089843675,-1.2649192,-1.1602339,0.17743142,-0.11074369,-1.0614549,-0.36064136,0.42846602,0.84399545
1.1399499,3.8809354,-1.1857396,0.23647873,1.1452496,-1.2348614,-1.8718446,1.1363133,1.839285,1.8821827,1.1091162,1.0,0.0
-0.0940335,-0.00067718327,0.41418794,-0.43556944,-0.07908174,-1.5386337,-0.27502754,-0.6231598,-0.13997579,-0.36835515,-0.17902525,0.0,0.80313957
-0.48427325,-0.791695,0.24398692,2.1267874,0.4447659,0.93842477,0.79973006,1.3344027,-1.4617615,-0.12903653,-1.5504493,0.0,0.87128264
-0.91920006,1.5685402,-0.065584294,0.6326199,0.6794949,1.1599005,0.9359478,0.36358237,-0.79767436,0.8872442,-0.8674278,0.0,0.75824815
-0.526219,0.53838545,-0.9481117,-0.7830859,-0.3439194,-1.1604587,-1.096492,-1.2054701,-1.1778804,-1.6747506,0.34270144,0.0,1.0
0.5542217,-1.0442101,-0.2717779,-0.5032918,0.6236507,0.0036989488,0.5358703,0.80562997,0.48895973,0.9215046,-1.7593788,0.0,0.767455
-1.8776025,-0.39456412,-0.922634,0.41879123,1.2923539,3.6774337,1.7532914,0.14892264,2.0196044,2.2838242,0.26621032,0.0,0.37455398
-1.1629441,2.785723,-2.1915398,0.5274253,0.6568719,-0.74380517,-1.8718446,0.7734467,2.073636,-0.86562365,-0.5714108,0.7649036,0.44046035
-0.73826253,-0.2198601,-0.070164755,2.1267874,-0.76624167,0.90672964,0.85412747,1.078795,0.4719488,-0.51624376,-0.9522227,0.18514818,0.9254174
0.42368978,1.1479025,-1.6999094,-0.36746204,0.017165232,-1.0209227,-0.8351578,0.06956868,-0.5273797,-0.418365,-1.7593788,0.58750993,0.63949674
-0.40156478,-0.44887874,-0.57997733,0.31205663,-0.2843002,-1.2447941,-0.22622187,0.19570725,-0.5894189,0.4708714,-0.73315376,0.18029487,0.5115059
1.0438129,0.9323864,1.5628732,-0.06144582,0.17163718,-1.0717574,-0.2241326,0.89800215,-0.9382583,0.3057137,-0.81617945,0.290733,0.6870832
-1.1210419,-1.0442101,-0.68513113,0.49012378,0.13595292,0.13191214,0.60396737,0.33778802,0.82364434,0.8444666,-1.0307806,0.0,0.723063
-0.29125723,1.7852387,0.27868605,-0.40502036,-0.93371063,-0.56526196,0.52829164,-0.24838623,0.29812354,0.66190237,0.44167656,0.0,1.0
-1.5680798,0.69613427,-0.35316458,0.41118705,0.21483915,0.45316392,2.0139623,0.21326405,-0.010006824,-1.434512,-1.7593788,0.14867182,1.0
0.27978882,1.4252831,-0.50582796,-0.78934735,-0.20259474,-0.2213026,-0.73231196,-0.7351244,-0.37369394,0.96503663,0.55964684,0.15863204,0.62146395
-0.3037082,1.7967728,-0.45102316,-0.128273,0.045048114,-0.6794588,0.8597832,0.15817592,-0.8738226,-0.053254373,-0.3958097,0.0,1.0
-0.9023872,-0.5860638,0.556091,0.2927583,0.068780154,-1.2209936,-0.45622367,-0.46510115,0.096431285,-0.28980517,0.75915205,0.0,0.73305947
-0.9233554,0.2824675,-1.0895922,-0.52843297,-0.15995395,-0.3784737,-0.56997937,-0.9956079,-1.4933667,-0.77957094,-0.726059,0.15297614,0.8110065
-1.8290086,-0.21417738,-0.019875716,1.0558128,0.21480817,-0.12620449,0.46368897,0.14717562,2.376573,-0.8084876,0.9998717,0.20496218,0.16537516
-0.06451563,0.73610795,-0.4095271,0.020246826,0.17915337,-1.120509,-0.27126065,0.32063368,-0.5398466,-0.014778405,-0.4589857,0.0,1.0
0.34099287,0.41326082,1.2050667,1.89115,-0.87599677,0.23078673,0.9900888,1.1327895,-1.0378532,-0.72925985,-1.7593788,0.0,0.6714456
-0.7121011,0.78818583,-1.2664963,-0.64526314,0.16698968,-1.0279359,-0.4226659,-0.6816905,-0.52721655,-0.9329414,-0.4346283,0.0,0.6171231
-0.21769503,1.0463781,-0.6066708,-0.21004649,-0.23250961,-0.15982251,0.4250663,0.026511006,0.5107015,-0.96155626,-0.15544194,0.0,0.96299446
0.089245565,0.32601386,-0.5963832,0.38993403,-0.2959986,-0.43009079,0.31529728,0.2422213,0.16111234,-0.7111315,0.033822425,0.0,0.4641814
-0.6126042,1.5346042,-0.80918413,0.27758896,-0.39451957,-1.1049284,-1.0144699,-0.13669755,-0.54362005,1.2342502,0.544154,0.0,0.73997515
-0.511481,0.027142378,-0.57087404,-0.06335966,-0.93371063,-0.9637493,-0.9635512,-0.701929,0.17684351,-0.6469052,1.4795475,0.3349674,0.7251216
-0.010203667,-0.11233693,1.278458,-0.08184484,-0.676738,-1.2193778,-0.53921473,-0.8090389,-1.0896426,-0.4871161,0.019189835,0.07581183,1.0
0.2689396,1.0929838,-2.1915398,-0.18123235,0.031055689,-0.8874204,-1.1646386,0.757978,-0.06721966,-0.1439841,-1.2219354,0.3873855,0.7731318
-0.82059735,-0.48397014,-0.69186944,1.9277636,-0.34822518,1.6511806,1.0353134,1.2272558,-0.41784236,-1.0218575,-1.7593788,0.0,0.7486126
0.18548943,2.5322301,-2.1915398,-0.56002057,-0.14853054,-1.3211613,-1.7454969,-0.4641138,1.7773664,-0.50811833,1.285244,0.88020104,0.38243225
-0.19018105,1.3610829,-1.3516905,-0.8396796,-0.27756968,-0.8290592,-0.7306251,-0.30065253,0.41146043,-0.7267029,-0.8474408,0.48062193,0.44724098
-1.3608347,0.3307953,-1.8724178,0.7067941,-0.24891047,-1.3001697,-1.1517408,-0.7718003,0.5820982,-0.016981695,1.142106,0.12844715,0.8587473
-1.8776025,-0.8819141,-2.1770678,-0.2314479,0.5141716,2.119636,1.17156,-0.8341732,1.0446,0.46507925,-1.0192486,0.08334705,0.99100274
0.43966666,0.08377761,0.85943186,-0.5154955,-0.6898421,-0.90442127,-0.32998875,-0.7396234,-0.48600245,-1.5357194,0.20431796,0.0,1.0
0.11314707,-0.316899,-0.13225818,-0.33159947,-0.29166526,0.28061348,0.35038146,-0.4021195,-0.28840554,-0.8385824,-0.49448287,0.15075524,0.75256634
-0.48961475,1.4158807,-1.9640081,-0.97236925,-0.11831795,-0.8558378,-0.9204821,-0.44197014,0.1898022,-1.4086,-0.49242413,0.3240091,0.8951717
0.11850598,2.3054893,-1.40671,-0.42437962,-0.2523577,-1.280958,-0.9812482,-0.31228134,1.1528008,-0.8246757,0.9481765,0.7721697,0.2704977
-1.5863491,1.3863521,-0.40673646,-0.7091058,-0.50885826,-0.3827862,0.5521416,-0.5293637,0.5472397,1.0043864,-0.12402766,0.0,0.7555227
-0.17821285,0.21939352,-0.20716058,0.87771946,0.08216536,-0.019027418,-0.007634696,0.20659937,0.6316644,0.2861665,0.5984787,0.40392497,0.56485456
-0.42710057,0.17268646,-1.2682617,0.2848587,0.48543122,-1.5386337,-1.5702597,-0.020540059,-0.53818583,-0.51939255,-0.71148115,0.28214264,0.5970735
-0.5814924,-0.29477152,-0.5953679,-0.40986285,0.048166778,-0.9595604,-0.60698724,-0.2878742,0.043704946,-0.1397659,-0.7344864,0.22870307,0.52527857
-0.9746559,2.1029196,-0.7008917,0.14154494,3.3968287,-0.29106963,0.8296475,1.0896974,-0.528489,2.2838242,0.18143831,0.18017428,1.0
1.8183794,4.7222033,-0.49890718,-0.894243,2.8042085,-1.1631669,-1.2658424,0.8464259,1.4629643,1.3372481,1.3090346,1.0,0.0
-0.4451907,1.5729778,-1.6418636,-0.80600286,-0.14374049,-1.2552483,-0.18781579,-0.51556253,-0.9160671,-1.0167522,-1.0999085,0.22697009,0.6330911
0.83937943,-0.38637167,-0.2585581,-0.97236925,-0.70262384,-1.2378415,-0.86909443,-1.2224938,-1.953178,-0.6049812,0.21830733,0.0,1.0
-0.04028506,1.4094881,0.38600168,0.0010849275,-0.38577524,-0.42229617,0.8893002,0.24197164,-0.11456549,-1.4208757,-0.6889277,0.0,1.0
-0.818799,3.0545366,-2.1915398,-0.114633955,0.2315696,-0.8200194,-1.8718446,0.01983593,0.9091832,-1.4607654,-0.0947411,0.6715616,0.6259995
-1.2251877,0.8291362,-0.3809466,0.46613243,-0.14401421,-1.5386337,-0.117129356,-0.0061128065,-0.43896207,-1.181992,-0.7622749,0.0,1.0
-0.92286897,0.23324797,-0.28437757,-0.7493915,-0.4225574,-1.0731524,-1.4523687,-1.5235295,-0.6761229,-0.83852047,0.38429403,0.0,0.8461644
-1.1417508,-1.0442101,-1.4922757,-0.218758,0.10535392,1.3540412,2.0525084,-0.05997039,2.5714023,0.5056721,-1.1818863,0.0,1.0
0.17648755,-1.0442101,1.0530446,2.1267874,1.9829924,1.3118532,1.2558283,1.6852541,-1.2977409,-0.11723083,-1.7593788,0.0,1.0
-0.7087945,0.018640345,0.86288255,1.2894101,-0.3525777,0.8780181,1.1887552,0.9351577,-0.9425339,0.4100073,-0.9680244,0.0,1.0
-1.1206632,-0.2129904,-1.1305385,-0.47474506,0.6092504,0.780421,0.96582687,-0.45548987,-0.46779612,0.3640849,-1.6291692,0.0,0.7011156
0.3552858,4.7222033,-2.1915398,0.30411354,0.7927421,-1.0065912,-1.7330475,1.2342534,0.35577485,0.061278146,0.38590622,0.88785756,0.170299
0.9885263,0.5854233,-0.4110715,-0.6659336,-0.6065809,-0.54540426,-1.5146377,-0.35268188,-1.0681767,0.40591633,0.7071285,0.12421491,0.7272531
0.74352986,0.2832386,-0.5064349,0.5292757,0.95677775,-0.38483274,0.47675526,1.5544289,-1.6399237,-0.49149412,-1.7593788,0.0,0.9995341
-0.8713643,-0.87394243,-1.0840193,0.17238292,0.7032876,1.243269,1.0618768,0.2587274,0.076988295,0.6218317,-1.7593788,0.07939269,0.8291645
-0.61742157,1.3760072,-1.8760332,-0.35455164,-0.3200286,-1.5139034,-0.7560335,-0.5175951,-0.74286675,-1.6747506,-0.08570024,0.0,0.864724
0.9331201,-0.60519755,1.2808051,-0.06383318,-0.93371063,0.15373638,-0.90408057,-0.6006458,-1.2613934,-1.316185,0.12129095,0.0,1.0
-1.1756101,1.1268114,0.08569331,-0.031225625,-0.43012786,-0.18762386,1.3427311,-0.11451976,2.1873183,0.17893526,0.28284758,0.0,1.0
0.42165902,0.26239216,-0.86548835,0.004127779,0.031916376,-1.1920377,-1.2084744,-0.1361059,-0.2473319,0.3797363,0.30833822,0.49472722,0.12949346
0.24101213,4.3437195,-2.1751962,-0.11233954,0.6722582,-1.5386337,-1.0352428,1.2455881,0.6535009,0.35424548,-0.1163777,0.6899447,0.33484942
-0.90639794,-0.34619617,0.40276355,-0.0191543,-0.15061495,-0.111804016,0.2034524,-0.40800163,1.5919579,-0.296526,0.26097548,0.0,0.77428794
0.25385517,0.12283942,-0.16190946,-0.74387,-0.12685244,-1.2665578,-0.55259323,-0.3393342,-1.4467336,-0.16376562,-0.044763528,0.0,1.0
-1.0347269,0.5102763,-2.1915398,-0.97236925,-0.23689458,-0.04833629,0.36672947,-1.0006005,-0.9032521,-0.545758,-1.4490842,0.0,1.0
0.21069616,-0.08567867,0.3189225,-0.5215407,-0.5296692,-0.5140579,-0.90908885,-0.9370887,-1.3103067,-1.1877635,0.28597265,0.0,1.0
-0.19747096,0.6776593,0.87099624,-0.37392333,-0.93371063,-0.82208,-0.71046823,-0.99824053,-1.8164043,-0.32638907,0.4742005,0.0,1.0
-1.4177241,1.5938909,-2.1915398,-0.8458964,-0.19965608,-1.1489055,-1.0737047,-0.48327926,-0.41382778,-0.9723641,-1.7593788,0.0,0.84655267
-1.070036,-0.47228137,-0.8825043,-0.728043,1.8437876,-0.48225695,0.48648477,0.18663786,1.3808347,2.2838242,-0.1615379,0.18435277,1.0
-1.372766,-0.065101534,-0.19755559,2.1267874,-0.43293554,-0.05043222,1.8274574,1.3296582,-1.2400259,-1.0951396,-1.7593788,0.10701715,1.0
0.25275308,-1.0442101,-1.7649963,-0.064844854,-0.93371063,2.5847774,0.9032692,0.38296917,1.3282226,0.25591707,-1.7593788,0.17913093,0.66699505
-1.4948231,1.5861838,-1.4963524,0.40887144,-0.017636824,-1.2654103,-1.772098,-0.18448344,-0.7509326,-0.21330917,-0.1052773,0.086376086,0.78794247
2.1154418,2.2351716,0.59430313,-0.40609998,1.0514474,-0.54569304,-0.783552,0.3062805,-0.92302203,1.7864901,0.17811486,0.35457203,0.8269861
-0.7905883,4.1382365,-2.1915398,0.43894964,0.7883368,-1.1268455,-1.8718446,0.9329017,2.6637795,-0.33954293,0.7352872,1.0,0.0
0.33542144,-0.6927247,0.21736728,-0.97236925,-0.38875195,-1.0211198,-1.3810103,-1.3028349,-1.2564328,-0.9848323,0.18495177,0.15045835,1.0
-0.40894255,0.2409757,0.23843776,0.107038684,0.13637054,-0.8463014,-0.75454444,-0.11589953,-0.24614854,-1.4187039,-0.20623246,0.17670748,0.27988666
-1.4624019,-1.0018961,-1.9240538,-0.74009395,-0.5219666,1.3159684,1.427489,-0.6980775,1.6621768,0.29676682,-1.3013358,0.2555897,1.0
0.00019496307,-0.1654997,-0.6951858,-0.58326805,-0.11343674,-0.47318053,-0.40808108,-0.07247302,-0.45816758,-1.1942737,-0.6490318,0.024606135,0.69301295
0.2263942,0.6122902,1.5156852,1.8721116,-0.8171175,2.1342976,0.6397352,0.8171758,-1.4251348,0.45528984,-0.9617946,0.0,0.640689
-0.31350127,0.19496009,-0.74336624,1.5528831,-0.35808426,1.2423816,0.8866587,0.39996353,-0.94334346,2.1098745,0.15362695,0.16518918,0.93290883
0.9440357,0.6110752,1.0360063,-0.6378426,-0.59115696,-0.55426234,-0.41951075,-0.64569896,-1.3563571,-1.2115365,0.34855038,0.0,1.0
1.7544814,-0.15881738,0.26162723,0.08403665,2.0536547,0.76460123,0.3482056,0.42728338,0.07297406,1.5680038,0.10251609,0.26646474,1.0
0.6544093,-0.7178268,2.0787153,1.2763759,-0.3381858,0.5207033,0.054786947,0.7973981,0.020980483,-1.106811,-0.42824727,0.2574548,0.59118736
-1.0500023,1.2066953,-0.19838524,-0.97236925,0.032712515,-1.3385895,-0.0039628446,-0.71254814,1.5561169,-1.516411,-0.21842703,0.06070262,1.0
-0.73477423,-0.1620687,-0.25926015,-0.6852784,0.10485944,-1.3668208,0.059306767,-0.6684023,-0.0875262,-0.46471572,-0.54573745,0.0,0.8054584
0.64772034,1.9602789,-1.4522849,-0.50146174,0.5698747,-0.72032857,-0.98660195,0.3012718,1.3532556,0.71355206,-0.16203554,1.0,0.1431304
0.35157177,2.9948692,-1.5858647,-0.49231187,0.28834274,-1.3150327,-1.8718446,0.56642455,0.8563524,0.25715998,0.25969172,0.80080616,0.0
0.6147795,-1.0442101,-0.47356486,0.8698309,1.3929433,0.1104995,-0.2462351,1.2594494,0.17885461,0.58788633,-0.8366133,0.040270332,0.4761193
1.1228933,0.26968065,1.008662,-0.6287571,-0.51468,1.1093267,0.2112411,-0.29542714,-0.20031928,0.9590121,0.24605443,0.0,1.0
0.7204764,0.3070346,-0.39025864,0.03642791,-0.110862896,-1.2174662,-0.87243557,0.28670508,0.9872876,0.5563115,0.30515236,0.6815316,0.68864787
-0.40585765,0.5171197,-1.1851633,-0.39048752,-0.294843,-1.056253,-0.5931328,-0.4762229,-0.5906334,-0.35981715,-0.28837752,0.1292408,0.97572553
0.48037073,-0.44338033,0.68823034,0.50922203,-0.60429054,0.23239906,-0.07821895,0.15802647,-0.6889424,-0.8323137,-0.67982584,0.0,0.7074736
0.27312675,-0.14317428,0.40153515,-0.42991453,-0.6135539,-1.2197317,-1.0682405,-1.1040592,-1.1807504,-1.6747506,0.54238635,0.0,1.0
0.8054719,2.4472253,-2.1915398,-0.5515583,1.2825522,-1.5176451,-1.8718446,1.3377327,1.0360322,1.454154,-0.14587432,1.0,0.0
-0.23873696,-0.1553129,-1.7051269,-0.80395055,-0.15121268,-1.5386337,-1.1680416,-0.600936,-1.7796031,-1.6045104,-1.6410646,0.0,1.0
0.5993557,3.639878,0.66853213,-0.39345297,0.018468969,-1.5386337,-0.7216871,0.71394897,2.1810744,0.10434643,1.8580214,1.0,0.0
-0.008952379,-0.4750922,0.03790193,-0.35140356,-0.64004034,-1.2191746,-0.53003335,-0.7440343,-0.86851156,0.09762339,0.21157995,0.0,0.8194489
2.4076138,0.17434008,1.7679363,1.045876,-0.07251875,1.2414913,0.18099086,0.72122735,-1.9680319,-1.0876495,-0.25420755,0.0,0.5030924
1.4258116,-0.5488059,0.8012382,0.07438222,0.16008984,-1.4430159,-1.1787857,-0.018234853,-2.183889,0.5412848,0.74749887,0.1747557,1.0
0.42759597,-0.154455,-0.6980481,-0.6373343,-0.2169714,-0.9132984,-0.46084425,0.022389472,-0.14884558,-0.8047897,-1.0292803,0.06066197,1.0
1.0583441,0.6708313,-1.3091707,-0.85383224,0.4414392,-0.81842273,-1.2382274,0.0024687033,-1.7543626,-1.6382087,-1.4808675,0.0,1.0
1.1854919,2.5739872,-2.0013509,-0.6844046,2.4827724,-1.4453087,-1.8718446,1.5921183,2.2972362,1.5499235,-0.25247127,1.0,0.0
-1.3950001,-0.28596568,-0.59506303,-0.8497694,-0.22691448,-0.4363082,0.41557667,-0.4453259,0.6967436,-0.31853664,-0.49312252,0.0,0.5442454
-0.74422824,2.297419,-2.1915398,-0.97236925,0.008929249,-1.5386337,-1.2687042,-0.27977183,0.63097614,-0.9451524,-1.7593788,0.39044303,1.0
-1.0248545,0.7788991,-1.9924617,2.1267874,1.4582528,2.543742,1.6975251,0.22118957,-0.90760577,-1.6319637,-1.7593788,0.0,1.0
0.86134005,0.25067237,1.3553783,-0.7146729,-0.93371063,-1.0844226,-0.26011252,-0.46338418,-0.31794035,-1.0677013,0.9771407,0.0,1.0
0.2593683,-0.41809568,1.0235412,-0.11115046,-0.93371063,-1.5386337,-0.82708985,-1.3544104,-2.0498135,-0.15991063,1.589883,0.0,1.0
-0.996164,0.19879746,0.19386788,1.8890563,-0.28306237,0.70151657,2.317571,1.1954335,0.7195678,-1.6747506,-1.7593788,0.1450526,1.0
-0.5896079,1.0852152,-0.37472537,-0.9497594,-0.65997285,1.5374943,-0.03553651,-1.5922731,-1.9251671,0.6213258,0.022836708,0.16361108,0.82617325
-0.14556718,0.42859918,-1.181524,-0.8983099,-0.08725564,-1.2780468,-0.59899944,-0.3246463,-0.90531623,-1.6747506,-0.6988316,0.24259865,1.0
-1.6740876,-1.0442101,-1.0772682,1.5078286,1.3732792,3.3316693,1.3188713,1.0977901,0.5302942,0.25546265,-1.7593788,0.0,1.0
1.4310958,4.624424,-1.8419474,0.17410128,2.5638459,-1.240525,-1.8718446,1.7367737,1.4562348,2.2838242,1.2508366,1.0,0.0
0.46905714,0.3284189,-0.10786735,0.116749674,1.0042783,-0.7905222,0.065236166,0.46217805,0.06837835,0.44190055,-0.15939768,0.29123285,0.75968856
1.4405823,1.107913,2.8018205,1.7622129,-0.93371063,1.8613758,0.83588415,-0.0021027438,-0.40459967,-1.6747506,-0.749247,0.0,1.0
0.36053914,0.9363288,-1.4802526,-0.730494,0.32879743,-1.364408,-1.2073503,0.20260055,-0.45470524,-0.72125405,-1.5679619,0.34947708,0.52387494
-0.958231,0.289674,2.7422588,0.86300987,0.2515419,-1.5386337,-0.83289826,-0.95588094,0.48668814,-1.3155351,1.8658206,0.0,1.0
-0.51802737,0.40959063,0.3084244,-0.48455435,-0.68188673,0.0019832253,0.9098229,-0.2736857,0.70099485,-0.48740602,-0.083253674,0.0,0.9371498
-1.0005606,2.0930588,-1.770453,-0.45868447,-0.7615043,-1.4280632,-1.0687324,-0.4148453,0.2604476,-0.7305879,-0.5606392,0.01801256,0.93855643
-0.36623028,-0.009578321,-0.95438206,-0.7101765,-0.28758866,-0.505639,-1.0061703,-0.67225903,-0.30559894,-0.7669819,-0.34667754,0.0,0.73169345
0.8342907,0.26466867,-0.7908325,0.004752921,0.7993412,-1.5050746,-1.8427639,0.5344735,0.31240278,1.1663082,0.20551609,0.62815017,0.21303643
-0.20778893,-0.5763754,-0.7322844,-0.38904095,-0.80375224,2.3308032,1.320853,-0.28786263,1.3394076,0.6776979,-0.93203604,0.084787674,0.5940115
0.6280741,4.7222033,-2.1915398,-0.6912751,2.437295,-1.5386337,-1.8718446,1.7367737,2.3225298,0.04030248,-0.0028415918,1.0,0.0
-0.053747445,-0.4061881,-0.3307522,-0.97236925,-0.93371063,0.85363734,-0.6014609,-0.4602082,1.5330666,-0.10608503,-0.2927168,0.095593125,0.5788035
0.29754314,0.4015161,0.96714246,-0.9176402,-0.5044272,-0.9878783,-0.95295614,-0.8785954,-0.4554944,-1.181196,0.54045475,0.0,1.0
-0.459115,0.0039786575,-0.15275602,-0.70467234,-0.46257892,-1.4217219,-0.48317084,-1.220391,-0.4386923,-0.92720133,0.07099583,0.0,1.0
-1.1944108,0.2536755,-0.4421097,-0.63624734,-0.79289645,-0.18197487,-1.3812044,-1.5922731,-0.2933304,-0.9822373,0.79436153,0.0,0.8855548
0.45747614,4.361609,-2.1915398,-0.64836115,0.89133006,-1.5386337,-1.8349115,0.77346236,1.4532065,0.40055585,-0.10985695,1.0,0.10953729
-1.3520766,-0.33529556,-1.2171973,0.7003044,-0.48067048,-0.8827554,-1.0738664,-0.8771237,-0.19573541,-0.64931804,1.2101282,0.22512144,0.6997362
-0.8830211,0.92494303,-1.4650446,-0.80002993,-0.93371063,-1.0388811,-1.2366713,-0.7986368,-0.8465967,-0.7198227,-0.3763014,0.0,1.0
-0.21503448,1.8178301,-1.3750862,-0.4116578,-0.43950415,-1.1494137,-0.6027417,-0.61276674,-1.4653425,-1.6404588,-0.53918266,0.0,0.95854455
-1.8776025,-1.0442101,-1.0853451,-0.50517935,0.82698965,1.0625175,-0.26753876,-0.45767418,2.7518206,2.2838242,1.6322203,0.08642598,0.31499833
1.1878281,-0.23459768,-0.04652684,-0.97236925,-0.7244954,-0.98014826,-0.60189104,-0.3024727,0.15214524,-1.6747506,-0.9409674,0.3242298,1.0
-0.6114207,-0.6320851,-1.263055,-0.54852986,1.8315516,0.19556192,-1.099698,0.61426705,1.5856695,1.4926419,-0.5478362,0.2441599,0.45299476
0.15320845,-0.18625818,0.31370175,-0.6214996,-0.29591548,-1.3592409,-0.3463096,0.06282981,0.18426906,1.4150672,0.7477138,0.11651027,0.6525002
-1.1174579,1.1834608,0.29299855,-0.5063678,-0.93371063,-0.8918394,0.22852087,-0.5057221,1.7658745,0.51979,0.9365999,0.2777189,0.62707186
1.7400111,-0.42527726,0.44572592,0.4439571,1.0660678,-1.2882104,-1.2469306,0.958751,-0.55857825,-0.44289243,-0.67084247,0.88946706,0.518852
0.3226447,-0.43126,1.5862617,1.1515775,-0.5834236,-0.053187013,0.42838204,0.7750104,0.0351108,-0.3826157,-1.0266188,0.0,0.43507504
-1.4992857,0.6213284,0.8645191,2.1267874,0.1927856,2.3867106,0.7415148,1.2030599,-0.8400933,-1.6747506,-1.7593788,0.0,1.0
1.4403818,4.7222033,-1.7755126,-0.3753718,1.0752287,-1.4120301,-0.785233,1.1536363,-0.40964824,-0.94838667,-0.37445384,1.0,0.34207687
-1.4840218,0.2158048,-2.1244905,1.3270189,0.21675217,0.9646847,1.0450666,-0.20473264,-1.1446642,-0.6843386,-1.5976896,0.37967864,1.0
-1.5537235,0.6617439,1.3810966,1.8321987,-0.09335944,1.2075993,1.4460709,0.8719822,1.238385,-0.030580495,-1.7593788,0.0,1.0
0.4774254,1.3760601,-0.37450343,-0.67919296,0.34855676,-0.4161685,-0.45606184,0.14087386,-0.7118822,1.0277559,-0.22194885,0.0,0.7172643
-0.68883735,-0.7548132,0.65020746,-0.059986,-0.24336585,-1.272628,-0.7221063,-1.055412,-0.18379182,-0.2984662,1.2316059,0.0,0.7557524
-0.15366238,2.284208,0.48819956,0.24317802,-0.30082697,-0.88347536,0.038683556,0.48049292,1.418425,-0.056826293,0.26687598,0.21648864,0.23486523
0.37412632,0.44398877,1.4309044,-0.2694961,-0.93371063,-0.52415675,-1.0082012,-0.6478095,-1.1761836,-0.17942035,0.43703556,0.0,0.40343317
-0.924775,0.80114275,-1.2982863,-0.28992724,0.7564165,-0.9120783,1.2582316,-0.13114002,0.6025192,-1.2185719,-1.7593788,0.0,1.0
0.71753347,-0.25693527,-0.21353188,-0.97236925,-0.93371063,-0.15665072,-1.571407,-1.5922731,-1.5674839,-1.0914955,0.96385145,0.0,1.0
-0.42103526,0.40727437,-0.13316151,-0.97236925,-0.93371063,-0.33208275,-0.9237642,-1.5922731,-2.183889,-1.1255385,1.2965782,0.0,1.0
-0.45783123,1.041247,-0.7000956,-0.20112725,-0.042530164,-1.3873535,-0.8981567,-0.09310144,0.61955196,0.5733386,-0.56325805,0.29341096,0.89999074
0.6181127,-0.13677964,-0.39318842,0.24860378,0.36710545,-0.5873186,0.42793888,0.73074615,-0.6019736,0.80781394,-1.5742813,0.19772062,0.83187896
-0.78210104,3.504723,-1.7681141,-0.23875512,-0.006267315,-1.5386337,-1.7954911,0.46414027,2.7518206,0.3057708,0.49053478,1.0,0.06545976
-0.16855738,0.108816326,-1.3163958,-0.08933844,0.8634972,-0.7306582,-0.2431991,-0.65004927,-2.183889,-1.5403081,-1.7593788,0.19675083,1.0
-1.8776025,-0.58418477,-0.3424993,0.6255932,0.5140442,0.21279465,1.8141376,0.22113684,0.16371906,0.8187049,0.56628376,0.0,0.61616963
0.06911774,1.2843162,-1.6890558,-0.3246644,-0.7101534,-0.7748396,-1.030715,-0.32935092,-0.9916352,-0.45679384,0.059927814,0.011698399,0.9266015
0.22231749,-0.11175658,-0.35310316,-0.040111683,0.07254431,-1.5386337,-0.70504814,0.1267471,-0.3369882,1.6705853,0.5734902,0.49063572,0.6140688
-1.473998,0.44397938,-1.1915916,-0.20404848,0.7596828,0.6380292,0.06890502,-0.46983716,-0.23854946,2.2062953,0.29876488,0.0,0.6958859
-0.46743184,0.24316522,0.9095676,2.1267874,-0.1338628,2.5061116,1.7682436,1.3658695,-1.2352501,0.4531178,-1.0806432,0.0,1.0
0.2017189,-0.04047566,0.77736425,-0.09590787,-0.40100193,-0.4079398,0.13386618,-0.25837567,-1.1985909,-0.89478314,-0.5593705,0.0,0.64282
-0.09481559,-0.16289365,0.05856456,-0.06335468,-0.4964452,-0.9105565,-0.15268588,-0.23455217,-0.5081229,0.081864685,-0.3923633,0.0,1.0
-0.8436615,-0.6299771,-0.8102855,-0.74239707,-0.020256383,-0.68199694,0.3645562,-0.35208622,1.2684649,0.70396024,0.2259436,0.0,0.9548966
-0.18397185,2.049897,0.21058212,0.40051898,2.1162934,0.5276838,-0.39075914,1.335678,1.6546185,1.7158897,1.8658206,0.9127409,0.14343269
-0.57380927,1.7258362,0.16882335,-0.2569893,-0.93371063,-1.5386337,-0.289508,-0.28754175,1.3008057,-0.86087334,0.5927001,0.009717675,0.8279639
0.3736588,1.5596955,-1.3029094,-0.18403809,-0.33251145,-1.1866033,-1.206721,0.6146182,0.49654326,1.09445,0.8312227,0.63039833,0.7478279
-1.0020128,0.02637821,0.6164381,-0.6201896,-0.64964074,-0.9081587,-0.27965027,-0.5482506,-0.41642454,-0.17441784,0.36016345,0.0,0.78188986
-0.68712974,-0.9452763,0.28303635,0.34019676,-0.3094983,-0.5688429,0.96058655,0.12925006,0.46413428,0.2025733,-0.48172605,0.0,1.0
-0.5751419,0.40849325,-1.6544944,-0.47067732,0.5043974,-1.5386337,0.004600142,0.45196265,0.870464,-0.28491116,-1.1928588,0.0,0.69702464
-0.46867603,0.43757072,-1.35689,-0.004457091,-0.6537798,-0.87667775,-0.50443333,-0.2219567,0.06869699,-0.2476589,0.2933678,0.017094836,1.0
-0.89915794,0.30320144,0.20193699,-0.7850179,-0.4336819,-1.0284349,-0.2575157,-1.5922731,-0.46461245,-1.5732495,0.77242535,0.0,0.9779687
-0.6338047,0.46833992,0.5660874,0.28748626,-0.43397087,0.035015978,0.16501738,-0.39010313,-0.73464304,-1.0877286,-0.034347814,0.0,1.0
0.5674119,-0.44905284,1.4791758,0.33312395,-0.93371063,-0.9791139,-0.7508979,0.07015267,-0.93729115,-0.54661995,-0.33263087,0.020562591,0.7195727
-1.5494605,0.22452623,0.937185,0.43331137,-0.57836705,-1.5386337,-0.8112079,-0.8178409,0.39731815,0.24478029,1.750906,0.14567102,0.8333038
2.9453053,0.8320822,0.6461093,-0.97236925,0.618878,-0.48915374,-1.3572013,0.20473033,-0.6231764,-0.38387907,-0.015142652,0.7574117,0.30388206
-1.1384207,0.6219767,-1.5309688,-0.94076794,-0.081133634,-0.7974747,0.1167665,-1.3799069,-1.0923392,-0.35269308,-0.9379345,0.0,0.8198618
-0.68647176,2.6178136,-2.1915398,0.097262986,0.27037296,-1.4102175,-1.8718446,0.5225375,1.2200247,0.5523202,0.10002121,0.8231166,0.122610524
0.8424325,0.8963454,0.74276173,-0.26597455,-0.731387,0.38322324,1.0488491,0.335473,0.12202993,-1.4864718,-1.2959849,0.0,0.7984126
-0.61246127,1.5618794,-2.1791048,-0.97236925,0.05614357,-0.9496549,-0.64778024,-0.05659027,0.31861335,-1.3153125,-1.7287384,0.202197,0.6279235
0.024800336,2.3792255,-2.0650582,-0.4685315,-0.17323005,-0.8459379,-1.8718446,-0.010493759,1.1017134,-0.63327533,0.35836744,0.8939423,0.073153555
-0.86150646,0.9292411,-1.5178974,0.26281953,-0.34591708,-1.4593672,-1.2487811,0.07714906,0.7727152,-0.7160868,0.28117418,0.22813348,0.9751348
0.29262358,4.7222033,-0.9537328,-0.23794818,2.0733328,-1.4267569,-1.8718446,-0.10737793,2.013841,0.76709235,1.8658206,1.0,0.0
-0.16985284,-0.4433875,0.52166075,-0.3410815,0.24707069,-1.5386337,-0.7844945,-0.15392411,0.83895856,-0.2848273,0.20422852,0.0,0.58325034
0.44985896,0.98155624,0.3816232,0.4192812,-0.36861524,0.77639407,0.79938984,0.8116153,-0.7375819,-1.6525997,-1.2539872,0.0,0.7580843
1.8767042,2.7763782,0.863991,-0.30004394,2.28123,-0.41988307,-0.11692732,1.0263424,0.12156356,2.2838242,0.21322243,0.547405,0.51838154
-0.6390114,-0.7259821,0.8659803,0.25556907,-0.51508516,-1.5386337,-0.94555676,-1.0734152,-0.38263622,0.07837125,1.4199821,0.047517005,0.64758825
0.56521696,-0.26133963,-0.04785744,-0.89628327,-0.06925847,-0.55083704,0.14891307,0.24648458,0.6220639,-0.31409514,-0.8473269,0.0,0.8585719
0.5304397,-0.085087836,-0.5386779,-0.72329,-0.8416732,-0.4423614,-0.38015756,-0.75512546,-1.8302969,-1.5994123,-0.9992945,0.0,1.0
-0.23192327,-0.094133824,-0.63142204,-0.27992147,-0.453048,-0.32226294,0.39089516,-0.052179296,-0.5340005,-0.17981122,-1.3588641,0.0,0.782021
-1.2263101,-0.24265322,-0.72815365,-0.93794215,1.634403,1.3252794,0.9495026,-0.9426082,2.1844969,2.2838242,0.8896992,0.0,0.7221297
-0.00012778863,1.8379478,-2.1915398,-0.81380564,0.82298356,-1.034961,-1.8718446,0.9753606,1.3061436,-0.12324762,-0.79081917,1.0,0.10265908
-0.5993084,0.14465031,-1.8176163,-0.7671249,0.24520515,-0.7009367,0.040216077,-0.12964097,-0.5722095,-0.9727211,-1.7390912,0.0,1.0
0.472059,-0.700465,0.014402,0.040160894,-0.6199666,-0.433653,-1.3366653,-1.5922731,-2.100112,-0.6244054,1.3652623,0.09575862,0.7849114
-0.00030387193,0.061795488,-0.41053253,-0.72277296,2.1943665,-1.4165304,-1.4882855,0.5913916,2.2912982,2.2838242,0.7555659,0.8931413,0.0
-0.8616111,0.6474956,0.033974946,-0.57722723,0.8107532,-1.4574494,-0.5845086,-0.059657592,0.6374706,0.99799013,0.0811022,0.09601502,0.63428015
-0.31372747,2.2337432,-2.1915398,-0.35178927,-0.095906794,-0.5728614,-1.0484669,-0.15824181,0.10160836,-0.8096715,0.12542933,0.0,0.0
0.8928408,-0.5853708,-0.57965946,-0.8626471,-0.12150021,-0.31120437,-0.5705884,-0.28562653,-1.1720955,-0.7111115,-0.75413334,0.13083227,0.8587675
0.31194767,-0.8253193,0.24895449,0.6036609,0.42223787,1.1251478,1.3843132,1.0956331,0.95900124,-0.47877985,-1.3414631,0.0,0.8953174
-0.57791007,1.3210517,-0.9474371,0.3909332,0.14096953,-0.98155016,-0.6700944,0.39814392,0.10514478,-1.1008445,0.034793913,0.35922286,0.80841595
0.4429032,2.0373912,-1.074292,-0.017642675,-0.13646922,-1.327274,-0.23313624,0.23932144,-0.03194843,-0.38996637,0.41561097,0.2625369,0.7027976
-1.4027011,-0.36279088,-0.38049006,0.278676,-0.10295661,-0.9887204,-0.79857934,-0.9638733,-0.4526238,-0.31043148,0.6880783,0.0,0.5452369
-0.97276294,0.23186919,1.6010697,0.20191914,0.24923088,0.51353663,1.0207357,0.4095226,1.2378148,0.40035617,-0.5275077,0.06801541,0.9318418
0.06878761,1.3533317,-0.86417687,-0.59132576,-0.22734374,-0.0039392635,0.29490092,0.26319,1.5298877,0.9667959,1.0271283,0.35500672,0.6335704
-0.7525811,1.2289579,-2.175758,-0.677517,-0.519319,-1.4220897,-0.85998565,0.33731538,0.48074776,-0.48438227,-0.7487648,0.0,1.0
-0.28840002,0.5142103,-1.7205375,-0.1152005,-0.3006599,-0.52873856,-0.60556287,-0.30947456,-0.4785659,-0.9421448,-0.80171216,0.062126458,0.8885604
-1.4737753,-0.06232028,-0.37213662,0.48337862,0.72842765,1.0186474,1.0446439,0.9876307,0.6803258,0.64881146,-0.7169624,0.6967651,0.54357386
1.0104582,-0.6440581,0.89034265,-0.815389,-0.93371063,-0.45681018,-1.8015906,-1.5922731,-1.435096,-1.0420228,1.4943672,0.0,0.61154467
-0.23008311,1.756135,-1.3148274,-0.27902207,-0.28286302,-1.0847884,-0.5649788,0.1741046,0.8535985,-0.08330674,1.1162491,0.2226717,0.7939426
0.059710443,0.40724158,-0.2878121,-0.8564314,-0.47301394,-1.1212382,-0.8755681,-0.8283078,-1.0360782,-1.2175316,0.33262986,0.0,1.0
1.5940843,-0.62263936,1.4673238,0.56345606,-0.14903884,-1.5386337,-1.3870271,0.15379126,-1.1586756,0.11813831,0.7071174,0.0,0.6496209
0.4428264,0.63495994,-0.4497956,0.44880968,0.1160066,-1.0139596,-0.07616877,-0.25859892,0.17726952,-0.43262315,0.9196501,0.22298336,0.48896012
0.49423012,-0.09254135,-0.894571,-0.042944834,2.3303924,-0.529883,-1.1274807,1.1564183,0.8286979,2.2838242,0.4998806,0.5999195,0.13845137
-0.4229403,0.8628205,-1.0647092,-0.14514843,-0.16663118,-1.2658094,-0.74961376,-0.24524477,-0.56034356,-0.7143546,-0.3647501,0.0,0.37801668
-0.23018889,3.7145383,-2.1915398,0.55876255,1.6977153,-0.8837532,-1.8718446,0.045746073,-0.22732624,1.8244327,1.8658206,1.0,0.0
-0.67551404,0.8895077,-2.1915398,0.103081696,-0.49014375,-0.8178847,-1.3714445,-0.43610784,-0.057341747,-0.6582357,0.5892723,0.30902174,1.0
-1.5468065,-0.545922,-1.0713255,-0.043741453,1.1935335,-0.72943467,-0.5880694,0.03111536,2.13831,2.0702841,0.31590015,0.69981235,0.45678338
-0.5328676,0.5882718,-1.0600042,-0.21815036,-0.562504,-0.38411832,-0.84223664,-0.65178543,-0.6828367,-1.3805907,0.12382345,0.0,0.9103391
0.8909864,0.287693,-0.59048873,-0.6287967,-0.49737838,-0.07427608,-0.036906205,0.11053237,-0.68865764,-0.2550928,-0.6342841,0.15132658,0.7077637
-0.6171,2.3911018,-2.1915398,-0.15057594,0.6463604,-1.2612021,-1.8718446,0.6410589,2.210926,0.18184267,0.027406827,1.0,0.0
0.5139278,2.538321,-2.1915398,-0.16172816,1.6362932,-1.4353772,-1.8718446,0.60738856,2.339627,0.09117014,0.2014796,1.0,0.0
0.04550738,0.16297546,0.3504694,-0.34221053,-0.18328014,-0.53857136,0.32595444,-0.114539504,0.6068624,-0.7594584,-0.15818341,0.0,0.7752483
-0.6856238,0.047117487,-0.81310815,-0.3805112,0.1752682,-0.6093835,1.0545905,-0.04942778,0.038577802,-0.5901703,-1.7593788,0.0,0.96137416
-1.0575112,0.8504541,-1.9953688,-0.97236925,-0.28186345,-1.0083122,0.1313598,-0.92260706,-1.1794342,-0.6825447,-1.4938021,0.09019224,1.0
-0.38089326,-0.119643584,0.20845042,-0.79216766,-0.24493934,-1.1142157,-0.3028397,-0.5700104,0.19784147,-0.8698924,-0.4132827,0.0,0.60465467
-0.3316294,3.8521402,-1.8807294,0.3399403,-0.25060368,-1.3244342,-1.3939979,0.61223036,1.8561975,0.33857095,0.58792394,1.0,0.0933501
0.83674395,-0.74410444,0.35675743,0.0027473113,0.3222856,-1.1562016,-1.4227792,-0.65955496,-1.5035622,-0.6518808,0.8723847,0.37775347,0.83711374
2.2445185,2.9691405,0.8299209,-0.5766155,2.7437255,-1.5386337,-1.6950376,1.4651414,1.8111932,1.8269552,0.6316917,1.0,0.18749835
-0.16995826,1.3438947,-2.1915398,-0.97236925,-0.7077756,-1.1638201,-0.4408467,-0.6908754,-1.6972502,-1.3929154,-1.5231988,0.0,0.9839346
-0.47945458,1.5559119,1.4953305,-0.4156097,-0.4625655,0.28406578,0.27740616,-0.5143209,-0.45005095,1.5329844,0.8604289,0.0,0.7044662
-1.2191898,0.6334169,-0.1634061,-0.97236925,0.21835093,-1.5386337,-1.0656117,-1.036715,-1.754644,-1.6747506,-1.2859846,0.0,1.0
-0.073170036,1.7825695,0.3117521,-0.06598331,0.21679765,-1.5386337,-0.5243274,0.059422527,-0.044277918,-0.2330559,0.80312777,0.15838186,0.35535285
-1.5205278,0.05236528,-1.2613868,0.17854005,-0.7566515,-0.9569536,-0.9853038,-1.4147968,0.18673703,-1.4053016,1.6403949,0.0,1.0
0.19796629,-0.7640045,-1.5685366,-0.5711385,-0.6064802,-1.5386337,-1.312872,-0.48835012,-0.51234525,-0.12732331,0.2016613,0.0,0.8628929
0.40291908,0.9810688,-1.0188673,0.34573135,-0.17325167,-1.1224586,-0.59430057,0.5161393,-0.15532966,-1.6747506,0.16790996,0.0,0.925418
-0.68235356,4.7222033,-2.1915398,1.9332885,0.81123006,-1.5386337,-1.8718446,0.5963799,1.8536463,2.2838242,1.8658206,1.0,0.029312536
-0.015589259,-0.30181217,-0.1922857,-0.97236925,-0.7211339,0.37226498,-1.2430652,-1.3753564,-0.6365493,-0.88768536,-0.18501005,0.0,0.6056784
0.33318868,1.3678529,0.16850348,-0.19662896,-0.93371063,-1.325572,-0.29911938,-0.13151711,0.84134984,0.37799,0.74506146,0.122362316,0.7045705
-1.109978,-0.67173064,-0.1468319,2.1267874,-0.0061907712,3.6814737,2.317571,1.2062131,0.44074547,-0.86814,-1.7593788,0.054033604,1.0
0.2893808,-0.3079674,-0.78170294,-0.4566203,-0.6564995,-0.67741144,-0.6224344,-0.77320606,-1.1944145,0.14597856,-0.05211459,0.0,0.95767546
-0.4771806,-0.63781047,-0.51240104,0.15118282,-0.018263455,-0.720997,-0.56375355,-0.3863053,-1.1445775,-0.1348336,0.12240134,0.0,0.49932703
1.4751983,3.6187415,-1.7111882,-0.79863125,1.5927311,-0.99833965,-1.226205,0.7584981,0.8575712,-0.91959596,-1.0608827,0.9023734,0.36649927
-0.60556734,0.39847004,0.75077504,-0.468889,-0.2920444,-1.5386337,-1.2172844,-1.4847604,-1.2586589,-1.082098,0.9819184,0.0,1.0
-0.20450377,-0.23597416,0.13580285,-0.5821769,-0.5316327,1.0074893,0.66451764,-0.49164382,1.4878565,0.82859635,0.12275997,0.021560024,1.0
0.10455862,1.8554153,-2.1915398,-0.3311041,0.20077066,-1.4242766,-0.49064338,0.37256354,0.28590575,-0.16950169,-1.4769471,0.22827059,0.17436379
1.564314,0.90748173,-0.48579466,-0.39438504,0.29385442,-0.17061442,-1.0561682,-0.074700326,-1.1338958,-0.40150803,-0.7523989,0.8379132,0.5273173
1.4657574,0.5998811,1.9696453,0.3612296,-0.33603716,0.15873325,0.1961499,0.5496073,-1.2797267,-0.9640531,-0.9457021,0.0,1.0
-0.36307842,-0.6833443,-1.0715761,-0.1452894,0.08689509,-0.89852273,0.01026683,0.08946117,0.7342633,0.1127959,-1.3437666,0.16958043,0.9718262
0.041076712,0.5123971,-1.2161028,-0.8040351,0.40432996,-1.2946665,-0.6623237,0.27349204,1.0771376,-1.000878,-0.839084,0.5641802,0.22703606
-0.15201682,4.5468516,-2.1915398,0.18727052,1.4612306,-1.3672626,-1.8718446,0.84914964,2.7518206,-1.218513,0.3357092,1.0,0.0
0.470362,0.5387604,0.44322214,-0.5409581,-0.8284762,0.025376678,-0.21651222,-0.59195626,0.14675395,-1.5531021,0.12811355,0.0,0.97523254
-0.6056791,1.724745,-1.8022573,-0.15251578,0.04823822,-0.8017965,-0.4588322,0.51112753,0.8585227,-0.5944434,-0.054389738,0.18202323,0.801382
-1.8776025,-0.079670966,0.4116091,-0.12013994,4.095964,3.2967634,2.0974338,0.24822348,2.7518206,2.2838242,0.67207354,0.2711535,1.0
1.04351,-0.37666187,0.44520304,-0.24274148,-0.89684564,0.5362808,-0.6804939,-0.2849994,-0.7067744,0.64810574,0.26068157,0.0,0.39088795
-1.459727,0.8031507,-1.2450378,0.0060057323,-0.0035120733,-1.4812068,-0.72411895,-0.5966173,0.26828095,-0.47454745,-0.3792264,0.0,1.0
-0.018934641,0.2082619,-1.5300114,-0.34577894,0.004595896,-1.5386337,-0.63418216,-0.08038065,-0.804988,-0.47114766,-1.0733827,0.15910362,0.52488637
-0.6847168,1.2139891,-0.22716817,0.6053106,0.7694179,-1.1343727,-1.8308287,0.10478708,2.329631,1.3159277,1.8658206,1.0,0.0
1.3446164,1.762332,-1.1075277,0.20077778,1.4883054,-0.23603016,-1.5394204,0.86381245,0.2359774,-0.08112551,-0.6189973,0.7870159,0.0
0.8933561,3.7726433,-2.1691692,-0.41660684,1.7335603,-1.4723812,-1.8718446,1.321847,2.6600754,1.639743,0.60183185,1.0,0.0
-0.26520732,0.2675496,-0.23527303,-0.7786144,-0.44935012,-0.7159225,0.200058,-0.21803106,-0.39006972,-0.42167306,-1.5421009,0.016762616,1.0
0.11202743,-0.89204013,-0.48547873,-0.44881716,-0.0030138493,0.48575777,1.34648,0.81969565,1.6131943,0.5792444,-1.7075205,0.0,1.0
-0.83919084,2.5688384,-1.4089439,-0.13210577,0.35788417,-1.5386337,-0.18393745,0.18453366,0.9809508,-0.8234878,-0.22794993,0.09512568,0.6943633
-0.6598095,0.3810556,-0.06334901,-0.96324676,0.19929928,-1.5386337,-1.1096078,-1.1950347,-1.7139853,-1.183383,-0.6203535,0.0,1.0
1.224486,-0.7226821,1.3651527,0.86759603,0.5177452,2.0208387,0.04535062,0.37517017,-1.186195,0.96338695,-0.32119197,0.35600182,0.65604585
0.5281362,-0.23013861,0.9443743,0.05340961,-0.048808407,-0.91219634,-0.917411,-0.18298447,-1.2991445,-0.91158956,-0.47345787,0.0,0.7934345
-0.55065054,-0.082117125,-0.5407749,-0.04420578,-0.57771546,0.48559207,0.9751857,0.62170005,1.2632763,-0.10076707,-1.5146011,0.0,1.0
0.4958354,-0.19242635,0.15782252,-0.5908241,-0.33159426,-0.4391542,-0.17991266,-0.17968829,0.24403815,-0.45358324,-0.851287,0.02420517,0.67790186
-0.01845115,0.30733305,0.20148857,0.8605358,-0.2216864,-0.34269089,0.7016181,0.51247686,-1.1162544,-0.90281063,-1.2286137,0.0,0.79541284
-0.3450288,0.12629059,-0.31718132,-0.18021604,2.6615667,0.9211948,0.5744106,0.47685114,0.9421224,1.8562796,0.4612196,0.10672279,0.7895765
0.5589678,4.7222033,-2.1915398,-0.49178386,0.43600804,-1.1066034,-1.8718446,0.012867,1.9295787,-1.5342001,0.46516782,1.0,0.0
-0.78898954,0.49623713,1.1430315,0.7376579,-0.7979698,0.587868,0.44412923,0.10006015,0.487072,0.2905801,-0.5332629,0.0,0.56002563
1.6382107,0.20057759,1.1125255,1.904137,-0.00041443668,1.4186833,0.2766697,1.435658,-2.183889,0.1998234,-1.247753,0.0,0.4057303
-0.8190176,-0.19925287,-1.0134534,0.6133154,0.12767637,-0.24932712,0.6334073,0.54460514,-0.30211022,-0.60041946,-1.4135541,0.0,0.6355307
-0.94323945,0.08769843,-0.5852992,-0.2018529,-0.47457477,-0.73568904,-0.6560522,-0.67387336,0.6360671,-0.48258132,0.5890934,0.38286048,0.7978013
-1.2553062,1.2202288,0.16533256,-0.21964079,-0.015642466,-0.0033245422,1.5996332,-0.14148957,0.8455947,-0.97118556,-0.5325086,0.026217248,1.0
-1.5648687,0.07454942,-0.25680566,0.6873027,0.6875464,0.78092426,1.6020069,0.05594524,1.0283601,0.35035735,-1.1204182,0.0,1.0
-1.2583759,1.5862182,1.7444402,1.1476144,-0.93371063,2.665265,2.317571,0.7774121,2.6515598,-1.6747506,-0.889017,0.05180234,0.50232667
0.5343451,-0.7873468,0.36252865,-0.29112446,0.0882913,-1.5386337,-0.2695068,0.0422888,0.08121413,0.5941348,-0.33847964,0.0,0.7376882
0.5500541,-0.39778772,0.7467938,1.6606209,0.4948838,-0.78302974,0.76341283,1.3594669,-0.8205397,-0.14649983,-1.7593788,0.085986406,1.0
-0.36121157,-0.9689175,-1.059596,-0.41603076,0.0138671845,-1.0094864,0.117170066,-0.36398473,-0.23211007,0.108000435,-0.9360192,0.0,0.93859065
-0.82028115,0.002356017,-0.948441,0.60396737,-0.44345286,-1.3542403,-1.4095167,-0.9539155,-0.4625875,-0.18494797,1.1976974,0.026893804,0.506633
-0.6905674,-0.8016733,0.6274957,0.79070723,0.33826476,-1.3322413,0.18684337,0.18231808,-0.0077253785,-0.20531638,-0.6553733,0.077062674,0.764731
0.48404202,-0.26036024,-0.14423116,-0.97236925,-0.93371063,0.039860055,-1.1572849,-1.5922731,0.069820784,-1.2680101,0.7871149,0.0,0.66455424
-0.75022024,-0.39097166,-1.7129177,0.024968985,0.39589652,-0.047464684,1.0454386,0.021368675,-0.31275034,-0.5800159,-1.4240866,0.0,1.0
1.6937869,1.0445092,1.6151477,-0.5906266,1.2617418,-0.66501737,-0.4738918,0.81997085,-1.1869574,0.87729126,-0.6606437,0.0,0.6683354
1.6662579,-0.09722632,0.86163825,1.1931072,4.6263204,-0.15813074,-0.07383481,1.7367737,-0.37224743,1.8471899,-1.084144,0.3598578,0.8528044
-0.39998242,0.06828867,0.38018543,0.73089534,0.23900042,-1.4650058,0.3528869,0.97429526,0.8674519,-0.5187225,-0.78676355,0.0,0.72099674
1.5777209,0.2513727,0.25919926,-0.7949607,-0.8172323,-0.3114577,-0.98352027,-0.23645929,-1.1811887,1.0878431,0.73902875,0.0,1.0
2.1804304,1.3040942,-0.5486018,-0.97236925,2.696412,-1.4778627,-1.2810873,1.7367737,0.35106167,1.5847985,-1.2841159,1.0,0.36821395
-1.6665021,0.24584414,-0.081178404,0.40014613,0.45052662,-1.0235071,-0.66979486,-0.67035997,2.2176452,1.1143533,1.8658206,0.520296,0.23171823
-1.8776025,-0.50448686,-0.44063017,-0.19925416,0.5468392,0.5539436,0.4237125,-0.9579608,2.1998832,2.1399934,1.3239068,0.0,0.6210564
-0.50400466,2.4723475,-2.1779153,-0.97236925,0.03295152,-1.2953541,0.054740775,-0.8789136,1.1293318,-0.5631918,0.25326043,0.43591398,0.5369746
0.118086405,0.20662355,-1.5134442,-0.97236925,-0.7738666,-0.8785887,-0.8608914,-1.0468068,-1.9327282,-0.98790574,-0.09960879,0.13189912,0.9192511
0.80808884,1.6939882,-1.2107416,-0.70882046,2.2183402,-0.8941812,-1.6871437,0.89747095,1.499469,1.6039951,-0.102666155,1.0,0.0
-1.1417313,0.35842955,-1.5604742,-0.27107728,0.102458045,-1.5386337,-0.104297504,-0.90850455,-1.2397106,-0.49245387,-0.3587275,0.0,1.0
-0.56767493,1.056813,-1.0374124,-0.89767814,1.8329871,-0.79928446,-0.3354321,0.23077717,2.0508504,2.2838242,0.885504,0.3674945,0.30578712
0.93994164,-0.36864763,0.774897,-0.6909667,-0.93371063,-0.32242703,-0.44238883,0.127559,-0.6148844,0.12333516,-0.2588547,0.0,1.0
-1.8776025,1.3693594,1.056391,2.1267874,-0.18558626,2.1559863,2.317571,1.1063854,-0.2256515,-0.3464905,-0.30180478,0.0,0.68798053
-1.8776025,-0.9076429,-1.0832922,0.92523223,1.2467551,2.3383794,1.531983,0.41910923,-0.08036135,0.9054767,-1.1747395,0.0,1.0
-0.2425709,0.16588466,-0.5779485,0.38543987,-0.5556316,-0.66725624,0.0331693,0.039367832,-0.22624792,-0.65343845,-0.272582,0.0,0.87801474
0.42798153,-0.5536196,0.53728557,0.63343006,0.28249323,0.032580703,0.049731787,0.49927503,-0.33924896,-0.39909285,-1.1493487,0.13160145,0.6826669
-1.6030121,0.55061364,-2.0196755,0.46955693,-0.37996885,-1.0024078,-1.1426725,-0.6630747,-0.30070883,-0.4271797,0.7752263,0.23337102,1.0
-0.2842918,0.28612572,-0.24656127,0.06680615,1.7677883,0.37143242,0.5481375,0.36427936,0.3854825,1.5330328,-0.1285828,0.0,0.57481563
-0.39291978,1.8363807,-1.4409734,-0.11938379,-0.32962468,-1.4742228,-0.48961812,0.032895878,0.83354086,-1.6747506,0.28852874,0.0,1.0
1.0049165,0.0039989445,-0.54956526,-0.80266863,0.025453243,-1.5386337,-1.3873616,0.14336751,-1.1104643,-0.86437494,-1.3727062,0.26091075,0.56019485
0.021107646,0.01204822,0.019168692,-0.27177626,-0.794095,-0.022913417,-0.34448323,-1.0153106,-1.4283394,-0.25041163,0.48822725,0.0,0.9275885
-0.38181853,-0.75459445,-0.16475615,1.752739,0.18527128,-0.4987449,0.6780948,1.0048459,-0.53657424,0.100094974,-1.6665913,0.044840258,0.95462704
0.5693458,4.405286,-1.9465559,-0.97236925,0.7639004,-1.4700528,-1.8718446,0.19435088,2.7100425,1.0016853,1.1351241,1.0,0.0
-0.7943934,0.34311473,-0.05416636,-0.97236925,-0.7605693,-0.29115552,-0.9318888,-1.5091543,0.20610778,-1.1184125,0.5111318,0.0,1.0
-0.20971529,2.7700903,-2.183064,-0.37639424,-0.7598172,-1.3155009,-1.4608203,0.057995334,1.6081626,-0.11662723,0.5157848,0.7189383,0.40011823
-1.054372,0.3061464,0.1504989,-0.44189137,0.2656698,-1.3734331,1.0118054,-0.24103102,0.27087903,-0.79993826,-0.9957815,0.0462823,1.0
-0.27598184,0.3147202,-1.0912447,-0.04743217,0.84956336,-0.8423638,-0.7839284,0.4723344,1.8572341,1.4495966,0.29164243,0.9351221,0.0983797
0.44091228,3.23074,-0.77954364,0.33220184,0.044187818,-1.1292226,-0.70155156,0.28458405,0.19340535,-0.74220276,-0.6795635,0.43915293,1.0
-0.9348596,-0.5409035,-0.2832691,-0.10675112,0.26291057,-0.15459436,0.5675451,-0.07541369,0.75534326,0.62819093,-1.5411371,0.0,1.0
0.32058278,3.2605357,-2.1915398,-0.26154715,0.37478462,-1.5386337,-1.8718446,1.0154401,1.560791,-0.8792388,-1.0125585,1.0,0.22243372
-0.5143541,0.67381924,-1.1232977,-0.45919147,-0.22303033,-1.2605815,0.12180035,-0.10402317,-0.97792226,-0.61861145,-0.96607804,0.0,1.0
0.12685566,1.4551641,0.4731342,-0.1419973,0.3314528,-1.2152259,0.2847379,0.40727457,-0.7592029,0.25205088,-0.26177335,0.0,1.0
-0.03466656,0.15391152,-1.8943874,-0.7572511,-0.758129,-1.4038991,0.005392219,-0.23042619,-1.5155426,-0.5228856,-1.1988963,0.0,0.99031425
-1.5621585,-0.5028752,-0.33203587,0.080851406,0.14770147,2.2174087,1.5966785,0.11812125,1.8466283,0.15615113,-0.8562028,0.26646188,0.91927046
0.12145034,-0.38252506,-0.497081,-0.58915895,-0.048156347,-0.75203377,-0.45266417,-0.056695435,-0.5079367,-0.17699292,-0.59215957,0.0,0.84352744
0.019423375,0.30831316,-0.8463641,-0.97236925,-0.92207134,-1.2344475,-0.57025486,-0.30484307,2.2642622,-0.554967,0.6430711,0.47210765,0.5991621
-1.7290624,0.5313621,-2.1915398,-0.5388801,0.10425006,-1.5386337,-0.6542178,-1.5162655,-2.183889,-1.0564654,-1.5427063,0.0,1.0
0.15349713,0.0447946,0.35138544,-0.48546365,-0.51604605,-0.80783105,-0.38836613,-0.10916239,0.24404494,-0.05364211,0.24054669,0.0,0.720824
-1.0286003,2.1381462,-1.7246937,0.039086815,0.10614212,-1.5386337,-0.02941424,-0.0918251,-0.3605122,-0.017481256,-0.51298547,0.29799607,1.0
0.74912864,0.45353383,2.606336,1.8461514,0.65378344,0.855569,0.98190176,0.6758889,-0.83434296,-0.5240462,-1.3400446,0.2554383,1.0
1.4608706,4.5336456,-1.075908,-0.82993406,0.20261373,-0.5727205,-0.9056554,1.2761866,1.0816028,-0.32971585,-0.12018633,0.68094814,0.0
-0.14137846,2.058546,-1.9172574,-0.71528304,-0.48405752,-1.1525397,-0.7522355,-0.14904726,0.3746409,-0.8077505,-0.5740657,0.25347865,0.6432853
0.6795095,3.8762605,-1.0473307,-0.97236925,2.3271482,-1.5386337,-1.7198079,0.5148041,0.9959707,0.8603868,-0.39604163,1.0,0.21143307
-0.63377243,0.30327445,-1.2399634,-0.20229656,-0.27013233,-1.4336636,-0.5332282,-0.45214802,-0.92030734,-0.8204952,-0.83919984,0.39120376,0.96934396
0.006470261,0.17030038,-1.191799,-0.454112,-0.29127005,-1.2966396,-0.5066099,-0.22156754,-0.26199934,0.20895155,-0.031409577,0.07534812,0.36479598
0.2869357,0.18198098,1.1549726,-0.92819107,-0.7817406,-1.2394968,-0.807826,-1.0546902,0.12277465,-0.898214,0.9335278,0.0,1.0
-0.21643068,-0.31991032,-0.24002385,-0.7066949,-0.3269166,-1.0282505,0.06428632,-0.81052434,-0.33877972,-0.26806062,-0.017639466,0.0,1.0
-0.07143663,1.9971179,-1.3700742,0.3124472,0.5371858,-0.9210284,-0.81928754,0.24188173,-0.476512,-0.17698103,-0.23063609,0.42650384,0.60946006
3.152106,4.7222033,-2.1915398,-0.93524635,3.872216,-0.6153948,-1.8718446,1.6854702,0.12400775,-0.077186584,-1.460477,1.0,0.0
1.3479528,-0.2248724,-0.1761376,-0.6900952,-0.93371063,-1.0205076,-1.0225264,-1.0538443,-2.183889,0.19251867,-0.1920211,0.028635148,1.0
1.0390077,2.1589868,-1.7910262,-0.7354987,1.1399006,-0.91590774,-1.1262157,1.1903682,0.21798743,-0.38124132,-1.7593788,0.8276275,0.50157976
0.40059575,-0.29215053,1.3541851,-0.53143406,-0.43637195,-0.8167859,-0.80943424,-1.0659215,-0.7517154,-1.6747506,0.6035026,0.16178866,0.97691345
-1.1762428,-0.244569,-0.090799555,2.1267874,0.16247936,4.423295,2.317571,1.1393152,0.98419625,-0.2751385,-1.7593788,0.054704502,1.0
-0.6735027,0.22478586,-0.14931814,-0.04801693,0.41709605,-1.1415706,0.16278768,0.015180772,0.80964583,1.10936,0.06996909,0.15574446,0.475632
-0.08594394,-0.2699817,0.12732165,-0.029053003,-0.48359513,-0.95657295,0.11485632,-0.3388986,-0.32469347,-0.0966491,-0.5108737,0.08899096,0.85880196
-0.60363966,1.0604932,1.7452085,-0.80900186,-0.49079227,-1.5386337,0.28589642,0.2817722,2.3516195,-1.6747506,-0.37016177,0.5361096,1.0
0.19471112,-0.68959934,-0.3704661,-0.13387725,0.86855686,-0.50402457,0.22372347,0.3625277,-0.85114604,0.39889383,-1.4608601,0.0,0.9494767
-1.0043179,1.180498,-2.1915398,-0.97236925,-0.12887146,-0.67271787,-0.5439165,-0.5758113,0.4961012,-0.6260877,-0.66910344,0.26164296,0.95748657
-0.15741949,0.04602252,0.2538679,0.06188603,-0.93371063,-1.5386337,-1.8718446,-1.4231852,-2.0920348,0.10535004,1.8658206,0.12213212,1.0
-0.4125831,-1.0442101,-0.44325823,0.53724897,0.9385935,1.1372414,1.3371007,0.567756,-0.15958346,1.2824965,-1.0707443,0.0,1.0
-0.57075745,0.6843505,0.512538,1.4075392,-0.6618287,1.4465053,2.062552,0.7633298,-0.13304293,0.47743887,-0.66299546,0.0,1.0
1.3480105,2.0622253,2.042043,0.81869346,1.0148526,-0.14369626,0.24495775,1.2354232,-1.4413098,1.4244423,0.11116679,0.30317456,0.8860831
0.2634149,-0.10063736,0.41366962,-0.2566777,-0.25390533,-0.9760574,-0.0949746,-0.5514668,-0.92963,-0.42509252,0.029018465,0.014795817,0.6300367
0.5820264,0.96595114,-1.7013304,-0.4874051,0.23820241,-0.39002222,-1.443523,0.31403756,-0.01671576,0.6343359,0.017039638,0.54501724,0.443754
-1.4436234,0.70741946,-0.04173419,0.78429425,-0.00895497,1.1911507,1.9568738,0.68106854,0.18734986,-0.20281123,-1.4171925,0.0,1.0
-0.38390344,1.6120375,-1.5173099,-0.7547756,-0.67476386,-0.7801743,-0.85430145,-0.293569,1.2506874,-0.25119203,0.5922945,0.40759468,0.67757004
2.4654713,1.3638192,1.080947,0.14188495,2.6541984,-0.019482587,-0.13391653,1.125825,-1.1932255,0.23819806,-0.07158012,0.56161267,0.39031735
0.30808637,-0.39491433,0.40557623,0.68828356,0.42409816,1.6797128,0.41690895,0.5881292,-0.63134366,-0.3020677,-1.4409748,0.0,0.6030758
-1.1962818,-0.7305649,-1.2033517,-0.8402425,-0.31209525,0.4768551,0.010878527,-0.49137673,0.8682912,0.07234431,-0.67885095,0.11761062,0.79204804
-0.4078739,1.8778596,-1.6483747,-0.4459148,0.050710622,-0.8976358,-0.9496615,0.26511273,0.19695613,-0.08826476,-0.89539415,0.4417937,0.34251162
-0.3841069,-0.5954868,0.59354794,1.1034653,-0.46302313,1.2123533,0.75291115,1.1873286,1.0840237,-0.0717361,-1.7593788,0.10378838,0.42480156
-1.5669682,-0.09250003,-0.8568968,-0.73147714,-0.06669168,1.4810966,0.6675394,-0.6704047,1.0754558,0.374972,-1.0676268,0.0,0.64846045
-0.53242016,0.8222734,-2.046607,-0.5909769,-0.078803286,-0.8913273,-0.44222414,-0.2688869,0.14412704,0.11128125,-0.15504538,0.15812309,0.9791945
-0.18058532,0.17761,-1.6229708,-0.3520993,-0.3666776,-1.5386337,0.32456893,0.14100069,-0.28337997,-0.8015677,-1.7537085,0.0,1.0
-0.57851714,0.20741904,-0.4168087,-0.42584896,-0.053528845,-1.2054923,-0.1171414,0.35406667,0.3322984,-0.3631128,-0.61103135,0.12071144,0.5230915
-1.7995377,0.7114658,-1.9155287,-0.4218289,-0.056001723,-0.9441542,0.38352516,-0.5341145,0.7915148,-0.3334713,-0.8664289,0.0,0.8073787
0.18444288,0.7642693,-0.57655144,-0.3100207,0.47684497,-1.5386337,-1.8718446,-0.23900795,1.5745713,-0.23288588,1.436145,1.0,0.14073318
1.5410727,0.91702205,0.15406862,-0.97236925,-0.93371063,0.9828006,0.014405654,-1.210012,-2.183889,0.7334574,-0.09242395,0.03856951,1.0
-0.6028621,0.37620273,-0.7200705,-0.4883202,-0.06920208,-0.73515064,0.03902753,0.18388408,0.4262348,-0.73135173,-0.8850712,0.01595689,0.7941105
0.26098484,1.6681502,-1.1980464,-0.71193284,0.12679903,-1.1262819,-0.3171295,-0.02885164,0.31815377,-0.5496283,-0.67052865,0.16295803,0.53327143
-0.41499078,2.452752,-1.2459948,-0.38165042,-0.092869714,-1.5386337,-0.3031527,-0.05118202,0.031845257,-1.6747506,-0.50233054,0.0,0.90139884
0.14762542,0.14376482,1.5202136,1.117936,-0.93371063,0.5994611,-0.6442811,0.27952278,-0.41804808,-0.83424044,-0.6289754,0.0,0.59467936
-1.8776025,0.8047184,0.9063321,2.1267874,0.45828918,1.5336494,2.317571,1.4481785,0.02151438,-1.6747506,-1.7593788,0.0,1.0
-1.006942,0.1342429,0.6129607,-0.25022912,-0.8101877,-1.5386337,-1.430046,-1.5922731,-0.43053684,-1.1461012,1.8658206,0.044272304,1.0
-1.3462162,-0.01692091,0.3786039,1.957136,0.044179063,2.9424374,1.0273867,0.79310423,-0.565549,-0.48381406,-1.7593788,0.0,0.6038686
0.3032115,1.0541782,0.608792,0.5551657,0.4685781,-0.5800076,0.005110844,0.7811887,-0.8389929,-0.18651126,0.3421451,0.0,0.60569555
-1.8776025,-0.18658455,-1.5430827,0.35157883,-0.00078890845,-0.3566196,0.79955983,-0.46232978,0.4895707,1.5158094,-0.619306,0.0,1.0
-1.8776025,0.23817688,-0.062696666,-0.045864943,1.6685467,0.39469188,0.90667564,-0.43290314,1.7526132,2.2838242,1.8658206,0.20913638,1.0
-1.8776025,-0.5564777,-0.6752819,1.081616,0.9947255,5.277437,2.317571,0.45358735,2.7446535,0.65884185,-1.3695562,0.0,0.8865286
-0.9828208,1.3610933,-1.5569748,-0.6818582,-0.005717259,-1.5386337,-0.80887866,0.3213797,1.4357038,-0.2415605,0.14057885,0.39615244,0.6585518
-0.67693627,-0.4415495,-0.03832469,0.20296718,-0.6885017,-1.1856537,-0.9279466,0.22758272,0.28486907,-0.01606528,0.35855436,0.25230753,0.42211884
0.31112117,3.4293535,-1.5517461,0.4689688,0.2740564,-0.9262241,-1.4787539,0.61650765,1.2472494,0.69252217,1.4609997,0.51022536,0.05550593
-0.38500595,-0.82371414,0.19028366,-0.20546934,-0.93371063,-1.5386337,-0.66516024,-1.0360744,-0.7206752,0.46517634,1.0541776,0.10940095,0.9851999
-0.5583729,-0.071706146,0.35765857,0.8815912,0.2728674,-0.23551954,0.011443348,0.88305676,0.12737852,-0.24805509,-1.2374251,0.0,0.8591885
-1.8776025,1.68495,-2.1915398,0.10372358,-0.4081054,-0.8237343,-1.4203047,-0.07812594,2.4447973,-0.038711037,0.33694822,0.34292695,0.76414436
-0.50714374,2.0097818,-0.9280526,-0.43634757,0.10073325,-1.1083883,0.055280533,-0.095855266,0.9806418,-1.117818,-0.44707018,0.0,0.6334792
0.7952568,-0.7977159,1.1225713,-0.0419333,-0.93371063,-1.5386337,-0.91130686,-0.7163902,-1.1264869,0.76102024,1.5168654,0.002489484,0.8703718
-0.48733166,1.4999629,-2.1915398,0.39994413,0.45050165,-1.0811304,-1.3609866,-0.0025545768,0.24985006,-0.45101714,0.23620223,0.6188015,0.26968974
1.1869032,1.6908475,0.23099293,0.12700483,0.012079768,-1.1505834,-1.1423397,0.018446244,-0.4878088,0.14471146,1.4676955,0.5766569,0.0
-1.2634431,0.25363833,-1.8420517,0.6725479,0.34306368,-1.5386337,-0.8267079,0.01638307,-0.25481945,-0.66415906,-0.86974007,0.15381736,0.9996228
-1.2173477,0.81342286,-2.1462913,0.028661035,0.2985531,-1.1447953,-1.5254304,0.14930516,2.6985073,-0.4779334,0.42166042,0.6431122,0.26742372
0.97436446,1.0838178,-0.8280224,-0.40909785,0.79638845,-0.5302575,-0.80438894,0.7666569,-0.43347335,-0.22508697,-1.4762875,0.38911563,0.14908527
-0.42270118,2.41792,-1.1466494,0.82731974,0.2805283,0.19608268,1.3645296,-0.069777936,-0.28221953,0.42689157,0.48960358,0.0,0.9304404
-0.9969138,0.92019147,-0.9654809,0.74887216,-0.8876013,-0.6143485,0.9593515,-0.034918893,0.7011058,-0.26603186,0.5217676,0.20297138,0.9162195
0.2979349,-0.4930334,0.6165187,1.2026241,0.03296986,-0.12228589,0.28744447,0.55880964,-0.81368864,-0.3117056,-0.15342726,0.0,0.72219855
-0.8543074,0.44805962,-1.0717664,-0.35108924,-0.171406,-1.3864818,-0.3978866,-0.68792117,-0.63826287,-1.2160925,-0.2705239,0.0,1.0
-1.1683577,0.5964957,-0.03625318,-0.68220687,-0.47698793,-1.3209844,0.021759383,-0.6359227,-0.02737065,0.023673164,0.2579605,0.0,1.0
-1.2497681,1.692183,-0.16210356,0.011806707,-0.30314934,-0.9538298,-0.008604804,0.098652855,1.0489872,0.17198853,0.5645756,0.18009497,0.8460482
0.39587772,0.63484216,-1.1235696,-0.33540234,-0.4170281,-0.5727367,-0.2247282,0.16582547,0.2056906,-0.6623288,-0.5126867,0.087072246,0.58037674
-1.8776025,0.07379601,-0.59557533,2.1267874,0.17121416,1.6164551,1.553637,1.1212685,-0.66294014,-0.7042463,-1.7593788,0.0,1.0
-1.8776025,0.41679734,-2.1915398,0.41774222,0.7994834,-0.17026442,2.12862,-0.91923887,-0.9387317,0.88655406,-1.7593788,0.0,1.0
1.1445521,0.39460638,1.3025602,-0.30190367,-0.24104218,-1.4199358,-0.5606767,-0.4977645,-2.0593297,1.2979968,1.8636069,0.0,1.0
-0.7106993,-0.43761456,0.05384385,0.21291539,-0.57715774,-1.0857848,-0.4582406,-0.4244258,0.14805442,0.64841855,1.0983298,0.04598697,0.6332284
-0.18799454,1.1013353,-2.1915398,-0.45881477,-0.3655079,-0.712116,-1.4712154,0.44554126,0.55328405,-0.36901665,-0.2745213,0.31838334,0.5048844
-1.51947,-0.34818414,0.07299485,0.5984994,0.26855496,0.791565,1.2443097,0.4155815,1.2326294,0.95562625,0.28122997,0.0,0.8274157
-0.28628796,-0.71522814,0.23249443,0.45626423,0.17184146,-1.2146889,0.077746265,1.0626945,1.0827729,-0.5075573,-0.98710704,0.26494092,0.5205335
-0.11132499,-0.7036164,-0.02965799,-0.18680678,-0.15696979,-0.13361508,0.16382234,-0.15286517,0.11775026,-0.3340888,-0.16950981,0.060219653,1.0
1.0372791,0.23161611,-2.1915398,-0.023229321,0.474771,-0.7472747,-1.8718446,0.440706,-0.31018448,0.47365457,-0.5222108,0.81733066,0.33633503
-0.42697605,0.4592865,-0.5384666,-0.060192548,-0.24507478,-0.9163319,-0.43399614,0.026557729,0.70981663,-0.63617873,-0.24219708,0.25197074,0.6677672
-1.8776025,0.07801436,0.8891987,1.8370173,-0.45474443,1.9807172,1.1961389,1.3703121,1.8303462,0.036617972,0.92867196,0.25099036,0.6180026
1.343461,3.9183161,-2.1915398,-0.425787,-0.36381212,-1.3638219,-1.8718446,0.7348403,1.7582288,0.06757553,0.550593,1.0,0.004182009
0.08591276,0.96058846,0.74628794,-0.35992825,-0.6374063,-0.088538386,0.29653665,0.11414324,0.4450177,-1.1393771,-0.9407913,0.0,1.0
-0.9728091,1.581658,-1.1947399,-0.0018100045,-0.39311096,-1.2077806,-1.1620991,-0.39702097,1.1675428,-0.917406,1.0950786,0.5042479,0.41765136
1.0215825,-0.9306668,-0.020144178,-0.7956383,0.041942086,-1.2672622,-0.5991534,-0.119127065,-0.4035936,-0.32372677,-1.0972801,0.16704883,0.8010423
-1.3964814,-0.34213454,0.31277046,-0.5323256,0.095259234,-0.9286654,1.1831229,-0.507996,0.42670083,0.49169368,0.017960452,0.0,0.7600718
2.3633814,-1.0442101,0.83208245,-0.97236925,0.06634256,-1.251293,-0.96563876,0.09367266,-1.0540984,0.24648653,-0.5109602,0.2979494,0.9860816
-1.3168488,1.1030695,-2.1915398,-0.12534228,-0.13782655,-1.281605,-1.0502827,-0.50706416,-0.21695869,-0.66580546,-0.5828751,0.0,0.42239955
-0.72737736,-0.4317388,-1.8824877,-0.39594904,-0.450884,-1.4195561,-1.0947514,-0.58321476,-0.6737406,-0.5109,-0.75684214,0.0,1.0
0.9929963,0.75813097,0.12591499,-0.38278222,0.49705365,-1.1200374,-0.16186462,0.028809574,1.9273293,1.4606397,1.5857217,0.44960296,0.8370817
0.51819164,1.2491113,2.8018205,1.9550214,-0.93371063,1.0558796,-0.015238897,0.9459876,0.1403596,-1.6747506,-1.1738586,0.0,0.95744383
-0.1325731,3.577543,-2.1915398,0.29308558,0.9027554,-1.5386337,-1.8718446,0.648995,2.3755136,0.38877726,1.4950131,1.0,0.0
0.0463257,1.8248167,-1.4753511,-0.52709657,-0.5592066,-1.1705079,-1.6635228,-0.37555405,0.4190881,0.21230875,0.3395617,0.420297,0.37914792
0.55337244,0.8477948,-0.9567839,-0.84405726,0.03167933,-1.3775287,-0.5249371,-0.1648176,-0.58300334,-1.074306,-0.46720028,0.0,0.96931165
-0.26705799,0.8014422,0.42269576,-0.3088981,-0.812252,-0.19520253,0.9073703,-0.062088173,0.23663826,-0.6382886,-0.44598025,0.003824451,0.88802516
-0.7943415,1.1594195,-2.1915398,-0.7771459,0.27698418,-0.6516106,-1.2505475,0.36634862,1.3194008,-0.9490769,-0.9895987,0.13902673,0.69507974
0.43565133,1.062369,1.2899677,0.59772485,-0.93371063,0.31062776,0.6243042,0.53770524,-0.072803825,0.37856603,-0.36343634,0.0,1.0
-0.26031077,-1.0442101,0.7929312,2.1267874,2.32066,2.8245783,1.9159766,1.7367737,-2.1262007,-0.2706204,-1.7593788,0.0,1.0
-1.0659955,0.67310184,-0.20998114,0.7978729,-0.011633027,-1.5386337,-1.577531,-0.54490775,0.99202746,1.2428237,1.7741466,0.56677365,0.3419085
-0.6293534,0.8014787,-0.12127779,-0.5040897,-0.064282715,-1.223226,0.35668606,-0.76157457,-0.017260985,0.38000423,-0.32388145,0.0,0.9946015
-1.1407619,-1.0442101,-0.21700966,-0.5805364,0.0032320935,1.1082537,-0.24991418,-0.7922234,2.2157605,-0.10399427,1.4275643,0.40875587,0.46970585
-1.0342638,0.14857459,-1.2691162,-0.48592347,0.033366412,-0.0578952,0.4740167,-0.45165876,0.46808168,1.1336869,-0.1752886,0.0,0.99618065
0.037733838,0.8700527,-1.5182551,-0.7902772,0.2855091,-0.90059966,-0.456621,0.101639554,0.18994422,-0.046113648,-0.71161294,0.089383096,0.6980752
1.138206,3.6007798,0.27669522,-0.60638446,2.1846464,-0.88468325,-1.7092464,1.2619485,0.74091375,1.1985912,0.8192534,1.0,0.0
1.7735566,4.5851426,-1.1350757,0.3465522,1.6635288,-1.5240818,-1.8718446,1.7367737,1.4436567,1.7749413,0.2609251,1.0,0.0
1.4532624,3.2122257,-1.971245,0.4775152,0.60322833,-0.9159972,-1.8718446,1.5092943,1.4093906,0.9322842,0.26558232,1.0,0.08796422
-0.700162,-0.8811466,-0.25832337,1.3843864,0.62469935,4.2532344,1.203593,0.02720196,-0.6420474,0.22652844,-1.6012,0.0,1.0
0.49570373,0.19567592,-1.9635539,-0.908205,-0.1756716,-1.2166111,-1.5003257,0.06265226,-0.123010516,-1.6548285,-0.8718014,0.1989742,0.9089483
0.41686583,3.8142304,-2.1915398,-0.08695922,0.8147307,-1.4475292,-1.8718446,0.7896832,1.2595896,-0.79609084,-0.7371067,1.0,0.0043704156
-0.36940664,-0.07735026,-0.77798337,-0.3750813,0.56084305,-1.1109041,-0.3122144,-0.29660088,-0.4375399,-1.1515793,-0.8559446,0.0,0.70759016
-0.5955151,0.34021914,-2.1915398,-0.4243715,-0.93371063,-1.152005,-0.39827687,-0.99330777,-1.5987529,0.23304385,0.20178501,0.0,1.0
-0.27001426,-0.16855383,-0.9264012,-0.27254608,-0.7735192,-0.67711735,-0.9707114,-0.11707251,0.072737545,-0.60279095,-0.24207808,0.04858955,0.97792727
-1.8776025,1.1577953,-0.54500175,1.423441,0.539967,1.3488389,2.317571,0.119033456,-0.057047296,-1.5928074,-1.7593788,0.0,1.0
-0.3694586,0.19774896,0.22525585,-0.33687422,-0.29946035,-1.1043367,-0.2850464,-0.57674986,0.3782368,-0.77314496,0.36939913,0.0,0.6720473
-0.5328203,0.5418996,-1.6252594,-0.26818156,-0.18374392,-1.2764729,-1.4749503,-0.20951489,2.2855606,0.44360995,0.42721266,0.8095518,0.2713284
1.4135957,-0.89776766,0.67802995,-0.27094916,0.026946459,1.5699638,0.22755587,0.7277207,0.84868705,1.4104152,-0.48627913,0.0,0.97757137
2.59372,3.1468396,-0.47292846,-0.7833273,0.7106515,-0.42604643,-1.4506345,0.9087849,0.4268715,0.95365524,0.38470417,0.7585929,0.65561384
-0.3686767,0.77595246,1.3690734,-0.665138,-0.74467224,1.6786165,1.6672387,-0.13007443,2.3234923,-0.36866975,0.34593815,0.0636688,0.35691428
-1.6925786,-0.29262766,-0.78326964,0.16955532,-0.12346749,-1.5121168,-1.2554612,-1.2664728,-0.45880544,-1.109418,0.9173395,0.0,1.0
-1.0803393,0.39135447,-0.047216423,0.3045456,-0.20428222,0.051363252,-0.019475708,-0.5450515,-0.64941674,1.2885822,1.532279,0.0,0.7890545
-1.2816246,-0.19143827,0.12566055,0.23074739,-0.5964345,1.7463663,2.1143472,0.6297147,1.6796147,-0.19452228,-1.1074429,0.027973477,0.7130209
-0.10271448,0.17016886,-1.2073815,-0.2582358,0.25105846,-0.87041146,0.08571144,0.57331324,0.25915125,-0.5066355,-1.3025514,0.22042328,0.69006294
-0.8828374,1.2856525,-0.2824437,0.035381485,0.5578882,-1.5386337,-0.49501365,-0.8895176,-0.5350755,-1.4783528,0.41340196,0.0,1.0
-0.9366085,0.22759962,0.9812817,0.04096832,-0.4661269,-1.5215307,0.22666313,-0.2938262,0.8371727,0.5483634,0.55192673,0.0,1.0
0.010269931,-1.0442101,0.22313014,-0.074486986,0.43166468,2.1663706,0.90336835,-0.30065337,-0.3789747,-0.5648884,-1.1512724,0.14578377,0.7597764
0.12932506,3.8303597,-2.1915398,0.33863503,1.5215586,-0.8409152,-1.8718446,0.071688324,2.3162677,-0.89029807,1.7845562,1.0,0.0
-0.4325802,-0.37889203,0.13100693,0.42335632,-0.07196817,-1.5386337,-1.0576094,0.015659008,-1.0686855,-0.5163057,-0.27413797,0.0,1.0
-0.48191208,0.21294795,-1.2345027,-0.97236925,-0.23694523,-0.15707852,-0.82300967,-0.2628026,0.6980097,-0.6396143,-0.4132073,0.34706873,0.5038466
-0.7607687,1.4329876,-2.1915398,-0.34547994,-0.16874373,-1.1594006,-1.107194,0.5640558,-0.36653796,-0.60238737,-1.7593788,0.3146194,1.0
0.091476336,-0.3428759,-1.0807663,-0.0059544723,-0.8123001,-0.16320637,-1.1212308,-0.5244398,-0.6111424,0.0323314,0.4317181,0.33656594,0.5704576
1.2017186,2.3500018,-1.8287863,-0.18207367,-0.28265247,-1.5386337,-0.9187546,0.84589094,0.28988367,1.1883156,0.52134174,0.7253257,0.35559583
1.5411917,1.6683948,0.032571644,-0.62383217,-0.08808236,-0.8870746,0.008567457,0.07840778,-1.087339,0.5858579,0.22852148,0.36372805,0.5624007
-1.1073328,0.13108571,-1.7310516,-0.5640039,1.042104,0.3647107,0.49127787,-0.61788523,2.2085016,2.2838242,1.2638401,0.0,1.0
0.6928244,4.7222033,-2.1915398,-0.37994865,0.7382553,-1.5386337,-1.8718446,1.0554502,2.7518206,0.3660679,1.2882407,1.0,0.0
-0.788219,1.1291256,-2.1915398,-0.97236925,-0.6399271,-1.2933842,-0.47172365,-0.9578345,-2.1636245,-0.3054157,-1.4719911,0.0,1.0
-1.0218562,-1.0442101,-1.497218,0.86460876,0.70773274,-0.20368698,1.1614324,0.9132416,0.017859556,-0.06504234,-1.7593788,0.0,1.0
-0.16839011,0.12282924,-0.562919,-0.4750703,-0.3960993,0.03884405,-0.5144783,-0.21577343,-0.54599804,-1.0408683,-1.4785129,0.35926887,0.7712649
0.6595909,1.6499172,-0.80230045,-0.97236925,0.48616448,-1.0470839,-1.7152749,0.52029777,1.4563771,1.1627805,0.4585613,1.0,0.0
-1.5755811,1.0150132,-0.40210164,0.54311097,-0.6608853,-1.4239603,-1.1790205,-0.3516663,0.3023017,-0.38469654,0.92993224,0.19924778,0.7850465
-1.455562,-1.0442101,0.7232677,2.1267874,0.43854353,3.4234405,1.8012123,1.7367737,-0.57842195,-1.0111362,-1.7593788,0.0,1.0
-0.2195262,2.4580615,-1.0639048,-0.47400424,-0.14020117,-1.3811113,-0.049507823,0.0788629,-0.40113467,-1.3879339,-0.48632467,0.34438092,0.9707037
0.41553617,2.9331021,-1.8207093,-0.97236925,1.1633326,-0.52274805,-0.38153398,0.08781157,0.07787584,0.7000449,-0.60391986,0.37323153,0.6664623
-0.7047016,0.22674473,0.853831,0.38529706,-0.41396242,0.87825483,0.7545851,0.47897494,0.5850531,-0.32503062,-1.472891,0.0,0.8158938
-0.5643934,0.27639142,0.25412017,-0.5802854,-0.21813302,0.66527945,0.49425668,-0.18301621,1.3458676,-0.35861522,0.07946694,0.09069495,0.4080672
0.42038032,3.6875784,-2.1915398,0.058495108,0.06649944,-1.2072917,-1.8718446,1.0912085,2.2936008,-0.9532916,-0.49952108,1.0,0.27054837
1.3868163,3.0229485,-0.4140426,0.09099316,2.1970966,-0.5218981,-0.6041727,0.87999845,1.0330843,0.9629733,1.8658206,0.7568731,0.1739181
-1.5609323,0.34162754,1.2815579,0.29419246,-0.4279978,-1.5386337,-0.9732195,-1.00935,1.1377654,-0.5705305,1.4216677,0.1762516,0.8240632
1.3243868,1.8141347,2.0180464,0.91429186,1.5544127,-0.85713327,-0.30811074,1.3017855,0.12735441,0.7053815,0.107043535,0.1308568,0.79271483
0.24129996,0.16751443,1.3538488,1.1748185,-0.13013457,1.2410463,0.37292594,0.28643405,-1.3868556,0.17278638,-0.49759,0.0,0.7721746
0.23303504,1.4764174,-1.4653084,0.07266894,-0.24373804,-1.5386337,0.063127786,0.4505734,-0.12948593,-0.82345694,-0.3770373,0.0554254,0.7681162
-0.31956035,0.27868342,-1.8935796,0.21366401,-0.41970798,-0.39843488,-0.3500093,0.10869621,0.34189767,2.2838242,1.4883639,0.26081485,0.4959124
-1.1606448,-0.80048645,-0.8450162,-0.59326035,-0.17245153,2.100794,1.8586937,-0.047734868,2.564456,0.022632757,-1.1098039,0.0,1.0
-1.8776025,0.18368436,0.13270152,0.019184027,-0.43789437,-1.5386337,-0.13347836,-0.8622632,2.6924224,-0.46987182,1.5443186,0.0,0.9760105
0.16841976,-0.55247283,-0.5392296,-0.71867377,-0.14714171,-0.8847954,0.16102926,-0.04611655,-0.30023724,-0.18476684,-0.92382365,0.0,0.71184194
-1.2911364,-0.026113074,-1.1965294,0.4203696,1.1064004,2.4623518,2.1105497,0.113535196,0.12220989,0.2836377,-1.1641526,0.0,1.0
-1.306387,3.2404146,-1.1579313,0.9268583,0.8898989,-1.0863657,-1.8100888,0.53742933,1.5775182,0.33301473,1.8507289,0.6195299,0.0
-0.5989326,-0.70223904,-0.1444096,0.9562228,1.9227396,1.2063928,0.6387397,1.3101801,0.28656062,0.15445405,-1.2455025,0.0,0.9304019
0.6570991,0.07973704,-0.46194872,-0.8967122,-0.3462714,-0.87951094,-0.95885634,-1.5639766,-2.0997615,-1.3094416,0.47151017,0.0,1.0
0.60932994,1.433514,-2.1915398,-0.35511765,-0.10311119,-0.9902721,-1.1368295,0.2345017,0.04812318,-0.14827219,0.80872095,0.8268941,0.5518159
0.20311332,0.09225935,0.5454441,-0.64402694,-0.45872408,-0.48612767,-0.27388486,-0.53570735,-0.59905165,-0.6039143,0.18295148,0.0,0.9170304
-1.8776025,1.8538644,-1.4117596,0.14487858,-0.32543665,0.9418799,2.0797708,-0.7203122,0.67409956,1.0293559,0.4108256,0.0,1.0
1.389845,-1.0442101,-0.57318324,-0.18613343,1.5026796,-0.65143204,0.21228042,0.84072876,0.053979702,1.5111909,-0.9680679,0.0,0.8206425
-0.71849066,0.36088377,-0.45938352,-0.292085,-0.18436874,-0.18484133,0.034680072,0.0837643,0.4733694,-0.7356562,-0.7874068,0.0,0.66949785
-0.6541062,0.40844005,-0.32566237,-0.86215496,-0.66600746,-0.72830933,-0.31537,-0.18323202,1.3986303,0.14836353,0.4785778,0.4351056,0.2672398
-0.09277878,2.6534295,-2.1915398,0.25698817,0.17311764,-0.9018233,-1.8718446,0.5844061,1.7214155,-0.4901324,-0.1519748,1.0,0.14701712
-0.8852006,0.54348105,-1.0626898,-0.5849992,1.4830761,-0.9290216,-0.54301864,0.56882954,1.8121982,0.70586663,-0.40023053,0.605094,0.28711936
-0.4519214,0.96506375,0.27029732,-0.26350918,-0.39856166,-0.14759713,0.2186801,0.15402976,0.06455752,0.21252301,-0.49298322,0.10636812,0.66580755
-1.0541747,0.6380331,0.22649254,-0.97236925,-0.10244295,-1.5386337,-0.7401554,-1.5922731,-2.1493576,-1.4060752,-0.6890555,0.0,1.0
0.08201152,2.556502,-2.0892155,-0.6100811,-0.2962337,-1.5386337,-0.8234825,0.20159759,0.49695933,-1.0931497,-0.046115883,0.4878602,0.5213416
0.15280293,0.07884151,0.01258176,-0.53180426,-0.89433193,0.4255997,0.5775957,0.0030625574,0.07535772,-1.2084265,-1.3217582,0.0,0.8640888
-0.25377893,1.0602787,-0.04788184,0.5292064,-0.60586846,-0.6343542,0.9571555,0.05977654,-0.8383142,-0.1470804,0.067194805,0.0,0.9903926
-1.2839326,-0.4477967,-0.34533823,-0.2010408,-0.294451,-0.9645959,0.41185743,-0.5252636,-0.3332671,1.31591,0.597977,0.0,0.9631504
1.1670943,0.87371755,-1.3522233,-0.97236925,-0.43081045,-0.44617867,-1.0768052,-0.75928724,-1.636004,-1.6747506,-0.5405994,0.0,0.99898726
0.6077196,-0.69430524,1.1169827,-0.42400718,-0.93371063,-0.46128088,-0.019258143,0.1434785,1.0527332,0.38105083,-0.3133511,0.0,0.9194177
0.13746075,0.6754343,-1.7808175,-0.30979905,1.9746587,-0.26393783,-0.9629315,0.77482957,1.2876563,1.8604882,0.08772824,0.5224075,0.4399376
-1.8776025,0.26877704,-1.1984327,2.1267874,2.01553,4.460327,2.317571,0.3231258,-0.4527593,1.9746473,0.31663007,0.0,1.0
-1.1205952,0.5997509,-1.8088019,-0.779984,0.19977614,-1.5386337,-1.015477,-1.1824194,-2.183889,-1.3675565,-1.3602765,0.0,1.0
0.124392636,0.09986685,0.10784065,1.8570783,0.10803522,0.9137485,0.31633934,1.2031626,-1.1178714,-0.7329853,-1.3656185,0.0,0.6472687
1.7874987,4.7222033,-2.1915398,0.15889409,4.0247345,-1.1111292,-1.8718446,1.7367737,2.7518206,2.2838242,1.8658206,1.0,0.0
-0.36102048,-0.2298808,0.43015096,-0.7452826,-0.21192728,-0.895462,0.29200363,-0.7993678,0.22535542,-0.21029538,-0.010085783,0.0,0.7976668
0.2902361,1.8412849,-0.8369943,-0.45973125,-0.29952773,-0.78325236,-0.14814396,0.66389936,-0.106147006,-0.7675877,-0.7230791,0.06221287,0.74434894
-0.47953227,-1.0442101,1.4170183,2.1267874,0.36088035,4.4163647,1.7153139,1.7064016,-0.8921803,-0.616104,-1.7593788,0.010718053,0.8896793
-0.63222045,0.4654602,0.68351454,0.017861534,0.16990717,-0.9753499,-0.22472352,-0.3617011,0.76114404,1.2352059,1.2046186,0.42498893,0.0
-0.013021901,2.6253588,-0.93355364,-0.22570224,-0.4039052,-1.5386337,0.043856233,0.57659864,-0.18679672,0.39926463,0.41885018,0.15806195,0.78693014
0.93861675,1.4957303,0.5468264,-0.5585933,0.035831805,-1.5386337,-0.7252802,0.02888076,0.3907068,-0.5059678,0.4221589,0.65424037,0.16147599
1.9116458,1.3356596,-0.19414316,-0.5453595,0.9640883,-1.0458171,-0.36816958,0.5699173,-0.58401763,-0.73921955,-0.80239195,0.26750907,0.43289316
-1.041595,-0.26330358,-1.4003166,-0.7112783,0.1787543,-0.64571226,0.22872037,-0.26585093,-0.089044586,-0.54650354,-1.358661,0.0,0.79396147
1.497799,-0.42149016,2.2504277,1.032475,-0.93371063,1.856175,-0.029130597,0.51903564,-1.3515003,-0.7274544,-1.0963073,0.0,0.70190424
-0.07704337,1.116093,-2.1915398,-0.3555311,1.4763415,-1.5386337,-1.8718446,0.8499266,2.1999805,0.054714486,-0.29129994,1.0,0.0
-1.8776025,-0.10269864,1.0403595,-0.14899048,-0.07574651,0.5467901,1.808887,-0.02092345,2.3398364,0.8094364,0.45196146,0.0,1.0
-0.1684865,0.55638766,-0.8977295,-0.7438881,-0.3201999,-0.5240679,-0.29842243,-0.41953787,-0.0563462,-1.0625788,-0.96771055,0.13201587,0.76411957
0.46031693,-0.22398886,0.509462,0.07215305,-0.93371063,1.5602609,-0.7775656,-0.9231894,-1.8728428,-0.29193354,-0.64199424,0.0,0.83607084
-1.5029666,1.275063,-1.8474015,-0.7711453,0.25813755,-1.0193162,0.20783778,-0.5077046,-0.6799781,-0.185292,-1.7222753,0.0,1.0
-0.923287,0.7174436,0.82508886,-0.37543765,-0.60898805,-1.362088,0.0059499247,-0.5868649,-0.43392363,0.26281476,-0.072991796,0.0,0.89387715
-0.5895189,-0.26014367,0.25635904,-0.050509155,-0.47965112,-0.854935,-0.3921601,-0.6879984,-0.32224354,-0.0747058,0.157213,0.0,1.0
0.52167135,-0.18773821,0.38472736,-0.97236925,-0.1031425,-0.727374,-0.036560528,-0.42272136,0.027310668,-0.31708688,-0.66231674,0.0,1.0
0.35272223,-0.89137393,-0.81378317,0.88244486,2.4487338,2.6979709,0.86212677,0.8638865,-1.2376664,0.7506601,-1.7593788,0.0,1.0
0.7285187,2.1814983,-1.5297371,-0.64270335,-0.766604,-1.1025152,-0.4957162,0.09820898,-0.3184685,-0.9598697,-0.16153225,0.122748844,0.6663429
1.30302,4.7222033,-1.4736227,-0.97236925,2.0150201,-1.4310263,-1.8718446,1.1141645,1.2738125,1.3732582,0.22480184,1.0,0.044962883
-1.1406937,0.36426634,-1.521184,-0.6369975,0.099944085,-1.1610088,0.49332213,-0.8545899,-0.60999227,-0.65750295,-1.3585151,0.0,1.0
-0.5016554,-0.5027972,0.50963855,-0.67320365,-0.3489891,-1.5386337,-1.8718446,-1.5922731,-2.183889,-1.1673259,1.1686487,0.0,1.0
-1.0010854,0.7263943,0.80147135,0.77868944,-0.59728897,0.57344276,0.9245968,0.07818765,0.5606682,-0.607791,-0.7420014,0.0,0.68907744
0.28490394,2.9303718,-2.1915398,-0.2692075,-0.13123366,-1.0742853,-1.8718446,0.66086775,1.2007227,-0.62330353,-1.1637443,0.9156403,0.30349365
-0.7653075,0.33541492,-1.6289356,-0.85904956,-0.5555708,-0.7150612,-0.9159919,-1.5922731,-1.954547,-0.98566806,-0.047390178,0.0,0.920202
0.44884938,0.014029913,-1.9156965,-0.63066614,0.074185684,-1.3376043,-0.73919815,0.49211574,-0.70329905,-0.85384953,-1.7593788,0.326558,0.6257832
0.71467394,-1.0442101,-0.47236228,-0.14380562,-0.18624796,-1.5386337,-0.30776,0.11426975,-0.8428444,-0.059849247,-0.63981324,0.0,1.0
-0.14422189,3.724666,-1.5667241,-0.97236925,0.15369618,-1.5093333,-1.7778783,0.17366812,0.7903544,0.35785377,0.13856457,1.0,0.012154519
-0.49542817,1.9851179,-1.7973186,-0.74721366,-0.57884216,-1.1640601,-0.6860011,0.1280853,-1.2513916,-0.6642971,-0.6806109,0.25085387,1.0
0.007584924,-0.04740626,0.43722925,0.18449023,-0.7247473,-0.960028,-1.2230223,-0.27118382,-1.1493067,0.9463972,1.7929583,0.26708654,0.771662
-0.41943642,-0.10565829,-2.0681765,-0.5065708,-0.20480925,-1.0521762,-1.4150164,-0.6111993,-1.2790124,-0.5904235,-0.93027544,0.0,0.604788
-1.8776025,-0.4593112,-1.8822553,1.0201958,0.68708825,0.9944329,1.3168621,-0.08251183,-0.64811295,-0.74726295,-1.7593788,0.0,1.0
0.58691967,-0.6451988,0.28778222,0.043840814,0.52172405,0.39611995,-0.048577566,0.6874641,-1.2736099,0.9264359,-0.050656542,0.0,0.51431453
-1.5141804,0.36491647,-1.4647585,-0.30900502,-0.25856623,-0.6433971,-1.3293512,-0.3454475,2.6551626,-0.5741197,0.6453774,0.25918806,0.8160746
-0.17497812,0.12790747,0.49792048,-0.024436802,-0.75566214,-0.800095,-0.1318206,0.17440912,1.8009409,-0.96884394,0.798472,0.0,0.12761156
1.4598615,-0.5011691,0.6626257,1.4773434,-0.3769226,0.023170967,0.3454489,1.0678382,-1.3569789,-1.2729386,-1.5725796,0.0061684614,1.0
0.14521368,0.4768064,0.92998093,-0.817415,0.21891582,-1.5386337,-1.3687621,-0.81438994,-1.2392998,-1.6747506,-0.10090316,0.0,1.0
0.42075235,0.58090794,-0.073294505,-0.97236925,-0.93371063,0.64924794,-0.6139501,-1.1524869,-1.0921458,-0.51919997,0.18730749,0.0,0.3982578
0.10040227,0.13299638,-0.57437384,0.37093428,-0.31276053,-1.0636396,-0.19234012,0.53140295,-0.12592879,-0.7280622,-0.8775095,0.24007984,0.5863751
-0.59279627,0.9312052,-1.2304164,-0.2928536,0.30272904,-1.2060204,-0.11704368,-0.30463222,0.4966872,2.102199,0.5046929,0.31129915,0.91859215
0.17170487,-0.24953714,1.9725246,-0.5744033,-0.86934984,0.9357732,1.0692415,-0.26461944,2.49728,1.2740886,1.5681666,0.0,1.0
0.5850631,3.1156414,-1.1258531,-0.6466525,3.8991868,-1.4117401,-1.8718446,1.067455,1.8007138,2.2838242,1.0415213,1.0,0.0
1.0153081,-0.39513573,1.4986937,-0.059182387,-0.93371063,-1.2202821,-1.1242138,-0.7974325,-0.8336107,-0.3466136,1.1376737,0.03369644,0.9334103
0.18014884,0.12018055,-0.37422287,0.032616675,-0.6390131,-0.782205,-1.6905951,-1.3974333,-2.183889,-0.1831875,0.4366899,0.0,1.0
1.393209,0.72426325,-1.4552821,-0.8034071,-0.4104684,-0.37598568,-1.4214774,0.0027113352,-0.18013121,-1.3370184,-0.43839937,0.6687091,0.49626458
0.73392886,2.5325682,-1.3367319,-0.20931362,0.25811756,-1.3268477,-0.70154846,0.996721,0.3925996,0.08188306,-0.27768612,0.4341719,0.7884995
0.44002557,0.10683559,0.43383572,1.726581,-0.85669094,0.47861516,0.36598453,0.49247217,-1.2909119,-0.89769834,-0.8679379,0.0,0.7983145
0.44447547,1.4763163,-0.22669487,-0.04916934,-0.7057811,-0.5368643,-0.6222096,-0.42861152,-1.0472872,-1.0144752,0.20027754,0.0,1.0
-1.0611253,1.2300315,-2.1915398,-0.26229602,-0.23549956,-0.6823625,-0.595985,-0.40726304,-0.56163234,-1.124789,-0.6842662,0.06052209,0.8194064
-0.91832435,0.5142136,-1.8625007,-0.14458477,-0.79672647,-0.9991993,-1.6887208,-1.5922731,-1.3250451,-1.0829914,1.5183078,0.0,1.0
0.62749094,0.50002027,-1.3595258,-0.34781522,0.08097269,-0.9540535,-0.65884763,0.41776612,-0.07155145,-1.0594883,-0.33907795,0.13491124,0.50270414
-0.37136114,0.33572847,-1.875932,-0.49573496,-0.85911936,-1.4760438,-0.4119404,-0.90104085,-1.6691844,-1.1617587,-0.41725916,0.0,1.0
1.0666221,0.055575147,-0.30715805,0.9024988,2.6616743,0.5643906,0.41807896,1.4217082,-1.7165645,0.36871326,-1.7593788,0.0,0.6563608
-1.4754531,-0.844473,-0.8089908,2.1267874,1.3461573,1.2371668,1.257067,0.8897848,-2.0827456,0.06794786,-1.5285656,0.0,1.0
0.13189375,0.06986679,1.2361878,1.5717741,-0.8186528,0.26388472,-0.09088743,1.0141966,-0.37051982,-0.7116752,-0.6501173,0.0,0.48196244
-0.09800205,1.0294274,-0.96648353,-0.11565241,-0.1259766,-1.2017782,-0.83861744,0.23938692,1.2899424,-1.3877282,0.25226372,0.099647164,0.61979544
0.5001552,-0.25284606,1.2330813,0.041155558,-0.7882045,-0.71451306,-0.77479,-0.3879851,-0.5855408,-0.36709416,-0.03352849,0.0,0.79880834
-0.99747014,1.6673622,-1.8418093,-0.021295518,-0.12837003,-1.0617247,-1.2089102,-0.5311162,1.7217555,0.77903736,1.1262555,0.87088364,0.0
-0.799971,1.047973,-1.1066278,-0.5867544,-0.17957547,-0.64418674,-0.72805667,-0.3236616,2.40006,2.009127,1.8658206,0.8872998,0.4943242
-0.081700824,3.1320424,-2.1915398,-0.4296798,0.16470821,-0.7412274,-1.8249271,-0.068359435,1.948342,0.47394454,0.13338095,1.0,0.02722105
0.6322786,0.3527665,-0.4074652,-0.53171104,-0.79999024,-1.0115035,-0.56157655,-0.51740026,-2.183889,0.27270383,0.6023,0.0,1.0
-1.8776025,-1.0442101,-1.0042927,1.0616688,0.30690342,2.2782435,2.317571,1.456502,1.286995,-0.24629568,-1.7593788,0.0,1.0
-1.2580903,0.47429866,-2.1915398,-0.97236925,0.8029426,0.14409886,-0.48181805,-0.5468638,2.7518206,1.6843308,0.09129892,0.4376358,0.21646267
-1.8776025,-1.0442101,-1.5177609,0.6153474,0.45339158,4.101922,1.078006,0.62071323,1.5703065,0.83161366,-0.30537266,0.47753412,0.7548308
0.67145205,2.4260392,-2.052132,-0.59278256,1.0479536,-1.5386337,-1.8718446,1.3034477,2.60292,-0.06443904,-0.18865937,1.0,0.0
1.2716323,-0.5310427,1.4314274,0.70111626,-0.8086315,-1.1525359,-0.96985584,-0.13057658,-1.4511617,-0.82597244,0.20235732,0.119857,0.6284598
-0.83783627,0.60584044,0.041650996,-0.4118893,-0.25194153,0.088315904,0.21030805,-0.1503211,-1.1520447,-0.41091156,-1.7593788,0.0,1.0
-1.8776025,-0.6367398,-0.7122664,0.7522742,0.36797217,2.0207458,2.3141892,-0.104998305,1.2400255,0.5693654,-0.16571362,0.0,1.0
-0.5755716,1.37073,-1.7335306,-0.6152591,-0.37164593,-1.1963309,-0.6555046,-0.24727672,1.2584388,-1.3027898,0.6446774,0.057727244,0.58410513
-0.636696,-0.9131942,0.44369522,1.8094841,0.27828082,1.8351507,0.6104395,0.99609137,0.25171146,-0.09930934,-0.70615286,0.22735369,0.75811505
1.1663928,2.477782,0.6982535,-0.69078207,3.4192939,-0.7870111,-0.27867895,0.8780495,-0.07590667,2.2838242,0.3599503,0.50065094,0.02254803
-0.08171892,0.9316104,-0.5493828,-0.6914527,0.16692135,0.84555495,-0.12617373,-0.80306,-0.32460842,0.47339642,0.5373906,0.33699954,1.0
-0.16496016,1.6717645,-1.0484473,0.07054527,0.5482984,-0.7337385,-0.096865945,0.37956962,0.2946818,2.1607502,0.33291936,0.21464302,0.84243184
-0.10686287,1.768953,-1.2233737,-0.043430943,0.2809619,-0.89124674,-0.7141455,-0.14837131,1.1171105,-0.4772647,1.2514921,0.24472147,0.14072947
-0.99057215,3.71885,-0.7951896,0.22429469,0.12336011,-1.5386337,-1.8718446,-0.014578208,2.7518206,1.9895055,1.8658206,1.0,0.0
0.49895582,-0.6417013,0.6992834,-0.42845285,-0.8466532,0.20427798,-0.876136,-0.576745,0.3802997,-0.48350602,-0.10009171,0.18645306,0.3828332
0.47126114,0.27560794,2.1324239,1.1153833,-0.93371063,0.41542643,-0.49574524,-0.049312588,-0.46280947,-1.6747506,-0.695997,0.0,1.0
-0.7705798,0.14903168,-1.630845,0.11869654,-0.93371063,-0.7439006,-1.205512,-1.5922731,-2.183889,-0.9167574,0.71029574,0.13128893,1.0
-0.54207176,0.17851992,0.7099125,-0.33582836,-0.73285323,-1.4057734,0.031215992,-0.4991568,1.7538718,-1.0737994,0.7747243,0.02441173,0.9499451
-1.414337,0.53002775,-1.5125508,-0.19934389,0.23044203,-0.6397566,0.7576343,-1.1729769,-0.4609832,0.1742027,-0.39568204,0.0,1.0
1.5035416,4.7222033,-0.018099641,-0.21797584,0.830892,-0.2985282,-1.460361,1.087284,0.41353387,0.07572754,0.23808764,1.0,0.0
-0.817836,0.5736658,-0.475868,0.3235674,-0.68232703,-0.7577972,-0.79872644,-0.3128228,0.654689,0.04632066,1.4015558,0.0,0.8165479
-0.9027823,0.9951708,-0.3387777,-0.25544164,-0.93371063,-1.5386337,0.4900899,-0.32834247,0.042201184,0.9646577,0.26000142,0.0,1.0
1.7877947,2.5860505,0.39271453,-0.51513076,2.0583186,-0.4980052,-0.24568604,0.8990356,1.2205213,2.2838242,1.1124719,0.992711,0.5139416
0.95269984,1.8978482,0.12011147,-0.97236925,-0.378476,-0.45293552,-0.2724054,-0.046637986,-0.09185249,-0.53077704,0.096230514,0.0,0.911717
-0.023124296,1.5673634,-0.06300425,-0.042709716,-0.3840862,-1.5386337,-0.7055963,0.20058897,1.8033962,1.6691413,1.379029,0.20611136,0.31732458
0.01338478,-0.5183807,-0.4910365,-0.44632483,-0.5245123,-0.53215164,-0.1728218,-0.20106798,-0.10952458,-1.0476234,-0.49155957,0.07357963,0.9325285
0.08859528,0.032673627,-0.57377434,-0.12437867,0.091639206,-1.5386337,-0.8129247,0.3261971,-0.3450818,-0.026795283,-0.7043918,0.0,0.7948676
-1.575667,0.19044283,-0.6727189,0.3132837,0.32652047,1.4766872,1.3152616,-0.04579549,0.8919396,-0.60650235,-1.4056984,0.0,0.7760978
-0.37690696,0.24582726,-1.1494993,-0.97236925,0.29053637,-1.0886768,0.061022308,-0.16160953,0.19617485,0.12587868,-1.1293765,0.0,0.8146339
0.7321212,-0.9224976,-0.746111,-0.97236925,-0.64213896,-1.4735197,-0.7210655,-0.8696902,-1.6747414,-0.41394383,-0.7566539,0.0,1.0
1.597819,1.3877592,0.80287564,-0.5732344,1.1254472,-0.16490006,-1.3964759,0.032025985,-1.704565,1.69205,1.1818668,0.3524354,0.4825589
-0.2140632,0.17355922,0.49439797,-0.97236925,0.18006647,-1.5386337,-0.8786131,-1.5922731,-1.6420422,-1.5122805,0.10091683,0.0,1.0
-0.88572043,0.81646484,-0.6103658,-0.71536267,-0.5404976,-1.4907244,0.48365483,-0.51094264,0.07206632,-0.36200976,-0.8885436,0.0,0.8250574
0.570006,0.9431295,1.2139438,2.1267874,-0.16186628,1.6199511,1.8322821,1.0583917,-2.183889,-0.34561443,-1.6846888,0.0,1.0
-0.75503427,-0.057053488,-0.17605673,2.037628,0.11389685,1.2010791,1.178774,1.0817627,-1.9566611,-0.5311553,-1.7593788,0.0,0.92634296
-1.386509,1.7237672,-1.6930492,0.8404431,-0.3260763,-1.3508761,-1.8718446,0.69825387,1.4906548,-0.042241726,0.84601957,0.3660125,0.48160562
-0.3716161,-0.54717934,1.553511,-0.81861544,-0.93371063,0.001791779,-1.1351978,-1.5922731,-1.6278217,-0.2943805,0.72722185,0.21525985,0.5599271
0.8050146,0.4109529,-1.9698299,-0.97236925,-0.38775688,-0.43890375,-0.9815162,-0.82018316,-1.910193,-1.6747506,-0.997784,0.0,1.0
-0.24393265,0.37305957,-1.1059141,-0.97236925,-0.33222216,-1.2451942,-0.5215895,-1.5922731,-2.183889,-0.9709097,-0.021913463,0.0,1.0
1.0082052,0.08465819,0.48982778,-0.0073305564,-0.23328,-0.9941157,-1.4574853,0.4024735,-0.6576236,0.9633905,0.8617273,0.5931648,0.6858895
0.8762295,0.56440204,-1.7056112,-0.24871078,0.51947373,-1.5386337,-0.68763345,0.52942526,-0.1477219,0.9560499,-0.61255276,0.43447876,0.57550895
-1.136093,1.1377873,-1.4648187,0.4830119,0.9856977,-1.4890409,-1.8718446,0.8110563,2.299422,0.63561773,0.6183016,0.8119334,0.37706178
1.3590434,0.7014096,2.361921,0.2006175,-0.93371063,-0.05571834,0.46920106,0.11940326,-0.84546614,-1.1736575,-0.20479241,0.0,1.0
-0.081004985,-0.22642808,-0.54872155,-0.9457942,-0.18710382,-0.7926011,-0.2851145,-0.22375548,0.31410915,-0.7512647,-0.91692394,0.0,1.0
-0.25680488,-0.890697,-0.46539116,-0.22087495,0.37437242,0.48242766,1.2847508,0.7288874,2.3457878,1.0765649,-1.2610823,0.0,0.95949227
0.70540655,0.89370143,-0.4965673,-0.4543154,-0.8139285,-1.5386337,-1.0281621,-0.4739348,-2.183889,0.026679952,0.9289664,0.0,1.0
-1.3726534,0.7778801,0.41133377,0.5509299,-0.282807,1.9822624,2.0768387,0.6926587,0.6355135,-1.3283068,-1.7593788,0.0,0.5217149
-1.8776025,0.66962475,-1.8473763,2.0234458,0.40060946,-0.14827245,1.0034239,-0.06437169,-1.0566976,-0.96119875,-1.1223856,0.13055633,1.0
-0.074512385,-0.34999955,0.86197704,-0.58218825,0.018826324,-1.0659304,-1.3608365,-0.72666967,-1.1127961,0.61453307,1.0600396,0.0039035846,1.0
0.8167935,2.413248,-0.5860518,-0.40146044,-0.07254946,-0.56247973,0.7238669,0.2173086,-0.94469136,-1.6747506,-0.5109203,0.0,0.67746687
2.0764496,0.21806502,0.8276349,-0.56706065,1.2586218,-0.039941847,-0.34969282,0.88950247,-0.9510386,1.1997968,-0.5858068,0.0,0.90772307
1.5223192,1.5307447,-1.7380602,-0.5698792,0.564887,-0.26026547,-1.8718446,0.949285,0.2861096,0.103868134,-1.1152114,1.0,0.0
-0.5083279,1.8675196,-2.1915398,-0.97236925,-0.42702776,0.28205538,0.5013036,-1.0797371,-0.4159847,-0.37379742,-0.8035797,0.04250907,0.41940224
-0.040646307,-0.6682095,0.46394745,-0.09430688,-0.89269656,-0.87538767,-0.031311177,0.089455426,0.8669602,-1.1092569,0.0071207676,0.0,0.892375
-0.72607267,-0.82246476,-0.9792707,-0.3042279,0.678767,-0.45857793,0.026008647,0.033435754,1.5070206,0.6264207,-0.40361083,0.0,0.53735256
-0.5319734,-0.14816009,-1.035592,-0.97236925,-0.4158763,-1.1871587,-0.6113296,-1.0306706,-1.3771276,-1.17228,-0.7203229,0.0,1.0
0.30975655,0.5867125,0.8810465,-0.97236925,0.05685233,-0.80085146,0.17334245,-0.52798307,-0.15372607,-0.84932256,-0.44561112,0.0,1.0
-0.75129795,0.0797061,-0.7174037,-0.6399405,0.18212913,0.94716847,0.5379049,-0.59020144,1.398033,-0.7160219,-0.5978742,0.21616825,0.48397085
1.2192047,2.9226491,-1.7597616,-0.97236925,0.8220299,-0.60632044,-1.5631642,0.47644246,1.034294,-0.7155668,-0.57950854,0.8501497,0.3717486
-0.26406062,0.16973105,-0.6132703,-0.047055848,-0.01598059,-1.3309728,-0.029160859,0.24806209,0.26679733,-0.05000896,-0.6637307,0.0,0.67718524
0.19990583,-0.59210813,0.21330337,-0.51860076,-0.38529477,-1.1603773,-0.6960819,-0.94911987,-0.7900908,-0.03778508,-0.1535218,0.0,0.9607185
-1.3981215,1.4319563,-1.4782807,-0.91323805,-0.28284854,0.17327505,-0.33528376,-0.80793154,2.2550256,0.9316994,0.41715407,0.48571503,0.36542717
1.1066635,0.11220719,-1.3275067,-0.97236925,0.69742256,-1.4834173,-0.3317208,0.78012407,-0.1611626,-0.115000784,-1.7593788,0.46910048,0.5755675
-0.08114402,0.40072545,-0.43766364,-0.6848055,-0.34506854,-1.2603372,-1.2536299,-0.42286018,0.32852623,-0.83707917,0.8787032,0.3976126,0.34227276
-1.0858808,2.1048636,-1.2612724,-0.78259534,-0.27585244,-0.7507988,1.0219969,-0.9137084,2.008622,-0.8066079,1.8658206,0.16455814,0.46818843
-1.2777474,1.0300794,0.5892348,1.4576852,0.03778559,0.38995612,2.1508539,0.4371585,-0.050247006,-1.6747506,-1.0352402,0.0,1.0
-0.5249524,-0.60941565,-1.0162976,-0.06597536,0.13009034,0.06294323,0.48209697,-0.11709054,-0.155119,-0.39189208,-1.2993197,0.0,1.0
-1.2765068,-0.78572154,-0.90648836,-0.23690093,0.86586696,-0.791301,0.89401734,0.07215131,0.12550578,1.1383212,-1.063963,0.0,1.0
0.908851,-1.012253,0.8422945,0.9158677,1.1617771,-1.0043625,0.36577588,1.4340817,-0.5245536,1.2056255,-0.77476776,0.23731872,0.6049395
-0.68925184,-0.30628467,0.46035498,-0.4153438,-0.45162857,-1.5386337,-1.1316534,-1.5922731,-0.710471,-1.5750688,1.5297055,0.0,1.0
0.24349296,2.0720534,-1.3510318,-0.15193528,1.3076799,-1.2092216,-1.8718446,0.6323871,0.9336582,1.7217175,0.01686072,0.89006245,0.0
-0.5674172,1.6197777,-2.1915398,-0.90998155,-0.69179964,-1.0724912,-1.712753,-0.09433587,0.6253062,0.17617624,-0.77243346,0.19985406,0.47318044
-0.6909258,3.1499395,-1.8825971,-0.3741902,0.2545745,-1.5386337,-1.8718446,0.024790645,2.0505495,-0.33968222,1.0201169,0.92074734,0.24547172
-0.14879906,3.5062826,-2.1915398,-0.88784707,-0.4588351,-1.3715707,-1.423791,0.10498524,1.4000568,-0.3088616,0.02832131,0.9142681,0.5910693
-0.23465051,2.4240124,-2.1915398,-0.41062266,0.010097787,-1.1964141,-1.2038137,-0.4789159,-0.6112288,-0.60745007,-1.1533694,0.8326739,0.23887095
-0.39210877,-0.46434006,-1.6584104,-0.90039575,-0.61525875,-0.29450315,0.545913,-0.081321016,0.7356034,0.43964493,-0.6970311,0.0,1.0
1.1504426,0.12658136,0.84761024,-0.6716503,-0.14591613,-0.24916667,-0.51860803,-0.87043947,-1.346297,-0.44527084,-0.026660226,0.0,0.67938226
-1.2227545,-0.19108975,-0.9161236,-0.17636044,-0.6311461,0.48566222,-0.15530841,-0.3587651,1.2308084,-0.07540266,0.4793194,0.282553,0.15123448
-0.12940581,2.321913,-1.4007293,-0.06475738,0.22612797,-1.5386337,-1.0818356,0.4791239,0.69619083,0.5770706,0.5148659,0.84734106,0.53463846
0.96166867,0.41430274,-1.068541,0.4072296,1.6898443,-1.5386337,-1.6757869,1.5697736,0.56201935,0.63512844,-1.0032728,1.0,0.0
-0.47391894,-0.4539689,0.6664065,-0.53695667,-0.6696128,-0.9499584,-0.86130905,-0.8112541,0.49256676,0.56699044,0.59873736,0.10255247,0.5217304
-0.7430003,4.7222033,-2.1915398,1.0577613,1.5238785,-1.3775141,-1.8718446,0.3487597,2.6176264,-1.3542441,1.1250268,1.0,0.0
-0.43550137,2.3391633,-2.1915398,-0.6829362,0.13993382,-1.3270501,-1.4204705,0.16429465,0.88621056,-1.6747506,-0.47897667,0.7097551,0.65869594
-0.6824051,0.10299617,1.5199302,-0.10441295,-0.38575894,-1.1744684,-0.6664231,-0.8981261,0.19666141,-1.6747506,0.34814608,0.019881833,0.7498003
-1.8776025,-0.08253868,0.029731678,0.9389481,1.1518569,4.338917,2.317571,0.55206573,0.39619082,-0.5131481,-1.7274356,0.0,0.93328846
-1.5907596,0.34500334,-0.8958255,0.1500197,0.28255093,0.23412152,0.98289937,0.09133828,-0.70266837,-0.95265985,-1.7593788,0.0,1.0
-0.27472284,1.434635,-0.24701782,-0.25755304,-0.39078173,-0.5281432,0.78138804,-0.08086501,-0.46120828,-0.028877169,0.074320555,0.0,1.0
0.98687524,0.531022,0.12108678,-0.84145963,-0.6953404,-0.53224486,-0.55609035,-0.65198153,-1.0912275,-1.1457729,0.5665201,0.057701495,1.0
-0.28364405,0.3542233,0.7443071,-0.49448833,-0.5178414,-1.3006375,-1.0458543,-1.3940221,-1.3853321,-1.3382297,0.6422034,0.0,0.98053086
-0.022340022,1.2274103,-1.3202695,-0.04356034,0.31183624,-0.61606586,-0.081349865,-0.24404424,-0.5641342,0.48514515,-0.9308295,0.023098055,0.6141582
0.9892886,-0.08618827,1.8373168,-0.16539727,-0.24634144,-1.0164461,-0.8385936,-0.16119072,-0.72742003,-0.9797041,-0.49950558,0.0,0.8200822
-0.43608633,-0.23138347,-1.6607354,-0.16670668,-0.4844524,-0.9409666,-1.0046921,0.32216275,1.0960178,0.46733165,-0.23150603,0.20506306,0.56561285
-0.28664258,1.1051465,-0.3251385,-0.6984558,-0.44919622,-0.48248756,-0.323621,-0.4379761,0.7799668,-0.27432507,-0.19491412,0.0,1.0
0.11385811,1.8275751,0.039096013,-0.1109729,0.17794831,-0.97666186,-1.1083087,0.585915,0.9305284,0.34597772,0.7910433,0.7262604,0.11449988
0.8858254,4.563513,-1.6428094,-0.43119013,-0.17334624,-1.5386337,-0.9547626,0.27089974,1.0551739,-0.9574953,1.8658206,0.48790076,0.8974012
0.54254746,4.7222033,-2.1915398,0.4617026,1.2493395,-1.5386337,-1.8718446,1.7367737,2.3602343,1.1224419,0.94271034,1.0,0.0
-0.22224772,0.4933055,0.39474055,0.7320898,-0.755162,0.9010876,0.4753085,0.19509748,-0.05711508,-0.5245538,-1.3197112,0.0,1.0
-1.1770635,0.5889072,-0.9947552,0.3979427,-0.67565095,-1.3651954,-0.51234335,-0.48981008,2.036437,0.95352185,1.5154316,0.09754209,1.0
-1.2224258,-0.8864195,-0.5478468,0.656462,1.6682606,1.9106116,1.1283218,1.337424,1.4914025,0.99170005,-1.3183109,0.0,1.0
-1.0949212,0.55860716,-1.2761164,-0.34719425,0.28261003,-0.31886023,0.03697665,-0.48819897,0.34227735,-0.66387945,0.83294785,0.23641844,0.2787868
-0.46485823,2.1439776,-2.1915398,0.20518278,-0.51844525,-1.2817571,-1.5974274,0.18032882,0.24638054,-0.49025494,-0.6013737,0.143819,0.53527385
-0.48690936,-0.48366025,0.52216315,0.18683879,-0.14868823,-1.2690563,-0.34497178,0.18893851,0.5254041,0.09252198,0.2236529,0.0,0.24892649
0.7576141,1.6174961,-1.2532144,-0.4925856,0.118878186,-1.3138487,-0.8858666,0.5639348,0.5010486,-0.25493664,-0.2887234,1.0,0.0
-0.31540164,0.7402941,-0.10102537,-0.37800652,0.40272534,-0.96340746,0.4339667,-0.040972684,-0.36868426,-1.0639533,-1.7593788,0.0,0.80320865
-1.0664963,0.5482411,-1.978459,-0.77771306,0.054415915,-0.73873526,-0.3893517,-0.34785488,1.1806226,-0.7217135,-1.3066249,0.23192583,0.7131088
-0.39701372,-0.33680305,-0.06612279,-0.22984701,-0.837074,-0.92986614,-0.1786455,-0.280723,-0.06755347,-0.48280424,-0.57657534,0.0,0.66734344
1.0108227,1.5138427,1.0982822,0.20527795,0.74608195,-0.8999013,0.06496146,0.5106945,-0.71008253,1.525411,0.82482636,0.3998303,0.83764803
0.25955608,-0.2539373,-1.2753667,-0.53481734,0.52157396,-0.039005067,-0.43725646,0.66519535,0.5143561,0.815656,-1.3235958,0.58007085,0.72534746
-0.2416138,0.97698265,0.28570136,0.42787614,0.11532821,-1.0161725,1.0091045,0.40267545,0.09910088,-0.9425302,-1.1867789,0.0,0.73463106
-0.40157723,1.9001542,-0.79158646,-0.41629973,-0.22109477,-0.48885512,-0.6011535,-0.6074406,-0.8102969,-0.6127472,0.6298731,0.12996925,1.0
1.7515937,0.02359236,0.18818532,-0.97236925,-0.657127,-1.2596209,-1.4165184,-1.5021516,-2.183889,-1.5061144,1.3438166,0.040438622,0.99684584
-0.66707844,0.24408734,1.0802993,-0.0961905,-0.093847364,-1.3313171,0.3840586,-0.8823367,0.09785475,-0.39756495,0.5386832,0.0,0.9525513
0.18381688,3.3766809,-2.1915398,-0.34272218,0.49732372,-1.050091,-1.8718446,0.77031296,0.82335895,-1.6747506,-0.4092036,0.7114019,0.62944436
0.22080442,-0.8022711,1.0547723,-0.09375072,-0.44541615,-1.5386337,-1.474013,-0.50383276,-0.492747,0.7989008,0.8964171,0.30325466,0.6021945
-0.355374,0.13486032,1.4580148,1.4694672,-0.93371063,1.2496768,0.7466589,0.7690314,-0.09113285,-0.48974824,-1.3418937,0.0,0.38849205
1.7927334,0.13760304,-0.24699159,-0.97236925,1.1010461,-0.6451658,0.49569118,0.3948455,-1.2770634,-0.020386007,-0.88555676,0.0,1.0
-1.8776025,-1.0442101,-0.8390272,0.44156593,1.2929746,2.5375266,2.317571,0.5106006,1.3117887,1.7918093,-0.59092945,0.0,1.0
0.6873202,1.497838,-1.7043848,-0.8551931,0.5153879,-0.6176021,-1.3023187,0.059662335,-0.093443304,-0.683616,-0.08651484,0.8886758,0.07877175
0.047686927,0.30446583,0.5736257,-0.97236925,-0.30280995,-0.9411194,-1.5488808,-1.378024,-1.5046618,-1.6747506,0.066013314,0.0,1.0
-0.04440523,0.14762339,0.60796916,0.19737343,-0.52921975,1.2761785,-0.115882464,-0.15468517,-0.45348552,-0.24474968,-0.5893649,0.11290696,0.6459187
0.11036924,-0.6448413,0.26484174,-0.73010564,-0.46733934,-1.4894334,-1.1529676,-1.2438703,-1.8286692,-0.50421697,0.64639056,0.0,1.0
0.9995958,1.1945078,-0.5624669,-0.97236925,-0.67366624,-0.7964634,-0.9187019,-0.48007408,-2.183889,-0.33322835,-0.07668401,0.5896646,1.0
-1.3762234,0.1846786,-0.40842605,-0.26081532,-0.5006114,-0.49984318,-0.53517544,-0.25048438,2.3957453,1.5127498,1.0448748,0.4299113,0.82503545
-0.66129243,-0.13569431,-0.33588797,-0.44480586,-0.6925002,-0.18649827,0.8589439,0.22732055,1.2458954,0.1295829,-1.1308534,0.0,0.9786726
0.62847567,4.7222033,-2.1915398,-0.66977155,0.0871619,-0.995446,-1.7091533,0.84277415,0.50863695,-0.94572705,-0.43416458,0.74253803,0.0
-0.5608173,2.0537002,-2.1915398,-0.5271362,7.4174255e-05,-1.1192182,-0.78207105,-0.34559077,-0.6000453,-1.0685319,-0.87331104,0.31245732,0.5515292
-0.071864456,-0.26890492,0.7824226,0.6376635,-0.93371063,0.46460122,0.6291515,0.572735,0.71537936,0.2618708,-0.42170167,0.0,0.7940278
0.29962495,0.9571277,-0.237281,-0.5398078,-0.53799284,-0.9461428,-0.5423727,-0.31234473,-1.3281966,-1.3367876,-0.64216274,0.0,1.0
0.22777984,1.3132339,-1.1965787,0.27110073,0.15921521,-0.6856751,-1.1334095,0.21047327,0.8661626,0.8834824,1.4382856,0.7934003,0.38281685
-1.8776025,2.7892113,-2.1915398,1.1762389,-0.13650845,-1.5386337,-1.8718446,-0.46184793,1.916998,-0.522291,1.8658206,0.38264263,0.54166454
-1.8776025,3.8520944,-2.1915398,0.8679268,0.7097599,-1.5040599,-1.8718446,0.48013666,1.4768268,1.3575993,1.3939906,0.77444386,0.12752622
-0.9371622,0.38705197,-0.21337944,0.7625584,0.34256002,0.47783774,0.6794579,0.62262064,0.2579422,-1.6747506,-1.7453694,0.0,1.0
0.870287,1.8377349,-0.4473023,-0.97236925,0.07626255,-0.8974176,-0.5184163,0.49007842,-0.19504395,0.5760852,-0.14131643,0.0813245,0.78050154
0.061517775,-1.0442101,0.9441701,0.5837882,1.7972188,-1.1492164,-0.15737887,1.2188624,1.1411978,0.7895972,-0.8526415,0.0905425,0.8375444
0.60125715,1.7863674,-0.4396828,0.2717198,2.1785936,-1.0465639,-0.8411179,1.1084669,-0.26312628,0.26719862,-0.9248972,0.59194165,0.80472744
1.091601,-1.0442101,-0.33128068,-0.97236925,-0.83415174,-0.8632025,-1.687641,-1.5922731,-2.183889,-0.84109676,0.30737692,0.0,1.0
0.17756794,-0.70846623,0.05081518,-0.48147473,0.16471796,-1.5386337,-1.1508238,-0.109521404,-0.63777524,-0.0497081,0.120312855,0.09107605,0.8594419
-0.8397112,0.2927446,-1.6687224,-0.16832685,0.24037264,-1.2995391,-0.5413313,-0.19152312,-1.4841045,-0.9044718,-1.0887873,0.0,1.0
0.21802016,-0.5215734,-1.1130655,-0.54387254,-0.93371063,0.66790926,0.17898974,-0.23803791,0.05698031,0.6068813,-0.7014154,0.006835771,0.8540822
-0.50384843,-0.18703724,0.7021831,2.1267874,0.10613309,1.6171615,1.3110166,0.8347502,-1.982687,-1.2144778,-1.440921,0.0,1.0
0.6861624,0.6497748,-0.58151126,-0.47479165,0.64517844,-1.3658048,-0.80594456,0.7674827,1.3040601,0.6178923,0.050896175,0.90630656,0.17269658
0.6581252,0.30170837,1.4218551,1.9123355,2.2308354,1.1354159,0.80995435,1.7367737,-1.3045051,-0.11423546,-1.7593788,0.20515832,1.0
0.16202916,0.51357096,-1.5409731,-0.97236925,-0.26575473,-0.864339,-1.3059154,-0.52667236,-0.6387432,-1.5293213,-0.87285876,0.0,1.0
-0.5049184,3.4657674,-2.1915398,-0.97236925,-0.033406835,-1.3820821,-0.9577509,0.37814853,0.18045223,-0.653752,-1.7593788,0.35099423,0.6856075
0.3797377,0.82044965,1.638553,-0.6440863,0.05958299,-0.37439144,-0.35125527,-0.18050335,0.46847266,-1.213661,-0.7700093,0.0,1.0
0.15893412,-0.30387065,0.7239046,0.13794968,-0.80577236,-1.2769651,-0.24073246,0.046180118,0.44517058,-0.27127457,0.19230548,0.0,0.6472943
0.43468678,1.5252783,-0.101725385,0.12067747,0.27546835,-0.32708377,-0.37715986,0.088341385,-0.24445613,-0.5300466,0.2660706,0.4603285,0.23590808
-0.29462248,-0.5863512,0.025784919,-0.8951553,-0.6530819,-0.9159746,-1.1551076,-1.5922731,-1.0840112,-0.79268306,0.45955175,0.09268239,0.93573815
-1.1223102,-0.10937306,-1.0636587,-0.6332439,0.035246044,-0.7190061,0.33589697,-0.023363344,1.2886218,0.24858288,-0.9838991,0.0,0.82691723
0.33881357,-1.0442101,0.116725855,-0.24138524,-0.93371063,-1.4136022,-1.3202575,-1.1619118,-0.92398274,0.25412005,1.0448855,0.0,0.76465404
-0.85434884,-0.21865049,0.6206572,1.8786829,-0.016727827,3.3715186,1.5569367,0.5938827,-0.19677114,-0.81187135,-1.7593788,0.0,1.0
0.44705603,1.4556564,1.9086987,0.22586238,-0.93371063,-0.54165447,0.31914923,0.79430175,0.8285544,0.24695976,0.37265617,0.0,0.73902476
-0.69899714,-1.0442101,-1.1145625,-0.087963514,-0.14684582,-0.27348846,0.18074675,-0.24974579,0.31073618,-0.53428495,-1.0115056,0.25226784,0.96861696
-0.64751446,0.663915,0.27313474,0.5791319,0.06315982,0.5326062,1.2087588,-0.05163161,-0.7259719,-0.016776673,-0.9168098,0.0,1.0
2.942305,1.209468,-0.50193554,-0.75784636,1.7410127,-0.5416636,-0.9673121,1.4186587,-0.41716734,-0.1396267,-1.7593788,0.5470489,0.34839508
-1.437015,-0.6919972,-1.2749256,1.8423816,0.27841097,3.6548862,1.8670437,0.4213921,0.20233084,-0.6027788,-1.7593788,0.0,1.0
-1.0214137,-0.63767326,0.6785108,1.6261467,-0.69141465,0.7942686,0.673863,0.8620132,-0.025463942,-0.9946624,-0.3074659,0.093389794,0.69541603
0.9658894,0.3611235,-0.40950418,-0.16400848,0.8619725,-1.5357841,-1.0610801,0.7865811,-0.79300255,-0.47063822,-1.0548289,0.4802434,0.7210671
-0.7446477,2.2084346,-1.9598367,-0.79918504,-0.0062391125,-1.5386337,-0.42297086,-0.043457013,0.6541203,-1.6747506,-1.0075083,0.0,1.0
-0.9996963,0.7353813,-0.50265396,-0.21075583,-0.79629326,-0.22818004,-0.015748832,-0.700478,-0.15047088,-0.01477756,-0.32973474,0.015395127,0.61274755
0.060266666,-0.5803406,-0.57726395,-0.5778414,-0.1504672,-0.20980963,0.54162365,-0.122526914,0.7548814,-0.31651258,-0.39917326,0.0,0.6141423
0.8282812,0.2219786,0.94525623,0.5037178,2.5513105,0.18832538,1.2064329,1.2211729,-0.72112036,1.7453401,-0.27099496,0.18883923,0.6080219
-0.8056153,-0.6965086,-1.1196998,0.0075361645,0.1461086,-0.5199418,0.32729608,0.11338264,-0.6561478,-0.65093887,-1.7593788,0.18397358,1.0
0.7139915,4.483246,-2.1371596,-0.5299776,0.4121418,-1.5386337,-1.8718446,0.64824927,2.039341,0.010931391,0.8056263,1.0,0.15346332
0.28299287,-1.0442101,-0.30179077,-0.91725636,0.2778755,0.24918427,0.619212,0.22124286,1.032692,0.4963835,-1.4531118,0.0,0.7343616
-0.27027392,0.3161837,-0.96132135,-0.7626496,-0.5639648,-0.6494348,-0.21091907,-1.075068,-1.295253,-0.17098843,0.41272062,0.0,1.0
0.52142704,-0.70098764,-0.14975835,-0.827545,-0.43719992,-0.57163876,-0.8107059,-0.32631794,-0.30045822,-0.635027,-0.18878457,0.0,0.94314986
0.5278245,2.1177206,-1.0357804,-0.7670027,-0.034214072,-0.50781894,-1.3596205,0.50202364,0.25735256,-0.6086366,-0.5994734,0.43647537,0.63614434
-0.735606,0.2444983,-0.54605156,0.2689376,-0.38167605,0.02865588,0.94782805,0.4920854,-0.39762267,-0.20438775,-1.7593788,0.0,1.0
-0.8838061,1.4486169,-0.20775138,-0.011434751,-0.44149354,-0.8696102,-1.2267265,-0.54306376,1.2503217,0.84978575,1.8658206,0.360327,0.0
-1.114311,-0.63218886,-1.078261,-0.73339874,-0.4511439,-0.28832895,-0.5937717,-0.48776373,1.3733549,0.17168629,1.1667472,0.33506972,0.35800746
-1.728502,0.12003419,-1.0911714,0.26597026,-0.33483613,0.40935457,0.41247818,-0.43831617,0.114292674,0.16502725,-0.09111944,0.0,0.7816875
0.1840123,-1.0442101,-0.58658636,-0.67200196,-0.6548635,-1.1432638,-0.71987224,-0.31065065,1.1206585,0.08347122,-0.14737274,0.0,1.0
-1.2004925,-0.045144953,-0.84501106,0.66528475,0.24475323,0.83962345,1.9500582,0.4791833,0.4270235,-0.40533417,-1.7593788,0.0,1.0
0.87602645,0.6197093,0.73260355,0.10492522,0.37929422,-1.4184797,-0.14668722,-0.3011307,-1.104198,0.124109305,0.7936186,0.0,0.69778806
-1.5934751,0.4262887,-0.9126999,-0.20591983,-0.07616828,-1.1704677,-0.3009527,-0.8380495,0.3741579,-0.8129613,-0.14688335,0.0,0.7727827
0.6633399,0.6391021,-0.8462042,-0.8506536,-0.24761088,-0.48329824,-1.1570791,0.071198374,-0.67232925,-0.28625268,-0.65081704,0.0,0.8968743
-0.2535557,0.46711627,-0.58363956,-0.34028056,-0.21982569,-1.5386337,-0.15336138,-0.22146952,-0.7617268,-1.0211203,-0.4409938,0.0,1.0
0.21821873,0.7034118,0.57424587,-0.17052485,0.6111715,-1.461903,-1.4250225,0.7085576,1.7222116,1.2540381,0.33473468,0.7011394,0.22871393
0.5428967,-0.23131177,2.0169027,-0.7450831,-0.55676097,-0.64285594,-0.11147579,-0.25083748,1.2166104,0.088552065,0.74201035,0.19033699,0.6207358
-1.0525373,4.7222033,-1.4609987,1.2147452,1.4853083,-1.5386337,-1.8718446,0.82110846,2.7518206,0.8391438,1.8658206,1.0,0.0
-0.67854905,2.513438,-2.1915398,-0.025230672,0.5663452,-1.296326,-1.8718446,0.26385057,1.0999725,-0.0996998,0.056344934,0.8660383,0.23183548
0.99399346,1.3401599,-1.0411929,-0.53376585,-0.49206698,-0.8786388,-0.60308135,0.58709824,0.38462383,-0.42147088,-0.63102645,0.29883185,0.5649944
1.5796425,-0.8889912,0.6977706,0.19693607,1.1057782,-0.17302701,-0.29350984,0.8593365,-0.25573394,0.15129368,-0.6202886,0.56962186,0.5169917
0.17527065,2.710784,-2.0784004,-0.47120684,-0.021320252,-1.5386337,-1.6432945,0.6899569,1.6554008,0.4364581,0.40887856,0.9823137,0.22907333
-1.1351088,0.34338716,-1.0990615,-0.42204624,0.6260988,-1.3233606,0.19435641,0.07744034,0.8722451,-0.83628905,-1.18646,0.0,1.0
2.1529567,4.22798,-2.0154016,-0.936282,3.1814961,-1.4290206,-1.8718446,1.5940319,2.7518206,0.8153764,1.2341354,1.0,0.12570645
0.1540887,1.6501393,-1.2494994,-0.316403,-0.23463205,-1.4865332,-0.24211721,0.78255254,0.9172275,-0.04023109,-0.33511525,0.30445638,0.4936962
-0.11497264,-0.18630587,0.23300265,0.7327177,-0.93371063,1.6543524,-0.06263734,-0.1225626,-1.2366905,-1.1547619,-0.66383237,0.0,0.9372908
1.0150778,0.4767639,1.6598781,0.03387612,-0.12235452,0.8222866,0.40810382,0.19896477,0.22156417,-0.7827146,-0.49005115,0.0,0.7822436
-0.14335051,0.7800772,-1.7105434,-0.30848113,0.56333834,-0.7336462,-1.2498486,0.36869472,1.8489743,1.431571,0.56812096,0.73626286,0.04207462
-1.0794489,0.087005824,1.3284066,-0.7078379,-0.013413279,-0.024726588,1.0376266,-0.7536849,1.8589182,-0.49420178,0.31740254,0.0,0.9628533
1.7370706,-0.8781879,-0.76912344,-0.97236925,-0.93371063,-1.1478362,-0.79607224,-0.5462977,-2.0512156,-0.82848907,-1.3471545,0.0,1.0
1.0223925,2.6528966,-0.34007028,-0.7922746,0.10780692,-0.9896218,-1.070019,0.2357836,0.47190508,0.4765246,0.5771636,0.58594775,0.17353565
-0.884749,-0.39625728,-0.6217717,-0.07199664,-0.22257891,0.10456203,-0.19967408,-0.20960149,0.97338504,0.61790335,0.762351,0.0,0.0
-0.29681477,1.3508506,-1.6804813,-0.8551141,-0.88376963,-0.9842805,-0.7157746,-0.7565037,-0.37482172,-1.1070936,-0.6741931,0.27953666,1.0
-0.687369,0.009925936,-0.29212266,-0.46668383,-0.45925125,0.7480132,0.57038146,-0.124843255,1.3207791,-0.17658946,-0.34565222,0.0,0.56654304
-1.8776025,0.24155694,-2.1127646,0.57734776,0.9983447,0.87827164,1.3684882,-0.6657626,-0.2996421,0.37812978,-0.28053266,0.0,0.75901
2.4332664,2.9671984,0.7802387,0.64653474,4.4537687,-0.8956256,-0.45550618,1.7367737,-0.37731186,1.7892076,0.13048683,1.0,0.5371044
-0.40655157,-0.3521943,-0.6189038,0.37429774,-0.81530046,2.2013278,0.24430189,0.29687256,0.14565367,-0.2257264,-1.7593788,0.0,0.85587794
-0.12782337,-0.17229645,0.0486307,-0.006174009,-0.0078063207,-1.2848105,-0.7972891,-0.744511,-1.3956285,-0.46566868,0.0057516526,0.0,1.0
-1.0196265,-0.572434,-0.050692856,0.20975971,-0.761942,-0.7665838,-0.70509577,-0.8268842,0.26873615,0.34200877,1.0237697,0.00026025344,0.7674694
0.7087176,0.4301762,1.4034312,0.87551266,-0.93371063,1.6619117,0.715383,1.7367737,0.108167864,-0.91348827,-1.7593788,0.0654451,0.8150871
-0.8561383,-0.105512306,0.19666398,-0.13470846,-0.50493515,-1.5386337,-0.8114165,-1.1776223,0.004299802,-0.4054898,0.45199078,0.0,0.9767182
-1.1960478,0.57906157,0.46465957,-0.018898979,-0.922218,-1.4308785,-1.6557746,-0.84798974,0.5434717,-0.45376134,0.14981738,0.42394608,0.78137267
0.6809403,1.7295947,1.9361365,-0.5362384,2.0521042,-0.46310282,0.44893274,0.78012866,2.3470824,2.2838242,0.9534767,0.6626805,0.52197474
0.25788108,4.7222033,-2.1915398,-0.11151337,0.7012032,-1.4267005,-1.8718446,1.5296638,2.1187997,-1.3910028,-0.72423434,1.0,0.0
-0.57582706,-0.062857464,0.9358841,0.682574,-0.4878185,0.38832283,1.5552245,0.51938844,1.3005297,-0.5494632,-0.17483132,0.0,0.71287453
0.50159323,0.059385434,-1.5897883,0.03461436,1.0185407,-0.58951765,-1.7944826,0.55201817,0.21626069,0.27476764,0.29081678,0.8563889,0.0
-0.81412154,0.6249354,0.045311376,-0.49172264,-0.6285679,-0.9390178,-0.9554211,-1.3475057,-2.1755128,-1.5540701,-0.23746538,0.0,1.0
-0.39191642,-0.56817573,0.45307663,-0.27618274,-0.93371063,-1.2719485,-1.0630102,-1.435084,-1.7495928,0.06609297,1.4713393,0.35739088,1.0
1.2497402,-0.8316664,1.2039602,-0.10749916,-0.39564112,-0.041638143,-0.38278812,0.18177938,-0.37784162,-0.58113974,-0.46171075,0.051465966,0.58379984
-1.0790799,0.633107,-1.4308759,-0.19833264,-0.3801682,-1.3262601,-0.29195,-0.50128,0.52243185,-1.0395937,0.23260702,0.0,0.77746403
-1.7825996,-0.3207931,-0.56788,1.136147,0.42660457,1.9954476,2.0841072,0.67664385,0.70491105,-0.57140046,-1.7593788,0.0,1.0
2.0336046,3.649555,-0.12836547,-0.88983035,1.9821429,0.7201384,-0.48980835,0.60593265,0.6859574,1.732168,-0.07407619,1.0,0.20458327
0.7414907,0.74264467,-2.1915398,-0.81135845,-0.17457393,-0.16076328,-0.90063804,0.4794639,-0.8506002,0.2038903,-1.3330045,0.31178364,0.37590128
-0.952869,1.0532749,-0.95238405,-0.97236925,-0.35034606,-1.2814994,1.3563884,-0.19705382,1.2287933,-1.4780866,-1.3129826,0.0,0.95892555
-1.4331977,0.13217203,0.20823215,-0.22402109,-0.4140376,-1.5386337,-0.10567407,-0.37356105,1.1837001,-0.82979214,0.95191705,0.1343952,0.73942024
2.4021785,1.1645929,-0.22926044,0.39481363,1.6778184,-1.5386337,-1.0996983,1.7367737,0.49739787,0.27980435,-0.71094644,1.0,0.23232207
-0.21851169,-0.6139272,-1.6338328,-0.07491249,0.817123,-1.5386337,-1.1843163,0.93099564,0.07175072,0.27633864,-1.7593788,0.0,0.5350321
0.049030982,-1.0223123,-0.6672575,0.74815065,-0.21243598,2.688449,1.0096287,0.43531287,0.51823074,0.27852374,-1.41121,0.0,1.0
-1.0031748,-1.0442101,0.21871445,2.1267874,-0.39292127,2.8703141,1.9022276,1.7367737,-0.046324946,-0.5461706,-1.7593788,0.0,1.0
-1.3816972,0.32582366,0.033955432,0.2396289,-0.4010441,-1.5386337,-1.1148672,-0.3972571,2.4186184,-0.43061185,1.1471827,0.28803918,0.4874908
-0.72742385,0.34415653,-1.3681295,-0.6213832,-0.16136771,-1.5386337,-0.106314756,-0.9182921,-1.754262,-0.5746018,-1.2384299,0.0,1.0
-1.8776025,-0.2890502,-1.5074561,0.44849375,-0.35256934,2.7190902,1.8999066,0.13330525,0.165053,-1.4244789,-1.6149005,0.0,1.0
-1.3725307,0.5325936,0.4384956,0.14224343,-0.4217609,2.278445,2.2902005,0.376021,1.9467076,-0.21114708,-0.8060974,0.03833528,0.78381765
-1.8776025,0.68583107,-1.2095121,-0.3730381,0.006003162,-0.8273439,0.45186812,-1.2531555,0.7655499,-0.48790306,0.09102312,0.0070004305,1.0
-0.9507359,-0.030742578,-0.50537854,-0.90103763,-0.5930339,-1.1626178,-0.56079364,-0.786517,-0.4358372,-0.4785589,0.15355738,0.0,1.0
-0.05773984,2.9076755,-0.88095945,-0.28472406,-0.35197955,-1.4793372,0.27064446,0.090297215,0.16417795,-0.46329314,0.19324578,0.05075772,1.0
0.2712008,0.061523706,1.3007443,-0.7487045,-0.41669273,-0.63034844,0.21816479,-0.13630109,0.33838937,-0.12909961,0.042750075,0.0,0.30846104
0.27374586,-0.03690352,0.7186646,0.99597496,-0.14925988,-0.60114104,-0.16926149,0.5088903,-0.94001913,-1.6747506,-0.43775618,0.0,1.0
0.09321426,0.0626114,0.87609863,-0.59755546,-0.81803805,-0.2896207,-0.35618573,-0.5622982,0.6462462,-0.719819,0.87809587,0.18512073,0.5880593
2.7170603,4.7222033,-2.1915398,-0.97236925,1.3638405,-1.3119622,-1.8718446,1.711806,2.365814,-0.6442411,-0.031855978,1.0,0.0
-1.8776025,1.9462972,-0.6035254,-0.942812,-0.6512613,-1.5386337,0.10362227,-1.0523794,2.7518206,0.79247385,1.8658206,0.0,1.0
0.69898504,0.5432172,2.5171232,1.4365741,2.8511593,2.3461218,1.560846,0.93289536,0.28562298,2.2838242,-0.074086666,0.12238638,1.0
0.37497562,0.39719984,1.360333,0.018104203,0.46621987,-0.92727625,0.25631034,0.2998342,0.8017354,0.96365786,-0.008851918,0.14443327,0.825044
-0.26633632,-1.0098062,0.03910935,1.1792755,0.082467094,0.8126041,0.42356822,0.9998664,-0.2982382,0.2227608,-1.7593788,0.0,0.655616
-0.07078373,4.7222033,-2.1915398,0.7973601,1.7135513,-1.5386337,-1.8718446,1.646318,2.7518206,1.7989753,1.3064439,1.0,0.0
0.46773416,4.5366073,-2.1915398,-0.97236925,0.6705226,-1.2792289,-1.8718446,-0.30532625,2.2487469,-0.51344913,0.8954925,1.0,0.0
-0.9015775,0.41031188,0.81520426,0.08080363,-0.36163932,0.52597964,0.18251638,-0.08872037,0.06166183,-0.35442388,-0.23622075,0.043507595,0.1989325
-0.30610916,-0.27688894,0.06831367,-0.822315,0.14250892,0.35326505,-0.16554558,-0.3741761,-0.33039495,-0.16461706,-0.67369246,0.07372864,0.88905436
1.2972594,-0.18176146,1.9882395,-0.31915274,-0.65556365,-1.4678204,-0.7824847,0.21338077,0.32670265,-0.17538293,0.204474,0.14253399,0.8477908
0.35731593,0.8927761,0.5593725,0.31778857,-0.4350933,-0.58308804,0.20080289,0.4555766,-0.71704614,-1.4722707,-1.011695,0.0,0.8850528
-0.87086564,1.8710381,-2.1915398,-0.97236925,-0.5997497,-1.1003889,-1.208915,-0.76633954,0.7253873,-0.036743425,-0.14958881,0.5799032,0.5694018
-1.4064236,0.50477815,-0.8633257,0.9271417,0.26281276,-0.78837866,-1.402963,0.0038343016,1.202302,0.06815851,1.8658206,0.34925836,0.54605865
-1.238096,2.8088524,-2.1915398,0.64469814,1.0394744,-1.5386337,-1.7820046,-0.6208746,-2.183889,0.7717448,0.4155122,0.31257913,0.5959817
0.23595846,-0.24956208,-0.46627358,-0.97236925,-0.93371063,-1.5386337,-1.5436914,-1.5822747,-2.183889,-0.7835437,0.48885167,0.0,1.0
-0.290571,3.59814,-1.7563525,-0.56622684,2.426911,-1.5386337,-1.8718446,0.76629406,2.7518206,2.2838242,1.8658206,1.0,0.0
0.782945,-0.9092178,2.8018205,2.1267874,0.37995297,1.1299692,1.2578697,1.7367737,-2.0374334,-0.61264133,-1.7593788,0.103177056,1.0
-1.2565403,0.12277925,-1.3306471,-0.59866726,-0.28456303,0.14489053,-0.16896178,-0.66246575,2.0099347,0.9592534,0.9604436,0.09787699,0.7719964
-0.9656531,0.14838804,-0.3424948,-0.1145658,-0.3716235,0.8439739,0.5840964,-0.4393897,-0.2105755,0.26735067,-0.5535964,0.0,0.5925941
-0.13495456,-0.3655976,0.7601231,1.1773225,-0.057641212,0.97519886,0.1394274,0.45977238,-1.2805102,0.27954793,-1.25937,0.0,0.8575785
0.30960312,-0.02283547,1.0373455,-0.21720994,-0.5566897,-0.46582043,0.46893948,0.14923605,0.63514954,-0.008665469,-0.5774192,0.0,0.6185676
-1.4211475,0.726894,0.11837094,2.1267874,-0.15944234,2.277915,1.7998935,1.1280928,-1.6865671,-0.83540994,-1.7593788,0.0,1.0
0.4583265,1.2484217,-2.1915398,0.27657285,1.1156907,-1.295143,-1.8718446,1.1293659,0.16455337,-0.4942745,-0.81301343,1.0,0.48474225
1.0931132,0.61986816,-1.6098999,0.48996964,-0.5475289,-1.1065376,-0.92203116,-0.06219947,-0.92114437,1.0835341,0.8647755,0.3255651,0.51507974
0.20995697,2.3106568,-2.0473845,0.44929793,0.71756047,-1.1851085,-1.8718446,1.0045869,1.9945085,0.12838063,0.3481595,1.0,0.0
0.3731065,-0.31157735,0.7948957,0.10079109,-0.8594419,-0.5258366,-0.25533253,-0.20551583,-0.5836176,-0.21407817,-0.14927888,0.17935593,0.095019534
-0.92174065,1.3235376,0.19683386,-0.7356069,-0.93371063,-1.5386337,0.15009266,-0.5892034,-0.41546702,0.3831585,0.9390228,0.0,1.0
0.84922,-0.5298222,0.8196669,-0.024568018,-0.93371063,-0.5986755,-0.7795084,-0.8921278,-1.8774593,-1.0103607,-0.05454473,0.2770937,0.66783845
1.2744598,4.503766,-1.6590346,-0.6109828,1.1351256,-0.9778865,-1.4959671,1.365476,0.5650226,0.13492128,-0.1582044,0.72350556,0.38802156
-0.6266528,-0.9314009,-1.4504467,-0.5766355,-0.07714697,-0.7666038,-0.18586412,-0.14189489,0.35856518,0.55197537,-0.36726242,0.0,0.94303864
-0.53832555,-0.13318044,0.2635001,-0.57439345,-0.2644062,-0.12748715,1.0134889,-0.347626,1.6753149,0.05649241,-0.04401873,0.20955731,0.639127
-0.115350075,0.37366068,-0.6592224,-0.97236925,0.2043355,-0.8152841,-1.0309852,-0.2483696,1.556393,0.79870677,0.13077553,0.9534082,0.25242075
-0.24365598,-0.32911563,-0.07355749,-0.8506925,-0.080229886,-1.2853225,-0.75283355,-1.0562384,-0.55770856,-1.2908597,-0.019356458,0.13603944,1.0
-0.20774041,0.17134407,-2.0121613,-0.5704828,0.49098298,-0.16921036,-0.26308814,-0.09762153,-0.5895301,-1.2151202,-1.5680366,0.0,1.0
-1.2720703,0.07060549,0.7476495,0.0021269685,-0.2880623,-0.8201482,-0.016372282,-0.34832674,0.3187457,0.38551378,-0.61569035,0.070460595,0.78936005
-0.32323322,1.8539898,-2.1915398,-0.25591445,0.30153605,-1.3364503,-1.2495106,0.8048048,0.36876056,-0.2583624,-1.5481809,0.15234327,0.76771957
-0.45781872,-0.010096097,-0.0676691,-0.60758954,-0.7483101,0.022201646,-0.03525283,-0.40817174,0.27874044,-0.08246502,-0.31024748,0.0,0.6927648
-0.8206322,0.089723825,1.2758492,1.0294349,-0.2700601,-0.9205526,0.43663955,0.4564325,0.011791922,-1.5420741,-0.9793543,0.047312647,0.67573225
-0.33541888,-0.59367484,-0.03362324,-0.31770685,-0.55840504,-1.0944479,-1.059436,-1.1042334,-1.1121833,-0.9962146,0.9615367,0.24151537,1.0
1.8586525,-0.08373521,-1.3031787,-0.5177263,-0.36719203,-0.75281996,-0.7535104,1.3635463,0.62391335,1.0470916,-0.73742867,0.93859434,0.0
-1.1056823,-0.3190074,-0.8704037,0.23159805,-0.084767476,-1.5386337,-0.53991795,-0.7019901,-1.4990338,-1.3647058,0.0758919,0.0,1.0
-0.14090887,-0.9820998,-0.026491877,1.0749539,0.6310503,-1.1048859,0.37126,1.0843399,-0.11280777,0.04522461,-0.7197568,0.0740212,0.50986713
0.0006975569,0.9975918,0.4037189,0.7360373,-0.38068017,1.6330366,1.4620079,0.3658832,-0.63956416,-1.0461375,-1.7593788,0.0,0.87716556
0.13866521,3.805816,-2.1915398,0.34437808,0.5622736,-1.4362648,-1.8718446,1.1092732,2.7518206,-0.21673559,0.43999344,1.0,0.0
-0.20139545,1.9370092,1.267428,0.5074715,-0.46456105,0.4743607,0.82403404,0.54561555,-1.3956785,0.42925304,-1.2347162,0.0,0.9526622
0.22584881,-0.37004858,-0.058039226,-0.50398004,-0.93371063,-1.0099561,-0.94053024,-1.4141651,-2.183889,-0.45794636,0.4074815,0.0,1.0
-0.5130461,0.15619367,0.42267922,2.1267874,1.2235136,3.4016712,1.6026366,1.7367737,-1.312089,0.08380475,-1.7593788,0.0,1.0
0.13383259,0.037116423,0.24676801,-0.27612063,-0.18416622,-1.4348978,-0.5927593,-0.6244965,-0.1715666,-0.8100556,0.37187552,0.0,0.416234
0.2675565,1.4178889,-0.9119272,-0.16620566,-0.057626147,-0.7065862,-0.57403797,0.20505306,0.8944789,0.04393579,0.8511202,0.4723715,0.5621649
0.12833048,-0.44013506,-0.64424235,-0.81580156,0.003456831,-0.3350821,0.09128596,0.22058527,0.29193813,0.26246977,-1.3335257,0.0,1.0
0.6151711,0.46176034,0.9942103,-0.5690512,-0.36050972,-0.9008804,-0.47166774,-0.16796078,-0.123271756,-1.1769532,-0.9248716,0.0,0.7712723
-0.455433,0.08611147,0.6227822,0.020639282,-0.4295638,-0.2299187,1.1634701,0.681737,0.40762487,0.61665845,-1.7593788,0.0,0.9889215
-0.012167888,4.7222033,-2.1915398,-0.20067671,1.0330294,-1.5386337,-1.8718446,0.89745396,2.1629887,-0.49067014,0.33923566,1.0,0.0
-0.8007048,-0.22748129,0.3277918,0.37163362,-0.23891675,-0.7446734,0.9217292,-0.049350176,-0.25994045,-0.1535752,-0.45318228,0.0,0.7069001
-1.1957104,1.0969234,-0.49646103,-0.26263893,-0.4890758,-1.2734039,-0.083610415,0.10527843,0.15097418,-0.4234168,-0.41443312,0.04214932,0.9217265
0.17762372,-0.009639593,-0.31975228,0.21473308,0.6928736,-0.7565392,0.40412208,0.5928454,-0.42958996,-0.6876074,-1.4126377,0.04355265,1.0
-0.17321478,-1.0442101,0.25460285,2.1267874,1.2276484,2.289027,2.317571,1.7367737,0.59352225,0.82476354,-1.7593788,0.0,1.0
-0.9107875,1.3165003,-2.1915398,0.18836772,0.6407107,-0.9723501,-1.8179113,0.37698665,0.14813879,-0.9000274,-0.9534354,0.14568384,0.7776583
-1.0252681,-0.8174941,0.2070691,0.2952963,-0.48294684,-1.5386337,-0.60387725,-0.8122151,-0.55579615,-0.2557044,1.1832957,0.104161404,0.72120583
-0.55477035,1.270558,-0.86999387,-0.135289,-0.1390136,-1.5321944,0.5065808,0.02097518,-0.34744325,0.068144664,-0.45771927,0.0,1.0
-0.517057,-0.019220933,-0.08256494,-0.53598624,-0.23975234,-0.18210515,0.32204387,-0.35679877,0.9606196,-0.072620116,0.085492544,0.0923619,0.6469542
-1.233298,0.6801976,-1.294003,-0.25449675,0.20078264,-1.5386337,0.12029117,-0.39860222,-1.5840038,-1.4983076,-1.3236331,0.0,0.99452347
-1.2198412,0.5491766,-1.4694589,-0.97236925,0.3876056,-0.6058557,0.65502703,-0.638224,0.89461803,0.035348516,-0.50872517,0.124114126,1.0
-1.1824082,1.6910555,-1.843139,-0.29648268,0.49260184,-0.6690932,-0.48952192,-0.15137416,0.17981906,0.792621,0.4983273,0.0721328,1.0
0.46215782,0.031315207,1.1994947,0.83986485,-0.5249345,0.32541025,0.3186572,0.61413026,-1.3639716,-0.54338855,-1.4573511,0.0,0.653966
0.23297517,-0.07801376,-1.058782,-0.84696287,-0.7303393,-0.6442554,-1.089423,-0.9451451,-1.7844605,0.040832385,-0.349088,0.0,0.9401761
0.9563969,4.3432503,-0.41188118,-0.97236925,0.15617253,-1.3965625,-1.861593,0.8732037,2.5029132,-0.76736724,1.691028,1.0,0.0
-0.23151182,0.024887107,-0.20167094,0.3365812,1.2303243,-1.3026047,-1.000479,0.17959443,0.9741025,1.1559227,0.8086391,0.5749289,0.62204415
-0.3032031,1.5281069,-1.2629408,-0.5679067,2.5136414,-1.3928442,-1.8718446,0.3839014,1.811074,1.8725253,0.4767493,1.0,0.0
0.8465354,0.40695855,-0.6139079,-0.6530139,-0.40250087,-1.1378243,-1.3204108,-1.1323798,-2.183889,-1.225336,0.1755518,0.0,1.0
-0.5163484,0.47187278,-0.33356327,-0.97236925,0.18974699,-1.4848181,-0.06483981,-0.89405656,-0.69818085,-0.99524367,-1.1697602,0.0,1.0
-0.24891788,0.28477266,0.02519759,-0.97236925,-0.93371063,1.0105565,-0.51189107,-1.5922731,-0.769978,-1.0514053,-0.16945848,0.0,0.724786
-0.7164216,3.3944235,-2.1915398,-0.522902,0.782413,-1.4380614,-1.8718446,0.25065908,2.4902694,-0.15262179,0.7331262,1.0,0.0
2.9210765,0.842619,2.2817848,0.16175656,-0.16760713,0.14471474,-0.05347525,1.3091187,-1.2203798,0.020400757,-0.8879678,0.015466998,0.7513372
-0.57151073,-0.25035557,-1.341709,-0.939268,-0.6193517,-1.0382322,-1.2279934,-1.5922731,-0.94871396,-0.35380358,0.047598504,0.0,1.0
-0.16732022,0.7833482,-1.4465162,-0.523477,-0.20242809,-1.1049411,-0.741572,-0.30433172,0.014597453,-1.2231725,-0.9288464,0.1966128,0.81974006
-0.51395404,1.9036773,-1.3476202,-0.090940416,-0.15662913,-1.1387424,-0.7359888,-0.33220735,2.0653496,1.6699113,1.7962245,0.7162504,0.7121168
0.14649738,1.2980683,-0.23186697,-0.63801426,0.31004643,-0.78104645,-0.50214094,0.5042261,-0.010379173,-0.22064774,-1.0077648,0.26693386,0.624793
-0.7054542,-0.2767164,-0.033988394,0.11893885,-0.37736022,-1.5386337,-0.21970361,-0.2043816,-0.42651147,-0.23546822,-0.04316711,0.0,0.9947262
-1.2243278,0.57191694,-1.2710607,0.39424515,-0.17355062,-0.6047698,-0.02309722,-0.40550876,-0.9683398,-1.25512,-1.0060331,0.0,1.0
-0.8434216,0.668003,0.44223833,-0.52684504,-0.20898919,-1.3400801,0.40482995,-0.36749727,0.45267162,-0.594429,-0.99029404,0.0,0.53931415
0.83588415,1.105541,0.57627773,-0.58619237,-0.23736772,-0.5406685,-0.051016815,0.006629871,-0.99673164,-0.5735912,-0.22439684,0.0,0.7910292
-0.14982753,-0.2899159,0.34556416,-0.97236925,-0.49417007,-1.5386337,-0.65201384,-1.2760595,-1.5232794,-0.82071155,0.5322973,0.0,1.0
-1.7977822,0.48394337,-0.86036056,-0.217749,0.28641683,1.3014324,0.94026375,-0.49780086,0.9273844,-0.29715407,-0.9073386,0.10145122,0.73036957
-1.0055779,0.73385656,-2.1915398,-0.2911186,0.2406321,0.47944152,0.54919225,0.13568956,1.0433125,0.6149455,-0.59848845,0.970266,0.4709378
-0.6014751,-0.41742226,-0.86608475,-0.40142697,-0.06450409,-0.6694862,-0.78246516,-0.17013082,0.964926,0.43755478,0.23141973,0.4106487,0.50498325
-0.7817794,0.7828168,0.82267356,1.6373123,-0.656772,1.7992741,1.5138136,1.0642674,-0.7615526,-1.3875945,-1.7593788,0.0,1.0
0.23150185,-0.7555323,-0.8264429,-0.79016924,-0.93371063,-0.86816543,-0.15563208,-0.5308932,-1.0424367,0.64545316,-0.035683263,0.34853297,1.0
0.515953,0.21864338,-0.19699171,-0.31140435,0.14651185,-0.6453381,-0.53311527,0.6587644,0.20077854,0.09497809,-1.1350821,0.11273295,0.39893773
-1.0620576,1.2546501,-1.7916251,0.07718966,0.45260823,-1.5386337,-0.49777523,0.123420954,0.4121523,-0.25679952,-0.40277427,0.0,0.74982685
-0.23590681,0.8451688,-1.5458834,-0.6972633,-0.93371063,-1.0868546,-0.33568612,-0.52012724,-0.87250435,0.012658225,-0.37978804,0.0,1.0
0.21205966,0.45241395,-0.95036584,-0.010461582,0.3075347,-1.4705216,-0.8571869,0.55592537,0.35852867,-0.752697,0.31237125,0.64525265,0.5652734
-0.3210002,-0.077630565,-0.44938084,-0.22777547,-0.09888171,0.14312899,-0.4023129,-1.0055364,-1.3485202,0.39934862,-0.3307116,0.11437427,0.6526235
0.40906408,-0.34071448,-0.19684891,0.24009784,0.3940892,-1.0341666,0.5775533,0.4414171,-0.48975328,1.7218039,-0.058646094,0.063579,0.95281786
1.1099463,0.21130623,1.7385244,-0.97236925,-0.93371063,-0.8338656,-0.6743433,-0.9121536,0.1801726,-0.16698559,0.8250808,0.14540069,0.837746
-0.30293962,-0.89411885,0.4429685,-0.76884484,-0.34830606,-1.534732,-1.0806539,-0.47858545,0.46251577,-0.40609884,0.44940025,0.19237296,0.47945833
-0.37061927,-0.060863648,-0.07534135,-0.808676,-0.3973807,-1.1246948,-0.6309676,-1.2252634,-1.1164924,-0.5694345,-0.2365622,0.18193397,0.7521222
-0.06744603,-0.5279008,-0.057706982,-0.97236925,-0.8272305,-1.0405393,-0.6769296,-0.7215193,0.4775118,-0.8578785,0.043960504,0.0,0.8697258
-0.41184855,4.7135916,-2.0043488,-0.44486293,0.009321541,-1.5386337,-1.8718446,0.17346936,2.7518206,1.2172182,1.8658206,1.0,0.0
-0.6384955,-0.09659208,-0.06114705,2.1267874,-0.2071947,3.968045,2.3128612,1.7367737,-1.1637398,-1.1504964,-1.7593788,0.2754118,1.0
-1.0375488,-0.2667785,-0.69224924,0.03451218,-0.28877538,-0.27322787,0.32285008,-0.46107155,0.19901659,-0.82129157,-1.0100989,0.15191546,0.5834506
0.03584885,0.15761463,-0.5708763,-0.3998187,-0.23370747,-1.0430282,-0.46879658,-0.16312918,-0.5559358,-0.5887743,-0.9419783,0.038407467,1.0
0.7332873,1.3052723,1.0943505,0.04326405,0.28316593,-0.91541266,0.045210395,0.40648514,-0.13231084,0.2465688,-0.055201646,0.0,0.6670472
-1.1137913,0.45516592,-1.6799192,0.2236003,-0.07927852,-0.8374239,-0.57264555,-0.11739358,0.7476765,-0.4253363,-0.36470222,0.0035688607,0.41154346
1.3633356,1.3870909,-2.0926979,0.02765302,-0.1973838,-0.87193877,-1.6062411,0.43076563,-0.58435667,-0.4871605,0.2574759,0.75849795,0.42513987
-0.7759341,0.9395061,-0.13280775,0.91287684,2.135502,0.52240354,0.23967522,0.3482832,1.3001394,1.7479217,0.65116435,0.04154431,0.7139289
-0.594364,0.31803915,-0.7710184,0.995804,0.6536484,0.27260613,0.7711866,0.2482765,-0.8914383,-0.106336154,-1.2513323,0.0,1.0
0.8108234,2.2570128,0.23682816,-0.0025963048,1.9275082,-1.5386337,-1.745928,0.54809326,2.088025,1.3619689,1.7884604,1.0,0.0
-0.5112254,-0.43832886,0.5835184,0.1551889,-0.22260347,0.47325402,0.07765947,-0.4842951,-0.48342445,-0.5377815,-0.44955868,0.24604481,0.7518983
-1.6959288,0.13786899,-0.068108045,0.70222884,1.5006847,0.20135702,2.1231213,0.8387,0.6357191,0.75092566,-1.0034523,0.0,1.0
0.57814085,-0.0018703435,-0.2306755,-0.33614874,-0.14355357,-1.0055721,-1.000442,-0.4757522,-1.1301779,-1.3048244,-0.6986943,0.028956559,1.0
-0.5899021,-0.2921474,-0.4316457,-0.3532233,-0.2923818,-1.0724361,0.79297143,0.05043578,0.37233868,-0.17652889,-1.6873423,0.0,1.0
-0.07275839,0.7858501,-0.15090545,-0.039510187,-0.66570896,-0.92174053,-0.30116093,0.2560578,1.3438075,-1.099289,0.45372808,0.0,0.5514872
0.7512285,0.8224065,-0.63236296,0.006068391,1.2511477,-1.3100113,-0.41430077,1.1826414,1.6105242,2.2838242,1.1183879,0.9434531,0.6583701
-0.064898655,0.03496162,-1.1003648,-0.46708375,0.13177212,-1.5386337,-0.8354355,-0.66558003,-1.3936878,-0.8449984,-0.5971182,0.07312041,1.0
-0.19173822,0.31179905,-2.1422913,-0.97236925,0.12849942,-0.32106918,-0.08331917,-0.5691733,0.1403756,0.2561518,-1.1215926,0.11480263,0.74275905
-0.4174885,-0.6567343,-0.039095867,-0.79360634,0.89489853,0.32076788,1.1922659,-0.20594707,1.5300286,0.45975697,-0.36359543,0.0,0.9764888
-1.4793934,1.4408934,-1.8920325,0.62511396,-0.36717138,-1.5386337,-1.5887854,-0.7807603,-0.61065155,-1.6747506,0.91403127,0.0,0.90109557
-0.31033146,3.3533561,-2.1915398,-0.97236925,0.28502893,-1.2526654,-1.2294555,0.23883441,0.49892244,-0.74553865,-1.216032,0.38815728,0.35064927
-1.243937,0.08111735,-1.1506063,-0.8910286,-0.070198745,-1.0323501,-0.17715669,-0.8352066,2.375111,1.1971048,1.1355836,0.6823913,0.59628624
1.6283087,2.593775,0.13710949,-0.49237362,0.19000629,-0.5133009,-1.6777601,0.726098,-0.6363788,0.9315868,-0.11706778,0.759838,0.0
-0.20436321,-0.26093835,-0.8938919,-0.5590232,-0.22137427,-1.2575547,0.11914846,-0.34360725,0.008449413,0.061756656,-0.5675494,0.017947655,1.0
-0.06314738,-0.16660585,0.42890924,-0.28661025,0.19596761,-0.51865655,0.31505418,-0.1497163,-0.6248556,0.5794506,-0.5341128,0.0,0.9112863
1.9207901,1.6054959,0.7013184,-0.88828784,0.2668049,-0.70243746,-1.0276487,0.2503928,-0.12731397,-0.7989759,0.024831403,0.55390525,0.7170233
-1.2825327,0.8818923,-1.8748882,0.34931588,-0.054692205,0.053175278,0.97838277,-0.35201243,-1.1502331,1.1362151,-0.5540186,0.0,1.0
0.049875878,-0.82604295,1.1756551,-0.47037846,-0.76039183,-1.5386337,-1.7934062,-1.5922731,-2.183889,-0.9153938,1.4978272,0.0,1.0
-1.4386575,-0.9114906,-1.2665089,0.31651288,-0.34713182,0.8908807,0.25021264,-0.14871185,-0.45270357,-0.49990726,-1.7052218,0.24381651,0.8006684
1.8972869,4.459507,-2.1915398,-0.17378217,1.0675416,-1.1808904,-1.8718446,1.7367737,2.2800062,1.0643924,-0.3974374,1.0,0.0
1.8978976,4.7222033,-2.1915398,-0.97236925,1.8473216,-1.1495143,-1.8718446,1.4774467,2.3109977,0.655209,-0.88658696,1.0,0.0
1.1946186,-0.6635622,1.1366081,-0.6912168,-0.6703016,-0.7370554,-0.4916804,-0.1010081,0.46917433,-0.33688033,-0.18425174,0.0,0.68426585
0.5836877,-0.9888907,0.30061367,-0.2298408,-0.93371063,0.3342535,-0.45118445,-0.61244255,-0.77978575,1.3582953,1.4382097,0.0,0.9926076
-0.76265216,1.7216843,-0.45937282,2.1267874,-0.0003191121,-0.31826818,1.1059734,0.63276315,-2.183889,-0.34039265,-1.7593788,0.0,1.0
0.9623585,1.7148668,-2.1915398,-0.12624446,0.89299387,-0.7154388,-1.816584,0.78022945,1.3578491,-0.907053,-0.67681235,0.9855005,0.20050918
2.0299206,1.4094466,0.41909644,-0.8126051,-0.027240414,-0.8866188,-0.4629795,-0.068079025,-1.1667926,0.5355743,0.44352406,0.0,1.0
0.7095714,4.7222033,-2.1915398,-0.7840914,0.4623846,-1.5386337,-1.8718446,0.8727157,1.5926992,-0.556468,-0.58273715,1.0,0.0
-0.079067655,-0.54331654,0.65534794,0.4553645,-0.8765784,0.9124742,-0.24970393,-0.6387134,-1.067841,-1.29567,0.05630015,0.0,0.7678017
-1.2580822,-0.67029536,-0.8584321,0.14090772,-0.11937238,1.3639336,1.1088047,-0.10161948,2.7518206,2.0528448,0.9273253,0.0,1.0
2.1714163,-0.10795687,1.5302625,0.5778182,2.9751973,-1.0246433,-0.96587324,1.6326348,-0.64943254,0.56329364,-0.5546179,0.5389798,0.5687393
-1.0690675,0.91272956,-0.65022403,-0.30020407,-0.42697266,-1.0642889,-0.29666978,-0.17897554,1.3212454,-0.94467455,0.12779774,0.0,0.73736334
0.093765035,4.7222033,-2.1915398,-0.97236925,3.1810305,-1.0690576,-1.8718446,0.12103723,2.7518206,2.2838242,1.5164664,1.0,0.0
-1.4862691,-0.39030242,-1.3831149,-0.29805794,-0.41150448,0.7048054,0.040312134,-0.11488624,2.134711,-0.5245284,-0.12914646,0.37599415,1.0
-0.39859658,-0.22204004,1.1925603,2.1267874,1.7093683,2.132256,1.7006451,1.6020173,-1.4749905,0.18553312,-1.7593788,0.0,1.0
1.1077948,-0.34186193,-0.30829498,-0.07301699,1.7220945,-0.94842774,-0.74577355,1.0433687,-0.08495844,0.86766094,-0.9720892,0.27099225,0.35544273
-0.8631802,-0.079800814,-0.2757126,-0.24028313,-0.48659644,-1.2485648,0.6019826,-0.41158697,0.4796704,0.9908616,0.6259825,0.0,1.0
0.0010001436,2.3138783,-0.9932823,-0.83602273,-0.1021115,-1.2505287,-0.1359509,0.1975785,0.08098267,-0.65424716,-0.6581672,0.0,0.6563912
-0.25529703,0.35975713,-0.84634256,-0.97236925,-0.61019784,-0.82191217,-0.43349597,-0.45582905,-0.42577854,-0.6379399,0.12758462,0.0,1.0
-0.1615058,3.72277,-2.1915398,-0.8591737,-0.3239035,-1.5386337,-1.3244629,0.14129542,1.231416,-1.353689,-0.53164285,0.55568385,0.46331012
1.9724251,-0.9536184,2.5129359,1.5116512,0.074288175,-0.050290957,0.24549171,1.6642877,-0.8107027,-0.36770868,-1.097842,0.3605556,0.78712684
-0.18316545,3.2074575,-2.1915398,-0.42243558,-0.027530447,-1.5386337,-1.2541486,0.25317085,1.2231239,-1.4727674,0.0680398,0.4930559,0.31799778
-1.2682984,1.9932466,-2.1915398,0.21546273,0.032196876,-1.05387,-1.4974233,-0.10314438,0.24291165,-0.43087727,-0.39815867,0.0,0.78456026
-0.26699823,0.264068,-0.44904333,-0.06324197,0.044484694,-0.3725686,-0.095072694,1.0253885,1.3042318,0.9603186,-0.031194549,0.269178,0.47399905
-0.51706105,2.273335,-1.1857457,-0.97236925,1.7675242,-0.023177048,-0.8275337,-0.31561583,0.5503523,0.72480834,-0.27285725,0.8709167,0.0
-0.70295507,1.0515329,-2.1915398,-0.78309226,-0.58543926,-0.74557275,-0.2123457,-0.30364087,-0.71414554,-0.8417123,-1.3475019,0.0,0.93993205
-0.114828564,0.45000926,-0.70332175,-0.5973337,0.24782641,-0.8959672,-0.53761506,0.3957278,0.8217041,-0.42508996,-0.60242164,0.29643083,0.3772171
0.14771794,0.057774536,0.20130628,0.54840523,-0.9084615,0.6442411,-0.035427876,0.22861734,-0.8063227,-0.28312975,-1.5623113,0.0,0.9701579
1.4368258,-0.5323252,1.1360953,-0.40734968,0.22559252,-0.9723722,-0.69609475,0.6072146,-0.4252632,-0.07228335,-0.6970577,0.32065532,0.51474386
-0.24898946,0.4803158,0.6112541,-0.6294564,-0.6379308,0.26729143,0.62525845,-0.8137403,0.45418194,-1.0656791,0.04714714,0.0,0.74779433
1.1510706,-0.71612406,1.3519768,-0.5984616,-0.93371063,-1.5386337,-1.2571467,-1.3052163,-1.7312269,-0.5794318,1.1979116,0.009340464,1.0
0.95608735,0.11930956,0.10726372,-0.50119066,-0.64959615,-0.74493873,-1.3179181,-0.78424543,-1.6254,-0.8611499,0.11454123,0.0,1.0
-0.7999185,0.5405562,0.70125765,-0.44366163,-0.24868664,-1.5386337,0.32285672,-0.5331488,0.5499448,-0.56925863,0.72264856,0.0,1.0
-0.04879982,-0.3202334,-0.871482,-0.39753774,-0.550903,-0.86682504,-0.20119217,-0.57374483,-0.6813872,1.0423235,0.7742291,0.12237459,0.561176
-0.009487206,0.6990419,-0.21691494,0.046727363,-0.84693664,-0.44397956,0.5583938,-0.10726081,0.98969215,-0.1988375,0.5363087,0.0,0.8651285
-0.5208582,0.083956555,0.6764172,0.34231707,-0.38741052,-0.64138234,0.8827416,0.08379078,0.54713315,0.573238,-1.0134896,0.18038253,1.0
-0.68337566,1.1798241,0.4895983,-0.48989028,-0.06894812,-1.3153497,0.5479649,-0.33068436,-1.2546508,-0.7461675,-1.3696055,0.0,0.9043397
1.056686,-0.9066087,-0.28472504,-0.4552669,-0.93371063,-1.0434146,-1.8718446,-1.4077129,-2.183889,-1.3092407,0.48711288,0.116994694,1.0
1.9688644,0.19343756,-1.2264736,-0.0016035279,0.041314702,-0.9648259,-1.7329695,0.92643964,-0.4234754,0.7465157,-0.21248859,0.74089575,0.3967153
-1.4610846,-0.4014851,-1.4194853,-0.8801641,-0.49409607,1.9677007,0.97671854,-0.2792351,2.1152575,-0.5383537,-0.21639244,0.38156098,1.0
0.0364957,-0.2649918,1.1932263,-0.163984,-0.72910535,-0.61096627,-1.1637441,-0.59007305,-0.19367985,-0.8529051,0.29504794,0.08738147,0.18004058
0.31545383,-0.14220433,2.2805796,-0.97236925,-0.93371063,-1.411745,-0.9963045,-1.5922731,-1.5539504,-0.4940948,1.5790852,0.0,1.0
1.4893082,2.2730987,-2.1915398,-0.3984134,1.0730234,-1.3433887,-1.8559234,1.2133036,0.05590403,-1.2039154,-1.1699977,1.0,0.37856746
0.7430943,-0.89071804,0.23364992,0.07757196,0.033901077,-0.688247,-0.16788413,0.48593482,-1.2154374,0.33029634,-0.9947295,0.0,0.6436799
0.29892313,-0.6252646,-0.6666362,-0.63200545,0.060187545,-0.5134462,-0.51894367,-0.02346114,-0.10787709,0.59541416,-0.58059067,0.49065787,0.7910769
-0.3791104,-0.018784616,0.266918,-0.72399765,-0.56771517,-0.15246043,0.30201185,-0.51227814,0.99333787,0.95731884,0.2869879,0.0,1.0
-0.21134306,2.3325648,-0.044939056,0.013328296,0.517976,-1.2903827,-0.05408184,0.8751742,0.2974481,2.2838242,0.3891148,0.49956948,0.58933896
-1.2559545,3.4873965,-2.1915398,-0.77442807,-0.23813477,-0.98409575,0.2927344,-0.61897224,-0.081815556,-0.48340827,-0.63228035,0.0,1.0
-0.7774485,-0.14547202,0.67073923,0.19575088,-0.5161652,-1.5386337,0.16729143,0.035848595,0.99409914,-0.31160247,0.38321763,0.0,0.8950869
-0.2652707,0.5276142,-0.6132475,-0.29606888,-0.4907828,-1.0092013,0.5002119,0.02487725,0.708929,-0.46933317,-0.055680297,0.048372258,0.6570309
0.9000354,-0.4630405,-0.059444577,-0.97236925,-0.533002,-1.5386337,-0.6442641,-0.34654516,-0.7259262,-0.69962233,-0.47525412,0.0,0.9904056
-1.3041699,-0.14642863,-1.02332,0.27439642,-0.50904447,-1.5284779,-0.97452855,-1.2315238,-0.9490926,-0.56496304,0.7153048,0.08387384,1.0
1.6886661,-0.40210414,-0.72757053,-0.4360898,1.8286204,-0.58335286,-1.1072518,1.3343048,0.50072867,2.2667077,-0.18287794,1.0,0.0
-0.39615723,-0.08834398,-0.110612616,-0.07497448,-0.08321227,-0.9657614,0.6997504,0.1822478,0.25810608,-0.18501432,-0.37212276,0.05416019,0.80408967
0.6059223,-0.31113344,-0.6487506,-0.73792195,0.5607892,-0.6211276,-0.9688827,-0.052684683,-0.00130642,-0.44921398,-1.5437766,0.018690215,0.8287107
0.027474875,-0.6977548,0.6520357,0.4966244,-0.5494521,-0.8010469,-0.19495744,0.6127392,0.73277044,-0.7508657,-0.5540102,0.26883206,0.7743671
-0.84251404,-0.8781178,-0.40793797,0.61018324,0.39204136,1.5025889,1.8721637,1.019405,1.3668338,-0.07937986,-1.7593788,0.0,1.0
0.7068605,0.48096314,-0.65431255,-0.97236925,0.79189014,-0.5046264,0.06989739,0.556383,0.2797426,0.15316382,-1.4803623,0.4101132,0.6132682
-0.49377316,-0.28930095,-0.66077083,-0.058609672,-0.28276253,-0.7566708,-0.47967872,-0.17206118,1.1882753,0.6696216,0.47392642,0.20847371,0.7164716
0.4595509,-0.23010518,0.5638149,-0.634861,-0.40203434,-1.2522378,-0.72804785,-0.7114773,-2.0754523,-0.86372274,0.19410527,0.2895256,0.9619764
-0.7290965,0.5166922,-1.388765,-0.55646116,-0.16688602,-0.5655396,-0.9778907,-0.8182924,-0.5388294,-1.2579498,-0.44335443,0.038664147,1.0
0.7593492,4.7222033,-2.1915398,-0.57759184,1.3837645,-1.5386337,-1.8718446,1.1511123,2.3965898,1.9389504,0.05157555,1.0,0.0
-0.4090081,1.5425645,-1.5390221,-0.97236925,-0.19878288,-0.25936723,0.4151416,-0.022316765,2.222165,0.49991417,-0.082832694,0.40038517,0.56804925
-0.8551833,0.3610606,-1.4153321,-0.89359796,0.35834908,-1.1580038,-1.1556786,-0.3590138,0.34025198,0.98773015,-0.5069536,0.07530077,0.7319227
-0.14755306,-1.0442101,-1.4644116,1.3522416,0.23324244,0.39644712,1.4504659,1.4806876,0.3216984,-0.9388667,-1.7593788,0.0,1.0
-1.6403558,1.0169338,-2.1915398,-0.40718183,-0.4031941,-1.5386337,-1.4298922,-1.1619462,-0.73813266,-1.407927,-0.21754824,0.0,1.0
0.9007964,-0.07095617,1.3185942,2.1267874,-0.072308555,1.3368497,1.299441,1.0169904,-1.661593,-1.1167479,-1.1643933,0.060119472,0.62031263
0.07923368,2.8544788,-1.4707814,-0.30476755,-0.29433963,-1.1849368,-0.87838036,-0.37294415,0.60982835,-1.0727255,1.0712906,0.41543868,0.20639002
-0.028673496,0.5985182,2.001859,0.849065,0.04545663,2.5378578,0.8624796,0.2740865,-0.13927945,-0.2895192,-0.48395908,0.19829653,1.0
-0.34891555,1.7742287,-0.5965542,-0.4977767,-0.09309645,-1.1778023,0.19835666,-0.14428718,-2.0664515,-1.6747506,-1.7512853,0.0,1.0
-0.5974709,0.47906205,-0.17138785,-0.97236925,-0.93371063,0.15271619,-1.1904467,-1.5922731,-1.7698686,-1.2967799,0.61316335,0.0,1.0
1.3438269,-0.2602496,2.8018205,2.0960486,2.8922057,1.8019966,0.7829237,1.7367737,-0.84332806,1.5189769,-0.67162496,0.0,1.0
-1.8776025,-1.0442101,-1.2108691,0.40185267,1.2505625,2.5173175,2.317571,0.06932679,1.8291957,1.3188145,-0.33646792,0.0,1.0
0.18724856,1.4109689,-1.3948665,-0.46158293,0.16135877,-0.9278307,0.014922104,0.27370483,-0.19064339,0.06946808,-1.5123272,0.20140412,0.78283066
0.60760635,4.7222033,-2.1915398,-0.8594622,0.78370786,-1.5386337,-1.8718446,0.68713987,1.604806,-0.47056377,1.2133493,1.0,0.110009044
-0.8470117,0.83935815,0.19086075,-0.5084498,-0.38710603,0.55272686,0.68432355,-0.8173657,0.14821622,0.18468098,-0.4826119,0.0,0.94498533
0.6109902,-0.15162832,0.8745057,0.4131223,-0.93371063,1.3736014,-0.32596272,0.076683976,-0.41733178,0.34651506,-0.35442406,0.0,0.65951824
2.9753885,2.850305,2.3851905,-0.52444786,3.2136216,-0.2806362,-1.3969041,1.3937602,0.89520663,2.2838242,1.182825,1.0,0.0
0.6569586,1.7950492,-2.1915398,-0.97236925,0.44631535,-0.8379702,-1.8256314,0.26061842,0.7402788,-1.3955061,-1.7593788,0.88993764,0.10581578
-0.34536952,-0.7630862,0.6387011,0.49927276,0.3002427,-1.3166202,-0.73962057,-0.031178404,-0.13800056,1.9865794,1.7015644,0.28269914,0.25743824
-0.35675076,2.417805,-2.1915398,-0.8880207,-0.6534427,-1.1875255,-1.359164,-0.39833868,1.521312,-0.7539934,0.45252192,0.7162513,0.6371534
-0.4718612,-0.06114136,-2.1915398,-0.4246475,-0.28697044,-0.31479055,-0.61391765,0.087227635,0.47613096,-0.49976182,-0.7623745,0.0,0.5865505
1.6335865,4.7222033,-2.1915398,-0.55528104,1.3641167,-1.5154045,-1.8718446,1.7367737,1.6804783,0.50627303,-1.1789045,1.0,0.0
-1.0156395,1.3850615,-2.1915398,-0.97236925,-0.8557113,0.22715898,-0.25844213,-1.0266354,0.2908611,-0.8554283,-0.45426947,0.1350916,1.0
-1.7252145,0.98130935,-1.9346542,0.509149,-0.22061019,-1.3204896,-1.7673576,-1.0904806,-0.009899914,-1.669773,1.1219511,0.0,0.9290603
0.31228423,3.8167143,-2.1915398,-0.34601134,0.46436998,-1.1924804,-1.8718446,0.052404966,2.1469772,-0.8903422,1.1452942,1.0,0.0
-1.3961103,3.307919,-2.1915398,0.82517284,0.07433063,-1.1092105,-1.8718446,0.6662679,1.175031,-0.9353829,1.1568965,0.49398875,0.7306999
-0.6957154,-0.26262426,-0.94833326,-0.7091254,0.28734493,-1.1491884,-0.60368073,-1.0602787,-2.183889,-0.9962183,-1.3027812,0.0,1.0
-0.4559974,1.0202719,-2.1915398,-0.68722516,-0.23666768,-0.80273765,-1.3169398,-0.37072417,0.1387888,-1.2625911,-0.4501639,0.15419517,0.6132395
-0.80481666,-0.2773343,-0.2745773,1.4724754,0.005672725,0.73404145,0.7438499,0.21200219,-0.94771296,-0.68332535,-0.6132716,0.0,1.0
-0.679852,0.5757639,-0.14500947,-0.7156109,-0.50364715,-1.5386337,-0.147461,-0.4738544,-0.80241793,-0.0011089444,-0.17333731,0.0,1.0
-1.6503837,0.23270184,-1.1964931,1.5006678,0.48435888,-0.5504328,1.1311846,0.007105794,-1.1960135,-0.9602357,-1.3862206,0.0,1.0
0.5131011,1.3275332,-0.12327395,-0.97236925,0.113041505,-0.9855544,0.07770606,0.42600468,-0.4978524,0.12874596,-1.5260258,0.19582571,0.9041189
-1.8776025,2.1966453,0.062815,-0.7198352,5.6048245,0.85722494,0.38591436,0.5635716,1.8852884,2.2838242,1.0363036,0.7209114,0.07985075
0.4888412,1.9948034,0.5961122,-0.22743317,0.82735467,-1.0332549,-0.87294316,0.78001845,1.6921556,0.21808285,0.21894036,1.0,0.0
-1.092319,0.9461514,1.2440847,2.1267874,-0.16129504,2.6145473,2.2769156,1.4668646,1.8574066,-0.9118179,-0.5686876,0.05392905,0.65343463
-1.2872503,0.09934348,-0.7443471,0.044997457,0.40320674,-1.5386337,-0.6664315,0.06388573,1.3633822,-0.24105145,0.0788342,0.20563792,0.7712554
-1.8776025,-0.87698346,-1.8747311,2.1267874,1.0111414,3.6551502,2.317571,0.68622005,-0.40094236,0.53213644,-1.7149647,0.0,1.0
-0.11837165,-0.35850224,0.5932624,0.82751626,-0.5851034,-0.6377741,0.19529526,0.374631,0.2283467,-0.79382336,-0.48944455,0.0,1.0
0.23472685,-0.22526148,-0.35756734,0.27823567,3.5650463,0.5864496,0.9477771,0.63595146,-0.14695668,2.2838242,-0.48440075,0.08393265,0.6862966
1.2586721,3.6628268,-2.1915398,-0.97236925,3.1090837,-1.2183719,-0.69400465,0.6570485,0.5105939,0.90401214,-1.7593788,0.85145044,0.18649858
0.62499356,-0.78911674,-1.026106,-0.7789303,-0.6471434,-1.5386337,-0.7030223,-0.57757926,-1.7898349,-0.95317554,0.33570302,0.23284997,1.0
0.009855514,0.5821925,-0.2550903,-0.35986936,-0.437332,-0.44390333,0.27206483,-0.5540266,-0.55158824,-0.80832386,-0.79601955,0.0,0.6014443
-0.20782852,0.75667894,-2.1915398,-0.28318018,0.38064727,-1.1661799,-1.8718446,-0.0464773,-0.9215347,-0.8446814,-1.7593788,0.0,0.65858996
-1.1948746,0.22144485,1.2373893,-0.22238313,-0.3726336,-0.77757645,0.6096927,-1.0429181,0.38933203,0.05375385,1.0937104,0.019477025,0.857255
0.23736686,-0.94716823,0.5605112,0.40747175,0.041646224,-1.5386337,-0.9203393,-0.5021383,-1.6199256,-0.26697552,-0.006595092,0.035937235,0.75998855
-0.56599534,-0.32175314,-0.13835214,-0.97236925,-0.89351416,-0.6568934,-1.0783274,-1.5922731,-1.9396846,-0.50028044,0.89191425,0.0,1.0
-1.8776025,-1.0442101,-1.6621977,2.1267874,1.1047063,3.5220444,2.317571,1.2593827,0.86851186,-1.4882119,-1.7593788,0.0,1.0
1.898773,-1.0442101,1.6646025,1.2406137,-0.91920084,-0.5292449,-1.3785659,-0.29087192,-2.183889,-0.079085246,0.925301,0.14529788,0.7965712
-0.514921,0.7082551,-1.3383826,0.22838439,-0.10240154,-1.0893604,-0.8413912,0.31445712,1.4633046,-0.55411285,0.44236225,0.28957945,0.44162515
0.14682947,4.7222033,-1.5381359,-0.27832252,0.3255603,-1.119125,-1.8445331,0.25867087,1.984441,0.64964664,1.8658206,1.0,0.0043192487
-0.034591198,-0.020205501,0.4733497,-0.13003863,-0.1616181,-0.8964219,-0.24646313,-0.26982275,0.2135513,-0.23822473,0.18343852,0.28375173,0.42807603
-1.8776025,0.64069045,-0.37933743,2.1267874,0.452831,1.1639688,1.8913801,0.3401833,-1.630512,-0.06154322,-1.6967255,0.0,1.0
0.2102025,0.7338771,-1.3853797,-0.48383394,-0.02090584,-0.6169345,0.00074211974,0.27053902,0.31160167,-1.0759783,-1.4864633,0.04639308,0.73197365
2.803878,-0.018806454,1.4338475,-0.015014024,-0.93371063,0.09510119,-0.97178453,-0.16803914,-2.183889,-0.05912,0.01354599,0.12720339,0.53887415
-0.79132605,0.022165233,-0.2983755,0.52576536,-0.93371063,-0.5670393,-0.7203847,-0.6143123,-0.36579907,0.856709,1.8410457,0.114809185,0.76360774
-0.835702,0.4841605,-1.1076115,0.109964244,0.066878974,1.9353862,0.60844666,-0.07805359,-0.032286014,0.063104436,-1.353936,0.0,0.32048595
1.3100107,0.42508718,0.21807213,-0.52737373,0.1389036,-1.2462949,-1.1987567,0.24798249,-1.3190172,0.2545814,-0.15059577,0.06810957,0.83099395
-0.0674643,0.031159636,-1.0365844,-0.97236925,-0.21158032,-1.4832966,-0.3425639,-0.9148997,-0.97958434,-0.43394125,-0.67408526,0.14941883,1.0
1.6258084,4.7222033,-2.1915398,-0.75466955,2.994795,-1.1443133,-1.8718446,1.7367737,2.7518206,-0.523252,-0.09161963,1.0,0.0
0.8515407,-0.19571865,1.1279804,-0.97236925,-0.6130143,-0.68346775,-1.2138171,-0.89771515,-1.0474457,-0.93403673,-0.33584666,0.0,1.0
-1.4302083,0.040928237,-0.5827727,0.08006348,-0.7118094,-1.1404598,-1.8718446,-1.5922731,-2.0595062,-1.6747506,1.8658206,0.0,1.0
-0.4209929,0.35847798,0.057718575,0.20105912,-0.92534244,-0.7005372,-0.30672112,-0.5366337,-0.45650285,0.9893581,1.3887413,0.070276886,0.8610805
-0.5763275,-0.4614789,-1.5425509,-0.47153893,0.20397612,-1.2309934,-0.08747418,-0.070654154,0.07860727,-0.3613357,-1.5420578,0.025932992,0.7025151
-0.8591562,-0.16602552,-0.23712668,-0.97236925,-0.57763994,-0.8355255,-1.8005447,-1.5922731,-0.43360588,-1.3434987,0.5235282,0.064300336,1.0
1.4641352,4.0790696,-0.5351448,-0.11195867,3.4144585,-1.5386337,-1.8718446,1.3040997,0.94732076,1.3595847,0.80325454,1.0,0.0
0.9618094,4.7222033,-2.1915398,0.087827936,1.3733635,-1.0509105,-1.8718446,1.7367737,2.7518206,0.19084577,-0.016827803,1.0,0.0
0.049331166,4.0921235,-2.1915398,0.5362194,0.0028914586,-1.5386337,-1.6013505,0.68508935,-0.48443246,-0.049589984,-0.042366043,0.59096384,0.49422547
1.230622,1.8084437,-0.64973676,-0.5868016,1.599036,-1.186882,-1.1953695,0.42913032,-0.61946,0.73274696,-0.29209858,0.58118546,0.29216838
0.2584663,-1.0442101,-1.0331386,-0.26450875,-0.35326964,-1.5386337,-0.6652927,-0.19498996,-1.9065853,-1.4763824,-0.6160469,0.35864708,1.0
-0.08546445,-0.30668032,-0.48498657,-0.27710214,-0.85712355,-0.5977411,-1.063934,-0.76256424,-0.84341943,1.258121,1.2433114,0.033200763,0.52260953
0.19937104,0.22640346,0.4293355,1.2499145,0.15822646,2.2039337,1.3876818,0.6495823,-1.0649275,-0.1252756,-1.7593788,0.0,0.80995286
-0.8542209,1.0651344,-1.1169118,-0.7996724,-0.078450486,-1.0985234,-0.18029366,-0.15587462,1.7304001,-1.6747506,0.13178903,0.0,1.0
-1.8776025,-0.28073397,-0.03842248,2.1267874,0.7147705,3.8897998,2.317571,1.0404925,0.11697313,-1.3768142,-1.7593788,0.0,1.0
1.4446907,-0.25797004,1.7408613,0.36029977,-0.65802747,-0.14293155,0.12368086,0.6965636,0.012931703,-0.083481185,-0.5097543,0.08815929,0.33270386
0.33904827,1.3109488,-2.1915398,0.2380882,-0.09269245,-1.5243186,-0.7052551,0.7364946,0.38016948,-0.5665025,-0.35194337,0.33495677,0.6813133
-0.25589395,0.0058729053,0.19269995,-0.065647095,-0.8969941,-1.079137,-0.4893811,-0.2008714,-0.30222315,-0.12905559,0.21269199,0.0,0.6861729
-0.7477193,0.08597021,-0.11314,0.093269065,0.49658492,-0.28462887,0.60635084,0.32403105,0.16848198,-0.7953779,-0.7509122,0.0,0.8692159
-0.87711906,0.15294299,0.15647738,2.1267874,0.14849329,3.257243,2.317571,1.6662898,-0.8577713,-1.1998957,-1.7593788,0.39317983,0.87878156
-1.8776025,1.094125,-0.6756772,0.0681698,0.24292396,-1.3337983,-0.5328816,-0.49753812,0.07456415,0.16049972,0.45953858,0.05231354,0.21680479
0.43169802,3.7060914,-2.1915398,-0.19968276,0.44326854,-1.5386337,-1.8718446,0.64254487,1.1288538,-1.0353789,0.0026047826,0.9874016,0.21802409
-0.49871498,-0.3625803,1.7049084,-0.71625316,-0.7094111,-1.5386337,-1.1657541,-1.5921656,-1.0486531,-0.90962726,1.0054827,0.0,1.0
-0.1395155,-0.74514896,0.77101344,-0.5271435,-0.08130883,-0.7364804,-0.09807911,-0.03073613,1.527953,0.39599305,0.0897461,0.0,0.38046092
0.30427423,3.065335,-1.4808415,-0.50221187,1.5490185,-1.5386337,-1.8718446,0.9229938,1.3333062,1.3372158,-0.31362855,1.0,0.0
0.5491146,-0.113821715,0.027011922,-0.30045596,0.8034795,-1.5386337,-0.69873595,0.77288765,0.32038522,0.46532643,-0.39226305,0.6608423,0.21190687
-0.07722412,0.45800582,1.144801,-0.6441313,-0.6747089,-1.0350767,-0.44681537,-0.7268349,0.014024667,-0.8355529,0.6411099,0.0,0.55963516
-0.2893057,3.156484,-1.64,-0.4195031,-0.40048322,-1.5386337,0.19551644,0.4062946,0.054549243,0.07823968,0.16735725,0.0,1.0
-0.10224861,-0.34316406,0.40135762,-0.5669876,-0.93112546,-1.0202297,-0.51586074,-0.3865941,0.42108026,-0.5256594,0.14893955,0.10164086,0.66455525
-0.879177,-0.88380456,-0.986259,-0.11212731,-0.16999252,0.11876117,0.6261021,0.5413633,0.52148443,-0.17801212,-1.7593788,0.19423403,1.0
-0.19541453,-0.6593617,-0.03405772,-0.8202672,-0.42249018,-0.021949304,0.5001663,-0.058262933,1.3611474,0.6024679,-0.033351183,0.0,0.76473284
1.2279443,-0.7247377,0.20935309,-0.34360215,-0.9317711,-0.98753846,-0.86857516,-0.7662724,-1.672512,-1.1423916,0.86241204,0.44559142,0.7862328
-0.8099108,-0.6274617,-0.69604844,-0.8358692,-0.7513319,-1.5386337,-0.14124292,-1.3121178,-0.6278753,0.3226319,0.6495603,0.0,1.0
-1.0594348,0.14776614,0.38852963,0.7792423,-0.3112177,1.9899778,2.317571,0.8854131,1.5065817,0.45796716,-0.82199043,0.0,1.0
-0.8122632,0.13810815,-0.64734983,-0.2252691,-0.07508303,-0.61366117,0.39423117,0.06582186,0.4265763,0.1870093,-0.40168047,0.0,0.74550575
-0.6580222,1.4396585,-2.1915398,-0.97236925,0.12985882,-0.7699992,-0.61497986,-0.6589368,-1.7924976,-1.6747506,-1.7593788,0.0,1.0
-1.3568605,1.5330697,-1.985345,0.69036597,-0.079772994,0.24702393,-0.043298617,0.23253812,0.6588342,0.17356543,0.5823299,0.30576128,0.5431852
-1.5239854,0.1451779,-0.6380958,2.1267874,0.42084146,-0.3767652,0.8920391,1.3484373,-1.0870327,-0.27733356,-1.1095524,0.0,0.8702779
-0.8210396,0.5276561,0.5125008,-0.97236925,-0.93371063,0.3145045,-0.7681916,-1.5922731,-1.0081713,-1.6565261,0.3567539,0.0,1.0
-0.78199714,0.011710302,-0.0014268644,-0.11631662,-0.5987559,-0.7915668,-0.4358213,-0.8835347,-0.9776621,0.46443772,0.59247977,0.0,1.0
-1.0447376,0.8447877,-0.7096399,0.34654865,-0.3471442,2.6363542,1.937471,0.022898585,-1.5756612,-1.6747506,-1.7593788,0.0,1.0
0.54944235,-0.61448926,0.26953733,0.14736529,-0.93371063,1.693429,-0.24389568,0.12700166,-0.6962737,-0.9433997,-0.7596859,0.44634947,0.5630277
1.0212923,-0.59383047,1.3614237,-0.29974106,-0.93371063,-0.654448,-0.43524662,-0.44427127,-0.864214,0.73239994,0.97090596,0.0,0.9042204
-1.3083773,0.19032739,-2.068081,-0.46030033,0.29045987,-0.041946463,0.91124094,-0.6798457,-1.0182086,-1.2164211,-1.7593788,0.3092914,1.0
-0.3769339,0.337761,-1.2432977,-0.24800685,-0.21800151,-1.5386337,-1.2108072,0.25614303,0.28866526,-0.3895874,-0.23037659,0.40417033,0.47241464
0.9717975,-0.16809995,0.013193047,-0.22726025,3.5038764,-0.36876023,0.9496901,1.4535466,0.67516327,2.2838242,-0.4755293,0.2754467,0.9410024
-0.040650222,0.21158981,0.48686245,-0.97236925,-0.32284415,-1.4515464,-0.060638703,-0.81425124,-0.85421824,-0.38495332,-0.2759186,0.0,1.0
0.49913707,4.7222033,-1.7853099,-0.97236925,-0.07785393,-1.3100361,-0.51575893,0.256736,0.43374097,-1.2546821,0.06840545,0.8226728,0.4176988
-0.049877547,1.2706922,-2.0778558,-0.45450807,0.13358636,-0.71589875,-0.69136924,0.47515497,-0.02106818,-0.97444147,-0.8292287,0.41823658,0.6734429
3.3303113,1.6797777,1.3463274,-0.39544225,4.723087,-0.88297623,-1.3000047,1.7367737,-0.015180397,2.2838242,-0.39397937,1.0,0.0
-1.1307435,-0.06867632,-0.36645904,2.1267874,0.34354866,1.1857352,1.9604326,1.0331018,-0.868755,-0.35898316,-1.3043326,0.0,0.9094153
2.400308,0.6035048,0.9039541,-0.97236925,-0.93371063,0.06758902,-0.7934157,-0.700465,-1.2662828,-0.05002275,0.29389364,0.0,1.0
-0.26552123,-0.8936193,0.69781125,2.1267874,0.64782554,3.47077,1.7200723,1.1554959,-1.9245589,-0.16315384,-1.7593788,0.0,1.0
-0.5275045,0.2502321,0.6498239,0.21520166,-0.6840167,-1.4983037,-0.030191164,-0.35209015,-0.512404,1.1376204,1.1883296,0.0,0.8582743
0.30427936,1.2401352,-0.67703575,-0.26765275,0.97681,-0.42137033,0.075519286,0.40960628,-0.9008124,1.0539963,-0.90927124,0.21982478,0.5703108
-1.8776025,-1.0442101,-2.1915398,1.6765928,0.4223782,0.031795606,1.677756,0.50619954,-0.8212625,-0.18388557,-1.7593788,0.0,1.0
-1.5196067,0.9727984,-1.3221704,-0.07654622,-0.93371063,-1.0989842,-0.8898533,-1.5922731,1.9831342,0.5471367,1.8658206,0.47598296,0.38343325
-1.010236,0.21629325,0.5485157,-0.019055003,-0.44979525,-1.5386337,-0.8655601,-1.077907,-0.64639086,-0.007603837,1.7027594,0.0,1.0
-0.9271008,1.0673112,-0.7605625,-0.1817247,-0.6612678,-1.5386337,-0.5575462,-0.7073663,0.85722023,-0.05809731,1.360645,0.31117806,0.5536724
-1.8776025,-1.0442101,-0.99831486,1.0018849,1.5236771,0.34501576,2.317571,1.2699137,0.7626682,1.2093699,-1.7593788,0.0,1.0
0.3054992,3.38224,-2.1915398,-0.6250893,1.0894257,-1.5386337,-1.8718446,0.84336954,1.2930274,0.65055096,-0.6061692,0.8338954,0.0
1.7645692,0.18043207,1.9760363,0.1721058,-0.27830672,-0.045457948,0.30502546,0.3919027,-0.3037309,-1.4054731,0.13058738,0.0,1.0
2.5130024,2.6869934,-0.98004776,0.20745754,2.658024,-1.5386337,-1.8718446,1.7367737,0.081313916,0.91200125,-0.5504123,1.0,0.0
1.8555028,0.46835148,-0.11901363,-0.43853834,1.1567478,-1.1539015,-1.4834629,1.0755994,-0.2619221,0.6382217,-0.5643357,0.44167176,0.10585602
-0.5762753,2.8396354,-2.1061323,0.13779432,-0.35101902,-1.2739736,-1.3261555,-0.38809276,1.3898743,-0.006093433,1.5566134,0.44675717,0.16974322
-1.4186865,2.8087294,-2.1915398,-0.48581535,0.26051262,-1.5386337,-1.0412964,0.3810591,-0.0076723825,-1.6747506,-1.6865773,0.0,0.94039935
-0.1623643,0.364683,-1.2471362,0.13197772,-0.54642504,-0.90129423,-0.45697135,0.42317587,0.5878774,-0.41056842,-0.7226765,0.1553028,0.830722
-0.22675143,-0.7411946,-0.71128416,0.38060606,-0.93371063,1.4519336,0.53799635,0.43943638,1.5244243,-0.1673934,-1.1168343,0.03184442,1.0
-0.21910429,-1.0442101,-0.6030313,-0.6699749,0.35483485,0.13976552,0.09300462,0.13954365,2.7518206,1.624997,0.67419016,0.0,0.7594976
0.4882188,-0.29946056,-1.0478638,-0.0426681,-0.6151961,-0.25441027,-1.4047357,-0.858313,-1.2602017,-0.36932248,0.968215,0.08855676,1.0
-0.55905926,0.28471708,0.5836537,0.54682994,0.27255744,-0.11635952,0.07652576,0.059832893,-0.32253256,-0.9664527,-0.7342666,0.0,0.89461356
1.9524475,-0.7674937,-0.1702773,-0.71533716,-0.93371063,-0.8143027,-0.8972435,-0.6039766,-2.183889,-0.68299276,0.15313856,0.33115584,0.81255764
2.1032138,3.2357762,-1.2675245,-0.97236925,2.9124596,-1.5386337,-1.8718446,1.7367737,1.0444332,2.2838242,-0.05687343,1.0,0.0
-0.41581094,1.3983521,0.3757236,0.20311739,-0.6494861,-0.25616068,0.22736984,-0.37103692,-0.9783732,-0.084515244,-0.15208024,0.0,1.0
-1.8776025,-0.7637849,0.19786751,2.1267874,-0.1852038,3.3189514,2.317571,1.6826872,0.6083897,-0.8540017,-1.7593788,0.0,1.0
0.5196493,-0.3824482,-0.4964562,-0.23923053,-0.6971982,-0.99174756,-0.85495234,-0.91627043,-2.1791422,-0.31790835,-0.071149305,0.0,1.0
-0.95869493,0.50432575,-0.9147316,-0.7910174,-0.007997769,-0.84855527,-0.12052323,-0.20569484,1.8452164,0.47985935,-0.301058,0.45860255,0.75103575
0.64256763,-0.10344751,-0.028473873,-0.32515228,-0.14433226,-0.79089,0.17020345,0.25276807,-1.3726487,0.22070304,-0.42426926,0.14100344,0.9289453
-0.29164374,0.24222475,-0.4705657,-0.32134092,0.6687272,-1.3228636,-0.93804795,-0.23573291,2.6382732,1.2263858,1.7479134,0.6995837,0.07355527
-0.909324,0.4917661,-0.41459224,0.38141719,-0.8158461,-1.1473814,-0.779772,-0.72090423,0.18811594,-1.0707693,1.4595048,0.0585158,0.67801404
-0.305656,-0.28789622,0.92075515,0.06602251,-0.45463032,-1.0555154,-0.2595458,-0.3527671,-0.4014405,1.0315764,0.89712805,0.0,1.0
-0.9035428,0.36070177,0.67635614,-0.4841876,-0.6962126,0.90840274,0.49524516,0.011818189,0.6623175,-0.6464733,-0.9381021,0.0,0.6114243
-0.6977279,0.7048165,-1.3962781,-0.7938607,-0.93371063,-1.235538,-0.026426807,-0.33422342,-0.7071702,0.5706103,-0.5844658,0.0,1.0
0.86942303,-0.43062708,-0.39219162,-0.97236925,-0.32193723,-0.7478843,-0.7115659,-0.06235278,-0.8424978,-1.1919874,-1.4062607,0.23730336,0.8025745
0.6176294,-0.002842689,1.3561114,-0.6138401,-0.59160626,-0.2707333,-0.049335025,-0.19114287,-0.025066763,-1.2263601,-0.31754607,0.0,0.8677909
-0.14184964,-0.29850772,-0.042105585,-0.30582583,-0.45816618,-0.72756946,-0.18477236,-0.6764059,-0.94401324,-0.71232975,-0.22007446,0.018115856,0.7831424
-1.3172528,-0.32620922,-0.14613387,-0.60231817,-0.43277404,1.1595169,0.36523676,-0.42866278,0.16049564,-0.43480134,-0.41597462,0.15541755,0.58208025
-0.8909684,0.47618622,-1.8615422,-0.8100817,-0.021362603,-1.5386337,-0.59911466,-1.0374091,-1.2742596,-1.3097181,-1.2085181,0.0,1.0
-0.88948375,0.33251497,-1.5819643,0.03174836,0.34610105,-0.5794558,0.4755209,-0.12025666,-0.66154814,-0.86830395,-1.661471,0.058898497,0.9303604
1.6698145,4.593652,-2.1915398,0.026863795,1.1636298,-0.88867116,-1.8718446,1.2992896,0.30601943,1.2063329,0.706717,1.0,0.074559584
2.8666496,4.7222033,-0.82047796,-0.8782724,2.9280932,-1.5386337,-1.8718446,1.7367737,0.5054146,1.135429,-1.5650901,1.0,0.0
0.5677037,-1.0442101,-0.40895867,-0.17084527,0.22070034,-1.4310161,-0.15182728,0.23231453,-0.35454836,0.92065924,-0.3194368,0.0,0.7014699
0.41859034,-0.39970395,2.8018205,1.1514032,-0.93371063,0.9483283,-0.59868366,-0.13389799,-0.7492168,-1.3546555,0.24901195,0.0,1.0
0.80287474,0.20823042,1.3497629,-0.6366362,-0.24938746,-0.89940304,-0.630217,0.012929723,-0.85996217,-1.0735959,-0.89471376,0.037071045,0.99366796
0.14327013,0.34625357,2.0543623,0.5054204,-0.88900626,-0.70909923,0.02875407,-0.35581616,-0.076139,-1.6747506,0.48715842,0.0,1.0
-0.71634483,4.246302,-2.1915398,0.41126314,0.2677315,-0.76616323,-1.531017,-0.04112264,-0.8247163,0.9597673,0.48090053,0.583052,0.8096431
-0.6323674,1.1554493,1.8971885,0.004428274,-0.24717443,-1.5386337,0.041762035,-0.21921808,1.5849428,0.99235773,1.3357028,0.47646832,0.93285155
-0.8303457,0.80373675,1.0647438,1.4246626,1.8938893,1.97978,1.9005444,0.56146324,-0.13824508,1.564361,-0.6619614,0.0,1.0
-0.06772662,-0.03256401,0.13163932,-0.8809181,-0.26457432,-0.77539194,-0.24267823,-0.4063615,-0.6723422,-0.3321913,0.04351595,0.0,1.0
-1.2842022,0.18653315,-0.7953261,0.34283274,-0.5562451,-1.5386337,-0.9640084,-0.21008024,-0.12750222,-0.27225912,0.19852974,0.11197814,1.0
-0.5482625,0.9847376,1.4840567,-0.549128,0.0258051,-1.5386337,-0.5425956,-0.72728664,-0.28760087,-1.6747506,-0.23108919,0.0,0.8895318
-0.7024146,0.39375573,-0.5228561,-0.20047961,-0.45613977,-0.891619,-0.23534651,-0.40140513,0.07181974,-0.22386928,0.08989042,0.062298227,0.7063789
-0.6107517,0.63301826,-0.5195731,0.070350245,-0.19066927,-1.2891619,0.108230144,0.2372019,0.30063698,-0.20681238,-0.22974323,0.21166022,0.668213
0.12367899,0.2714393,0.22972794,-0.08803068,0.011844449,-0.51053673,-0.20948388,0.4428617,-0.5504929,-0.40827465,-0.76727784,0.0,0.5228818
0.15818875,-0.39255995,-0.28163114,-0.222357,0.14380887,-1.5386337,-0.20249012,0.50098395,-0.77821577,0.020770885,-1.2394456,0.017465593,0.46280617
-0.05626735,0.54945606,0.08293504,0.565059,0.45802444,1.9517822,1.080187,-0.08395533,-0.20582445,0.7970241,-0.08658426,0.0,0.4272825
-0.45119464,2.1257296,-1.7823939,0.7307106,0.18596444,-1.2430521,-1.5888436,0.43014187,1.2113653,0.62560207,1.3907139,0.5485682,0.20144767
1.1526408,-0.25675276,1.6796125,-0.62936854,-0.8374396,-1.5386337,-0.7465652,-0.41435927,-0.7922856,0.35932887,0.58859986,0.060417797,0.9197543
0.7456352,2.2364354,-0.7234105,0.7916053,0.9518337,-0.6555409,0.34484652,0.8326226,-0.8926949,-0.5990321,-0.673505,0.18551295,0.6538588
-0.7150902,0.3996728,-1.3435293,-0.75749785,-0.34414172,-1.0102389,-0.60130554,-0.8637806,-2.183889,-1.6747506,-1.7593788,0.304609,1.0
-0.13571751,-0.5702993,0.06416753,-0.07307628,0.039096437,-1.1620148,-0.98468846,-0.007610783,-0.29441726,0.71298337,0.0953414,0.2757641,0.54587257
1.2475626,0.69368976,0.92435896,0.21713519,0.3906553,-0.29722893,0.14109889,0.80329525,-1.3170358,-0.39034593,-0.8842468,0.0,0.78989196
0.15122767,0.18179652,0.98300713,-0.7415466,-0.41003287,-0.93888575,-0.40153766,-0.37727386,-0.012621665,-0.8124559,-0.622702,0.0,0.7915384
-1.0844219,-0.9527234,-0.89434636,0.09393847,-0.12000978,0.65301365,1.340315,0.15738718,1.2042991,0.32746953,-0.55260485,0.0,0.79336625
-0.46768078,0.60263026,0.19159925,-0.97236925,-0.27920827,-0.15552774,0.75292873,-0.9081029,-0.025690008,-0.55701995,-0.7912701,0.0,1.0
-1.8776025,0.93860346,-1.0928321,0.062580206,-0.83621216,-0.5053159,-0.7179595,-1.2598497,2.2630525,0.52956027,1.8237222,0.41171825,0.13495925
0.15547502,-0.6985514,-1.320363,-0.65635437,-0.38811988,-0.8511921,-0.15489022,-0.042302836,-0.22092697,0.33860797,-0.86456984,0.0,0.9438814
-0.050136402,1.2967578,-0.564445,-0.38034952,-0.93371063,-0.26928407,-0.6661331,0.06011474,0.28042904,-0.40775442,0.09155869,0.13266651,0.97870874
-0.9702976,0.8409763,-0.8198009,-0.97236925,-0.26603818,-0.73283505,-0.21215944,-1.5922731,-1.4638283,-1.4085894,-0.075715914,0.0,1.0
-1.2557741,4.7222033,-2.1915398,0.36193034,1.0120482,-1.5386337,-1.8718446,0.7585789,1.5448049,-0.21263479,-0.49572462,0.93705606,0.35894412
-0.19942607,-0.6115237,-0.23589881,-0.49331942,0.0991126,-1.3493515,0.056998733,-0.65667826,-0.8257278,-0.45583433,-0.8675225,0.0,1.0
-0.550427,1.8900441,-0.20597327,-0.22554953,-0.34778965,-0.28240117,-0.07519807,-0.08718683,0.25467473,1.2622714,0.869794,0.21545388,0.49722317
-0.38504288,-0.0019412376,0.14058407,-0.38810128,-0.6538079,-0.906674,0.36715046,-0.47389832,-0.49813384,-0.21753806,-0.47208488,0.0,0.94560254
1.2326444,0.76561975,0.40599847,0.041753225,1.4395411,-0.33176517,-0.34756625,0.4263922,-0.18403459,0.3792922,0.2563933,0.6288474,0.0
-0.53764457,0.71881586,-0.10141618,-0.48328418,-0.93371063,2.4932923,1.8169721,0.23927242,2.171789,-1.0221511,-1.7593788,0.0,1.0
-0.22613487,0.57987714,-2.030484,-0.8756706,-0.53244543,-1.3239889,-0.6657612,-0.7804658,-1.4557167,-1.0904049,-0.94058925,0.0,0.865024
1.4920089,3.6299896,-2.0336103,-0.80611604,0.87759775,-0.7933658,-1.7732632,0.42830965,1.5364035,-0.009863077,0.4847188,1.0,0.0
-0.072923936,1.4653714,0.114086024,0.025334641,-0.47586253,-1.3162091,0.13552493,0.2855246,-0.2678655,-0.11282708,-0.29425073,0.2529791,0.87354857
-0.1284339,0.5730814,-0.7708196,-0.58232355,-0.9225417,-1.3920068,0.87339103,-0.3797438,-0.9071961,-0.23332606,-0.81581813,0.0,0.93742067
-0.2282301,0.10961822,0.059893727,-0.050600853,-0.3545585,-1.5386337,-0.6656065,0.10437168,1.3820804,0.62227535,1.002279,0.020652158,0.3229535
0.059101045,1.9348023,-0.934396,0.92412364,1.8126897,-0.6565632,-0.40437937,0.9239666,2.116594,2.2838242,1.8658206,0.9534425,0.6399445
-0.22154681,3.0097075,-2.1915398,-0.8266105,-0.08003379,-0.80935204,-1.8150394,0.12179737,2.4353073,-0.14680192,1.1708379,0.99339163,0.0
-1.3649862,2.7983828,-1.7027649,-0.7089942,0.8363985,-0.33439887,0.13807914,-0.40979987,1.994175,0.52792984,0.7550035,0.33106565,0.39307684
-0.36466104,1.7950473,-1.0075625,0.018022526,1.4484658,-1.4393415,-1.3317924,0.045971006,-0.23949066,-0.0558737,0.2709486,0.44285533,0.57330894
-1.3125246,1.5926596,-0.54335546,0.32449722,-0.6992531,-1.4453294,-0.23134914,-0.5628776,1.5323536,-0.19850875,1.4856987,0.02017113,0.9358306
-0.69016594,0.38000533,-0.1605623,-0.97236925,-0.93371063,-0.16894354,-0.8744775,-1.5922731,-1.298151,-1.2480897,0.6102394,0.06067768,0.7429822
-0.9869647,0.4579615,-1.1296669,0.084019944,0.38592705,-1.5386337,-0.33677712,-0.21921846,-0.2365988,-0.6738477,-1.178872,0.03642398,0.7249076
-1.0914129,-0.9304805,0.51636785,2.1267874,0.16566075,2.5065682,2.078771,1.7188895,-1.1292402,-0.3030234,-1.7593788,0.0,1.0
1.0305973,-0.8080022,0.96753776,0.5629037,0.34584513,0.30626255,0.4530069,0.9492716,0.3553862,0.14156401,-1.5676212,0.0,0.873868
-1.1543924,-0.38432157,-1.6844792,-0.5834648,-0.16305591,-0.50767154,0.33208272,-0.013257068,0.82894003,-0.6499343,-1.5251771,0.16133592,0.9009689
0.1582984,-0.755586,0.21510671,-0.063416615,-0.5092417,-1.4799079,-0.55622965,-0.6919262,-0.64332765,0.28987217,0.21793891,0.0,0.8622759
0.8538794,0.9306642,-1.0865887,-0.5593613,0.9201555,-1.324209,-0.5814458,0.736236,-0.8761123,0.034958266,-1.3594241,0.47224388,1.0
-0.69801724,1.130315,0.31204534,0.2451431,-0.47492477,0.57455444,2.2487197,0.60951245,0.80077505,-1.4811604,-1.553633,0.10386576,0.7989443
-0.52971226,-0.55860555,0.13447896,-0.34476298,-0.53217715,0.026105978,0.28479624,0.19583036,0.71015173,-0.26272935,-0.7260333,0.3351064,1.0
-1.8776025,0.4636987,-0.94735897,0.34166932,-0.84573245,-1.4291542,-0.9096616,-1.5215217,-0.6462487,0.121191606,1.3726144,0.0,1.0
0.54566824,-0.24402833,0.39061627,-0.6356775,-0.22969286,0.036804646,0.21858862,-0.39936325,-0.08210514,-0.3602298,-0.65235204,0.0401028,0.77998215
-0.5410734,-0.51406926,0.14358252,0.22961363,0.275966,-1.5386337,-0.42075643,0.025370134,-0.5616452,0.80228037,-0.48120397,0.0,0.44295052
0.58585346,0.0438762,0.6636795,-0.97236925,-0.42977667,-0.387008,-0.46299958,-0.7509748,-0.96791506,-1.1949905,-0.36952484,0.014398156,1.0
-0.5718171,0.27042022,0.4854842,0.22208506,-0.2446739,-1.0049555,0.28000116,-0.33157927,-1.1786689,-0.2648648,0.06251765,0.0,0.6899029
0.045683146,0.17732488,-1.2427818,-0.62564594,0.12939703,-0.75980854,0.35497928,0.087472744,-0.6472267,-0.6320865,-1.1945873,0.0,0.9006304
-1.6877115,-0.17635937,-0.6940794,0.46114278,0.45759127,-1.5386337,-0.9539289,-0.7743162,-1.2648858,-1.5249413,-0.1552014,0.0,1.0
1.2205195,0.055746146,1.4059787,0.090676785,-0.93371063,0.1738931,-0.6448193,-0.3640395,-1.0706671,-1.0892868,-0.32673955,0.31316295,1.0
1.1293631,3.1633246,-2.1915398,-0.7412398,0.048221346,-1.1114845,-1.7404071,0.8568023,0.7355028,-0.18871687,-0.67151576,0.8558234,0.32329193
0.065495685,2.1682255,-1.9347872,-0.10935847,-0.3957944,-1.0860314,0.014861898,0.66860574,-0.011440915,-0.4084034,-0.5709513,0.110204734,0.9975875
0.1339297,0.6084503,-1.882047,-0.070316084,0.9179482,-1.093895,-1.4074414,0.44750416,0.18499644,-0.14973809,-0.6626988,0.7407034,0.33773226
0.21274675,0.11833064,-0.7720349,-0.57365966,-0.15218067,-0.61638033,-0.003031185,-0.098148316,-0.042283732,0.0109674465,-0.54422385,0.15739045,0.5858051
0.916683,-0.30405992,1.3307596,0.2694598,-0.22826263,-1.5386337,-0.64881563,0.22015269,-0.87633044,1.073281,0.61121726,0.08376774,0.6919359
-0.062687956,-0.9144624,0.8358696,0.8711322,0.062606186,0.72282565,0.7608787,1.5512015,1.3716699,-0.33412653,-1.7593788,0.0,0.54679364
-1.0220664,1.357134,-2.1915398,-0.40745196,0.090639025,-0.83276755,-0.75613964,0.21946976,0.79133874,-1.0635308,-0.39869052,0.5681126,0.5341819
0.6428452,-0.3499416,-0.15438464,-0.28875503,-0.34907484,-1.3007659,-0.48655728,0.3953475,-0.818924,0.02265511,-0.36849517,0.0,0.7726578
0.015882352,-0.51008147,-0.5565929,-0.76821214,-0.12806231,-1.5386337,-1.4900054,-0.7419946,-1.2402414,-1.1775069,-0.14501026,0.0,0.7589645
-1.5247883,-0.12418327,-0.8580698,-0.21266998,-0.93371063,-1.42421,-1.436853,-1.5922731,-1.4319476,-1.6357598,1.3242791,0.0,1.0
1.1230193,2.0158784,2.2463484,0.14594209,0.2303005,-0.77111673,0.31582355,0.97554606,0.06821757,-0.06701186,-0.16634744,0.19521444,0.7995588
0.96730906,1.2249609,-0.84866136,-0.27938756,1.167942,-1.5386337,-1.5531644,1.0949852,0.9590823,-0.44328105,-0.7669121,1.0,0.2673342
-1.0882427,0.16143502,-0.23941468,0.51766783,-0.6498291,-0.9779019,-0.89106107,-0.46994385,0.37304136,-0.22301622,0.9433335,0.25504586,0.67026746
-0.9173481,2.404602,0.2680818,-0.020089041,-0.22341105,-0.1377323,1.0263829,-0.24864745,2.652737,0.3161826,0.85367537,0.5350838,1.0
1.3259295,-1.0442101,0.9176866,2.1267874,0.2222428,1.2194023,1.1919463,1.7367737,-1.1476341,-0.44658214,-1.7368045,0.0,1.0
-0.030610759,-0.19871163,1.458202,2.1267874,1.4026103,4.182165,2.1782713,1.7367737,-1.7044082,0.0029945541,-1.7593788,0.0,1.0
-1.028572,1.3735342,-1.1053545,0.5968608,-0.18536972,-1.3646724,-0.54284304,-0.08299515,0.66530544,0.042164143,1.0665593,0.18190761,0.7221012
0.77517414,1.0535052,-1.817943,-0.78264344,0.5341818,-1.2032281,-0.42632827,0.3888129,-1.3905699,-1.2275635,-1.5418105,0.0218014,0.6686968
-0.51238847,-0.90744287,-0.25966874,0.19986533,0.24089529,-0.42746657,0.54504806,0.13667886,0.18620329,1.4013462,-0.85957485,0.0,1.0
-0.12387488,0.8018146,-0.1409416,-0.97236925,2.3937325,-0.4828115,-0.20751832,-0.25565633,-0.3666469,2.2838242,0.6954116,0.32610172,0.17337404
-0.63845533,-0.7522206,-1.044979,1.0308555,1.4417826,-0.50838804,0.26114827,0.73009837,-0.66420907,0.17125848,-1.6995815,0.29157725,1.0
-1.0727413,0.7128871,-0.007892338,2.1267874,0.57149625,3.1261444,2.294864,0.5322602,-1.222793,1.4234743,-1.004842,0.0,1.0
-1.3225218,-0.64139795,-1.2816238,-0.94229966,-0.5877664,1.1046927,0.09333883,-0.6259476,1.4808904,0.30768722,-0.48881477,0.22105113,0.9758681
0.8417357,1.7832716,0.5544642,1.0322049,-0.09063977,-0.08278693,0.093525246,1.1046495,-0.7922457,-0.2691459,0.2478895,0.008319013,0.11232749
-1.2092015,-0.514714,-0.8428214,2.1267874,0.7294413,1.8787736,2.317571,0.88316333,-1.0876647,-0.8989763,-1.7593788,0.098740235,1.0
-1.8776025,-0.33787343,1.1802354,0.44127932,1.6759107,2.8720014,2.317571,0.30050355,2.7518206,1.2760205,0.63906676,0.0,1.0
-0.71597224,-0.12016553,0.12557973,-0.35722736,-0.15758221,-1.5386337,-0.82402784,-0.2842669,0.49031678,-0.11301541,0.5183395,0.120745495,0.2662188
-0.38163242,-0.9008269,-0.17096806,-0.030923035,0.03623433,-1.5386337,-0.61188143,-0.24763134,-0.7875525,0.45307547,-0.7904585,0.0,1.0
-0.67378044,-0.26965716,0.034996882,1.0667295,0.37978753,-0.45094687,1.0921806,0.3734248,-0.27020717,-0.06282945,-0.73406994,0.0,0.97333986
-0.8366652,0.67033803,-1.3699056,-0.3587061,-0.3413146,-1.5386337,-1.0423344,-0.16053364,0.25368217,-0.3687083,-0.47216332,0.0,0.8749872
-0.626556,0.36415577,0.07839423,0.4474971,0.2779492,-1.1507243,-0.9019333,-0.1852354,1.3052756,2.2838242,1.8658206,0.4206856,0.5690983
-1.8776025,-0.43373808,-1.4658024,1.6323451,0.6650256,1.2963443,2.317571,0.6058734,0.16657555,-0.22429883,-1.4883574,0.009413872,1.0
-1.1476746,0.48353317,0.16570248,-0.11738653,-0.3678907,-1.291876,-0.30661497,-0.6807044,0.30696183,-0.36168444,0.7003087,0.06469341,0.711347
0.5107701,-0.027344685,2.0221255,-0.8949715,-0.93371063,-1.2640826,-0.5372086,-0.76488686,-0.8115891,0.18771829,0.34960473,0.0,1.0
0.5966508,3.6714048,-1.3663719,0.47846013,0.087467164,-1.5386337,-1.8718446,0.74905914,2.7518206,-0.115063,1.8658206,1.0,0.0
-1.0806496,0.45525414,-0.17942145,-0.26629484,-0.40547946,0.024889905,1.139559,-0.011388153,0.90576416,-0.2364306,-0.30752325,0.0,0.9357437
-0.9029928,0.8162728,-0.45845917,-0.08910345,-0.38462663,-1.3021764,-0.79929924,-0.054323707,0.71184134,-0.06805055,0.71473014,0.026137993,0.1964163
0.056392528,4.7222033,-2.1915398,0.14379497,1.2376102,-1.3009528,-1.8718446,0.87434924,2.3801982,-0.6557783,0.15603471,1.0,0.0
-1.4086014,0.86455303,-0.62110907,0.29009163,-0.14438036,-0.8825629,-1.8101876,0.14344679,0.7114891,0.37097293,1.0511281,0.2057977,0.0
0.56933546,-0.6223093,0.12144595,0.49649101,-0.7749062,1.9357438,0.32399926,0.38432568,0.06347794,-0.09649623,-1.7593788,0.5092943,1.0
-0.4062876,-0.089235365,-0.55587256,-0.43707994,0.3447278,-1.269039,-0.86142695,-0.33442137,-0.45492288,-0.17938909,-0.5141431,0.0,0.78837425
-0.33695608,-0.29337335,1.1903713,0.57473475,-0.5299716,-1.1000305,0.123055056,0.22746009,-0.2537173,0.21115662,-0.30497724,0.045303132,0.84108156
0.33919284,-0.69664913,-0.093135975,1.0901438,0.05956613,0.34052598,0.52877355,0.83412796,-0.9301243,0.4759938,-0.9574867,0.0,0.07815908
-1.1610698,1.2292058,-0.44217032,-0.36486247,-0.6731589,-1.1138945,0.8631081,-0.33400252,1.1999112,0.2991686,1.0088259,0.0,1.0
0.19239275,-0.41211638,1.2719376,-0.20810497,-0.93371063,-1.1009208,-0.4825165,-0.65240216,-0.050345406,-0.02455803,0.76307076,0.009261526,0.8708918
0.78256613,4.693338,-1.687716,-0.31379232,0.26820806,-1.4910485,-1.6696361,0.45640752,1.0564764,1.0846148,0.51052445,1.0,0.27435875
0.9273138,-0.247448,1.0712695,-0.09173768,0.81281465,-1.5386337,-1.1918015,0.29155806,-0.90629137,0.3617428,-0.9563774,0.0,1.0
-1.1055053,0.7688361,-0.6252889,0.15680236,-0.5588874,-1.4782367,-0.67053014,0.013947414,1.783333,0.2594528,1.0765624,0.06508241,0.68442154
0.8041454,0.42871433,1.158382,-0.3500478,-0.41597977,-0.5931995,0.47040007,0.3573448,0.23072928,-0.025025412,-0.4806947,0.35653883,0.7361369
0.30521262,0.37894407,-1.5372503,-0.60302734,-0.518423,-0.2961288,0.18428078,-0.42902878,0.80759203,-1.0413696,-0.034085877,0.043238305,1.0
-0.9628979,1.6108878,-2.1915398,-0.5334721,0.39927343,-0.90383995,-0.7119575,-0.16909476,-0.24266134,-1.0995643,-1.7281013,0.39539427,0.45519415
-0.25714433,-0.30013773,-0.031344205,-0.13837904,-0.6239682,-1.5386337,-0.64782524,-1.3536643,-0.9697415,-0.43591076,1.1973166,0.0,1.0
-0.53264344,0.2511235,-0.41155094,-0.97236925,-0.031149507,-1.5386337,-0.38023105,-0.085322246,0.5930352,-0.8523728,-1.7593788,0.0,1.0
-0.3745773,-0.69588006,-0.72291404,-0.13313228,-0.29651445,-1.5386337,-1.4581152,-1.3136169,-1.3722948,0.034011886,0.729738,0.0,0.9824487
0.2215685,-0.8877993,-0.5761861,-0.168516,0.13416485,-0.7925321,-0.13041624,-0.08365008,-0.3225322,0.3101074,-0.21056464,0.23808706,0.57582027
1.5615844,1.9450865,-1.7695211,-0.44328153,1.9973664,-0.63713795,-1.8718446,1.025711,0.73845387,-0.30868113,-0.6038137,1.0,0.0
0.3658991,0.6759197,0.35752356,-0.9690336,-0.7572276,-1.3341157,-0.009835638,-0.42085117,-0.91311216,-0.26882255,-0.3772992,0.0,1.0
1.0710173,0.4953733,-1.9297912,0.2746406,-0.57352465,-0.81420285,-1.671799,-0.48146525,-2.1200492,-0.75995815,0.49193573,0.12683743,1.0
0.08091127,0.5478703,0.09443831,-0.97236925,-0.93371063,1.5151023,-0.91485065,-1.5922731,-1.4806892,-0.68236923,0.31313545,0.0,0.9433241
-1.3145367,-0.92649734,-0.51421124,1.1657897,0.89476407,0.7161077,0.53781766,1.1042418,0.16645032,-0.11829941,-1.2806962,0.0,1.0
-1.1960193,1.2290683,1.4538263,0.82610667,-0.82702917,0.5401609,0.96730644,0.27866647,1.1292118,0.77570474,0.59018564,0.0,1.0
0.9089204,-0.8745275,0.57629764,-0.18220557,-0.27759323,0.41118252,-0.5795265,-0.22936115,-0.7952759,0.49894333,-0.78947675,0.18200327,0.38739583
-0.9368208,-0.06866886,0.5841495,1.0330951,0.19595158,-0.7893386,0.052111294,-0.14862858,0.51334095,0.28204548,1.5120916,0.2788868,0.4608529
-1.1522418,0.7410145,-0.90134674,0.51415986,-0.14085038,-0.6033193,0.9717762,-0.21494189,-0.9022857,-0.0891253,-1.1520422,0.21569015,1.0
0.72351116,1.1106054,2.3671696,-0.7753016,-0.62318444,1.4663005,0.85119057,-0.15625286,0.7255783,0.004410875,-0.5372822,0.15081371,0.8326696
-0.007927937,0.6298366,-2.1915398,0.11917336,0.8588469,-1.5386337,-1.8718446,0.5851761,1.8762646,-0.5419012,-0.011744924,0.7831765,0.15132263
0.22679588,-0.6352128,-0.3116298,0.3916916,1.2708586,0.404976,1.1096895,0.92072946,0.065120846,1.0353881,-1.2176558,0.0,0.9793689
-0.6930496,-0.0869378,-1.5725446,-0.68555427,-0.43674716,0.114084676,1.0024339,-0.41552675,1.157283,0.42048162,-0.5031504,0.0,0.7388153
0.738119,4.075638,-2.1915398,-0.9071453,0.16169499,-1.5386337,-1.8718446,0.30531365,1.679983,-0.6892524,0.14985439,1.0,0.1970451
-0.22832292,0.43724394,0.0802667,-0.97236925,-0.8309007,-0.5154286,-0.57916266,-1.2642932,-2.0564954,-0.99307156,-0.04535794,0.0,1.0
-0.42385408,0.8974213,0.78296405,-0.069835134,-0.65896875,0.62125283,1.02674,-0.22578439,0.46391004,-0.7465371,-0.34360307,0.0,0.76919895
-1.6519763,0.26894563,-1.2268678,-0.343812,0.06820387,-0.8345821,0.28575093,-0.21972144,0.7858555,0.7017649,-0.014710674,0.10438036,0.36672527
-0.8551141,-0.35535643,0.2668558,1.3626387,-0.4866458,0.15978798,0.65328664,0.29883766,-0.12726277,-0.32418472,-0.14221843,0.121697,0.26324466
-0.17328914,2.687398,-0.26488245,0.046936557,-0.060846128,-1.5386337,-0.04273176,0.6350304,-0.2034912,0.53746796,-0.2772504,0.2654853,1.0
-1.0345668,0.2214692,-0.106288105,-0.53223664,-0.040062234,-1.5386337,-0.7687538,-1.1741967,-0.4834174,-1.4542781,-0.27783448,0.0,1.0
0.3361041,-0.053910647,-2.1015637,-0.954138,-0.78873175,-0.3262164,-0.25224566,-0.5576454,-1.6233524,-1.0549549,-0.7573897,0.0,1.0
-0.19701731,0.5424847,-0.305185,-0.60600704,0.0068021733,-0.60266143,-0.5371691,-0.17501573,-0.62932646,-0.9676133,-0.88496786,0.0,0.67874134
1.907456,4.7222033,-2.1915398,-0.7009656,0.41845194,-0.8559925,-1.8667903,0.94875836,1.3133423,-1.2807811,1.5367227,1.0,0.052390493
1.3349011,-0.765003,0.9756675,0.051550724,-0.7737356,-0.6999565,-1.2068774,-1.2637125,-1.4045519,-0.00020911731,1.1353003,0.21386321,0.929064
0.55273175,-0.5200363,0.8556743,-0.5006564,-0.0560994,-1.5386337,-1.4749488,-0.8060366,-1.9729425,-1.2944064,-0.7776175,0.0,1.0
-0.30086753,1.8854373,-2.1915398,-0.78208774,-0.35720125,-1.3934842,-0.8054643,0.3312086,0.92137265,-1.2121274,-1.7593788,0.33943513,0.8907618
-0.3678441,-0.3397639,-0.46041778,-0.40508267,0.28504133,-1.4721713,0.4071798,-0.12925294,0.048433155,-0.11250183,-1.344778,0.0,1.0
-1.8776025,-0.27015135,-0.8109104,-0.5738437,0.85173976,0.61656874,-0.16355485,-1.1438047,2.7518206,2.186351,1.8658206,0.42128757,0.59506434
1.1093485,-1.0442101,-0.9681583,-0.97236925,-0.67189133,-0.7491786,0.20486453,-0.14313254,0.15653153,-0.08405025,-1.3380221,0.02307745,1.0
-0.044092648,0.10243896,-1.4439594,-0.7149289,-0.2686749,-1.1792195,-0.3308671,-0.12145208,-1.5008651,-1.0920827,-1.036722,0.0,1.0
-1.2100564,0.08792028,-0.31806862,0.55158186,-0.2403082,3.5366347,2.317571,0.0682972,0.81361556,-0.32574624,-1.7593788,0.17723873,0.9861585
1.2001448,0.16855413,0.24890248,-0.28471586,1.6395196,-1.0181817,-0.797196,1.482922,1.0196642,0.4079439,-0.5042688,0.9087234,0.066398814
0.39703915,-0.3330306,0.24882765,-0.6751955,-0.51352894,-0.8080162,-0.68080115,-0.6947757,-1.8629032,-0.46461517,0.17035644,0.0,0.91679174
1.4123045,1.6418746,1.5462306,-0.269919,-0.1444048,-0.4191714,-0.6613883,0.4627405,-0.43259114,-0.13090388,-0.3440339,0.62017554,0.83274525
0.10368691,-0.26172808,1.0594443,0.20266567,-0.93371063,-0.7800228,-0.55466086,-1.0498569,-1.0034801,-1.1883262,0.7329769,0.0,1.0
-0.14597715,3.1491554,-2.1915398,0.11977604,0.45825696,0.030773893,-1.8718446,-0.033150706,2.7518206,2.2838242,1.8658206,1.0,0.0
-0.26715454,0.15323599,-1.014107,-0.5261508,0.017518565,-0.6067981,-0.9949831,-0.0039099045,0.8696171,-1.1429017,0.18916516,0.16803883,0.5464632
-0.7787362,0.32859284,-1.456888,-0.9700721,0.1598286,-1.5386337,-1.1409961,-1.2708591,-1.8962222,-1.4713153,-1.6044523,0.0,1.0
-0.098700725,0.074252784,-0.037368543,0.49560142,-0.011656389,-0.046570916,0.31546876,0.3121115,-0.79738766,-0.5936596,-0.6200159,0.0,0.8633325
0.21355191,0.95945084,1.5328114,0.55582476,-0.64469767,1.2954838,1.2480587,0.6292124,1.2626504,-0.67330027,-1.044339,0.01909506,0.6580492
-0.1602996,2.8381157,-0.41348383,-0.44353354,-0.93371063,-0.9263217,0.5868425,-0.20160222,0.84672445,0.51853883,1.2372676,0.0,0.46485305
0.0329424,0.5413035,-0.6702174,-0.5106549,-0.89776075,-0.688306,-0.50945526,-0.62398624,-0.5419944,-0.8546524,0.21381745,0.06869981,0.856925
-0.9167709,0.36798826,-1.0779308,-0.3601348,-0.2904975,-1.2649463,-0.6296252,0.10980156,0.9092555,0.6226708,-0.017674157,0.0,0.7148087
0.1459412,-0.40467435,0.66041386,-0.42237,0.108172566,-1.476376,-0.5894166,-0.53538394,-0.36997554,-0.92771655,-0.30396318,0.0,0.9241049
1.4695274,-1.0442101,0.44838834,-0.97236925,-0.7397083,-0.98959845,-0.8201866,-1.4474818,-1.3994887,-0.04160904,0.7745521,0.0,1.0
0.72139454,1.9444016,-0.9744951,-0.45103383,-0.6812025,-0.34268814,-0.3983892,-0.24287266,0.7708311,-1.6747506,-0.08065663,0.53750885,0.4265306
-0.73615485,-0.9247881,-1.5858436,-0.85387105,-0.271614,-0.37262982,0.5941842,-0.7517265,0.16403057,-0.19328043,-0.8389871,0.013013796,1.0
-0.6951987,1.1149954,-1.4372727,-0.5745371,-0.09468785,-1.2740508,0.18834126,-0.33884442,-1.2664338,-0.78551304,-1.6517565,0.0,1.0
-0.13394555,2.8441572,-2.0198367,0.37759137,0.39109445,-1.2060697,-1.8718446,0.4674521,1.4107578,1.2998182,1.7004695,0.62867886,0.08330394
0.47761166,2.8611493,-1.2778792,0.143507,-0.48614118,-1.4861466,-1.2274097,0.4816232,1.455657,-0.5354719,1.0782882,0.35275444,0.18145013
-1.6204957,-0.5945907,-0.43159893,2.1267874,-0.4292114,4.42614,2.1407912,1.7002398,0.3569582,-1.2069584,-1.7593788,0.0,1.0
-1.6890147,-0.21425125,0.5353248,0.6153068,0.3203199,0.79084074,1.96156,0.537092,0.16961615,1.6807393,0.35310286,0.0,1.0
-1.732442,-0.6495898,-1.137507,1.9172423,0.20127258,1.3865871,2.0286932,1.0168072,-0.49275714,-1.1661052,-1.7593788,0.0,1.0
0.52759904,2.8637474,0.052593455,-0.5549417,-0.12954566,-0.889151,-0.6337747,-0.073141426,-0.48942024,0.5194142,0.9838812,0.09958094,1.0
0.5326161,0.5573443,0.07897012,-0.79589677,0.9041293,0.0875442,0.08192082,0.49869883,1.3646427,2.2509818,0.08225723,0.21521138,0.8686016
-0.78632957,0.5919628,-1.5395178,-0.81986845,-0.7474852,-1.204461,-0.37533283,-0.7513568,-1.076124,-0.37305033,-0.74066556,0.0,1.0
-0.83214456,0.04298269,-2.1915398,-0.13650705,-0.60287726,0.061416455,-1.0147828,0.19495903,1.1469042,-1.0470676,-0.92967564,0.5483372,0.37512147
-0.3755295,1.1691483,-0.051987626,-0.5599843,0.3182103,-0.73818445,-0.5605762,-0.25175485,0.24122901,0.243732,-0.056591745,0.29187182,0.46836132
1.5357581,2.644786,-1.6543665,-0.6573334,1.1147645,-0.34304398,-1.8718446,0.9176925,0.51987773,-0.5351559,-0.6884986,1.0,0.122450575
-0.6966797,-0.093205675,0.2931413,0.30128777,-0.23397662,-0.5235321,0.54852796,0.29084656,0.049111526,0.018386815,-0.36735117,0.0,0.69281095
1.2999861,-0.8008049,0.18302393,-0.44386485,2.1531866,-1.5386337,0.33457774,1.338952,0.7874895,2.2838242,-0.61905867,0.0,1.0
0.013047418,1.1127248,-0.8677215,-0.28846148,-0.74905705,-0.85770017,-0.38457343,0.049586263,0.570141,-1.6747506,0.6158641,0.18469986,0.5791789
0.6136164,0.86154115,0.9741278,0.7370735,-0.8725719,1.7468779,0.7527522,0.9501849,-0.51086855,-0.26948196,-1.7593788,0.05549601,0.64376205
-0.5076458,1.0694836,-1.4715507,-0.551874,-0.1876959,-0.87895626,-1.4122173,0.31880817,1.624278,-0.24768959,-0.3454783,0.4259063,0.5917966
-0.21316804,3.1125047,-2.1915398,0.1465919,0.16649498,-1.39243,-1.8718446,0.27047834,1.498501,0.37468594,0.3358701,0.9462662,0.028005535
0.303159,3.3518424,-2.1915398,-0.3645143,0.09281194,-1.4291418,-1.1698529,0.5999307,0.5015005,-0.9922402,-0.93152076,0.9998495,0.0
-0.23995337,0.8375909,0.25603366,-0.26382864,-0.2281705,1.3948808,-0.008126629,-0.7519521,-2.0017943,-0.40807146,-1.6107359,0.0,0.9056657
0.5703797,-0.6296943,-0.3391037,0.43527398,0.16857523,-1.1075643,-0.03977624,0.8531205,-1.231156,-0.64249,-1.1660631,0.36107033,0.81713253
-0.29975072,-0.56788003,0.15935639,-0.50221306,-0.76690084,-1.4516721,-1.8407366,-1.3828565,-1.1625934,-0.44844544,1.1237367,0.1402761,0.9559576
-0.5126872,-0.24199727,0.035426803,-0.8207142,-0.7980117,-0.7491954,-0.18864574,-0.8238948,0.82705563,-0.29236156,0.5225602,0.0,0.7200249
0.09793677,0.7091956,1.1198744,0.13498427,0.45585132,-1.5386337,-0.8567008,-0.107583,-0.32635826,0.8388061,1.1281563,0.14242752,0.5731732
-0.3420302,-0.19689563,0.48982808,-0.48137408,-0.2168659,-1.3552525,-0.45226246,-1.2922146,-1.7981389,-1.2595794,0.6296337,0.1366763,0.90510184
0.06537443,-0.58020663,0.6891504,0.5302624,-0.1768621,-1.5386337,-0.5790541,0.10314754,-1.5355029,-0.22650766,-0.39155066,0.1666642,0.36439747
-0.10946324,2.0105848,-1.6963133,-0.2765568,0.108747065,-1.0069816,-1.6915758,1.0724577,1.7520207,-0.0392124,-0.5085528,0.77913845,0.17061083
-0.11320398,0.58806545,-1.5106725,-0.86675775,-0.2403396,-1.0551965,-0.7452609,0.0006017927,-0.73507124,-0.46188605,-0.8797747,0.06653471,0.8196988
-0.9270423,1.189917,-1.2520367,-0.97236925,1.1139826,-1.1913109,0.57133096,-0.5939949,-0.7155735,-1.4722258,-1.7593788,0.0,1.0
-1.1795403,-0.096831724,-0.33516678,-0.97236925,0.627296,-0.38189238,1.1729457,-0.5934853,0.4668858,0.18767387,-0.87654567,0.0,1.0
1.708542,1.4960619,-0.05784484,-0.18843475,2.7484486,-0.8650215,-0.74220777,1.2239404,0.044245288,1.2401521,0.27942967,0.9391184,0.04635962
1.0863032,3.1395648,-1.514271,-0.40829268,0.33221334,-1.5386337,-0.27363667,0.85580176,-0.10772755,-0.906683,-0.7862857,0.4696531,0.7457197
-0.26099423,4.5740147,-2.0942564,0.13747755,1.6046816,-1.4947975,-1.8718446,0.73673785,1.1480184,0.42156094,0.57223564,0.9572113,0.0
-1.4628601,0.40993762,-0.4508262,0.20923603,-0.14454286,-1.3144991,-0.23284613,-1.3000398,-0.8661636,-1.6747506,0.44313544,0.0,1.0
-0.8192576,2.5385287,-2.1915398,-0.4720797,-0.266697,-0.8651192,-1.8718446,-0.18538581,1.350609,0.07846285,0.36204112,0.84510654,0.052873205
1.8808919,-0.7125387,1.2128303,0.52183163,-0.66451174,-0.97687376,-0.1394628,0.48651096,-1.3146266,-0.079025894,-0.35872734,0.05365873,1.0
-0.7058837,-0.72308123,-1.2055948,-0.26659814,-0.2758111,-0.47306585,0.28735915,-0.111763746,0.9407143,-0.036329206,0.057957053,0.14719808,0.8674107
0.36028478,1.4702017,-2.1915398,-0.0772193,-0.20597042,-0.8884266,-1.7629061,0.932822,0.6668478,-0.6819547,-0.50574064,0.535975,0.39691404
-0.2090947,0.12224442,-0.8659466,-0.97236925,-0.365816,-0.42871898,0.7411239,-0.16182685,0.0074223373,-0.9277891,-1.7593788,0.0,1.0
1.0934353,2.6874468,1.0382711,-0.8365008,1.7771145,-1.0134255,-0.27003026,0.8387076,1.4409436,2.0172474,0.93056184,0.9959235,0.329354
-0.20600408,-0.18565404,1.5649672,0.37121567,-0.69943297,-0.82675815,-1.2627066,-0.45676306,-1.1584648,0.10933093,0.7432871,0.0,0.52242005
-0.4358301,-0.2641464,0.6642713,-0.79654723,0.3196468,-1.5386337,-0.4561037,-0.4791459,1.0677594,-0.57209086,0.11354756,0.08373761,0.73178273
1.9350307,4.7222033,-2.1915398,-0.97236925,3.6348937,-1.5386337,-1.8718446,1.7367737,2.7518206,1.3526946,1.4830277,1.0,0.0
-0.3423972,-0.4849574,0.45749876,0.045436364,-0.93371063,2.496416,0.82803196,0.42714942,1.3957552,0.5763284,-1.488185,0.30393362,0.7432623
-0.17711753,1.0122999,-0.5119211,-0.47042385,0.25908312,-0.6357881,-0.17313471,0.37957832,0.22959751,1.5234519,0.41231233,0.25382018,0.67199326
2.1719859,2.0940208,-2.1915398,-0.90449244,0.33164257,-0.8193208,-1.8718446,1.2376279,1.5178595,0.2166142,-0.934618,1.0,0.11287701
0.15366308,3.5935633,-0.5889373,-0.6191878,0.09016748,-1.3739042,0.59367466,0.17716889,-0.19178106,0.61321956,-0.35848582,0.08720019,0.75450104
-0.004840995,-0.6963571,0.19505644,-0.35394228,0.36959237,-0.48522055,0.5673937,0.21300831,1.6874988,0.4953032,-0.06706768,0.0,0.88539755
1.9534341,0.4249139,2.8018205,1.2788186,-0.19881721,2.054427,0.23393552,0.84939724,-1.1142254,-0.3784635,-1.3784466,0.053237204,0.8364749
-0.4457347,0.83858407,0.22968371,1.0111978,-0.18442146,1.4911879,1.8011273,0.55378264,-0.017022997,-1.5664105,-1.399376,0.0,0.8505475
1.3518171,0.8997967,-1.057346,-0.7368389,-0.3597211,-0.5458831,-1.2975044,0.037776176,-2.0557008,-0.1458862,-0.8675018,0.44002396,1.0
-0.43933943,3.3286462,-2.1915398,0.49887276,0.6862496,-0.22176647,-1.8718446,1.072132,2.4033656,-0.6300948,0.08195242,1.0,0.0
-1.8776025,0.364885,-1.6289295,-0.18899257,1.1388551,0.47314298,1.3795487,-0.1377535,-0.7321349,-1.4474572,-1.7593788,0.0,1.0
1.1119821,-0.1105199,1.03256,-0.048394933,1.1125371,-0.082642585,-0.15241437,0.3582115,-0.19819339,2.1196773,0.46069825,0.271366,0.3996567
-1.108779,1.3767939,-1.4157598,-0.8656041,-0.32036635,0.31445944,0.120090425,-0.7644202,-0.17288192,-0.0036356952,-0.8643287,0.22399236,0.5871327
-0.26960066,4.325417,-2.1915398,-0.97236925,-0.077749476,-1.2375877,-1.5353259,-0.21304736,-0.66226584,-0.43581003,-1.0771424,0.867443,0.41019946
-0.09050183,1.1289625,-1.1374454,-0.97236925,-0.8895463,0.15167421,0.5151393,-1.2371199,-0.39973763,-0.96473783,-0.021605032,0.0,0.5568279
-1.01748,-0.22211616,-0.09149184,0.24208786,-0.53970623,-1.3566598,-0.4096979,-0.7482339,0.46040446,-0.29794788,0.81537306,0.0,0.43504637
-0.80491203,1.0109475,-1.5397068,-0.028847054,0.46801472,-1.0856205,-1.8718446,-0.10674122,1.7236933,0.010614471,0.67047286,0.9234059,0.17620017
0.7317961,2.796637,-2.1506453,-0.76223594,-0.15020421,-1.0927329,-1.8718446,0.5354654,0.82649046,-1.2357289,0.2632519,1.0,0.5842924
0.030279825,0.14922065,-0.062135763,-0.48430398,-0.027551346,-1.0684824,0.14192691,-0.20295012,0.52106863,-0.965747,0.1416888,0.0,0.55069864
-0.9644304,0.9201169,-2.1915398,-0.5903279,-0.50965136,-1.5386337,-0.9916964,-1.1395988,-2.183889,-1.4705657,-0.63639337,0.0,1.0
0.08185759,0.6144243,-0.85173863,-0.7596827,0.121911496,-1.0725279,-1.1340431,0.50558096,1.2765915,0.45056337,0.008758204,0.5207676,0.23549575
0.24467683,-1.0442101,-1.1219363,-0.28114066,0.08215408,-1.237928,-0.3776866,-0.09743573,-0.9320251,-0.36626023,-1.5126864,0.1698275,0.8713533
-0.064242356,-0.26097876,1.8904706,1.8555425,0.07523009,-0.28226873,1.0342468,1.6211679,0.20091106,0.17965195,-1.2410592,0.0,1.0
-0.6996357,-0.08993918,-0.62362814,-0.63602036,-0.34673536,-0.8302687,-0.7185852,-0.4261339,1.2766786,-0.30174595,-0.048508767,0.15532357,0.9119817
-0.33707392,-0.4259181,-1.4992081,-0.40279987,-0.08488476,-1.5386337,-0.31922504,0.26282433,-0.30049065,0.9007867,-1.1201295,0.0,0.7962002
-0.21045654,0.8899073,-1.6828483,-0.89112735,-0.32158116,-0.9985177,-1.14026,-0.24000847,0.8363842,-0.7734798,-0.061529215,0.16526407,0.9174503
-1.22041,0.54150563,-2.1307602,-0.97236925,-0.26402315,0.25267923,1.6721435,-0.50971526,1.0951583,-0.6319299,-1.7593788,0.0,1.0
0.8031222,0.5861592,0.19638745,0.2763501,2.5348048,-1.4055451,0.5314906,0.9695901,-0.20546553,0.6648076,-0.44339263,0.9411094,0.36155424
1.0195028,-0.8194656,-0.4316102,-0.88385814,-0.29995188,-0.8390337,-0.8092951,-0.8882144,-1.5946435,-0.55639035,-0.5533521,0.0,1.0
-0.9205597,-0.14565572,-0.50814825,-0.9552634,-0.18525253,-1.3492599,0.4701857,-0.5467367,0.44124296,-0.56553304,-1.3061544,0.0,1.0
0.13741936,-0.72127223,0.39502653,0.0009771371,0.85288155,-1.5386337,0.77342385,0.3272796,-0.8130284,2.0427248,-1.0979339,0.0,1.0
0.9483255,4.7222033,-2.1915398,-0.97236925,0.18240237,-1.5254674,-1.5939684,0.7475305,1.3307514,-1.0607456,-0.3113935,0.96665233,0.1532948
0.9208777,4.7222033,-0.59408396,-0.054821055,1.8664757,-1.5386337,-1.8718446,1.4647654,2.7518206,1.8423512,1.8658206,1.0,0.0
-0.19388233,-0.23159356,1.040407,-0.42535922,-0.8173677,-0.06379588,-0.6443533,-0.82141906,-0.16902968,-1.070954,0.32267004,0.0,0.99666154
-0.19955036,0.41401246,0.58140236,-0.2387703,-0.52881664,0.39854634,0.24779552,0.40307328,0.0072694747,-0.5278073,-1.3482082,0.0,0.73516196
0.047826476,-0.29576656,-0.65063405,-0.26220462,-0.057684235,-1.4794167,-0.07675357,0.3420117,-0.60282785,-0.630498,-1.4566342,0.0,0.89227647
0.035807878,1.5304196,-1.5787603,-0.20707345,-0.12883773,-0.5501834,-0.7957747,-0.1279317,-0.6866547,0.6923695,0.8509469,0.24872933,0.792469
-0.0939938,3.6445038,-1.5014625,-0.5615212,0.64811516,-1.1132842,-0.4701877,0.047965482,-0.19355848,-0.2432292,0.606421,0.19206928,0.8296698
-1.8776025,0.21660797,-0.78178847,-0.637549,-0.4482431,-1.5386337,-1.8718446,-1.5922731,0.5761432,-1.6747506,1.7689335,0.0,1.0
0.0120338835,1.1510773,-2.172477,-0.6935454,-0.6005845,-1.2549902,-0.7970719,-0.5955476,-0.7630125,-0.041987874,0.2496457,0.20361108,0.89244837
-0.7695556,-0.010174524,-1.6706488,-0.97236925,-0.066364914,0.81263375,0.3286653,-0.06683858,0.05604953,-0.5303621,-1.3957441,0.24208963,0.51289696
-0.25930157,0.0026043374,0.19619581,-0.64741814,-0.28359562,-0.16898496,-0.27696347,-0.5663324,-0.5084401,-0.6546885,-0.74921006,0.0,0.62939817
0.21550418,2.7331066,-1.756072,0.019833963,0.32020006,-0.80941594,-1.8718446,0.4851608,0.90179044,0.83506477,0.39105457,0.6740029,0.0
-1.4422153,-1.0442101,-0.7185536,-0.32806808,1.409254,-0.9231984,-1.2895703,-0.0064129643,2.7518206,2.2838242,1.2172724,0.6972326,0.055141576
-0.456602,0.7092338,-0.12846315,1.1789134,0.74182796,-0.4548605,0.70566654,0.81716293,-1.3800602,-1.5387514,-0.2744549,0.25141117,0.5137833
0.131522,0.13338795,0.86031073,-0.8844066,-0.16996187,-0.5061525,0.8622762,0.2187919,0.9874578,-0.18156223,-0.6211831,0.0,0.803348
-0.28136113,1.3913977,0.11034771,-0.97236925,-0.28344506,-0.8968886,0.35214573,-0.73952204,-0.0694421,-1.4631,-1.5761665,0.0,1.0
0.52156293,0.20981799,-0.43063667,-0.3748615,-0.6634148,-0.89108884,-1.4880636,-0.41013235,-0.3440466,-0.19759943,0.6836212,0.116004795,0.54516715
0.6657504,0.81417006,-0.9275223,-0.53020847,0.33907312,-1.110616,-0.8290289,-0.035716575,0.55112904,0.095826715,1.0456252,0.09663316,0.18950844
1.5672977,3.77737,-1.1699718,-0.97236925,1.873187,-1.2712897,-1.8718446,0.8305859,0.69980305,-0.44228005,-0.4397064,1.0,0.0
-1.1628146,-0.018651854,-0.6802964,-0.5004153,1.0897967,-1.5386337,-0.52783155,-0.09376432,0.6564644,1.8034257,0.51503515,0.26963386,0.4426151
2.1221163,4.7222033,-2.1114964,-0.97236925,5.409958,-1.5386337,-1.8718446,1.7367737,1.8859651,2.0422432,-0.2744558,1.0,0.0
-0.5594835,1.1956975,-0.6779092,-0.878723,-0.532633,-0.9917536,-0.048505463,-0.51500005,-0.7893296,-0.16063792,-0.6053671,0.0,1.0
-0.37567675,-1.0442101,-0.7417085,2.1267874,-0.24484879,2.266305,1.3309282,0.8057578,-0.38299248,0.1934375,-1.4827977,0.19152632,0.81170034
-1.8776025,-0.6231104,-1.0909451,-0.97236925,0.8610135,3.1377535,1.5068265,-1.1494439,2.7518206,-0.10272778,-0.36587083,0.0,1.0
-0.5533372,0.76297325,-1.3677675,-0.41560054,-0.35762182,-1.3368454,-0.6719403,-0.36197445,0.20874894,0.25468004,1.0299807,0.33943236,0.55444527
0.21699575,0.17167106,0.6972568,-0.4182284,-0.13040777,0.05488556,1.1922568,0.5737278,1.4231007,0.5094309,-0.8918537,0.0,0.9626259
-0.4032028,-0.8159724,0.612541,2.1267874,1.3847846,1.2658204,1.1539454,0.7388538,-1.5580249,0.12553537,-1.5381145,0.0,0.99097914
0.6028866,0.8393366,-1.9576031,-0.49559286,0.33413476,-1.0501181,-1.2560031,0.6593032,1.5305371,-0.61206,0.39076304,0.59692496,0.42086828
-0.20874694,0.103193685,-1.5553149,-0.97236925,0.08254564,-1.1958339,0.46890163,-0.55758876,-0.52500093,-0.6125812,-1.7593788,0.0,0.9713613
-0.46363914,0.029532751,-1.0757629,-0.3635916,0.096830085,-1.5386337,0.33709717,-0.1694276,-0.451804,-0.71160424,-1.7593788,0.051373277,1.0
-0.5932734,0.5131271,-1.2960883,-0.9285304,0.19115165,-1.3515984,-0.03663606,-0.61320627,-0.9817935,-1.0915998,-1.7593788,0.0,1.0
1.4100451,0.5709901,1.5927887,0.95483667,-0.8170177,-0.34414232,0.48068124,0.39891356,-0.9726501,-0.64414245,0.5294125,0.35438904,0.6366387
-1.0934606,0.098341554,0.23313461,0.37036812,-0.3005659,2.9596274,1.5483567,0.18893053,0.6217769,0.2651785,-0.5221911,0.0,0.6864651
-1.3091832,0.15743035,-0.6316745,0.14164872,0.2441705,-1.5386337,-0.1664846,-0.49897632,-0.79796994,-0.8077898,-0.22136045,0.0,1.0
-0.43622804,1.7385055,-1.0454764,-0.5558508,0.1714423,-1.0604621,0.6213703,-0.07813473,0.09646727,-1.2491344,-1.1959143,0.0,0.49781948
-1.4952383,1.9272239,-2.1915398,0.259771,-0.35036233,-0.8297797,-0.70758736,-0.89137363,2.7518206,-0.82240665,1.8658206,0.8110767,0.38213044
0.8788768,0.36715662,2.1262414,0.7960144,-0.8385523,-0.7804556,-0.84108746,-0.16683269,-2.0408552,-1.0382336,1.1174219,0.0,0.9446612
0.8589302,4.7222033,-2.1915398,-0.97236925,2.2903855,-1.5386337,-1.8718446,1.1170863,2.2608998,-0.24998774,0.26754087,1.0,0.0
0.3172838,0.63196766,-0.7790835,-0.9180523,0.41651058,-1.009765,-0.8408411,0.19822592,-0.6960748,-0.3399819,-1.2199212,0.172285,0.80259854
-0.25187594,3.9244814,-2.1915398,0.091553025,0.29034492,-1.5386337,-1.6244484,0.7813163,1.08672,0.007193247,-0.29178983,0.70421374,0.0
-0.4729642,0.8314046,0.3657492,0.58044654,-0.11995408,-1.0280113,-0.091442205,0.20457685,-1.2770034,0.39711607,-0.17306298,0.15411921,0.417068
-0.085366875,2.2668345,0.009802107,1.2671005,0.45815465,-1.5386337,-1.0006526,0.41545865,1.1991942,1.4391941,1.8658206,0.44297063,0.37617543
0.74427253,3.655612,-2.1915398,-0.017900543,0.48287967,-0.703525,-1.8718446,1.0673759,1.7419498,-0.38766026,0.7592742,1.0,0.0
1.8851215,1.6657436,-0.3054543,-0.58330345,-0.05416985,0.55218756,1.1482235,0.26589283,-1.5728084,-0.95869905,-1.0313771,0.0,1.0
-0.19116695,0.2956766,-0.37784085,-0.65096164,1.362268,-1.1975194,-0.91333854,0.2261015,1.6407815,0.39994168,0.2117777,0.7729394,0.07006991
0.34072024,0.8410046,-1.4146315,0.48957726,0.13754882,-0.911319,0.5480495,0.15421605,-0.7144986,-1.6747506,0.17556036,0.11699005,1.0
0.60437375,-0.67838955,1.9061531,2.1267874,-0.18041714,-0.8766875,0.6048154,1.7367737,-0.8309964,0.09957365,-1.7593788,0.0,1.0
0.054762334,3.2907062,-2.1915398,-0.32251436,0.22161368,-1.5386337,-1.8718446,0.3931012,0.90021986,0.09693332,0.5534165,0.78064424,0.6741004
-0.830685,1.8762356,-1.6471541,-0.64481175,0.042638663,-0.089370854,1.6373327,-0.18556951,-0.8190148,-1.1920993,-1.7593788,0.11223463,1.0
0.25151607,1.0608286,-2.0660176,-0.8228169,0.35630736,-0.7793181,-1.7168726,-0.12360853,0.47093365,-0.8037369,0.037243187,0.63828164,0.110751346
-1.3309534,0.9182534,-2.1915398,-0.53936106,-0.21598145,-1.1108536,0.9426824,-1.3939557,-1.3627903,-0.29089445,-1.0661321,0.0,1.0
-0.710412,-0.03372106,0.9026017,1.438657,-0.84001,1.7615007,0.79533,0.4272994,-0.053950366,-0.3607849,-0.37200332,0.0,0.43989238
-0.2613111,0.85140914,-0.65524983,-0.3780832,-0.20109522,-0.2129864,-0.8307585,-0.87103236,-1.2664665,-1.0185963,-0.2871855,0.0,0.8730773
0.39569324,-1.0442101,-0.1619676,-0.46886608,0.33436358,0.48600328,0.2712252,0.12934281,-0.10190958,0.86505574,-0.84954476,0.0,1.0
-1.1399747,-0.08443943,0.8291541,-0.6312389,-0.93371063,-1.3571438,-1.120018,-1.5922731,-0.6272995,-1.0278124,1.6753615,0.08326092,0.93901235
-1.0732863,0.7570111,0.2808142,0.14345177,-0.69114876,-1.5386337,-0.118940964,-0.40975437,0.19281,-0.5111445,0.8552035,0.0,1.0
1.7133923,3.396181,-1.5873915,-0.009986147,2.0486794,-1.2674468,-1.8718446,1.7367737,1.4575764,1.3148172,-0.583602,1.0,0.0
0.08175128,-0.30303606,0.5236226,0.027885512,-0.1389105,-1.5386337,-0.6583003,-0.7496338,-0.62813175,-0.92150116,0.30370766,0.0,0.99769783
-1.5535722,-0.46554947,-0.9837751,0.46290874,-0.3260029,1.4195684,1.51202,0.50295883,0.93904734,0.54192066,-1.0689069,0.014190346,0.95343435
-0.052474454,0.24431947,0.4812964,-0.7200667,-0.8931325,0.43655396,-0.63116974,-1.0660301,-0.016528742,-0.30480218,0.6157779,0.0,0.28686902
1.4380559,2.7801182,-0.26508147,1.9132897,1.8556844,0.58736265,0.0115343025,1.3079458,-2.183889,-0.93155146,-1.1267734,0.7913096,0.85175234
-1.1115841,-0.40685248,-1.7024493,-0.00013341848,-0.27420652,-1.339294,-0.08635998,-0.39959309,0.0057589905,0.4394086,-0.4702496,0.0,0.66772324
-0.22261584,-0.34415224,-0.45069155,-0.54807377,-0.7834684,-0.8697323,-1.2130667,-1.3602169,-1.7688026,-0.9361396,0.21373513,0.0,1.0
2.4284804,0.47415453,0.37531093,-0.97236925,1.5814444,-0.29243803,-0.5902927,1.2239159,-0.41467378,0.9557983,-0.8100204,0.20137928,0.24275056
0.6214552,-0.7260663,-0.18581371,-0.97236925,-0.57474166,-0.3879236,-0.77294314,-0.65718657,-0.2821889,-0.9606402,0.065610275,0.17625268,0.90852183
1.6478711,3.8781805,-0.8904851,-0.97236925,0.712907,-0.9696669,-1.36923,0.9590787,1.8565705,0.107816644,0.7963918,1.0,0.0
-1.470446,0.8765237,0.2550542,0.6546542,2.306098,1.0803787,1.885544,0.35818604,1.9749652,1.4847897,0.06993747,0.0,1.0
-0.26876518,3.0734315,-1.9437553,-0.35607427,1.7001147,-1.3975494,-1.8718446,0.057287864,2.7518206,2.2838242,1.8658206,1.0,0.0
-1.8776025,1.1538111,-1.7891464,-0.28223544,-0.46632037,-0.7736934,-0.62655866,-0.8334729,0.8473762,0.63992834,1.0112257,0.0,0.9360478
-0.15776153,0.82053745,-0.01835478,-0.18763286,-0.9298942,0.10755418,0.60877156,0.27332312,-0.41711667,-1.6123418,-1.5574999,0.29277125,1.0
-1.8387967,1.634059,-2.155839,0.6319486,0.24366815,-1.2564715,-1.4755597,0.23820682,1.4290493,-1.2247397,0.24551605,0.22193421,0.50666076
0.83321947,-0.19949766,2.0852218,-0.06138042,-0.50735223,-0.3125664,-0.011192881,0.078409955,-0.2412787,-1.0384741,-0.4248075,0.12217578,0.7062499
-0.029139675,-0.26432312,-0.59961975,-0.97236925,-0.05355249,-0.98310137,-0.8764007,-1.0238974,-1.1167748,-0.8378928,-0.29932457,0.0,0.90644604
0.82753634,-0.73639137,1.1663945,-0.07605994,-0.36778602,-0.8623406,-0.87265635,-0.17460276,-0.5234738,-0.14431086,0.28996414,0.03702169,0.7293656
-0.7559563,-0.6683962,-0.0026618093,1.9431385,0.65595764,0.65683186,1.6317371,1.1155025,-1.0164334,-0.083546355,-1.7593788,0.0,1.0
-0.8144345,1.5421401,-1.3867649,0.22408436,1.2681788,-1.4158146,-1.8718446,0.6306138,1.378165,1.6726865,0.07951048,0.7333086,0.0
-0.9123334,-0.5537637,-0.330294,0.38051805,0.5569108,-0.60765344,1.5365268,0.62698215,-0.1590104,0.06911451,-1.7593788,0.0,0.9492483
-0.12211922,0.6976944,-0.556878,-0.19846162,0.19615942,-0.26529425,0.34750393,0.040254917,0.1479983,-0.8722098,-1.1974305,0.0074726935,1.0
0.61688995,-0.24487257,1.1021183,2.1205401,-0.088844895,1.3278081,0.8095611,1.3551021,-0.6221187,-0.67933565,-1.7593788,0.1098728,0.9936238
-1.1075422,0.6043644,-1.5627736,-0.9662316,-0.44408184,-0.27059358,1.4500546,-0.98312074,0.96585613,-0.8927503,-1.7593788,0.0,0.8077174
-1.8776025,-1.0442101,-1.6215265,0.8747533,0.9988945,2.8163505,2.317571,0.8702299,1.566715,0.5188443,-1.7593788,0.0,1.0
3.2472649,3.0350325,0.77916545,0.23099963,5.336611,-1.5376734,-1.7131466,1.7367737,0.11087761,2.2838242,0.55489004,1.0,0.0
0.6337828,-0.31573936,-1.2611947,0.08956912,0.18969801,-1.5386337,0.035187416,0.45210114,-1.9972622,-0.31680983,-1.300368,0.0,1.0
-0.45907938,0.5196622,1.37704,2.1267874,-0.46263665,1.8169779,1.4069958,1.3678448,-0.87749606,-1.6492674,-1.7593788,0.0,1.0
-0.2675045,0.21144378,0.9252571,0.5118385,-0.5468639,-1.2043844,0.32923824,-0.28213015,-1.3838102,-0.5901976,0.33329362,0.0,0.9152868
0.49196008,-0.20058554,1.604567,-0.8595664,-0.93371063,0.16308108,-0.97457737,-1.5922731,-1.1707258,-1.5603558,0.84378874,0.0,0.9858597
-0.397165,-0.0026899874,-0.5823938,0.44280604,0.4241148,-0.59873927,0.48618132,0.4195851,-1.1634564,-0.88885593,-1.7593788,0.03147888,1.0
0.031536795,-0.0115845,1.4122643,0.19375812,1.5403087,0.10669364,-0.107257426,0.09349282,0.46945363,1.2875125,0.27897477,0.011579583,0.61929166
1.2054839,-0.32351652,-0.8784848,0.7380071,1.0789428,-1.5386337,-1.7014234,1.7159857,-0.38579935,0.60645306,-1.4678717,0.5692211,0.2126663
-1.8776025,-0.66899747,-0.9245364,0.47452763,1.0589074,4.017764,1.7530965,-0.5616786,1.2786161,-0.41057414,-0.25460023,0.0,0.61106735
-0.01320599,4.0124736,-2.1915398,-0.7895144,0.33847904,-1.5386337,-1.8718446,0.36012617,1.413436,-1.6747506,-0.5899222,0.83589566,0.44380102
-1.8776025,-0.16313554,0.047898136,2.1267874,-0.48585653,4.752103,2.317571,1.7367737,1.5603908,-1.3079674,-1.7593788,0.0,1.0
0.51169366,-0.0037335623,-0.9601853,-0.9176833,0.18481818,-1.1552827,-1.1407592,0.50820524,0.6662794,0.025351629,-1.2946299,0.6991843,0.50583434
-0.1347607,-0.0341005,-1.6065395,-0.97236925,-0.5922365,0.2095772,0.18576008,-0.65830004,-1.2616316,-1.6747506,-1.7426655,0.0,1.0
0.9161618,-0.8150202,1.2513988,0.5315926,-0.39751264,-1.3166316,0.10632048,0.91000557,-0.7348469,-0.6210317,-1.1571809,0.0,0.5873857
1.1030242,-0.6522304,0.28025147,-0.21440746,0.11463466,-1.368951,-1.0293535,0.2984402,-0.00044586102,-0.004246667,-0.65707546,0.3969079,0.49349788
-0.009646554,-0.15809567,-0.31727728,-0.92004293,0.14227918,-1.012939,-0.2676585,-0.797218,-0.65292275,-0.38481247,-0.5097889,0.0,0.8788663
-1.8776025,1.2318707,-1.8200191,0.042973135,0.6896772,1.5609291,1.4331678,-0.6852882,1.3749526,0.6044982,0.11127788,0.0,0.78232056
1.123872,-0.21429083,1.7166265,0.119981766,0.0069950875,0.79562885,0.37434268,0.6593662,-0.4839647,-0.028052352,-1.0133291,0.0,0.7147492
-0.24016844,0.4479453,-0.8615737,-0.6568148,-0.84802604,-0.66741174,-0.13002995,0.19001098,0.99022037,0.3388173,0.13276611,0.38846806,0.4340378
-0.82160074,-1.0442101,-0.3459895,-0.23082656,0.044212293,0.14789514,-0.27385944,-1.021835,0.86378336,0.68847936,1.5463092,0.1436742,0.5662981
0.3079722,4.7222033,-2.1915398,-0.97236925,0.27291736,-1.3499424,-1.8718446,0.4356165,1.8633837,-0.7489559,-0.22983108,1.0,0.0
-0.38674465,-0.033333465,-0.9365692,-0.8299316,-0.50779706,-1.2690123,-0.42732942,-1.3042985,-1.4814377,-1.4734354,-0.48897338,0.0333385,1.0
-0.58421755,0.70949864,-1.0470555,-0.5841218,0.12782113,-1.5386337,-0.045448445,-0.34461,-0.18140216,-0.7796851,-0.7906626,0.08321099,0.8619706
0.8325251,-0.13650283,1.0356166,-0.48446962,-0.77441114,-0.70968854,-0.51492316,-0.7598556,-0.8393443,-0.99058175,0.92581785,0.0,0.7958202
-0.22858039,0.6712345,-0.2159895,-0.97236925,-0.26566178,-0.11883423,0.39086583,-0.20981108,0.120364144,-0.8994123,-0.9357792,0.0,0.70790356
0.464222,0.20919129,-1.332926,-0.86823416,-0.47821024,0.015999813,-0.36448738,-0.23164973,-0.14245212,-0.8062247,-0.7656864,0.005791153,0.4750023
1.9004438,1.455155,1.184923,-0.36334312,1.0239042,0.115155295,-0.68426687,0.12312664,-0.8599131,1.5672832,1.0330908,0.0,0.09314607
-0.8804896,0.8161145,-1.2721812,-0.44986615,-0.4567335,-0.6543891,-0.22546108,-0.8977693,-0.9337782,-1.6747506,-0.06427998,0.0,0.88343453
-0.10886775,3.447952,-1.8187776,-0.9536709,-0.101202354,-1.5386337,-0.7083647,-0.12019555,0.49454612,-0.26000202,-0.044985235,0.49146914,0.44290277
-0.55505687,0.6070673,-0.49916887,-0.7494371,-0.6221034,0.1977591,0.501003,-1.1681308,-0.696719,-0.4796304,-0.27568394,0.0,0.81971717
-0.4358618,1.8448464,-2.1915398,-0.040211778,0.678961,-0.846607,-1.5523081,0.49391422,0.9245553,-1.4578003,-0.3957249,0.5926033,0.26271126
-0.10293796,0.64486957,-0.025911547,0.13540317,-0.0060608834,-0.8981084,0.9411248,0.51611197,-0.21880072,-1.0671344,-1.2691796,0.0,0.8079149
1.0778918,0.6709072,-0.43374252,-0.7998384,1.3699461,0.052629128,-0.09678586,0.49348286,0.52426773,2.2838242,0.4266833,0.6645865,0.45732298
2.0345206,4.7222033,-2.1915398,-0.97236925,3.7298772,-1.5386337,-1.8718446,1.7367737,2.7518206,2.0222845,1.3451185,1.0,0.0
-0.873259,-0.5110279,-0.060351163,0.026577894,0.007211495,0.78280634,1.4092686,0.19496813,0.6492327,0.7345301,-0.96001506,0.0,0.77676743
0.35431084,4.7222033,-1.8237256,0.017219212,1.5073115,-1.1762623,-1.8718446,0.78012097,2.7518206,1.2886657,1.8658206,1.0,0.0
0.18246754,-0.11124368,0.93558,-0.47980547,-0.2025592,-1.4499674,-0.483025,-0.14670743,-0.48462236,-0.20052528,-0.5738389,0.0,0.9064952
1.2413927,-0.9509413,0.95852846,-0.57646745,-0.028947733,-0.9581086,-1.4477866,-0.54131776,-0.8496209,0.32244223,0.32774705,0.18323173,0.62259704
-0.063807264,-0.3526932,0.18439549,-0.040072046,-0.5914529,-0.9685581,0.40301502,-0.17763557,-0.17335612,0.13245468,-1.0566022,0.0,1.0
